{
  "type": "FeatureCollection",
  "source": "https://tiles.openfreemap.org/planet/20261004_113936_pt/14/8839/6431.pbf",
  "sources": [
    "https://tiles.openfreemap.org/planet/20261004_113936_pt/14/8839/6431.pbf"
  ],
  "fetched_at": "2026-10-09T15:20:17.005Z",
  "attribution": "Map data © OpenStreetMap contributors, ODbL: https://www.openstreetmap.org/copyright",
  "description": "OpenFreeMap vector-tile features intersecting a query box extending 160 m from the centre in each direction. Complete intersecting features are retained. Tile/component IDs are not OSM way IDs.",
  "church_id": "0106",
  "context_center": [
    14.23305,
    36.04066
  ],
  "context_bbox": [
    14.231272485197323,
    36.039222702120014,
    14.234827514802678,
    36.04209729787999
  ],
  "features": [
    {
      "type": "Feature",
      "id": "building:56576890-742",
      "geometry": {
        "type": "Polygon",
        "coordinates": [
          [
            [
              14.2312753200531,
              36.0396606423822
            ],
            [
              14.231184124946594,
              36.03963895377079
            ],
            [
              14.231173396110535,
              36.03965630466041
            ],
            [
              14.231200218200684,
              36.0396606423822
            ],
            [
              14.231194853782654,
              36.03967799326706
            ],
            [
              14.231259226799011,
              36.039695344148086
            ],
            [
              14.2312753200531,
              36.0396606423822
            ]
          ]
        ]
      },
      "properties": {
        "render_height": 4,
        "render_min_height": 0,
        "source_layer": "building",
        "source_tile": "https://tiles.openfreemap.org/planet/20261004_113936_pt/14/8839/6431.pbf"
      }
    },
    {
      "type": "Feature",
      "id": "building:56576890-743",
      "geometry": {
        "type": "Polygon",
        "coordinates": [
          [
            [
              14.231393337249756,
              36.03953918608123
            ],
            [
              14.231446981430054,
              36.03955219926529
            ],
            [
              14.231457710266113,
              36.03952617289501
            ],
            [
              14.231500625610352,
              36.039534848352716
            ],
            [
              14.231479167938232,
              36.03958256335309
            ],
            [
              14.231581091880798,
              36.03960858970474
            ],
            [
              14.231586456298828,
              36.03959557652999
            ],
            [
              14.231640100479126,
              36.03960858970474
            ],
            [
              14.231634736061096,
              36.03962160287732
            ],
            [
              14.231736660003662,
              36.03964762921608
            ],
            [
              14.231763482093811,
              36.03958690107896
            ],
            [
              14.231409430503845,
              36.03950014651612
            ],
            [
              14.231393337249756,
              36.03953918608123
            ]
          ]
        ]
      },
      "properties": {
        "render_height": 4,
        "render_min_height": 0,
        "source_layer": "building",
        "source_tile": "https://tiles.openfreemap.org/planet/20261004_113936_pt/14/8839/6431.pbf"
      }
    },
    {
      "type": "Feature",
      "id": "building:56576890-744",
      "geometry": {
        "type": "Polygon",
        "coordinates": [
          [
            [
              14.231382608413696,
              36.03962160287732
            ],
            [
              14.231398701667786,
              36.03957388790063
            ],
            [
              14.231377243995667,
              36.03956955017402
            ],
            [
              14.231355786323547,
              36.039612927429175
            ],
            [
              14.231382608413696,
              36.03962160287732
            ]
          ]
        ]
      },
      "properties": {
        "render_height": 4,
        "render_min_height": 0,
        "source_layer": "building",
        "source_tile": "https://tiles.openfreemap.org/planet/20261004_113936_pt/14/8839/6431.pbf"
      }
    },
    {
      "type": "Feature",
      "id": "building:56576890-745",
      "geometry": {
        "type": "Polygon",
        "coordinates": [
          [
            [
              14.2312753200531,
              36.03979944935395
            ],
            [
              14.231248497962952,
              36.03986885274807
            ],
            [
              14.23128068447113,
              36.03987752816805
            ],
            [
              14.231312870979309,
              36.03980812478156
            ],
            [
              14.2312753200531,
              36.03979944935395
            ]
          ]
        ]
      },
      "properties": {
        "render_height": 4,
        "render_min_height": 0,
        "source_layer": "building",
        "source_tile": "https://tiles.openfreemap.org/planet/20261004_113936_pt/14/8839/6431.pbf"
      }
    },
    {
      "type": "Feature",
      "id": "building:56576890-749",
      "geometry": {
        "type": "Polygon",
        "coordinates": [
          [
            [
              14.231505990028381,
              36.03971703274398
            ],
            [
              14.231489896774292,
              36.039747396768234
            ],
            [
              14.231511354446411,
              36.03975607220157
            ],
            [
              14.231500625610352,
              36.03978643621075
            ],
            [
              14.231666922569275,
              36.03982547563393
            ],
            [
              14.231693744659424,
              36.03976474763397
            ],
            [
              14.231505990028381,
              36.03971703274398
            ]
          ]
        ]
      },
      "properties": {
        "render_height": 4,
        "render_min_height": 0,
        "source_layer": "building",
        "source_tile": "https://tiles.openfreemap.org/planet/20261004_113936_pt/14/8839/6431.pbf"
      }
    },
    {
      "type": "Feature",
      "id": "building:56576890-750",
      "geometry": {
        "type": "Polygon",
        "coordinates": [
          [
            [
              14.231919050216675,
              36.03979944935395
            ],
            [
              14.231967329978943,
              36.03968233098769
            ],
            [
              14.231838583946228,
              36.03964762921608
            ],
            [
              14.23179030418396,
              36.03976474763397
            ],
            [
              14.231919050216675,
              36.03979944935395
            ]
          ]
        ]
      },
      "properties": {
        "render_height": 4,
        "render_min_height": 0,
        "source_layer": "building",
        "source_tile": "https://tiles.openfreemap.org/planet/20261004_113936_pt/14/8839/6431.pbf"
      }
    },
    {
      "type": "Feature",
      "id": "building:56576890-751",
      "geometry": {
        "type": "Polygon",
        "coordinates": [
          [
            [
              14.232257008552551,
              36.040146465712866
            ],
            [
              14.232332110404968,
              36.040168154184514
            ],
            [
              14.232358932495117,
              36.04010308875162
            ],
            [
              14.2322838306427,
              36.040081400262025
            ],
            [
              14.232257008552551,
              36.040146465712866
            ]
          ]
        ]
      },
      "properties": {
        "render_height": 4,
        "render_min_height": 0,
        "source_layer": "building",
        "source_tile": "https://tiles.openfreemap.org/planet/20261004_113936_pt/14/8839/6431.pbf"
      }
    },
    {
      "type": "Feature",
      "id": "building:56576890-752",
      "geometry": {
        "type": "Polygon",
        "coordinates": [
          [
            [
              14.232691526412964,
              36.03998163313304
            ],
            [
              14.232691526412964,
              36.04002501016117
            ],
            [
              14.232718348503113,
              36.04002501016117
            ],
            [
              14.232718348503113,
              36.04005537406668
            ],
            [
              14.23280417919159,
              36.04005971176649
            ],
            [
              14.23280417919159,
              36.03999898394717
            ],
            [
              14.23276662826538,
              36.03999898394717
            ],
            [
              14.23276662826538,
              36.039933918374516
            ],
            [
              14.232718348503113,
              36.039920905253524
            ],
            [
              14.232675433158875,
              36.039920905253524
            ],
            [
              14.232675433158875,
              36.03988620358706
            ],
            [
              14.232605695724487,
              36.03988620358706
            ],
            [
              14.232605695724487,
              36.039920905253524
            ],
            [
              14.23255741596222,
              36.039920905253524
            ],
            [
              14.23255741596222,
              36.03998163313304
            ],
            [
              14.232691526412964,
              36.03998163313304
            ]
          ]
        ]
      },
      "properties": {
        "render_height": 4,
        "render_min_height": 0,
        "source_layer": "building",
        "source_tile": "https://tiles.openfreemap.org/planet/20261004_113936_pt/14/8839/6431.pbf"
      }
    },
    {
      "type": "Feature",
      "id": "building:56576890-753",
      "geometry": {
        "type": "Polygon",
        "coordinates": [
          [
            [
              14.231564998626709,
              36.03941772959291
            ],
            [
              14.231811761856079,
              36.03947412012863
            ],
            [
              14.231827855110168,
              36.039439418265275
            ],
            [
              14.23180639743805,
              36.03943074279705
            ],
            [
              14.231817126274109,
              36.03939604091455
            ],
            [
              14.231586456298828,
              36.0393483258012
            ],
            [
              14.231564998626709,
              36.03941772959291
            ]
          ]
        ]
      },
      "properties": {
        "render_height": 4,
        "render_min_height": 0,
        "source_layer": "building",
        "source_tile": "https://tiles.openfreemap.org/planet/20261004_113936_pt/14/8839/6431.pbf"
      }
    },
    {
      "type": "Feature",
      "id": "building:56576890-754",
      "geometry": {
        "type": "Polygon",
        "coordinates": [
          [
            [
              14.23152208328247,
              36.03933097484372
            ],
            [
              14.231843948364258,
              36.03940471638661
            ],
            [
              14.231876134872437,
              36.03933531258343
            ],
            [
              14.23154354095459,
              36.03926157097551
            ],
            [
              14.23152208328247,
              36.03933097484372
            ]
          ]
        ]
      },
      "properties": {
        "render_height": 4,
        "render_min_height": 0,
        "source_layer": "building",
        "source_tile": "https://tiles.openfreemap.org/planet/20261004_113936_pt/14/8839/6431.pbf"
      }
    },
    {
      "type": "Feature",
      "id": "building:56576890-910",
      "geometry": {
        "type": "Polygon",
        "coordinates": [
          [
            [
              14.234198927879333,
              36.04018984265018
            ],
            [
              14.234247207641602,
              36.04021586880111
            ],
            [
              14.23426866531372,
              36.040181167264635
            ],
            [
              14.234247207641602,
              36.04017249187811
            ],
            [
              14.234236478805542,
              36.04018550495752
            ],
            [
              14.234215021133423,
              36.04017249187811
            ],
            [
              14.234198927879333,
              36.04018984265018
            ]
          ]
        ]
      },
      "properties": {
        "render_height": 4,
        "render_min_height": 0,
        "source_layer": "building",
        "source_tile": "https://tiles.openfreemap.org/planet/20261004_113936_pt/14/8839/6431.pbf"
      }
    },
    {
      "type": "Feature",
      "id": "building:56576890-1225",
      "geometry": {
        "type": "Polygon",
        "coordinates": [
          [
            [
              14.234005808830261,
              36.04145643868485
            ],
            [
              14.23403263092041,
              36.041486802038364
            ],
            [
              14.234059453010559,
              36.041473789174006
            ],
            [
              14.23403263092041,
              36.04143908819185
            ],
            [
              14.234005808830261,
              36.04145643868485
            ]
          ]
        ]
      },
      "properties": {
        "render_height": 4,
        "render_min_height": 0,
        "source_layer": "building",
        "source_tile": "https://tiles.openfreemap.org/planet/20261004_113936_pt/14/8839/6431.pbf"
      }
    },
    {
      "type": "Feature",
      "id": "building:56576890-1229",
      "geometry": {
        "type": "Polygon",
        "coordinates": [
          [
            [
              14.234483242034912,
              36.041968276507774
            ],
            [
              14.234644174575806,
              36.04197695169644
            ],
            [
              14.234649538993835,
              36.04194658853193
            ],
            [
              14.234606623649597,
              36.041933575743556
            ],
            [
              14.234606623649597,
              36.041924900550114
            ],
            [
              14.2345529794693,
              36.04190321256233
            ],
            [
              14.234493970870972,
              36.04188586216779
            ],
            [
              14.234483242034912,
              36.041968276507774
            ]
          ]
        ]
      },
      "properties": {
        "render_height": 4,
        "render_min_height": 0,
        "source_layer": "building",
        "source_tile": "https://tiles.openfreemap.org/planet/20261004_113936_pt/14/8839/6431.pbf"
      }
    },
    {
      "type": "Feature",
      "id": "building:56576890-1230",
      "geometry": {
        "type": "Polygon",
        "coordinates": [
          [
            [
              14.234563708305359,
              36.04203767799031
            ],
            [
              14.234365224838257,
              36.04221551901014
            ],
            [
              14.234434962272644,
              36.04226323238612
            ],
            [
              14.234649538993835,
              36.04207237870864
            ],
            [
              14.234622716903687,
              36.04205069076147
            ],
            [
              14.234601259231567,
              36.04206804111969
            ],
            [
              14.234563708305359,
              36.04203767799031
            ]
          ]
        ]
      },
      "properties": {
        "render_height": 4,
        "render_min_height": 0,
        "source_layer": "building",
        "source_tile": "https://tiles.openfreemap.org/planet/20261004_113936_pt/14/8839/6431.pbf"
      }
    },
    {
      "type": "Feature",
      "id": "building:56576890-1232",
      "geometry": {
        "type": "Polygon",
        "coordinates": [
          [
            [
              14.234740734100342,
              36.04216780560523
            ],
            [
              14.2348051071167,
              36.04212009217139
            ],
            [
              14.23476755619049,
              36.04208539147409
            ],
            [
              14.23479974269867,
              36.04205936594106
            ],
            [
              14.234853386878967,
              36.04208105388585
            ],
            [
              14.234869480133057,
              36.04207237870864
            ],
            [
              14.23477292060852,
              36.04204201558093
            ],
            [
              14.234751462936401,
              36.0420550283514
            ],
            [
              14.234724640846252,
              36.04203767799031
            ],
            [
              14.234644174575806,
              36.04209406664985
            ],
            [
              14.234740734100342,
              36.04216780560523
            ]
          ]
        ]
      },
      "properties": {
        "render_height": 4,
        "render_min_height": 0,
        "source_layer": "building",
        "source_tile": "https://tiles.openfreemap.org/planet/20261004_113936_pt/14/8839/6431.pbf"
      }
    },
    {
      "type": "Feature",
      "id": "building:56576890-1244",
      "geometry": {
        "type": "Polygon",
        "coordinates": [
          [
            [
              14.234869480133057,
              36.04207237870864
            ],
            [
              14.234735369682312,
              36.04217214318868
            ],
            [
              14.2348051071167,
              36.04223720691189
            ],
            [
              14.234890937805176,
              36.04217214318868
            ],
            [
              14.234874844551086,
              36.042154792853424
            ],
            [
              14.234896302223206,
              36.04213310492895
            ],
            [
              14.234917759895325,
              36.042150455268995
            ],
            [
              14.234971404075623,
              36.04210274182465
            ],
            [
              14.234869480133057,
              36.04207237870864
            ]
          ]
        ]
      },
      "properties": {
        "render_height": 4,
        "render_min_height": 0,
        "source_layer": "building",
        "source_tile": "https://tiles.openfreemap.org/planet/20261004_113936_pt/14/8839/6431.pbf"
      }
    },
    {
      "type": "Feature",
      "id": "building:56576890-1255",
      "geometry": {
        "type": "Polygon",
        "coordinates": [
          [
            [
              14.234826564788818,
              36.041413062445244
            ],
            [
              14.23479437828064,
              36.04138703669
            ],
            [
              14.234730005264282,
              36.04126124541841
            ],
            [
              14.234676361083984,
              36.04118750561406
            ],
            [
              14.234670996665955,
              36.041131116305294
            ],
            [
              14.234617352485657,
              36.04113545394587
            ],
            [
              14.234628081321716,
              36.04120919379898
            ],
            [
              14.234611988067627,
              36.041217869071275
            ],
            [
              14.234762191772461,
              36.04143475056803
            ],
            [
              14.234826564788818,
              36.041413062445244
            ]
          ]
        ]
      },
      "properties": {
        "render_height": 4,
        "render_min_height": 0,
        "source_layer": "building",
        "source_tile": "https://tiles.openfreemap.org/planet/20261004_113936_pt/14/8839/6431.pbf"
      }
    },
    {
      "type": "Feature",
      "id": "building:56576890-1256",
      "geometry": {
        "type": "Polygon",
        "coordinates": [
          [
            [
              14.234762191772461,
              36.04143475056803
            ],
            [
              14.234810471534729,
              36.04153451585593
            ],
            [
              14.234874844551086,
              36.04152150299946
            ],
            [
              14.234842658042908,
              36.04143908819185
            ],
            [
              14.234826564788818,
              36.041413062445244
            ],
            [
              14.234762191772461,
              36.04143475056803
            ]
          ]
        ]
      },
      "properties": {
        "render_height": 4,
        "render_min_height": 0,
        "source_layer": "building",
        "source_tile": "https://tiles.openfreemap.org/planet/20261004_113936_pt/14/8839/6431.pbf"
      }
    },
    {
      "type": "Feature",
      "id": "building:56576890-1257",
      "geometry": {
        "type": "Polygon",
        "coordinates": [
          [
            [
              14.234257936477661,
              36.04119618088872
            ],
            [
              14.234333038330078,
              36.04116581742316
            ],
            [
              14.234311580657959,
              36.04113545394587
            ],
            [
              14.234241843223572,
              36.041161479784265
            ],
            [
              14.234257936477661,
              36.04119618088872
            ]
          ]
        ]
      },
      "properties": {
        "render_height": 4,
        "render_min_height": 0,
        "source_layer": "building",
        "source_tile": "https://tiles.openfreemap.org/planet/20261004_113936_pt/14/8839/6431.pbf"
      }
    },
    {
      "type": "Feature",
      "id": "building:56576890-1258",
      "geometry": {
        "type": "Polygon",
        "coordinates": [
          [
            [
              14.234349131584167,
              36.04115280450576
            ],
            [
              14.234451055526733,
              36.04112677866449
            ],
            [
              14.234354496002197,
              36.04077976662573
            ],
            [
              14.23430621623993,
              36.04079277960476
            ],
            [
              14.234349131584167,
              36.040948935185654
            ],
            [
              14.23430621623993,
              36.04095761048663
            ],
            [
              14.234338402748108,
              36.04106171402371
            ],
            [
              14.234333038330078,
              36.04106171402371
            ],
            [
              14.234343767166138,
              36.04109207752941
            ],
            [
              14.234327673912048,
              36.04109641517216
            ],
            [
              14.234349131584167,
              36.04115280450576
            ]
          ]
        ]
      },
      "properties": {
        "render_height": 4,
        "render_min_height": 0,
        "source_layer": "building",
        "source_tile": "https://tiles.openfreemap.org/planet/20261004_113936_pt/14/8839/6431.pbf"
      }
    },
    {
      "type": "Feature",
      "id": "building:56576890-1259",
      "geometry": {
        "type": "Polygon",
        "coordinates": [
          [
            [
              14.234220385551453,
              36.04085784446778
            ],
            [
              14.23426866531372,
              36.040853506811914
            ],
            [
              14.234257936477661,
              36.04077976662573
            ],
            [
              14.234247207641602,
              36.04077976662573
            ],
            [
              14.234263300895691,
              36.040693013377066
            ],
            [
              14.234198927879333,
              36.04068433804696
            ],
            [
              14.234172105789185,
              36.04078410428565
            ],
            [
              14.234209656715393,
              36.04078410428565
            ],
            [
              14.234220385551453,
              36.04085784446778
            ]
          ]
        ]
      },
      "properties": {
        "render_height": 4,
        "render_min_height": 0,
        "source_layer": "building",
        "source_tile": "https://tiles.openfreemap.org/planet/20261004_113936_pt/14/8839/6431.pbf"
      }
    },
    {
      "type": "Feature",
      "id": "building:56576890-1260",
      "geometry": {
        "type": "Polygon",
        "coordinates": [
          [
            [
              14.234408140182495,
              36.04084049384291
            ],
            [
              14.234499335289001,
              36.04082314321418
            ],
            [
              14.234644174575806,
              36.040810130240175
            ],
            [
              14.234644174575806,
              36.040723377024975
            ],
            [
              14.234445691108704,
              36.04064963671692
            ],
            [
              14.234477877616882,
              36.040758078322526
            ],
            [
              14.234392046928406,
              36.04077542896556
            ],
            [
              14.234408140182495,
              36.04084049384291
            ]
          ]
        ]
      },
      "properties": {
        "render_height": 4,
        "render_min_height": 0,
        "source_layer": "building",
        "source_tile": "https://tiles.openfreemap.org/planet/20261004_113936_pt/14/8839/6431.pbf"
      }
    },
    {
      "type": "Feature",
      "id": "building:56576890-1261",
      "geometry": {
        "type": "Polygon",
        "coordinates": [
          [
            [
              14.234644174575806,
              36.041022675213426
            ],
            [
              14.234628081321716,
              36.04091423397223
            ],
            [
              14.234644174575806,
              36.04090989631948
            ],
            [
              14.234644174575806,
              36.0408795327435
            ],
            [
              14.234563708305359,
              36.04089254570607
            ],
            [
              14.234569072723389,
              36.04092290927703
            ],
            [
              14.23452615737915,
              36.04093158458085
            ],
            [
              14.23451542854309,
              36.04090122101326
            ],
            [
              14.234440326690674,
              36.04091423397223
            ],
            [
              14.234472513198853,
              36.04101399991963
            ],
            [
              14.234493970870972,
              36.041035688152334
            ],
            [
              14.234504699707031,
              36.04104002579818
            ],
            [
              14.234644174575806,
              36.041022675213426
            ]
          ]
        ]
      },
      "properties": {
        "render_height": 4,
        "render_min_height": 0,
        "source_layer": "building",
        "source_tile": "https://tiles.openfreemap.org/planet/20261004_113936_pt/14/8839/6431.pbf"
      }
    },
    {
      "type": "Feature",
      "id": "building:56576890-1262",
      "geometry": {
        "type": "Polygon",
        "coordinates": [
          [
            [
              14.234617352485657,
              36.04088387039792
            ],
            [
              14.234644174575806,
              36.0408795327435
            ],
            [
              14.234644174575806,
              36.040810130240175
            ],
            [
              14.234606623649597,
              36.0408144678984
            ],
            [
              14.234617352485657,
              36.04088387039792
            ]
          ]
        ]
      },
      "properties": {
        "render_height": 4,
        "render_min_height": 0,
        "source_layer": "building",
        "source_tile": "https://tiles.openfreemap.org/planet/20261004_113936_pt/14/8839/6431.pbf"
      }
    },
    {
      "type": "Feature",
      "id": "building:56576890-1263",
      "geometry": {
        "type": "Polygon",
        "coordinates": [
          [
            [
              14.234670996665955,
              36.041131116305294
            ],
            [
              14.234654903411865,
              36.04101833756664
            ],
            [
              14.23452615737915,
              36.041035688152334
            ],
            [
              14.23454225063324,
              36.04110942809888
            ],
            [
              14.234585165977478,
              36.04117449270022
            ],
            [
              14.234606623649597,
              36.04116581742316
            ],
            [
              14.234585165977478,
              36.04113979158619
            ],
            [
              14.234670996665955,
              36.041131116305294
            ]
          ]
        ]
      },
      "properties": {
        "render_height": 4,
        "render_min_height": 0,
        "source_layer": "building",
        "source_tile": "https://tiles.openfreemap.org/planet/20261004_113936_pt/14/8839/6431.pbf"
      }
    },
    {
      "type": "Feature",
      "id": "building:56576890-1264",
      "geometry": {
        "type": "Polygon",
        "coordinates": [
          [
            [
              14.234874844551086,
              36.04126992068497
            ],
            [
              14.234869480133057,
              36.04124389488241
            ],
            [
              14.234730005264282,
              36.04126124541841
            ],
            [
              14.23478901386261,
              36.04136968618171
            ],
            [
              14.234810471534729,
              36.04136968618171
            ],
            [
              14.23479437828064,
              36.041282933583005
            ],
            [
              14.234810471534729,
              36.04127859595057
            ],
            [
              14.2348051071167,
              36.041256907784756
            ],
            [
              14.234842658042908,
              36.0412525701509
            ],
            [
              14.234848022460938,
              36.041274258317884
            ],
            [
              14.234874844551086,
              36.04126992068497
            ]
          ]
        ]
      },
      "properties": {
        "render_height": 4,
        "render_min_height": 0,
        "source_layer": "building",
        "source_tile": "https://tiles.openfreemap.org/planet/20261004_113936_pt/14/8839/6431.pbf"
      }
    },
    {
      "type": "Feature",
      "id": "building:56576890-1269",
      "geometry": {
        "type": "Polygon",
        "coordinates": [
          [
            [
              14.234220385551453,
              36.040666987383844
            ],
            [
              14.23429548740387,
              36.040675662715884
            ],
            [
              14.234316945075989,
              36.04058023401096
            ],
            [
              14.234241843223572,
              36.04056722099679
            ],
            [
              14.234220385551453,
              36.040666987383844
            ]
          ]
        ]
      },
      "properties": {
        "render_height": 4,
        "render_min_height": 0,
        "source_layer": "building",
        "source_tile": "https://tiles.openfreemap.org/planet/20261004_113936_pt/14/8839/6431.pbf"
      }
    },
    {
      "type": "Feature",
      "id": "building:56576890-1270",
      "geometry": {
        "type": "Polygon",
        "coordinates": [
          [
            [
              14.234156012535095,
              36.040298284889005
            ],
            [
              14.234198927879333,
              36.040315635633334
            ],
            [
              14.234225749969482,
              36.040280934140796
            ],
            [
              14.234188199043274,
              36.04025924570021
            ],
            [
              14.234156012535095,
              36.040298284889005
            ]
          ]
        ]
      },
      "properties": {
        "render_height": 4,
        "render_min_height": 0,
        "source_layer": "building",
        "source_tile": "https://tiles.openfreemap.org/planet/20261004_113936_pt/14/8839/6431.pbf"
      }
    },
    {
      "type": "Feature",
      "id": "building:56576890-1271",
      "geometry": {
        "type": "Polygon",
        "coordinates": [
          [
            [
              14.2330402135849,
              36.041027012859985
            ],
            [
              14.23302948474884,
              36.04097929873487
            ],
            [
              14.232916831970215,
              36.04100098697714
            ],
            [
              14.232932925224304,
              36.041048701089096
            ],
            [
              14.2330402135849,
              36.041027012859985
            ]
          ]
        ]
      },
      "properties": {
        "render_height": 4,
        "render_min_height": 0,
        "source_layer": "building",
        "source_tile": "https://tiles.openfreemap.org/planet/20261004_113936_pt/14/8839/6431.pbf"
      }
    },
    {
      "type": "Feature",
      "id": "building:56576890-1272",
      "geometry": {
        "type": "Polygon",
        "coordinates": [
          [
            [
              14.23304557800293,
              36.0406973510418
            ],
            [
              14.233099222183228,
              36.04063662371422
            ],
            [
              14.23305630683899,
              36.04061059770234
            ],
            [
              14.233008027076721,
              36.04067132505
            ],
            [
              14.23304557800293,
              36.0406973510418
            ]
          ]
        ]
      },
      "properties": {
        "render_height": 4,
        "render_min_height": 0,
        "source_layer": "building",
        "source_tile": "https://tiles.openfreemap.org/planet/20261004_113936_pt/14/8839/6431.pbf"
      }
    },
    {
      "type": "Feature",
      "id": "building:56576890-1273",
      "geometry": {
        "type": "Polygon",
        "coordinates": [
          [
            [
              14.23178493976593,
              36.040233219563646
            ],
            [
              14.23179566860199,
              36.04023755725366
            ],
            [
              14.23177421092987,
              36.040285271828225
            ],
            [
              14.231763482093811,
              36.040280934140796
            ],
            [
              14.231758117675781,
              36.0402939472023
            ],
            [
              14.23179566860199,
              36.04030696026166
            ],
            [
              14.231822490692139,
              36.04022888187335
            ],
            [
              14.23179030418396,
              36.040220206492094
            ],
            [
              14.23178493976593,
              36.040233219563646
            ]
          ]
        ]
      },
      "properties": {
        "render_height": 4,
        "render_min_height": 0,
        "source_layer": "building",
        "source_tile": "https://tiles.openfreemap.org/planet/20261004_113936_pt/14/8839/6431.pbf"
      }
    },
    {
      "type": "Feature",
      "id": "building:56576890-1274",
      "geometry": {
        "type": "Polygon",
        "coordinates": [
          [
            [
              14.231575727462769,
              36.04030262257544
            ],
            [
              14.231731295585632,
              36.04035033711055
            ],
            [
              14.231763482093811,
              36.040280934140796
            ],
            [
              14.231656193733215,
              36.04025057032233
            ],
            [
              14.231634736061096,
              36.040298284889005
            ],
            [
              14.231586456298828,
              36.040280934140796
            ],
            [
              14.231575727462769,
              36.04030262257544
            ]
          ]
        ]
      },
      "properties": {
        "render_height": 4,
        "render_min_height": 0,
        "source_layer": "building",
        "source_tile": "https://tiles.openfreemap.org/planet/20261004_113936_pt/14/8839/6431.pbf"
      }
    },
    {
      "type": "Feature",
      "id": "building:56576890-1275",
      "geometry": {
        "type": "Polygon",
        "coordinates": [
          [
            [
              14.2315274477005,
              36.04038937625418
            ],
            [
              14.231489896774292,
              36.040445766094095
            ],
            [
              14.231629371643066,
              36.04051083124385
            ],
            [
              14.231677651405334,
              36.040450103772415
            ],
            [
              14.2315274477005,
              36.04038937625418
            ]
          ]
        ]
      },
      "properties": {
        "render_height": 4,
        "render_min_height": 0,
        "source_layer": "building",
        "source_tile": "https://tiles.openfreemap.org/planet/20261004_113936_pt/14/8839/6431.pbf"
      }
    },
    {
      "type": "Feature",
      "id": "building:56576890-1276",
      "geometry": {
        "type": "Polygon",
        "coordinates": [
          [
            [
              14.231725931167603,
              36.04035901247748
            ],
            [
              14.231661558151245,
              36.0403373240584
            ],
            [
              14.231629371643066,
              36.04038503857251
            ],
            [
              14.231602549552917,
              36.040376363208466
            ],
            [
              14.231581091880798,
              36.04041106465891
            ],
            [
              14.231634736061096,
              36.04043275305769
            ],
            [
              14.231656193733215,
              36.040398051616776
            ],
            [
              14.231672286987305,
              36.040406726978446
            ],
            [
              14.231683015823364,
              36.04038070089061
            ],
            [
              14.231699109077454,
              36.04038503857251
            ],
            [
              14.231725931167603,
              36.04035901247748
            ]
          ]
        ]
      },
      "properties": {
        "render_height": 4,
        "render_min_height": 0,
        "source_layer": "building",
        "source_tile": "https://tiles.openfreemap.org/planet/20261004_113936_pt/14/8839/6431.pbf"
      }
    },
    {
      "type": "Feature",
      "id": "building:56576890-1277",
      "geometry": {
        "type": "Polygon",
        "coordinates": [
          [
            [
              14.231672286987305,
              36.04051083124385
            ],
            [
              14.231709837913513,
              36.04053251961514
            ],
            [
              14.231758117675781,
              36.0404848051904
            ],
            [
              14.231709837913513,
              36.04046311680597
            ],
            [
              14.231672286987305,
              36.04051083124385
            ]
          ]
        ]
      },
      "properties": {
        "render_height": 4,
        "render_min_height": 0,
        "source_layer": "building",
        "source_tile": "https://tiles.openfreemap.org/planet/20261004_113936_pt/14/8839/6431.pbf"
      }
    },
    {
      "type": "Feature",
      "id": "building:56576890-1278",
      "geometry": {
        "type": "Polygon",
        "coordinates": [
          [
            [
              14.231414794921875,
              36.040558545652814
            ],
            [
              14.23152208328247,
              36.04055420798046
            ],
            [
              14.2315274477005,
              36.040519506593085
            ],
            [
              14.231452345848083,
              36.04050649356887
            ],
            [
              14.231414794921875,
              36.040558545652814
            ]
          ]
        ]
      },
      "properties": {
        "render_height": 4,
        "render_min_height": 0,
        "source_layer": "building",
        "source_tile": "https://tiles.openfreemap.org/planet/20261004_113936_pt/14/8839/6431.pbf"
      }
    },
    {
      "type": "Feature",
      "id": "building:56576890-1279",
      "geometry": {
        "type": "Polygon",
        "coordinates": [
          [
            [
              14.232085347175598,
              36.040853506811914
            ],
            [
              14.23204243183136,
              36.0408144678984
            ],
            [
              14.23205852508545,
              36.04080145492294
            ],
            [
              14.2320317029953,
              36.04077976662573
            ],
            [
              14.231972694396973,
              36.04082748087174
            ],
            [
              14.231988787651062,
              36.04084049384291
            ],
            [
              14.231972694396973,
              36.040849169155805
            ],
            [
              14.2320317029953,
              36.04089688335978
            ],
            [
              14.232085347175598,
              36.040853506811914
            ]
          ]
        ]
      },
      "properties": {
        "render_height": 4,
        "render_min_height": 0,
        "source_layer": "building",
        "source_tile": "https://tiles.openfreemap.org/planet/20261004_113936_pt/14/8839/6431.pbf"
      }
    },
    {
      "type": "Feature",
      "id": "building:56576890-1280",
      "geometry": {
        "type": "Polygon",
        "coordinates": [
          [
            [
              14.231725931167603,
              36.0408795327435
            ],
            [
              14.231688380241394,
              36.04090555866648
            ],
            [
              14.231752753257751,
              36.04096194813677
            ],
            [
              14.23178493976593,
              36.04093592223242
            ],
            [
              14.231725931167603,
              36.0408795327435
            ]
          ]
        ]
      },
      "properties": {
        "render_height": 4,
        "render_min_height": 0,
        "source_layer": "building",
        "source_tile": "https://tiles.openfreemap.org/planet/20261004_113936_pt/14/8839/6431.pbf"
      }
    },
    {
      "type": "Feature",
      "id": "building:56576890-1281",
      "geometry": {
        "type": "Polygon",
        "coordinates": [
          [
            [
              14.231688380241394,
              36.040849169155805
            ],
            [
              14.231747388839722,
              36.04090122101326
            ],
            [
              14.23179030418396,
              36.040866519778774
            ],
            [
              14.231752753257751,
              36.04083181852903
            ],
            [
              14.2317795753479,
              36.04080145492294
            ],
            [
              14.231763482093811,
              36.04078844194534
            ],
            [
              14.231688380241394,
              36.040849169155805
            ]
          ]
        ]
      },
      "properties": {
        "render_height": 4,
        "render_min_height": 0,
        "source_layer": "building",
        "source_tile": "https://tiles.openfreemap.org/planet/20261004_113936_pt/14/8839/6431.pbf"
      }
    },
    {
      "type": "Feature",
      "id": "building:56576890-1282",
      "geometry": {
        "type": "Polygon",
        "coordinates": [
          [
            [
              14.231629371643066,
              36.04079711726399
            ],
            [
              14.231688380241394,
              36.040849169155805
            ],
            [
              14.231747388839722,
              36.04079711726399
            ],
            [
              14.231715202331543,
              36.04076675364452
            ],
            [
              14.231693744659424,
              36.04078410428565
            ],
            [
              14.231672286987305,
              36.04076675364452
            ],
            [
              14.231629371643066,
              36.04079711726399
            ]
          ]
        ]
      },
      "properties": {
        "render_height": 4,
        "render_min_height": 0,
        "source_layer": "building",
        "source_tile": "https://tiles.openfreemap.org/planet/20261004_113936_pt/14/8839/6431.pbf"
      }
    },
    {
      "type": "Feature",
      "id": "building:56576890-1283",
      "geometry": {
        "type": "Polygon",
        "coordinates": [
          [
            [
              14.231516718864441,
              36.04091423397223
            ],
            [
              14.231511354446411,
              36.04082314321418
            ],
            [
              14.231500625610352,
              36.04082314321418
            ],
            [
              14.231495261192322,
              36.04077542896556
            ],
            [
              14.231436252593994,
              36.04077542896556
            ],
            [
              14.231441617012024,
              36.04090989631948
            ],
            [
              14.231516718864441,
              36.04091423397223
            ]
          ]
        ]
      },
      "properties": {
        "render_height": 4,
        "render_min_height": 0,
        "source_layer": "building",
        "source_tile": "https://tiles.openfreemap.org/planet/20261004_113936_pt/14/8839/6431.pbf"
      }
    },
    {
      "type": "Feature",
      "id": "building:56576890-1284",
      "geometry": {
        "type": "Polygon",
        "coordinates": [
          [
            [
              14.231446981430054,
              36.04093592223242
            ],
            [
              14.231328964233398,
              36.04093592223242
            ],
            [
              14.231323599815369,
              36.04095761048663
            ],
            [
              14.231264591217041,
              36.04095761048663
            ],
            [
              14.2312753200531,
              36.041022675213426
            ],
            [
              14.231452345848083,
              36.04100532462486
            ],
            [
              14.231446981430054,
              36.04093592223242
            ]
          ]
        ]
      },
      "properties": {
        "render_height": 4,
        "render_min_height": 0,
        "source_layer": "building",
        "source_tile": "https://tiles.openfreemap.org/planet/20261004_113936_pt/14/8839/6431.pbf"
      }
    },
    {
      "type": "Feature",
      "id": "building:56576890-1285",
      "geometry": {
        "type": "Polygon",
        "coordinates": [
          [
            [
              14.232589602470398,
              36.041595242491056
            ],
            [
              14.23254668712616,
              36.04158656726034
            ],
            [
              14.23255741596222,
              36.041547528710254
            ],
            [
              14.23254668712616,
              36.04153451585593
            ],
            [
              14.232514500617981,
              36.041530178237366
            ],
            [
              14.23252522945404,
              36.04149113965934
            ],
            [
              14.232498407363892,
              36.041486802038364
            ],
            [
              14.232471585273743,
              36.041603917720806
            ],
            [
              14.232493042945862,
              36.04160825533533
            ],
            [
              14.232487678527832,
              36.04163428101745
            ],
            [
              14.232509136199951,
              36.041638618630316
            ],
            [
              14.232493042945862,
              36.04170802040342
            ],
            [
              14.232444763183594,
              36.04169934518511
            ],
            [
              14.232439398765564,
              36.04172103322904
            ],
            [
              14.23255205154419,
              36.04176874690471
            ],
            [
              14.232568144798279,
              36.04170368279436
            ],
            [
              14.23251986503601,
              36.04169934518511
            ],
            [
              14.23253059387207,
              36.04166030669096
            ],
            [
              14.232573509216309,
              36.04166898191356
            ],
            [
              14.232589602470398,
              36.041595242491056
            ]
          ]
        ]
      },
      "properties": {
        "render_height": 4,
        "render_min_height": 0,
        "source_layer": "building",
        "source_tile": "https://tiles.openfreemap.org/planet/20261004_113936_pt/14/8839/6431.pbf"
      }
    },
    {
      "type": "Feature",
      "id": "building:56576890-1286",
      "geometry": {
        "type": "Polygon",
        "coordinates": [
          [
            [
              14.23255741596222,
              36.04135233566963
            ],
            [
              14.232594966888428,
              36.04140872481996
            ],
            [
              14.232659339904785,
              36.04138703669
            ],
            [
              14.232621788978577,
              36.041326309894316
            ],
            [
              14.23255741596222,
              36.04135233566963
            ]
          ]
        ]
      },
      "properties": {
        "render_height": 4,
        "render_min_height": 0,
        "source_layer": "building",
        "source_tile": "https://tiles.openfreemap.org/planet/20261004_113936_pt/14/8839/6431.pbf"
      }
    },
    {
      "type": "Feature",
      "id": "building:56576890-1287",
      "geometry": {
        "type": "Polygon",
        "coordinates": [
          [
            [
              14.232434034347534,
              36.04145643868485
            ],
            [
              14.232417941093445,
              36.04140004956871
            ],
            [
              14.232385754585266,
              36.04140438719445
            ],
            [
              14.232401847839355,
              36.04146077630749
            ],
            [
              14.232434034347534,
              36.04145643868485
            ]
          ]
        ]
      },
      "properties": {
        "render_height": 4,
        "render_min_height": 0,
        "source_layer": "building",
        "source_tile": "https://tiles.openfreemap.org/planet/20261004_113936_pt/14/8839/6431.pbf"
      }
    },
    {
      "type": "Feature",
      "id": "building:56576890-1288",
      "geometry": {
        "type": "Polygon",
        "coordinates": [
          [
            [
              14.232112169265747,
              36.04159958010604
            ],
            [
              14.232176542282104,
              36.041495477280066
            ],
            [
              14.232069253921509,
              36.041469451552075
            ],
            [
              14.2320317029953,
              36.04157789202864
            ],
            [
              14.232112169265747,
              36.04159958010604
            ]
          ]
        ]
      },
      "properties": {
        "render_height": 4,
        "render_min_height": 0,
        "source_layer": "building",
        "source_tile": "https://tiles.openfreemap.org/planet/20261004_113936_pt/14/8839/6431.pbf"
      }
    },
    {
      "type": "Feature",
      "id": "building:56576890-1289",
      "geometry": {
        "type": "Polygon",
        "coordinates": [
          [
            [
              14.232385754585266,
              36.04148246441714
            ],
            [
              14.23230528831482,
              36.04166030669096
            ],
            [
              14.232375025749207,
              36.041690669965874
            ],
            [
              14.232439398765564,
              36.04149113965934
            ],
            [
              14.232385754585266,
              36.04148246441714
            ]
          ]
        ]
      },
      "properties": {
        "render_height": 4,
        "render_min_height": 0,
        "source_layer": "building",
        "source_tile": "https://tiles.openfreemap.org/planet/20261004_113936_pt/14/8839/6431.pbf"
      }
    },
    {
      "type": "Feature",
      "id": "building:56576890-1290",
      "geometry": {
        "type": "Polygon",
        "coordinates": [
          [
            [
              14.232385754585266,
              36.04148246441714
            ],
            [
              14.232391119003296,
              36.041473789174006
            ],
            [
              14.232326745986938,
              36.04145643868485
            ],
            [
              14.232240915298462,
              36.04163428101745
            ],
            [
              14.23230528831482,
              36.04166030669096
            ],
            [
              14.232385754585266,
              36.04148246441714
            ]
          ]
        ]
      },
      "properties": {
        "render_height": 4,
        "render_min_height": 0,
        "source_layer": "building",
        "source_tile": "https://tiles.openfreemap.org/planet/20261004_113936_pt/14/8839/6431.pbf"
      }
    },
    {
      "type": "Feature",
      "id": "building:56576890-1291",
      "geometry": {
        "type": "Polygon",
        "coordinates": [
          [
            [
              14.232439398765564,
              36.04172103322904
            ],
            [
              14.232493042945862,
              36.04151282776063
            ],
            [
              14.232434034347534,
              36.041504152520815
            ],
            [
              14.232375025749207,
              36.041690669965874
            ],
            [
              14.232439398765564,
              36.04172103322904
            ]
          ]
        ]
      },
      "properties": {
        "render_height": 4,
        "render_min_height": 0,
        "source_layer": "building",
        "source_tile": "https://tiles.openfreemap.org/planet/20261004_113936_pt/14/8839/6431.pbf"
      }
    },
    {
      "type": "Feature",
      "id": "building:56576890-1292",
      "geometry": {
        "type": "Polygon",
        "coordinates": [
          [
            [
              14.232240915298462,
              36.04163428101745
            ],
            [
              14.232326745986938,
              36.04145643868485
            ],
            [
              14.23229455947876,
              36.041452101061964
            ],
            [
              14.232257008552551,
              36.04139137431645
            ],
            [
              14.232181906700134,
              36.041421737695075
            ],
            [
              14.232224822044373,
              36.041495477280066
            ],
            [
              14.232251644134521,
              36.041486802038364
            ],
            [
              14.23226773738861,
              36.041504152520815
            ],
            [
              14.232192635536194,
              36.041621268177465
            ],
            [
              14.232240915298462,
              36.04163428101745
            ]
          ]
        ]
      },
      "properties": {
        "render_height": 4,
        "render_min_height": 0,
        "source_layer": "building",
        "source_tile": "https://tiles.openfreemap.org/planet/20261004_113936_pt/14/8839/6431.pbf"
      }
    },
    {
      "type": "Feature",
      "id": "building:56576890-1294",
      "geometry": {
        "type": "Polygon",
        "coordinates": [
          [
            [
              14.231865406036377,
              36.041547528710254
            ],
            [
              14.231881499290466,
              36.04136101092615
            ],
            [
              14.231854677200317,
              36.041356673298
            ],
            [
              14.231854677200317,
              36.04138269906329
            ],
            [
              14.231811761856079,
              36.04137836143633
            ],
            [
              14.231811761856079,
              36.04140004956871
            ],
            [
              14.23178493976593,
              36.04140004956871
            ],
            [
              14.2317795753479,
              36.0415431910924
            ],
            [
              14.231865406036377,
              36.041547528710254
            ]
          ]
        ]
      },
      "properties": {
        "render_height": 4,
        "render_min_height": 0,
        "source_layer": "building",
        "source_tile": "https://tiles.openfreemap.org/planet/20261004_113936_pt/14/8839/6431.pbf"
      }
    },
    {
      "type": "Feature",
      "id": "building:56576890-1295",
      "geometry": {
        "type": "Polygon",
        "coordinates": [
          [
            [
              14.231945872306824,
              36.04156054156245
            ],
            [
              14.231988787651062,
              36.04140438719445
            ],
            [
              14.231881499290466,
              36.04138703669
            ],
            [
              14.231865406036377,
              36.041547528710254
            ],
            [
              14.231945872306824,
              36.04156054156245
            ]
          ]
        ]
      },
      "properties": {
        "render_height": 4,
        "render_min_height": 0,
        "source_layer": "building",
        "source_tile": "https://tiles.openfreemap.org/planet/20261004_113936_pt/14/8839/6431.pbf"
      }
    },
    {
      "type": "Feature",
      "id": "building:56576890-1296",
      "geometry": {
        "type": "Polygon",
        "coordinates": [
          [
            [
              14.2320317029953,
              36.04157789202864
            ],
            [
              14.232096076011658,
              36.04139137431645
            ],
            [
              14.231999516487122,
              36.04137402380913
            ],
            [
              14.231945872306824,
              36.04156054156245
            ],
            [
              14.2320317029953,
              36.04157789202864
            ]
          ]
        ]
      },
      "properties": {
        "render_height": 4,
        "render_min_height": 0,
        "source_layer": "building",
        "source_tile": "https://tiles.openfreemap.org/planet/20261004_113936_pt/14/8839/6431.pbf"
      }
    },
    {
      "type": "Feature",
      "id": "building:56576890-1297",
      "geometry": {
        "type": "Polygon",
        "coordinates": [
          [
            [
              14.231602549552917,
              36.04141740007027
            ],
            [
              14.231602549552917,
              36.041452101061964
            ],
            [
              14.231677651405334,
              36.041452101061964
            ],
            [
              14.231677651405334,
              36.04141740007027
            ],
            [
              14.231602549552917,
              36.04141740007027
            ]
          ]
        ]
      },
      "properties": {
        "render_height": 4,
        "render_min_height": 0,
        "source_layer": "building",
        "source_tile": "https://tiles.openfreemap.org/planet/20261004_113936_pt/14/8839/6431.pbf"
      }
    },
    {
      "type": "Feature",
      "id": "building:56576890-1298",
      "geometry": {
        "type": "Polygon",
        "coordinates": [
          [
            [
              14.231468439102173,
              36.04153885347429
            ],
            [
              14.231468439102173,
              36.041452101061964
            ],
            [
              14.231409430503845,
              36.04145643868485
            ],
            [
              14.231409430503845,
              36.04153885347429
            ],
            [
              14.231468439102173,
              36.04153885347429
            ]
          ]
        ]
      },
      "properties": {
        "render_height": 4,
        "render_min_height": 0,
        "source_layer": "building",
        "source_tile": "https://tiles.openfreemap.org/planet/20261004_113936_pt/14/8839/6431.pbf"
      }
    },
    {
      "type": "Feature",
      "id": "building:56576890-1299",
      "geometry": {
        "type": "Polygon",
        "coordinates": [
          [
            [
              14.23153281211853,
              36.04141740007027
            ],
            [
              14.23153281211853,
              36.04143041294394
            ],
            [
              14.231602549552917,
              36.04143041294394
            ],
            [
              14.231602549552917,
              36.04141740007027
            ],
            [
              14.23153281211853,
              36.04141740007027
            ]
          ]
        ]
      },
      "properties": {
        "render_height": 4,
        "render_min_height": 0,
        "source_layer": "building",
        "source_tile": "https://tiles.openfreemap.org/planet/20261004_113936_pt/14/8839/6431.pbf"
      }
    },
    {
      "type": "Feature",
      "id": "building:56576890-1310",
      "geometry": {
        "type": "Polygon",
        "coordinates": [
          [
            [
              14.23126995563507,
              36.04171235801219
            ],
            [
              14.231264591217041,
              36.04175573408695
            ],
            [
              14.231366515159607,
              36.04176007169309
            ],
            [
              14.231371879577637,
              36.041716695620764
            ],
            [
              14.23126995563507,
              36.04171235801219
            ]
          ]
        ]
      },
      "properties": {
        "render_height": 4,
        "render_min_height": 0,
        "source_layer": "building",
        "source_tile": "https://tiles.openfreemap.org/planet/20261004_113936_pt/14/8839/6431.pbf"
      }
    },
    {
      "type": "Feature",
      "id": "building:56576890-1311",
      "geometry": {
        "type": "Polygon",
        "coordinates": [
          [
            [
              14.23126995563507,
              36.04168633235588
            ],
            [
              14.231377243995667,
              36.041690669965874
            ],
            [
              14.231393337249756,
              36.04158222964459
            ],
            [
              14.23128068447113,
              36.04159090487579
            ],
            [
              14.23126995563507,
              36.04168633235588
            ]
          ]
        ]
      },
      "properties": {
        "render_height": 4,
        "render_min_height": 0,
        "source_layer": "building",
        "source_tile": "https://tiles.openfreemap.org/planet/20261004_113936_pt/14/8839/6431.pbf"
      }
    },
    {
      "type": "Feature",
      "id": "building:56576890-1312",
      "geometry": {
        "type": "Polygon",
        "coordinates": [
          [
            [
              14.231387972831726,
              36.041625605791026
            ],
            [
              14.231468439102173,
              36.041625605791026
            ],
            [
              14.231468439102173,
              36.041642956242896
            ],
            [
              14.231500625610352,
              36.041642956242896
            ],
            [
              14.231500625610352,
              36.041625605791026
            ],
            [
              14.231564998626709,
              36.041629943404345
            ],
            [
              14.231570363044739,
              36.04158656726034
            ],
            [
              14.231393337249756,
              36.04158222964459
            ],
            [
              14.231387972831726,
              36.041625605791026
            ]
          ]
        ]
      },
      "properties": {
        "render_height": 4,
        "render_min_height": 0,
        "source_layer": "building",
        "source_tile": "https://tiles.openfreemap.org/planet/20261004_113936_pt/14/8839/6431.pbf"
      }
    },
    {
      "type": "Feature",
      "id": "building:56576890-1313",
      "geometry": {
        "type": "Polygon",
        "coordinates": [
          [
            [
              14.231366515159607,
              36.04176007169309
            ],
            [
              14.231452345848083,
              36.04176007169309
            ],
            [
              14.231463074684143,
              36.04169500757561
            ],
            [
              14.231377243995667,
              36.041690669965874
            ],
            [
              14.231366515159607,
              36.04176007169309
            ]
          ]
        ]
      },
      "properties": {
        "render_height": 4,
        "render_min_height": 0,
        "source_layer": "building",
        "source_tile": "https://tiles.openfreemap.org/planet/20261004_113936_pt/14/8839/6431.pbf"
      }
    },
    {
      "type": "Feature",
      "id": "building:56576890-1342",
      "geometry": {
        "type": "Polygon",
        "coordinates": [
          [
            [
              14.231355786323547,
              36.04079277960476
            ],
            [
              14.231366515159607,
              36.04089688335978
            ],
            [
              14.231377243995667,
              36.04090122101326
            ],
            [
              14.231382608413696,
              36.04092290927703
            ],
            [
              14.231441617012024,
              36.04092290927703
            ],
            [
              14.231436252593994,
              36.04079277960476
            ],
            [
              14.231355786323547,
              36.04079277960476
            ]
          ]
        ]
      },
      "properties": {
        "render_height": 4,
        "render_min_height": 0,
        "source_layer": "building",
        "source_tile": "https://tiles.openfreemap.org/planet/20261004_113936_pt/14/8839/6431.pbf"
      }
    },
    {
      "type": "Feature",
      "id": "building:56576890-1343",
      "geometry": {
        "type": "Polygon",
        "coordinates": [
          [
            [
              14.231092929840088,
              36.04077542896556
            ],
            [
              14.231087565422058,
              36.04090122101326
            ],
            [
              14.231366515159607,
              36.0408795327435
            ],
            [
              14.231355786323547,
              36.04077542896556
            ],
            [
              14.231092929840088,
              36.04077542896556
            ]
          ]
        ]
      },
      "properties": {
        "render_height": 4,
        "render_min_height": 0,
        "source_layer": "building",
        "source_tile": "https://tiles.openfreemap.org/planet/20261004_113936_pt/14/8839/6431.pbf"
      }
    },
    {
      "type": "Feature",
      "id": "building:56576890-1348",
      "geometry": {
        "type": "Polygon",
        "coordinates": [
          [
            [
              14.23130214214325,
              36.040545532635036
            ],
            [
              14.231130480766296,
              36.0403937139356
            ],
            [
              14.231109023094177,
              36.04041106465891
            ],
            [
              14.231119751930237,
              36.040419740019146
            ],
            [
              14.231092929840088,
              36.040437090736745
            ],
            [
              14.231109023094177,
              36.040450103772415
            ],
            [
              14.231076836585999,
              36.040471792160446
            ],
            [
              14.231232404708862,
              36.04061059770234
            ],
            [
              14.23130214214325,
              36.040545532635036
            ]
          ]
        ]
      },
      "properties": {
        "render_height": 4,
        "render_min_height": 0,
        "source_layer": "building",
        "source_tile": "https://tiles.openfreemap.org/planet/20261004_113936_pt/14/8839/6431.pbf"
      }
    },
    {
      "type": "Feature",
      "id": "building:56576890-1349",
      "geometry": {
        "type": "Polygon",
        "coordinates": [
          [
            [
              14.23128068447113,
              36.04022454418285
            ],
            [
              14.231473803520203,
              36.04030262257544
            ],
            [
              14.231511354446411,
              36.040211531109904
            ],
            [
              14.231318235397339,
              36.040150803407656
            ],
            [
              14.23128068447113,
              36.04022454418285
            ]
          ]
        ]
      },
      "properties": {
        "render_height": 4,
        "render_min_height": 0,
        "source_layer": "building",
        "source_tile": "https://tiles.openfreemap.org/planet/20261004_113936_pt/14/8839/6431.pbf"
      }
    },
    {
      "type": "Feature",
      "id": "building:56576890-1350",
      "geometry": {
        "type": "Polygon",
        "coordinates": [
          [
            [
              14.231189489364624,
              36.040241894943435
            ],
            [
              14.231436252593994,
              36.04035901247748
            ],
            [
              14.231473803520203,
              36.04030262257544
            ],
            [
              14.231210947036743,
              36.04019418034261
            ],
            [
              14.231189489364624,
              36.040241894943435
            ]
          ]
        ]
      },
      "properties": {
        "render_height": 4,
        "render_min_height": 0,
        "source_layer": "building",
        "source_tile": "https://tiles.openfreemap.org/planet/20261004_113936_pt/14/8839/6431.pbf"
      }
    },
    {
      "type": "Feature",
      "id": "building:56576890-1351",
      "geometry": {
        "type": "Polygon",
        "coordinates": [
          [
            [
              14.231205582618713,
              36.04032864868908
            ],
            [
              14.231404066085815,
              36.040415402339164
            ],
            [
              14.231436252593994,
              36.04035901247748
            ],
            [
              14.231248497962952,
              36.0402722587653
            ],
            [
              14.231205582618713,
              36.04032864868908
            ]
          ]
        ]
      },
      "properties": {
        "render_height": 4,
        "render_min_height": 0,
        "source_layer": "building",
        "source_tile": "https://tiles.openfreemap.org/planet/20261004_113936_pt/14/8839/6431.pbf"
      }
    },
    {
      "type": "Feature",
      "id": "building:186307000-80",
      "geometry": {
        "type": "Polygon",
        "coordinates": [
          [
            [
              14.231650829315186,
              36.04012477723521
            ],
            [
              14.23176884651184,
              36.04015947879657
            ],
            [
              14.231876134872437,
              36.040181167264635
            ],
            [
              14.231902956962585,
              36.04006838716542
            ],
            [
              14.231854677200317,
              36.04005971176649
            ],
            [
              14.231865406036377,
              36.040033685563955
            ],
            [
              14.231833219528198,
              36.04002501016117
            ],
            [
              14.231860041618347,
              36.03995126919912
            ],
            [
              14.231876134872437,
              36.039955606904684
            ],
            [
              14.231897592544556,
              36.03988620358706
            ],
            [
              14.231870770454407,
              36.03987752816805
            ],
            [
              14.231886863708496,
              36.039829813346415
            ],
            [
              14.231902956962585,
              36.03983415105867
            ],
            [
              14.231908321380615,
              36.03981246249501
            ],
            [
              14.231924414634705,
              36.03981680020823
            ],
            [
              14.231929779052734,
              36.03979944935395
            ],
            [
              14.23179030418396,
              36.03976474763397
            ],
            [
              14.231683015823364,
              36.04006838716542
            ],
            [
              14.231672286987305,
              36.04006838716542
            ],
            [
              14.231650829315186,
              36.04012477723521
            ]
          ]
        ]
      },
      "properties": {
        "render_height": 5,
        "render_min_height": 0,
        "source_layer": "building",
        "source_tile": "https://tiles.openfreemap.org/planet/20261004_113936_pt/14/8839/6431.pbf"
      }
    },
    {
      "type": "Feature",
      "id": "building:186307000-81",
      "geometry": {
        "type": "Polygon",
        "coordinates": [
          [
            [
              14.231500625610352,
              36.03978643621075
            ],
            [
              14.231666922569275,
              36.03982547563393
            ],
            [
              14.231693744659424,
              36.03976474763397
            ],
            [
              14.23155426979065,
              36.039730045898665
            ],
            [
              14.23154354095459,
              36.03976040991789
            ],
            [
              14.231511354446411,
              36.03975607220157
            ],
            [
              14.231500625610352,
              36.03978643621075
            ]
          ]
        ]
      },
      "properties": {
        "render_height": 5,
        "render_min_height": 0,
        "source_layer": "building",
        "source_tile": "https://tiles.openfreemap.org/planet/20261004_113936_pt/14/8839/6431.pbf"
      }
    },
    {
      "type": "Feature",
      "id": "building:186307000-82",
      "geometry": {
        "type": "Polygon",
        "coordinates": [
          [
            [
              14.23276662826538,
              36.039955606904684
            ],
            [
              14.232820272445679,
              36.0399642823151
            ],
            [
              14.232820272445679,
              36.03994693149333
            ],
            [
              14.23276662826538,
              36.039933918374516
            ],
            [
              14.23276662826538,
              36.039955606904684
            ]
          ]
        ]
      },
      "properties": {
        "render_height": 5,
        "render_min_height": 0,
        "source_layer": "building",
        "source_tile": "https://tiles.openfreemap.org/planet/20261004_113936_pt/14/8839/6431.pbf"
      }
    },
    {
      "type": "Feature",
      "id": "building:186307000-83",
      "geometry": {
        "type": "Polygon",
        "coordinates": [
          [
            [
              14.232739806175232,
              36.039890541296174
            ],
            [
              14.232761263847351,
              36.039890541296174
            ],
            [
              14.232761263847351,
              36.03984716419397
            ],
            [
              14.232745170593262,
              36.03984716419397
            ],
            [
              14.232739806175232,
              36.039890541296174
            ]
          ]
        ]
      },
      "properties": {
        "render_height": 5,
        "render_min_height": 0,
        "source_layer": "building",
        "source_tile": "https://tiles.openfreemap.org/planet/20261004_113936_pt/14/8839/6431.pbf"
      }
    },
    {
      "type": "Feature",
      "id": "building:186307000-146",
      "geometry": {
        "type": "Polygon",
        "coordinates": [
          [
            [
              14.234220385551453,
              36.04197261410222
            ],
            [
              14.234156012535095,
              36.04204201558093
            ],
            [
              14.234247207641602,
              36.04209840423738
            ],
            [
              14.234327673912048,
              36.04204201558093
            ],
            [
              14.234220385551453,
              36.04197261410222
            ]
          ]
        ]
      },
      "properties": {
        "render_height": 5,
        "render_min_height": 0,
        "source_layer": "building",
        "source_tile": "https://tiles.openfreemap.org/planet/20261004_113936_pt/14/8839/6431.pbf"
      }
    },
    {
      "type": "Feature",
      "id": "building:186307000-147",
      "geometry": {
        "type": "Polygon",
        "coordinates": [
          [
            [
              14.234681725502014,
              36.041907550160346
            ],
            [
              14.234665632247925,
              36.041825135756824
            ],
            [
              14.234633445739746,
              36.04182947335916
            ],
            [
              14.234622716903687,
              36.04178175972031
            ],
            [
              14.234654903411865,
              36.04177742211536
            ],
            [
              14.234638810157776,
              36.041690669965874
            ],
            [
              14.234595894813538,
              36.04169500757561
            ],
            [
              14.234595894813538,
              36.04171235801219
            ],
            [
              14.23453688621521,
              36.041716695620764
            ],
            [
              14.2345529794693,
              36.04179477253378
            ],
            [
              14.234590530395508,
              36.041894537365536
            ],
            [
              14.234633445739746,
              36.04191188775815
            ],
            [
              14.234681725502014,
              36.041907550160346
            ]
          ]
        ]
      },
      "properties": {
        "render_height": 5,
        "render_min_height": 0,
        "source_layer": "building",
        "source_tile": "https://tiles.openfreemap.org/planet/20261004_113936_pt/14/8839/6431.pbf"
      }
    },
    {
      "type": "Feature",
      "id": "building:186307000-151",
      "geometry": {
        "type": "Polygon",
        "coordinates": [
          [
            [
              14.234375953674316,
              36.040849169155805
            ],
            [
              14.234499335289001,
              36.04082314321418
            ],
            [
              14.234644174575806,
              36.040810130240175
            ],
            [
              14.234644174575806,
              36.040723377024975
            ],
            [
              14.234445691108704,
              36.04064963671692
            ],
            [
              14.234322309494019,
              36.040658312050866
            ],
            [
              14.234375953674316,
              36.040849169155805
            ]
          ]
        ]
      },
      "properties": {
        "render_height": 5,
        "render_min_height": 0,
        "source_layer": "building",
        "source_tile": "https://tiles.openfreemap.org/planet/20261004_113936_pt/14/8839/6431.pbf"
      }
    },
    {
      "type": "Feature",
      "id": "building:186307000-152",
      "geometry": {
        "type": "Polygon",
        "coordinates": [
          [
            [
              14.234311580657959,
              36.040450103772415
            ],
            [
              14.234354496002197,
              36.040471792160446
            ],
            [
              14.234381318092346,
              36.04043275305769
            ],
            [
              14.234338402748108,
              36.04041106465891
            ],
            [
              14.234311580657959,
              36.040450103772415
            ]
          ]
        ]
      },
      "properties": {
        "render_height": 5,
        "render_min_height": 0,
        "source_layer": "building",
        "source_tile": "https://tiles.openfreemap.org/planet/20261004_113936_pt/14/8839/6431.pbf"
      }
    },
    {
      "type": "Feature",
      "id": "building:186307000-153",
      "geometry": {
        "type": "Polygon",
        "coordinates": [
          [
            [
              14.231763482093811,
              36.040280934140796
            ],
            [
              14.231758117675781,
              36.0402939472023
            ],
            [
              14.23179566860199,
              36.04030696026166
            ],
            [
              14.231817126274109,
              36.04025057032233
            ],
            [
              14.231886863708496,
              36.0402722587653
            ],
            [
              14.231913685798645,
              36.040211531109904
            ],
            [
              14.231865406036377,
              36.04020285572672
            ],
            [
              14.231876134872437,
              36.040181167264635
            ],
            [
              14.23176884651184,
              36.04015947879657
            ],
            [
              14.231650829315186,
              36.04012477723521
            ],
            [
              14.231602549552917,
              36.04023755725366
            ],
            [
              14.231763482093811,
              36.040280934140796
            ]
          ]
        ]
      },
      "properties": {
        "render_height": 5,
        "render_min_height": 0,
        "source_layer": "building",
        "source_tile": "https://tiles.openfreemap.org/planet/20261004_113936_pt/14/8839/6431.pbf"
      }
    },
    {
      "type": "Feature",
      "id": "building:186307000-154",
      "geometry": {
        "type": "Polygon",
        "coordinates": [
          [
            [
              14.231645464897156,
              36.04049348054251
            ],
            [
              14.231709837913513,
              36.04053251961514
            ],
            [
              14.231758117675781,
              36.0404848051904
            ],
            [
              14.231677651405334,
              36.040450103772415
            ],
            [
              14.231645464897156,
              36.04049348054251
            ]
          ]
        ]
      },
      "properties": {
        "render_height": 5,
        "render_min_height": 0,
        "source_layer": "building",
        "source_tile": "https://tiles.openfreemap.org/planet/20261004_113936_pt/14/8839/6431.pbf"
      }
    },
    {
      "type": "Feature",
      "id": "building:186307000-155",
      "geometry": {
        "type": "Polygon",
        "coordinates": [
          [
            [
              14.231715202331543,
              36.040467454483306
            ],
            [
              14.231742024421692,
              36.040428415378415
            ],
            [
              14.231693744659424,
              36.04041106465891
            ],
            [
              14.231699109077454,
              36.04040238929774
            ],
            [
              14.231677651405334,
              36.0403937139356
            ],
            [
              14.231683015823364,
              36.04038070089061
            ],
            [
              14.231699109077454,
              36.04038503857251
            ],
            [
              14.231725931167603,
              36.04035901247748
            ],
            [
              14.231575727462769,
              36.040311297947596
            ],
            [
              14.2315274477005,
              36.04038937625418
            ],
            [
              14.231715202331543,
              36.040467454483306
            ]
          ]
        ]
      },
      "properties": {
        "render_height": 5,
        "render_min_height": 0,
        "source_layer": "building",
        "source_tile": "https://tiles.openfreemap.org/planet/20261004_113936_pt/14/8839/6431.pbf"
      }
    },
    {
      "type": "Feature",
      "id": "building:186307000-156",
      "geometry": {
        "type": "Polygon",
        "coordinates": [
          [
            [
              14.231763482093811,
              36.04078844194534
            ],
            [
              14.2317795753479,
              36.04080145492294
            ],
            [
              14.23180639743805,
              36.04077976662573
            ],
            [
              14.231822490692139,
              36.04078844194534
            ],
            [
              14.231833219528198,
              36.040762415983636
            ],
            [
              14.23178493976593,
              36.040762415983636
            ],
            [
              14.231763482093811,
              36.04078844194534
            ]
          ]
        ]
      },
      "properties": {
        "render_height": 5,
        "render_min_height": 0,
        "source_layer": "building",
        "source_tile": "https://tiles.openfreemap.org/planet/20261004_113936_pt/14/8839/6431.pbf"
      }
    },
    {
      "type": "Feature",
      "id": "building:186307000-157",
      "geometry": {
        "type": "Polygon",
        "coordinates": [
          [
            [
              14.231731295585632,
              36.04132197226424
            ],
            [
              14.2317795753479,
              36.04130462174166
            ],
            [
              14.23176884651184,
              36.04127859595057
            ],
            [
              14.231731295585632,
              36.04126124541841
            ],
            [
              14.231704473495483,
              36.04126992068497
            ],
            [
              14.231731295585632,
              36.04132197226424
            ]
          ]
        ]
      },
      "properties": {
        "render_height": 5,
        "render_min_height": 0,
        "source_layer": "building",
        "source_tile": "https://tiles.openfreemap.org/planet/20261004_113936_pt/14/8839/6431.pbf"
      }
    },
    {
      "type": "Feature",
      "id": "building:186307000-158",
      "geometry": {
        "type": "Polygon",
        "coordinates": [
          [
            [
              14.232439398765564,
              36.04172103322904
            ],
            [
              14.232568144798279,
              36.04177742211536
            ],
            [
              14.232616424560547,
              36.04150849014084
            ],
            [
              14.232498407363892,
              36.041486802038364
            ],
            [
              14.232471585273743,
              36.041603917720806
            ],
            [
              14.232493042945862,
              36.04160825533533
            ],
            [
              14.232487678527832,
              36.04163428101745
            ],
            [
              14.232466220855713,
              36.041629943404345
            ],
            [
              14.232439398765564,
              36.04172103322904
            ]
          ],
          [
            [
              14.23251986503601,
              36.04169934518511
            ],
            [
              14.23253059387207,
              36.04166030669096
            ],
            [
              14.232573509216309,
              36.04166898191356
            ],
            [
              14.232568144798279,
              36.04170368279436
            ],
            [
              14.23251986503601,
              36.04169934518511
            ]
          ]
        ]
      },
      "properties": {
        "render_height": 5,
        "render_min_height": 0,
        "source_layer": "building",
        "source_tile": "https://tiles.openfreemap.org/planet/20261004_113936_pt/14/8839/6431.pbf"
      }
    },
    {
      "type": "Feature",
      "id": "building:186307000-159",
      "geometry": {
        "type": "Polygon",
        "coordinates": [
          [
            [
              14.231602549552917,
              36.041855498968175
            ],
            [
              14.231634736061096,
              36.04187284936938
            ],
            [
              14.231650829315186,
              36.04185116136726
            ],
            [
              14.231613278388977,
              36.041833810961265
            ],
            [
              14.231602549552917,
              36.041855498968175
            ]
          ]
        ]
      },
      "properties": {
        "render_height": 5,
        "render_min_height": 0,
        "source_layer": "building",
        "source_tile": "https://tiles.openfreemap.org/planet/20261004_113936_pt/14/8839/6431.pbf"
      }
    },
    {
      "type": "Feature",
      "id": "building:186307000-160",
      "geometry": {
        "type": "Polygon",
        "coordinates": [
          [
            [
              14.231988787651062,
              36.04140438719445
            ],
            [
              14.231999516487122,
              36.04137402380913
            ],
            [
              14.23202633857727,
              36.04137836143633
            ],
            [
              14.231999516487122,
              36.041330647524134
            ],
            [
              14.231940507888794,
              36.04137836143633
            ],
            [
              14.231881499290466,
              36.04136968618171
            ],
            [
              14.231881499290466,
              36.04138703669
            ],
            [
              14.231988787651062,
              36.04140438719445
            ]
          ]
        ]
      },
      "properties": {
        "render_height": 5,
        "render_min_height": 0,
        "source_layer": "building",
        "source_tile": "https://tiles.openfreemap.org/planet/20261004_113936_pt/14/8839/6431.pbf"
      }
    },
    {
      "type": "Feature",
      "id": "building:186307000-161",
      "geometry": {
        "type": "Polygon",
        "coordinates": [
          [
            [
              14.231688380241394,
              36.041339322783045
            ],
            [
              14.231677651405334,
              36.04130895937267
            ],
            [
              14.231656193733215,
              36.041317634633984
            ],
            [
              14.231645464897156,
              36.04129160884719
            ],
            [
              14.231597185134888,
              36.04130462174166
            ],
            [
              14.231624007225037,
              36.04136968618171
            ],
            [
              14.231688380241394,
              36.041339322783045
            ]
          ]
        ]
      },
      "properties": {
        "render_height": 5,
        "render_min_height": 0,
        "source_layer": "building",
        "source_tile": "https://tiles.openfreemap.org/planet/20261004_113936_pt/14/8839/6431.pbf"
      }
    },
    {
      "type": "Feature",
      "id": "building:186307000-162",
      "geometry": {
        "type": "Polygon",
        "coordinates": [
          [
            [
              14.231602549552917,
              36.04140438719445
            ],
            [
              14.231602549552917,
              36.0415431910924
            ],
            [
              14.231677651405334,
              36.0415431910924
            ],
            [
              14.231677651405334,
              36.04138269906329
            ],
            [
              14.231602549552917,
              36.04140438719445
            ]
          ]
        ]
      },
      "properties": {
        "render_height": 5,
        "render_min_height": 0,
        "source_layer": "building",
        "source_tile": "https://tiles.openfreemap.org/planet/20261004_113936_pt/14/8839/6431.pbf"
      }
    },
    {
      "type": "Feature",
      "id": "building:186307000-163",
      "geometry": {
        "type": "Polygon",
        "coordinates": [
          [
            [
              14.231677651405334,
              36.04146077630749
            ],
            [
              14.231677651405334,
              36.0415431910924
            ],
            [
              14.2317795753479,
              36.0415431910924
            ],
            [
              14.2317795753479,
              36.041499814900575
            ],
            [
              14.231720566749573,
              36.041499814900575
            ],
            [
              14.231720566749573,
              36.04145643868485
            ],
            [
              14.231677651405334,
              36.04146077630749
            ]
          ]
        ]
      },
      "properties": {
        "render_height": 5,
        "render_min_height": 0,
        "source_layer": "building",
        "source_tile": "https://tiles.openfreemap.org/planet/20261004_113936_pt/14/8839/6431.pbf"
      }
    },
    {
      "type": "Feature",
      "id": "building:186307000-164",
      "geometry": {
        "type": "Polygon",
        "coordinates": [
          [
            [
              14.23153281211853,
              36.0415431910924
            ],
            [
              14.23153281211853,
              36.04143041294394
            ],
            [
              14.231468439102173,
              36.04143475056803
            ],
            [
              14.231468439102173,
              36.04153885347429
            ],
            [
              14.23153281211853,
              36.0415431910924
            ]
          ]
        ]
      },
      "properties": {
        "render_height": 5,
        "render_min_height": 0,
        "source_layer": "building",
        "source_tile": "https://tiles.openfreemap.org/planet/20261004_113936_pt/14/8839/6431.pbf"
      }
    },
    {
      "type": "Feature",
      "id": "building:186307000-165",
      "geometry": {
        "type": "Polygon",
        "coordinates": [
          [
            [
              14.23153281211853,
              36.04140438719445
            ],
            [
              14.23153281211853,
              36.0415431910924
            ],
            [
              14.231602549552917,
              36.0415431910924
            ],
            [
              14.231602549552917,
              36.04140438719445
            ],
            [
              14.23153281211853,
              36.04140438719445
            ]
          ]
        ]
      },
      "properties": {
        "render_height": 5,
        "render_min_height": 0,
        "source_layer": "building",
        "source_tile": "https://tiles.openfreemap.org/planet/20261004_113936_pt/14/8839/6431.pbf"
      }
    },
    {
      "type": "Feature",
      "id": "building:185182780-593",
      "geometry": {
        "type": "Polygon",
        "coordinates": [
          [
            [
              14.231361150741577,
              36.039821137921194
            ],
            [
              14.231350421905518,
              36.03984716419397
            ],
            [
              14.231382608413696,
              36.03985583961635
            ],
            [
              14.231366515159607,
              36.03989921671376
            ],
            [
              14.231473803520203,
              36.039920905253524
            ],
            [
              14.231473803520203,
              36.039912229838336
            ],
            [
              14.231500625610352,
              36.039920905253524
            ],
            [
              14.231495261192322,
              36.03992958066776
            ],
            [
              14.231613278388977,
              36.039955606904684
            ],
            [
              14.231640100479126,
              36.039890541296174
            ],
            [
              14.231361150741577,
              36.039821137921194
            ]
          ]
        ]
      },
      "properties": {
        "render_height": 8,
        "render_min_height": 0,
        "source_layer": "building",
        "source_tile": "https://tiles.openfreemap.org/planet/20261004_113936_pt/14/8839/6431.pbf"
      }
    },
    {
      "type": "Feature",
      "id": "building:185182780-595",
      "geometry": {
        "type": "Polygon",
        "coordinates": [
          [
            [
              14.23128068447113,
              36.040033685563955
            ],
            [
              14.231473803520203,
              36.04007706256341
            ],
            [
              14.231500625610352,
              36.04001199705526
            ],
            [
              14.23130750656128,
              36.0399642823151
            ],
            [
              14.23128068447113,
              36.040033685563955
            ]
          ]
        ]
      },
      "properties": {
        "render_height": 8,
        "render_min_height": 0,
        "source_layer": "building",
        "source_tile": "https://tiles.openfreemap.org/planet/20261004_113936_pt/14/8839/6431.pbf"
      }
    },
    {
      "type": "Feature",
      "id": "building:185182780-596",
      "geometry": {
        "type": "Polygon",
        "coordinates": [
          [
            [
              14.231259226799011,
              36.04013345262699
            ],
            [
              14.231511354446411,
              36.040211531109904
            ],
            [
              14.23154890537262,
              36.0401161018425
            ],
            [
              14.23129141330719,
              36.04005537406668
            ],
            [
              14.231259226799011,
              36.04013345262699
            ]
          ]
        ]
      },
      "properties": {
        "render_height": 8,
        "render_min_height": 0,
        "source_layer": "building",
        "source_tile": "https://tiles.openfreemap.org/planet/20261004_113936_pt/14/8839/6431.pbf"
      }
    },
    {
      "type": "Feature",
      "id": "building:185182780-597",
      "geometry": {
        "type": "Polygon",
        "coordinates": [
          [
            [
              14.231420159339905,
              36.03999030854058
            ],
            [
              14.231586456298828,
              36.0400293478627
            ],
            [
              14.231613278388977,
              36.039955606904684
            ],
            [
              14.231495261192322,
              36.03992958066776
            ],
            [
              14.231489896774292,
              36.03995126919912
            ],
            [
              14.231436252593994,
              36.03994259378729
            ],
            [
              14.231446981430054,
              36.03991656754606
            ],
            [
              14.231398701667786,
              36.03990789213039
            ],
            [
              14.231382608413696,
              36.039955606904684
            ],
            [
              14.231425523757935,
              36.03996862001995
            ],
            [
              14.231420159339905,
              36.03999030854058
            ]
          ]
        ]
      },
      "properties": {
        "render_height": 8,
        "render_min_height": 0,
        "source_layer": "building",
        "source_tile": "https://tiles.openfreemap.org/planet/20261004_113936_pt/14/8839/6431.pbf"
      }
    },
    {
      "type": "Feature",
      "id": "building:185182780-598",
      "geometry": {
        "type": "Polygon",
        "coordinates": [
          [
            [
              14.231693744659424,
              36.03976474763397
            ],
            [
              14.231715202331543,
              36.03970401958718
            ],
            [
              14.2315274477005,
              36.03965630466041
            ],
            [
              14.231505990028381,
              36.03971703274398
            ],
            [
              14.231693744659424,
              36.03976474763397
            ]
          ]
        ]
      },
      "properties": {
        "render_height": 8,
        "render_min_height": 0,
        "source_layer": "building",
        "source_tile": "https://tiles.openfreemap.org/planet/20261004_113936_pt/14/8839/6431.pbf"
      }
    },
    {
      "type": "Feature",
      "id": "building:185182780-599",
      "geometry": {
        "type": "Polygon",
        "coordinates": [
          [
            [
              14.23179030418396,
              36.03976474763397
            ],
            [
              14.231688380241394,
              36.04005971176649
            ],
            [
              14.231736660003662,
              36.040072724864544
            ],
            [
              14.231725931167603,
              36.0400944133565
            ],
            [
              14.231720566749573,
              36.0400900756586
            ],
            [
              14.231699109077454,
              36.04013779032253
            ],
            [
              14.231876134872437,
              36.040181167264635
            ],
            [
              14.231902956962585,
              36.04006838716542
            ],
            [
              14.231854677200317,
              36.04005971176649
            ],
            [
              14.231865406036377,
              36.040033685563955
            ],
            [
              14.231833219528198,
              36.04002501016117
            ],
            [
              14.231849312782288,
              36.03999030854058
            ],
            [
              14.231827855110168,
              36.03998597083695
            ],
            [
              14.231902956962585,
              36.03979077392539
            ],
            [
              14.23179030418396,
              36.03976474763397
            ]
          ]
        ]
      },
      "properties": {
        "render_height": 8,
        "render_min_height": 0,
        "source_layer": "building",
        "source_tile": "https://tiles.openfreemap.org/planet/20261004_113936_pt/14/8839/6431.pbf"
      }
    },
    {
      "type": "Feature",
      "id": "building:185182780-600",
      "geometry": {
        "type": "Polygon",
        "coordinates": [
          [
            [
              14.231902956962585,
              36.03979077392539
            ],
            [
              14.231951236724854,
              36.03967799326706
            ],
            [
              14.231838583946228,
              36.03964762921608
            ],
            [
              14.23179030418396,
              36.03976474763397
            ],
            [
              14.231902956962585,
              36.03979077392539
            ]
          ]
        ]
      },
      "properties": {
        "render_height": 8,
        "render_min_height": 0,
        "source_layer": "building",
        "source_tile": "https://tiles.openfreemap.org/planet/20261004_113936_pt/14/8839/6431.pbf"
      }
    },
    {
      "type": "Feature",
      "id": "building:185182780-601",
      "geometry": {
        "type": "Polygon",
        "coordinates": [
          [
            [
              14.23176884651184,
              36.04015947879657
            ],
            [
              14.231650829315186,
              36.04012477723521
            ],
            [
              14.231624007225037,
              36.04018984265018
            ],
            [
              14.231742024421692,
              36.040220206492094
            ],
            [
              14.23176884651184,
              36.04015947879657
            ]
          ]
        ]
      },
      "properties": {
        "render_height": 8,
        "render_min_height": 0,
        "source_layer": "building",
        "source_tile": "https://tiles.openfreemap.org/planet/20261004_113936_pt/14/8839/6431.pbf"
      }
    },
    {
      "type": "Feature",
      "id": "building:185182780-602",
      "geometry": {
        "type": "Polygon",
        "coordinates": [
          [
            [
              14.23255741596222,
              36.03998163313304
            ],
            [
              14.232718348503113,
              36.03998163313304
            ],
            [
              14.232718348503113,
              36.039920905253524
            ],
            [
              14.232675433158875,
              36.039920905253524
            ],
            [
              14.232675433158875,
              36.03988620358706
            ],
            [
              14.232605695724487,
              36.03988620358706
            ],
            [
              14.232605695724487,
              36.039920905253524
            ],
            [
              14.23255741596222,
              36.039920905253524
            ],
            [
              14.23255741596222,
              36.03998163313304
            ]
          ]
        ]
      },
      "properties": {
        "render_height": 8,
        "render_min_height": 0,
        "source_layer": "building",
        "source_tile": "https://tiles.openfreemap.org/planet/20261004_113936_pt/14/8839/6431.pbf"
      }
    },
    {
      "type": "Feature",
      "id": "building:185182780-605",
      "geometry": {
        "type": "Polygon",
        "coordinates": [
          [
            [
              14.231897592544556,
              36.039291935175385
            ],
            [
              14.231919050216675,
              36.03923554450918
            ],
            [
              14.231575727462769,
              36.039157465058565
            ],
            [
              14.23155426979065,
              36.03921385578067
            ],
            [
              14.231897592544556,
              36.039291935175385
            ]
          ]
        ]
      },
      "properties": {
        "render_height": 8,
        "render_min_height": 0,
        "source_layer": "building",
        "source_tile": "https://tiles.openfreemap.org/planet/20261004_113936_pt/14/8839/6431.pbf"
      }
    },
    {
      "type": "Feature",
      "id": "building:185182780-606",
      "geometry": {
        "type": "Polygon",
        "coordinates": [
          [
            [
              14.231618642807007,
              36.03943074279705
            ],
            [
              14.231811761856079,
              36.03947412012863
            ],
            [
              14.231827855110168,
              36.039439418265275
            ],
            [
              14.23180639743805,
              36.03943074279705
            ],
            [
              14.231817126274109,
              36.03939604091455
            ],
            [
              14.231640100479126,
              36.0393570012785
            ],
            [
              14.231618642807007,
              36.03943074279705
            ]
          ]
        ]
      },
      "properties": {
        "render_height": 8,
        "render_min_height": 0,
        "source_layer": "building",
        "source_tile": "https://tiles.openfreemap.org/planet/20261004_113936_pt/14/8839/6431.pbf"
      }
    },
    {
      "type": "Feature",
      "id": "building:185182780-607",
      "geometry": {
        "type": "Polygon",
        "coordinates": [
          [
            [
              14.23152208328247,
              36.039591238804576
            ],
            [
              14.231581091880798,
              36.03960858970474
            ],
            [
              14.231586456298828,
              36.03959557652999
            ],
            [
              14.231640100479126,
              36.03960858970474
            ],
            [
              14.231634736061096,
              36.03962160287732
            ],
            [
              14.231736660003662,
              36.03964762921608
            ],
            [
              14.231763482093811,
              36.03958690107896
            ],
            [
              14.23154354095459,
              36.039530510623976
            ],
            [
              14.23152208328247,
              36.039591238804576
            ]
          ]
        ]
      },
      "properties": {
        "render_height": 8,
        "render_min_height": 0,
        "source_layer": "building",
        "source_tile": "https://tiles.openfreemap.org/planet/20261004_113936_pt/14/8839/6431.pbf"
      }
    },
    {
      "type": "Feature",
      "id": "building:185182780-608",
      "geometry": {
        "type": "Polygon",
        "coordinates": [
          [
            [
              14.231495261192322,
              36.03964762921608
            ],
            [
              14.231715202331543,
              36.03970401958718
            ],
            [
              14.231736660003662,
              36.03964762921608
            ],
            [
              14.231516718864441,
              36.039591238804576
            ],
            [
              14.231495261192322,
              36.03964762921608
            ]
          ]
        ]
      },
      "properties": {
        "render_height": 8,
        "render_min_height": 0,
        "source_layer": "building",
        "source_tile": "https://tiles.openfreemap.org/planet/20261004_113936_pt/14/8839/6431.pbf"
      }
    },
    {
      "type": "Feature",
      "id": "building:185182780-609",
      "geometry": {
        "type": "Polygon",
        "coordinates": [
          [
            [
              14.231575727462769,
              36.039265908719074
            ],
            [
              14.231876134872437,
              36.03933531258343
            ],
            [
              14.231897592544556,
              36.039291935175385
            ],
            [
              14.231591820716858,
              36.0392225312728
            ],
            [
              14.231575727462769,
              36.039265908719074
            ]
          ]
        ]
      },
      "properties": {
        "render_height": 8,
        "render_min_height": 0,
        "source_layer": "building",
        "source_tile": "https://tiles.openfreemap.org/planet/20261004_113936_pt/14/8839/6431.pbf"
      }
    },
    {
      "type": "Feature",
      "id": "building:185182780-610",
      "geometry": {
        "type": "Polygon",
        "coordinates": [
          [
            [
              14.231586456298828,
              36.0393483258012
            ],
            [
              14.231613278388977,
              36.03935266353997
            ],
            [
              14.231624007225037,
              36.03932663710373
            ],
            [
              14.231709837913513,
              36.039343988062186
            ],
            [
              14.231704473495483,
              36.03937435223027
            ],
            [
              14.231843948364258,
              36.03940471638661
            ],
            [
              14.231876134872437,
              36.03933531258343
            ],
            [
              14.231634736061096,
              36.039278921948295
            ],
            [
              14.231629371643066,
              36.039296272917255
            ],
            [
              14.23153817653656,
              36.039278921948295
            ],
            [
              14.23152208328247,
              36.03933097484372
            ],
            [
              14.231586456298828,
              36.0393483258012
            ]
          ]
        ]
      },
      "properties": {
        "render_height": 8,
        "render_min_height": 0,
        "source_layer": "building",
        "source_tile": "https://tiles.openfreemap.org/planet/20261004_113936_pt/14/8839/6431.pbf"
      }
    },
    {
      "type": "Feature",
      "id": "building:185182780-611",
      "geometry": {
        "type": "Polygon",
        "coordinates": [
          [
            [
              14.231581091880798,
              36.039157465058565
            ],
            [
              14.231919050216675,
              36.03923554450918
            ],
            [
              14.231940507888794,
              36.039187829298555
            ],
            [
              14.231602549552917,
              36.03910541204846
            ],
            [
              14.231581091880798,
              36.039157465058565
            ]
          ]
        ]
      },
      "properties": {
        "render_height": 8,
        "render_min_height": 0,
        "source_layer": "building",
        "source_tile": "https://tiles.openfreemap.org/planet/20261004_113936_pt/14/8839/6431.pbf"
      }
    },
    {
      "type": "Feature",
      "id": "building:185182780-1229",
      "geometry": {
        "type": "Polygon",
        "coordinates": [
          [
            [
              14.234365224838257,
              36.04195526372298
            ],
            [
              14.234408140182495,
              36.04196393891307
            ],
            [
              14.234408140182495,
              36.04195526372298
            ],
            [
              14.234483242034912,
              36.041968276507774
            ],
            [
              14.234483242034912,
              36.041924900550114
            ],
            [
              14.234472513198853,
              36.041924900550114
            ],
            [
              14.234472513198853,
              36.04191622535572
            ],
            [
              14.234461784362793,
              36.04191622535572
            ],
            [
              14.234461784362793,
              36.04190321256233
            ],
            [
              14.234434962272644,
              36.04189019976678
            ],
            [
              14.234349131584167,
              36.0418771869691
            ],
            [
              14.234349131584167,
              36.04189887496405
            ],
            [
              14.234365224838257,
              36.04189887496405
            ],
            [
              14.234365224838257,
              36.04195526372298
            ]
          ]
        ]
      },
      "properties": {
        "render_height": 8,
        "render_min_height": 0,
        "source_layer": "building",
        "source_tile": "https://tiles.openfreemap.org/planet/20261004_113936_pt/14/8839/6431.pbf"
      }
    },
    {
      "type": "Feature",
      "id": "building:185182780-1230",
      "geometry": {
        "type": "Polygon",
        "coordinates": [
          [
            [
              14.234558343887329,
              36.04190321256233
            ],
            [
              14.234493970870972,
              36.04188586216779
            ],
            [
              14.234483242034912,
              36.041968276507774
            ],
            [
              14.234644174575806,
              36.04197695169644
            ],
            [
              14.234649538993835,
              36.04194658853193
            ],
            [
              14.234606623649597,
              36.041933575743556
            ],
            [
              14.234595894813538,
              36.04194658853193
            ],
            [
              14.234558343887329,
              36.04193791333991
            ],
            [
              14.234558343887329,
              36.04190321256233
            ]
          ]
        ]
      },
      "properties": {
        "render_height": 8,
        "render_min_height": 0,
        "source_layer": "building",
        "source_tile": "https://tiles.openfreemap.org/planet/20261004_113936_pt/14/8839/6431.pbf"
      }
    },
    {
      "type": "Feature",
      "id": "building:185182780-1231",
      "geometry": {
        "type": "Polygon",
        "coordinates": [
          [
            [
              14.234756827354431,
              36.04189887496405
            ],
            [
              14.23477292060852,
              36.04196393891307
            ],
            [
              14.234831929206848,
              36.04195526372298
            ],
            [
              14.234837293624878,
              36.04197695169644
            ],
            [
              14.234907031059265,
              36.04198996447764
            ],
            [
              14.234901666641235,
              36.04191622535572
            ],
            [
              14.234874844551086,
              36.04191622535572
            ],
            [
              14.234869480133057,
              36.04188586216779
            ],
            [
              14.234756827354431,
              36.04189887496405
            ]
          ]
        ]
      },
      "properties": {
        "render_height": 8,
        "render_min_height": 0,
        "source_layer": "building",
        "source_tile": "https://tiles.openfreemap.org/planet/20261004_113936_pt/14/8839/6431.pbf"
      }
    },
    {
      "type": "Feature",
      "id": "building:185182780-1232",
      "geometry": {
        "type": "Polygon",
        "coordinates": [
          [
            [
              14.234756827354431,
              36.04189887496405
            ],
            [
              14.234869480133057,
              36.04188586216779
            ],
            [
              14.234848022460938,
              36.04180778534507
            ],
            [
              14.234740734100342,
              36.041825135756824
            ],
            [
              14.234756827354431,
              36.04189887496405
            ]
          ]
        ]
      },
      "properties": {
        "render_height": 8,
        "render_min_height": 0,
        "source_layer": "building",
        "source_tile": "https://tiles.openfreemap.org/planet/20261004_113936_pt/14/8839/6431.pbf"
      }
    },
    {
      "type": "Feature",
      "id": "building:185182780-1233",
      "geometry": {
        "type": "Polygon",
        "coordinates": [
          [
            [
              14.23454761505127,
              36.04216346802153
            ],
            [
              14.234493970870972,
              36.04212442975749
            ],
            [
              14.23452079296112,
              36.04209840423738
            ],
            [
              14.23453688621521,
              36.042115754585055
            ],
            [
              14.234585165977478,
              36.04207671629736
            ],
            [
              14.234617352485657,
              36.04210274182465
            ],
            [
              14.234649538993835,
              36.04207237870864
            ],
            [
              14.234622716903687,
              36.04205069076147
            ],
            [
              14.234601259231567,
              36.04206804111969
            ],
            [
              14.234563708305359,
              36.04203767799031
            ],
            [
              14.234418869018555,
              36.04216780560523
            ],
            [
              14.234483242034912,
              36.042219856590975
            ],
            [
              14.23454761505127,
              36.04216346802153
            ]
          ]
        ]
      },
      "properties": {
        "render_height": 8,
        "render_min_height": 0,
        "source_layer": "building",
        "source_tile": "https://tiles.openfreemap.org/planet/20261004_113936_pt/14/8839/6431.pbf"
      }
    },
    {
      "type": "Feature",
      "id": "building:185182780-1246",
      "geometry": {
        "type": "Polygon",
        "coordinates": [
          [
            [
              14.234848022460938,
              36.04180778534507
            ],
            [
              14.234831929206848,
              36.04172970844496
            ],
            [
              14.234724640846252,
              36.04174705887391
            ],
            [
              14.234740734100342,
              36.041825135756824
            ],
            [
              14.234848022460938,
              36.04180778534507
            ]
          ]
        ]
      },
      "properties": {
        "render_height": 8,
        "render_min_height": 0,
        "source_layer": "building",
        "source_tile": "https://tiles.openfreemap.org/planet/20261004_113936_pt/14/8839/6431.pbf"
      }
    },
    {
      "type": "Feature",
      "id": "building:185182780-1253",
      "geometry": {
        "type": "Polygon",
        "coordinates": [
          [
            [
              14.23479437828064,
              36.04138703669
            ],
            [
              14.234740734100342,
              36.04140438719445
            ],
            [
              14.234762191772461,
              36.04143475056803
            ],
            [
              14.234826564788818,
              36.041413062445244
            ],
            [
              14.23479437828064,
              36.04138703669
            ]
          ]
        ]
      },
      "properties": {
        "render_height": 8,
        "render_min_height": 0,
        "source_layer": "building",
        "source_tile": "https://tiles.openfreemap.org/planet/20261004_113936_pt/14/8839/6431.pbf"
      }
    },
    {
      "type": "Feature",
      "id": "building:185182780-1254",
      "geometry": {
        "type": "Polygon",
        "coordinates": [
          [
            [
              14.23479437828064,
              36.04158656726034
            ],
            [
              14.234660267829895,
              36.04135233566963
            ],
            [
              14.234579801559448,
              36.04137402380913
            ],
            [
              14.234606623649597,
              36.041469451552075
            ],
            [
              14.234617352485657,
              36.041469451552075
            ],
            [
              14.234660267829895,
              36.041603917720806
            ],
            [
              14.23479437828064,
              36.04158656726034
            ]
          ]
        ]
      },
      "properties": {
        "render_height": 8,
        "render_min_height": 0,
        "source_layer": "building",
        "source_tile": "https://tiles.openfreemap.org/planet/20261004_113936_pt/14/8839/6431.pbf"
      }
    },
    {
      "type": "Feature",
      "id": "building:185182780-1255",
      "geometry": {
        "type": "Polygon",
        "coordinates": [
          [
            [
              14.234831929206848,
              36.04172970844496
            ],
            [
              14.234848022460938,
              36.04172970844496
            ],
            [
              14.23479437828064,
              36.04158656726034
            ],
            [
              14.234692454338074,
              36.04159958010604
            ],
            [
              14.234724640846252,
              36.04174705887391
            ],
            [
              14.234831929206848,
              36.04172970844496
            ]
          ]
        ]
      },
      "properties": {
        "render_height": 8,
        "render_min_height": 0,
        "source_layer": "building",
        "source_tile": "https://tiles.openfreemap.org/planet/20261004_113936_pt/14/8839/6431.pbf"
      }
    },
    {
      "type": "Feature",
      "id": "building:185182780-1256",
      "geometry": {
        "type": "Polygon",
        "coordinates": [
          [
            [
              14.23453688621521,
              36.041716695620764
            ],
            [
              14.234563708305359,
              36.041820798154234
            ],
            [
              14.234574437141418,
              36.041816460551445
            ],
            [
              14.234585165977478,
              36.041842486164725
            ],
            [
              14.234606623649597,
              36.041838148563116
            ],
            [
              14.234617352485657,
              36.04188586216779
            ],
            [
              14.234590530395508,
              36.04189019976678
            ],
            [
              14.234590530395508,
              36.041894537365536
            ],
            [
              14.234633445739746,
              36.04191188775815
            ],
            [
              14.234681725502014,
              36.041907550160346
            ],
            [
              14.234665632247925,
              36.041825135756824
            ],
            [
              14.234633445739746,
              36.04182947335916
            ],
            [
              14.234622716903687,
              36.04178175972031
            ],
            [
              14.234654903411865,
              36.04177742211536
            ],
            [
              14.234638810157776,
              36.041690669965874
            ],
            [
              14.234595894813538,
              36.04169500757561
            ],
            [
              14.234595894813538,
              36.04171235801219
            ],
            [
              14.23453688621521,
              36.041716695620764
            ]
          ]
        ]
      },
      "properties": {
        "render_height": 8,
        "render_min_height": 0,
        "source_layer": "building",
        "source_tile": "https://tiles.openfreemap.org/planet/20261004_113936_pt/14/8839/6431.pbf"
      }
    },
    {
      "type": "Feature",
      "id": "building:185182780-1257",
      "geometry": {
        "type": "Polygon",
        "coordinates": [
          [
            [
              14.234617352485657,
              36.04164729385529
            ],
            [
              14.23453152179718,
              36.04143475056803
            ],
            [
              14.234493970870972,
              36.04144776343884
            ],
            [
              14.234493970870972,
              36.04145643868485
            ],
            [
              14.234429597854614,
              36.041478126795695
            ],
            [
              14.23453688621521,
              36.041673319524506
            ],
            [
              14.234617352485657,
              36.04164729385529
            ]
          ]
        ]
      },
      "properties": {
        "render_height": 8,
        "render_min_height": 0,
        "source_layer": "building",
        "source_tile": "https://tiles.openfreemap.org/planet/20261004_113936_pt/14/8839/6431.pbf"
      }
    },
    {
      "type": "Feature",
      "id": "building:185182780-1258",
      "geometry": {
        "type": "Polygon",
        "coordinates": [
          [
            [
              14.23454225063324,
              36.041035688152334
            ],
            [
              14.2345529794693,
              36.04107906459983
            ],
            [
              14.234628081321716,
              36.04107038931227
            ],
            [
              14.234638810157776,
              36.04113545394587
            ],
            [
              14.234670996665955,
              36.041131116305294
            ],
            [
              14.234654903411865,
              36.04101833756664
            ],
            [
              14.23454225063324,
              36.041035688152334
            ]
          ]
        ]
      },
      "properties": {
        "render_height": 8,
        "render_min_height": 0,
        "source_layer": "building",
        "source_tile": "https://tiles.openfreemap.org/planet/20261004_113936_pt/14/8839/6431.pbf"
      }
    },
    {
      "type": "Feature",
      "id": "building:185182780-1259",
      "geometry": {
        "type": "Polygon",
        "coordinates": [
          [
            [
              14.23453152179718,
              36.041035688152334
            ],
            [
              14.234644174575806,
              36.041022675213426
            ],
            [
              14.234644174575806,
              36.04100098697714
            ],
            [
              14.23452615737915,
              36.04101399991963
            ],
            [
              14.23453152179718,
              36.041035688152334
            ]
          ]
        ]
      },
      "properties": {
        "render_height": 8,
        "render_min_height": 0,
        "source_layer": "building",
        "source_tile": "https://tiles.openfreemap.org/planet/20261004_113936_pt/14/8839/6431.pbf"
      }
    },
    {
      "type": "Feature",
      "id": "building:185182780-1260",
      "geometry": {
        "type": "Polygon",
        "coordinates": [
          [
            [
              14.23453152179718,
              36.041035688152334
            ],
            [
              14.23452615737915,
              36.04101399991963
            ],
            [
              14.234644174575806,
              36.04100098697714
            ],
            [
              14.234628081321716,
              36.04091423397223
            ],
            [
              14.234451055526733,
              36.04094459753482
            ],
            [
              14.234472513198853,
              36.04101399991963
            ],
            [
              14.234504699707031,
              36.04104002579818
            ],
            [
              14.23453152179718,
              36.041035688152334
            ]
          ]
        ]
      },
      "properties": {
        "render_height": 8,
        "render_min_height": 0,
        "source_layer": "building",
        "source_tile": "https://tiles.openfreemap.org/planet/20261004_113936_pt/14/8839/6431.pbf"
      }
    },
    {
      "type": "Feature",
      "id": "building:185182780-1261",
      "geometry": {
        "type": "Polygon",
        "coordinates": [
          [
            [
              14.234628081321716,
              36.04120919379898
            ],
            [
              14.234611988067627,
              36.041217869071275
            ],
            [
              14.234638810157776,
              36.0412525701509
            ],
            [
              14.234703183174133,
              36.04122220670705
            ],
            [
              14.234676361083984,
              36.04118750561406
            ],
            [
              14.234628081321716,
              36.04120919379898
            ]
          ]
        ]
      },
      "properties": {
        "render_height": 8,
        "render_min_height": 0,
        "source_layer": "building",
        "source_tile": "https://tiles.openfreemap.org/planet/20261004_113936_pt/14/8839/6431.pbf"
      }
    },
    {
      "type": "Feature",
      "id": "building:185182780-1266",
      "geometry": {
        "type": "Polygon",
        "coordinates": [
          [
            [
              14.234193563461304,
              36.0406973510418
            ],
            [
              14.234172105789185,
              36.04078410428565
            ],
            [
              14.234209656715393,
              36.04078410428565
            ],
            [
              14.234215021133423,
              36.040810130240175
            ],
            [
              14.234263300895691,
              36.04080145492294
            ],
            [
              14.234257936477661,
              36.04077976662573
            ],
            [
              14.234247207641602,
              36.04077976662573
            ],
            [
              14.234263300895691,
              36.040693013377066
            ],
            [
              14.234236478805542,
              36.04068867571215
            ],
            [
              14.234231114387512,
              36.040701688706264
            ],
            [
              14.234193563461304,
              36.0406973510418
            ]
          ]
        ]
      },
      "properties": {
        "render_height": 8,
        "render_min_height": 0,
        "source_layer": "building",
        "source_tile": "https://tiles.openfreemap.org/planet/20261004_113936_pt/14/8839/6431.pbf"
      }
    },
    {
      "type": "Feature",
      "id": "building:185182780-1267",
      "geometry": {
        "type": "Polygon",
        "coordinates": [
          [
            [
              14.234134554862976,
              36.040415402339164
            ],
            [
              14.234182834625244,
              36.040441428415534
            ],
            [
              14.234257936477661,
              36.04034166174269
            ],
            [
              14.234209656715393,
              36.04031997331883
            ],
            [
              14.234134554862976,
              36.040415402339164
            ]
          ]
        ]
      },
      "properties": {
        "render_height": 8,
        "render_min_height": 0,
        "source_layer": "building",
        "source_tile": "https://tiles.openfreemap.org/planet/20261004_113936_pt/14/8839/6431.pbf"
      }
    },
    {
      "type": "Feature",
      "id": "building:185182780-1268",
      "geometry": {
        "type": "Polygon",
        "coordinates": [
          [
            [
              14.232986569404602,
              36.041035688152334
            ],
            [
              14.232970476150513,
              36.04098797403249
            ],
            [
              14.232916831970215,
              36.04100098697714
            ],
            [
              14.232932925224304,
              36.041048701089096
            ],
            [
              14.232986569404602,
              36.041035688152334
            ]
          ]
        ]
      },
      "properties": {
        "render_height": 8,
        "render_min_height": 0,
        "source_layer": "building",
        "source_tile": "https://tiles.openfreemap.org/planet/20261004_113936_pt/14/8839/6431.pbf"
      }
    },
    {
      "type": "Feature",
      "id": "building:185182780-1269",
      "geometry": {
        "type": "Polygon",
        "coordinates": [
          [
            [
              14.231763482093811,
              36.040280934140796
            ],
            [
              14.23177421092987,
              36.040285271828225
            ],
            [
              14.23179566860199,
              36.04023755725366
            ],
            [
              14.231677651405334,
              36.04020285572672
            ],
            [
              14.231672286987305,
              36.04022454418285
            ],
            [
              14.231634736061096,
              36.040211531109904
            ],
            [
              14.231640100479126,
              36.04019418034261
            ],
            [
              14.231624007225037,
              36.04018984265018
            ],
            [
              14.231602549552917,
              36.04023755725366
            ],
            [
              14.231763482093811,
              36.040280934140796
            ]
          ]
        ]
      },
      "properties": {
        "render_height": 8,
        "render_min_height": 0,
        "source_layer": "building",
        "source_tile": "https://tiles.openfreemap.org/planet/20261004_113936_pt/14/8839/6431.pbf"
      }
    },
    {
      "type": "Feature",
      "id": "building:185182780-1270",
      "geometry": {
        "type": "Polygon",
        "coordinates": [
          [
            [
              14.231747388839722,
              36.04027659645318
            ],
            [
              14.231656193733215,
              36.04025057032233
            ],
            [
              14.231634736061096,
              36.040298284889005
            ],
            [
              14.231586456298828,
              36.040280934140796
            ],
            [
              14.231575727462769,
              36.04030262257544
            ],
            [
              14.231715202331543,
              36.04034599942675
            ],
            [
              14.231747388839722,
              36.04027659645318
            ]
          ]
        ]
      },
      "properties": {
        "render_height": 8,
        "render_min_height": 0,
        "source_layer": "building",
        "source_tile": "https://tiles.openfreemap.org/planet/20261004_113936_pt/14/8839/6431.pbf"
      }
    },
    {
      "type": "Feature",
      "id": "building:185182780-1271",
      "geometry": {
        "type": "Polygon",
        "coordinates": [
          [
            [
              14.231581091880798,
              36.04041106465891
            ],
            [
              14.231602549552917,
              36.040376363208466
            ],
            [
              14.231629371643066,
              36.04038503857251
            ],
            [
              14.231661558151245,
              36.0403373240584
            ],
            [
              14.231575727462769,
              36.040311297947596
            ],
            [
              14.2315274477005,
              36.04038937625418
            ],
            [
              14.231581091880798,
              36.04041106465891
            ]
          ]
        ]
      },
      "properties": {
        "render_height": 8,
        "render_min_height": 0,
        "source_layer": "building",
        "source_tile": "https://tiles.openfreemap.org/planet/20261004_113936_pt/14/8839/6431.pbf"
      }
    },
    {
      "type": "Feature",
      "id": "building:185182780-1272",
      "geometry": {
        "type": "Polygon",
        "coordinates": [
          [
            [
              14.231597185134888,
              36.0404978182182
            ],
            [
              14.231624007225037,
              36.04046311680597
            ],
            [
              14.231640100479126,
              36.040471792160446
            ],
            [
              14.231661558151245,
              36.040441428415534
            ],
            [
              14.2315274477005,
              36.04038937625418
            ],
            [
              14.231489896774292,
              36.040445766094095
            ],
            [
              14.231597185134888,
              36.0404978182182
            ]
          ]
        ]
      },
      "properties": {
        "render_height": 8,
        "render_min_height": 0,
        "source_layer": "building",
        "source_tile": "https://tiles.openfreemap.org/planet/20261004_113936_pt/14/8839/6431.pbf"
      }
    },
    {
      "type": "Feature",
      "id": "building:185182780-1273",
      "geometry": {
        "type": "Polygon",
        "coordinates": [
          [
            [
              14.231693744659424,
              36.04078410428565
            ],
            [
              14.231672286987305,
              36.04076675364452
            ],
            [
              14.231629371643066,
              36.04079711726399
            ],
            [
              14.231688380241394,
              36.040849169155805
            ],
            [
              14.231725931167603,
              36.0408144678984
            ],
            [
              14.231693744659424,
              36.04078410428565
            ]
          ]
        ]
      },
      "properties": {
        "render_height": 8,
        "render_min_height": 0,
        "source_layer": "building",
        "source_tile": "https://tiles.openfreemap.org/planet/20261004_113936_pt/14/8839/6431.pbf"
      }
    },
    {
      "type": "Feature",
      "id": "building:185182780-1274",
      "geometry": {
        "type": "Polygon",
        "coordinates": [
          [
            [
              14.231752753257751,
              36.04090555866648
            ],
            [
              14.231725931167603,
              36.0408795327435
            ],
            [
              14.231688380241394,
              36.04090555866648
            ],
            [
              14.231720566749573,
              36.04093158458085
            ],
            [
              14.231752753257751,
              36.04090555866648
            ]
          ]
        ]
      },
      "properties": {
        "render_height": 8,
        "render_min_height": 0,
        "source_layer": "building",
        "source_tile": "https://tiles.openfreemap.org/planet/20261004_113936_pt/14/8839/6431.pbf"
      }
    },
    {
      "type": "Feature",
      "id": "building:185182780-1275",
      "geometry": {
        "type": "Polygon",
        "coordinates": [
          [
            [
              14.231591820716858,
              36.0408795327435
            ],
            [
              14.231640100479126,
              36.040853506811914
            ],
            [
              14.231656193733215,
              36.04087085743393
            ],
            [
              14.231688380241394,
              36.040849169155805
            ],
            [
              14.231629371643066,
              36.04079711726399
            ],
            [
              14.231624007225037,
              36.040758078322526
            ],
            [
              14.231570363044739,
              36.040758078322526
            ],
            [
              14.231570363044739,
              36.040844831499484
            ],
            [
              14.231591820716858,
              36.0408795327435
            ]
          ]
        ]
      },
      "properties": {
        "render_height": 8,
        "render_min_height": 0,
        "source_layer": "building",
        "source_tile": "https://tiles.openfreemap.org/planet/20261004_113936_pt/14/8839/6431.pbf"
      }
    },
    {
      "type": "Feature",
      "id": "building:185182780-1276",
      "geometry": {
        "type": "Polygon",
        "coordinates": [
          [
            [
              14.231441617012024,
              36.04089688335978
            ],
            [
              14.231516718864441,
              36.04089254570607
            ],
            [
              14.231511354446411,
              36.04082314321418
            ],
            [
              14.231500625610352,
              36.04082314321418
            ],
            [
              14.231495261192322,
              36.04077542896556
            ],
            [
              14.231436252593994,
              36.04077542896556
            ],
            [
              14.231441617012024,
              36.04089688335978
            ]
          ]
        ]
      },
      "properties": {
        "render_height": 8,
        "render_min_height": 0,
        "source_layer": "building",
        "source_tile": "https://tiles.openfreemap.org/planet/20261004_113936_pt/14/8839/6431.pbf"
      }
    },
    {
      "type": "Feature",
      "id": "building:185182780-1277",
      "geometry": {
        "type": "Polygon",
        "coordinates": [
          [
            [
              14.231516718864441,
              36.04089254570607
            ],
            [
              14.231564998626709,
              36.04089254570607
            ],
            [
              14.231591820716858,
              36.0408795327435
            ],
            [
              14.231570363044739,
              36.040844831499484
            ],
            [
              14.231570363044739,
              36.04077542896556
            ],
            [
              14.231495261192322,
              36.04077542896556
            ],
            [
              14.231500625610352,
              36.04080579258168
            ],
            [
              14.23152208328247,
              36.04080579258168
            ],
            [
              14.23152208328247,
              36.04082314321418
            ],
            [
              14.231511354446411,
              36.04082314321418
            ],
            [
              14.231516718864441,
              36.04089254570607
            ]
          ]
        ]
      },
      "properties": {
        "render_height": 8,
        "render_min_height": 0,
        "source_layer": "building",
        "source_tile": "https://tiles.openfreemap.org/planet/20261004_113936_pt/14/8839/6431.pbf"
      }
    },
    {
      "type": "Feature",
      "id": "building:185182780-1278",
      "geometry": {
        "type": "Polygon",
        "coordinates": [
          [
            [
              14.232476949691772,
              36.04156487917936
            ],
            [
              14.232417941093445,
              36.04155620394528
            ],
            [
              14.232407212257385,
              36.04159090487579
            ],
            [
              14.232471585273743,
              36.041603917720806
            ],
            [
              14.232476949691772,
              36.04156487917936
            ]
          ]
        ]
      },
      "properties": {
        "render_height": 8,
        "render_min_height": 0,
        "source_layer": "building",
        "source_tile": "https://tiles.openfreemap.org/planet/20261004_113936_pt/14/8839/6431.pbf"
      }
    },
    {
      "type": "Feature",
      "id": "building:185182780-1279",
      "geometry": {
        "type": "Polygon",
        "coordinates": [
          [
            [
              14.232573509216309,
              36.04137402380913
            ],
            [
              14.232637882232666,
              36.04135233566963
            ],
            [
              14.232621788978577,
              36.041326309894316
            ],
            [
              14.23255741596222,
              36.04135233566963
            ],
            [
              14.232573509216309,
              36.04137402380913
            ]
          ]
        ]
      },
      "properties": {
        "render_height": 8,
        "render_min_height": 0,
        "source_layer": "building",
        "source_tile": "https://tiles.openfreemap.org/planet/20261004_113936_pt/14/8839/6431.pbf"
      }
    },
    {
      "type": "Feature",
      "id": "building:185182780-1280",
      "geometry": {
        "type": "Polygon",
        "coordinates": [
          [
            [
              14.232251644134521,
              36.041530178237366
            ],
            [
              14.232230186462402,
              36.04156487917936
            ],
            [
              14.23226773738861,
              36.04157789202864
            ],
            [
              14.2322838306427,
              36.04153885347429
            ],
            [
              14.232251644134521,
              36.041530178237366
            ]
          ]
        ]
      },
      "properties": {
        "render_height": 8,
        "render_min_height": 0,
        "source_layer": "building",
        "source_tile": "https://tiles.openfreemap.org/planet/20261004_113936_pt/14/8839/6431.pbf"
      }
    },
    {
      "type": "Feature",
      "id": "building:185182780-1281",
      "geometry": {
        "type": "Polygon",
        "coordinates": [
          [
            [
              14.232251644134521,
              36.041530178237366
            ],
            [
              14.232224822044373,
              36.04151716538016
            ],
            [
              14.232219457626343,
              36.04152584061853
            ],
            [
              14.232171177864075,
              36.041504152520815
            ],
            [
              14.232112169265747,
              36.04159958010604
            ],
            [
              14.232192635536194,
              36.041621268177465
            ],
            [
              14.232251644134521,
              36.041530178237366
            ]
          ]
        ]
      },
      "properties": {
        "render_height": 8,
        "render_min_height": 0,
        "source_layer": "building",
        "source_tile": "https://tiles.openfreemap.org/planet/20261004_113936_pt/14/8839/6431.pbf"
      }
    },
    {
      "type": "Feature",
      "id": "building:185182780-1282",
      "geometry": {
        "type": "Polygon",
        "coordinates": [
          [
            [
              14.232257008552551,
              36.041595242491056
            ],
            [
              14.232240915298462,
              36.04163428101745
            ],
            [
              14.23230528831482,
              36.04166030669096
            ],
            [
              14.232326745986938,
              36.04161693056366
            ],
            [
              14.232257008552551,
              36.041595242491056
            ]
          ]
        ]
      },
      "properties": {
        "render_height": 8,
        "render_min_height": 0,
        "source_layer": "building",
        "source_tile": "https://tiles.openfreemap.org/planet/20261004_113936_pt/14/8839/6431.pbf"
      }
    },
    {
      "type": "Feature",
      "id": "building:185182780-1283",
      "geometry": {
        "type": "Polygon",
        "coordinates": [
          [
            [
              14.232332110404968,
              36.041603917720806
            ],
            [
              14.23230528831482,
              36.04166030669096
            ],
            [
              14.232375025749207,
              36.041690669965874
            ],
            [
              14.232396483421326,
              36.041625605791026
            ],
            [
              14.232332110404968,
              36.041603917720806
            ]
          ]
        ]
      },
      "properties": {
        "render_height": 8,
        "render_min_height": 0,
        "source_layer": "building",
        "source_tile": "https://tiles.openfreemap.org/planet/20261004_113936_pt/14/8839/6431.pbf"
      }
    },
    {
      "type": "Feature",
      "id": "building:185182780-1284",
      "geometry": {
        "type": "Polygon",
        "coordinates": [
          [
            [
              14.23229455947876,
              36.04152584061853
            ],
            [
              14.232358932495117,
              36.0415431910924
            ],
            [
              14.232385754585266,
              36.04149113965934
            ],
            [
              14.232316017150879,
              36.041473789174006
            ],
            [
              14.23229455947876,
              36.04152584061853
            ]
          ]
        ]
      },
      "properties": {
        "render_height": 8,
        "render_min_height": 0,
        "source_layer": "building",
        "source_tile": "https://tiles.openfreemap.org/planet/20261004_113936_pt/14/8839/6431.pbf"
      }
    },
    {
      "type": "Feature",
      "id": "building:185182780-1285",
      "geometry": {
        "type": "Polygon",
        "coordinates": [
          [
            [
              14.232369661331177,
              36.04152584061853
            ],
            [
              14.232423305511475,
              36.04153885347429
            ],
            [
              14.232434034347534,
              36.041504152520815
            ],
            [
              14.232385754585266,
              36.04149113965934
            ],
            [
              14.232369661331177,
              36.04152584061853
            ]
          ]
        ]
      },
      "properties": {
        "render_height": 8,
        "render_min_height": 0,
        "source_layer": "building",
        "source_tile": "https://tiles.openfreemap.org/planet/20261004_113936_pt/14/8839/6431.pbf"
      }
    },
    {
      "type": "Feature",
      "id": "building:185182780-1286",
      "geometry": {
        "type": "Polygon",
        "coordinates": [
          [
            [
              14.232396483421326,
              36.041629943404345
            ],
            [
              14.232375025749207,
              36.041690669965874
            ],
            [
              14.232439398765564,
              36.04172103322904
            ],
            [
              14.232460856437683,
              36.04164729385529
            ],
            [
              14.232396483421326,
              36.041629943404345
            ]
          ]
        ]
      },
      "properties": {
        "render_height": 8,
        "render_min_height": 0,
        "source_layer": "building",
        "source_tile": "https://tiles.openfreemap.org/planet/20261004_113936_pt/14/8839/6431.pbf"
      }
    },
    {
      "type": "Feature",
      "id": "building:185182780-1287",
      "geometry": {
        "type": "Polygon",
        "coordinates": [
          [
            [
              14.232466220855713,
              36.041629943404345
            ],
            [
              14.232444763183594,
              36.04169934518511
            ],
            [
              14.232493042945862,
              36.04170802040342
            ],
            [
              14.232509136199951,
              36.041638618630316
            ],
            [
              14.232466220855713,
              36.041629943404345
            ]
          ]
        ]
      },
      "properties": {
        "render_height": 8,
        "render_min_height": 0,
        "source_layer": "building",
        "source_tile": "https://tiles.openfreemap.org/planet/20261004_113936_pt/14/8839/6431.pbf"
      }
    },
    {
      "type": "Feature",
      "id": "building:185182780-1288",
      "geometry": {
        "type": "Polygon",
        "coordinates": [
          [
            [
              14.23204779624939,
              36.04152584061853
            ],
            [
              14.2320317029953,
              36.04157789202864
            ],
            [
              14.232112169265747,
              36.04159958010604
            ],
            [
              14.232155084609985,
              36.04153451585593
            ],
            [
              14.232090711593628,
              36.04152150299946
            ],
            [
              14.232085347175598,
              36.04153451585593
            ],
            [
              14.23204779624939,
              36.04152584061853
            ]
          ]
        ]
      },
      "properties": {
        "render_height": 8,
        "render_min_height": 0,
        "source_layer": "building",
        "source_tile": "https://tiles.openfreemap.org/planet/20261004_113936_pt/14/8839/6431.pbf"
      }
    },
    {
      "type": "Feature",
      "id": "building:185182780-1289",
      "geometry": {
        "type": "Polygon",
        "coordinates": [
          [
            [
              14.231988787651062,
              36.04140438719445
            ],
            [
              14.231945872306824,
              36.04156054156245
            ],
            [
              14.2320317029953,
              36.04157789202864
            ],
            [
              14.232085347175598,
              36.04141740007027
            ],
            [
              14.231988787651062,
              36.04140438719445
            ]
          ]
        ]
      },
      "properties": {
        "render_height": 8,
        "render_min_height": 0,
        "source_layer": "building",
        "source_tile": "https://tiles.openfreemap.org/planet/20261004_113936_pt/14/8839/6431.pbf"
      }
    },
    {
      "type": "Feature",
      "id": "building:185182780-1290",
      "geometry": {
        "type": "Polygon",
        "coordinates": [
          [
            [
              14.231876134872437,
              36.04142607531962
            ],
            [
              14.231865406036377,
              36.041547528710254
            ],
            [
              14.231945872306824,
              36.04156054156245
            ],
            [
              14.231983423233032,
              36.04143041294394
            ],
            [
              14.231940507888794,
              36.041421737695075
            ],
            [
              14.231935143470764,
              36.04143475056803
            ],
            [
              14.231876134872437,
              36.04142607531962
            ]
          ]
        ]
      },
      "properties": {
        "render_height": 8,
        "render_min_height": 0,
        "source_layer": "building",
        "source_tile": "https://tiles.openfreemap.org/planet/20261004_113936_pt/14/8839/6431.pbf"
      }
    },
    {
      "type": "Feature",
      "id": "building:185182780-1291",
      "geometry": {
        "type": "Polygon",
        "coordinates": [
          [
            [
              14.23178493976593,
              36.041413062445244
            ],
            [
              14.2317795753479,
              36.0415431910924
            ],
            [
              14.231865406036377,
              36.041547528710254
            ],
            [
              14.231876134872437,
              36.04143475056803
            ],
            [
              14.231817126274109,
              36.04143041294394
            ],
            [
              14.231817126274109,
              36.04141740007027
            ],
            [
              14.23178493976593,
              36.041413062445244
            ]
          ]
        ]
      },
      "properties": {
        "render_height": 8,
        "render_min_height": 0,
        "source_layer": "building",
        "source_tile": "https://tiles.openfreemap.org/planet/20261004_113936_pt/14/8839/6431.pbf"
      }
    },
    {
      "type": "Feature",
      "id": "building:185182780-1292",
      "geometry": {
        "type": "Polygon",
        "coordinates": [
          [
            [
              14.231602549552917,
              36.041452101061964
            ],
            [
              14.231602549552917,
              36.0415431910924
            ],
            [
              14.231677651405334,
              36.0415431910924
            ],
            [
              14.231677651405334,
              36.041452101061964
            ],
            [
              14.231602549552917,
              36.041452101061964
            ]
          ]
        ]
      },
      "properties": {
        "render_height": 8,
        "render_min_height": 0,
        "source_layer": "building",
        "source_tile": "https://tiles.openfreemap.org/planet/20261004_113936_pt/14/8839/6431.pbf"
      }
    },
    {
      "type": "Feature",
      "id": "building:185182780-1293",
      "geometry": {
        "type": "Polygon",
        "coordinates": [
          [
            [
              14.23153281211853,
              36.0415431910924
            ],
            [
              14.23153281211853,
              36.041452101061964
            ],
            [
              14.231468439102173,
              36.041452101061964
            ],
            [
              14.231468439102173,
              36.04153885347429
            ],
            [
              14.23153281211853,
              36.0415431910924
            ]
          ]
        ]
      },
      "properties": {
        "render_height": 8,
        "render_min_height": 0,
        "source_layer": "building",
        "source_tile": "https://tiles.openfreemap.org/planet/20261004_113936_pt/14/8839/6431.pbf"
      }
    },
    {
      "type": "Feature",
      "id": "building:185182780-1294",
      "geometry": {
        "type": "Polygon",
        "coordinates": [
          [
            [
              14.23153281211853,
              36.0415431910924
            ],
            [
              14.231602549552917,
              36.0415431910924
            ],
            [
              14.231602549552917,
              36.04143041294394
            ],
            [
              14.23153281211853,
              36.04143041294394
            ],
            [
              14.23153281211853,
              36.041452101061964
            ],
            [
              14.231564998626709,
              36.041452101061964
            ],
            [
              14.231564998626709,
              36.04149113965934
            ],
            [
              14.23153281211853,
              36.04149113965934
            ],
            [
              14.23153281211853,
              36.0415431910924
            ]
          ]
        ]
      },
      "properties": {
        "render_height": 8,
        "render_min_height": 0,
        "source_layer": "building",
        "source_tile": "https://tiles.openfreemap.org/planet/20261004_113936_pt/14/8839/6431.pbf"
      }
    },
    {
      "type": "Feature",
      "id": "building:185182780-1295",
      "geometry": {
        "type": "Polygon",
        "coordinates": [
          [
            [
              14.231162667274475,
              36.04159958010604
            ],
            [
              14.231168031692505,
              36.041642956242896
            ],
            [
              14.2312753200531,
              36.04166464430237
            ],
            [
              14.23128068447113,
              36.04159090487579
            ],
            [
              14.231162667274475,
              36.04159958010604
            ]
          ]
        ]
      },
      "properties": {
        "render_height": 8,
        "render_min_height": 0,
        "source_layer": "building",
        "source_tile": "https://tiles.openfreemap.org/planet/20261004_113936_pt/14/8839/6431.pbf"
      }
    },
    {
      "type": "Feature",
      "id": "building:185182780-1303",
      "geometry": {
        "type": "Polygon",
        "coordinates": [
          [
            [
              14.231312870979309,
              36.04168633235588
            ],
            [
              14.231312870979309,
              36.04166464430237
            ],
            [
              14.231345057487488,
              36.04166464430237
            ],
            [
              14.231339693069458,
              36.041690669965874
            ],
            [
              14.231377243995667,
              36.041690669965874
            ],
            [
              14.231393337249756,
              36.04158222964459
            ],
            [
              14.23128068447113,
              36.04159090487579
            ],
            [
              14.23126995563507,
              36.04168633235588
            ],
            [
              14.231312870979309,
              36.04168633235588
            ]
          ]
        ]
      },
      "properties": {
        "render_height": 8,
        "render_min_height": 0,
        "source_layer": "building",
        "source_tile": "https://tiles.openfreemap.org/planet/20261004_113936_pt/14/8839/6431.pbf"
      }
    },
    {
      "type": "Feature",
      "id": "building:185182780-1304",
      "geometry": {
        "type": "Polygon",
        "coordinates": [
          [
            [
              14.231371879577637,
              36.041716695620764
            ],
            [
              14.231366515159607,
              36.04176007169309
            ],
            [
              14.231452345848083,
              36.04176007169309
            ],
            [
              14.231457710266113,
              36.04172103322904
            ],
            [
              14.231371879577637,
              36.041716695620764
            ]
          ]
        ]
      },
      "properties": {
        "render_height": 8,
        "render_min_height": 0,
        "source_layer": "building",
        "source_tile": "https://tiles.openfreemap.org/planet/20261004_113936_pt/14/8839/6431.pbf"
      }
    },
    {
      "type": "Feature",
      "id": "building:185182780-1331",
      "geometry": {
        "type": "Polygon",
        "coordinates": [
          [
            [
              14.231377243995667,
              36.04090122101326
            ],
            [
              14.231382608413696,
              36.04092290927703
            ],
            [
              14.231441617012024,
              36.04092290927703
            ],
            [
              14.231436252593994,
              36.04079277960476
            ],
            [
              14.231387972831726,
              36.04079277960476
            ],
            [
              14.231393337249756,
              36.04089688335978
            ],
            [
              14.231377243995667,
              36.04090122101326
            ]
          ]
        ]
      },
      "properties": {
        "render_height": 8,
        "render_min_height": 0,
        "source_layer": "building",
        "source_tile": "https://tiles.openfreemap.org/planet/20261004_113936_pt/14/8839/6431.pbf"
      }
    },
    {
      "type": "Feature",
      "id": "building:185182780-1332",
      "geometry": {
        "type": "Polygon",
        "coordinates": [
          [
            [
              14.231087565422058,
              36.04087085743393
            ],
            [
              14.231151938438416,
              36.040866519778774
            ],
            [
              14.231151938438416,
              36.04089688335978
            ],
            [
              14.231184124946594,
              36.04089254570607
            ],
            [
              14.231184124946594,
              36.04086218212339
            ],
            [
              14.231216311454773,
              36.04086218212339
            ],
            [
              14.231216311454773,
              36.04089254570607
            ],
            [
              14.231323599815369,
              36.0408795327435
            ],
            [
              14.231323599815369,
              36.040853506811914
            ],
            [
              14.231361150741577,
              36.040849169155805
            ],
            [
              14.231355786323547,
              36.04077542896556
            ],
            [
              14.23130214214325,
              36.04077542896556
            ],
            [
              14.23130750656128,
              36.04082314321418
            ],
            [
              14.231237769126892,
              36.04082314321418
            ],
            [
              14.231237769126892,
              36.04077542896556
            ],
            [
              14.231092929840088,
              36.04077542896556
            ],
            [
              14.231087565422058,
              36.04087085743393
            ]
          ]
        ]
      },
      "properties": {
        "render_height": 8,
        "render_min_height": 0,
        "source_layer": "building",
        "source_tile": "https://tiles.openfreemap.org/planet/20261004_113936_pt/14/8839/6431.pbf"
      }
    },
    {
      "type": "Feature",
      "id": "building:185182780-1340",
      "geometry": {
        "type": "Polygon",
        "coordinates": [
          [
            [
              14.231253862380981,
              36.04035033711055
            ],
            [
              14.231404066085815,
              36.040415402339164
            ],
            [
              14.231436252593994,
              36.04035901247748
            ],
            [
              14.23129141330719,
              36.04028960951538
            ],
            [
              14.231253862380981,
              36.04035033711055
            ]
          ]
        ]
      },
      "properties": {
        "render_height": 8,
        "render_min_height": 0,
        "source_layer": "building",
        "source_tile": "https://tiles.openfreemap.org/planet/20261004_113936_pt/14/8839/6431.pbf"
      }
    },
    {
      "type": "Feature",
      "id": "building:185182780-1341",
      "geometry": {
        "type": "Polygon",
        "coordinates": [
          [
            [
              14.231334328651428,
              36.040246232632995
            ],
            [
              14.231473803520203,
              36.04030262257544
            ],
            [
              14.231511354446411,
              36.040211531109904
            ],
            [
              14.231355786323547,
              36.04016381649066
            ],
            [
              14.231334328651428,
              36.04020719341844
            ],
            [
              14.231350421905518,
              36.040211531109904
            ],
            [
              14.231334328651428,
              36.040246232632995
            ]
          ]
        ]
      },
      "properties": {
        "render_height": 8,
        "render_min_height": 0,
        "source_layer": "building",
        "source_tile": "https://tiles.openfreemap.org/planet/20261004_113936_pt/14/8839/6431.pbf"
      }
    },
    {
      "type": "Feature",
      "id": "building:185182780-1342",
      "geometry": {
        "type": "Polygon",
        "coordinates": [
          [
            [
              14.231264591217041,
              36.040246232632995
            ],
            [
              14.231248497962952,
              36.0402722587653
            ],
            [
              14.231436252593994,
              36.04035901247748
            ],
            [
              14.231473803520203,
              36.04030262257544
            ],
            [
              14.231323599815369,
              36.040241894943435
            ],
            [
              14.23130750656128,
              36.040267921077174
            ],
            [
              14.231264591217041,
              36.040246232632995
            ]
          ]
        ]
      },
      "properties": {
        "render_height": 8,
        "render_min_height": 0,
        "source_layer": "building",
        "source_tile": "https://tiles.openfreemap.org/planet/20261004_113936_pt/14/8839/6431.pbf"
      }
    },
    {
      "type": "Feature",
      "id": "building:185182780-1343",
      "geometry": {
        "type": "Polygon",
        "coordinates": [
          [
            [
              14.231146574020386,
              36.0403373240584
            ],
            [
              14.231109023094177,
              36.040376363208466
            ],
            [
              14.23130214214325,
              36.040545532635036
            ],
            [
              14.231355786323547,
              36.04048046751399
            ],
            [
              14.231248497962952,
              36.040428415378415
            ],
            [
              14.231259226799011,
              36.040415402339164
            ],
            [
              14.231227040290833,
              36.040398051616776
            ],
            [
              14.231232404708862,
              36.04038503857251
            ],
            [
              14.231146574020386,
              36.0403373240584
            ]
          ]
        ]
      },
      "properties": {
        "render_height": 8,
        "render_min_height": 0,
        "source_layer": "building",
        "source_tile": "https://tiles.openfreemap.org/planet/20261004_113936_pt/14/8839/6431.pbf"
      }
    },
    {
      "type": "Feature",
      "id": "building:185182780-1344",
      "geometry": {
        "type": "Polygon",
        "coordinates": [
          [
            [
              14.231146574020386,
              36.0403373240584
            ],
            [
              14.231232404708862,
              36.04038503857251
            ],
            [
              14.231227040290833,
              36.040398051616776
            ],
            [
              14.231259226799011,
              36.040415402339164
            ],
            [
              14.231248497962952,
              36.040428415378415
            ],
            [
              14.231355786323547,
              36.04048046751399
            ],
            [
              14.231404066085815,
              36.040415402339164
            ],
            [
              14.231205582618713,
              36.04032864868908
            ],
            [
              14.231221675872803,
              36.04030262257544
            ],
            [
              14.231184124946594,
              36.04028960951538
            ],
            [
              14.231146574020386,
              36.0403373240584
            ]
          ]
        ]
      },
      "properties": {
        "render_height": 8,
        "render_min_height": 0,
        "source_layer": "building",
        "source_tile": "https://tiles.openfreemap.org/planet/20261004_113936_pt/14/8839/6431.pbf"
      }
    },
    {
      "type": "Feature",
      "id": "building:56576900-282",
      "geometry": {
        "type": "Polygon",
        "coordinates": [
          [
            [
              14.231409430503845,
              36.03990789213039
            ],
            [
              14.231473803520203,
              36.039920905253524
            ],
            [
              14.231473803520203,
              36.039912229838336
            ],
            [
              14.231500625610352,
              36.039920905253524
            ],
            [
              14.23152208328247,
              36.03986017732714
            ],
            [
              14.231430888175964,
              36.03983848877067
            ],
            [
              14.231409430503845,
              36.03990789213039
            ]
          ]
        ]
      },
      "properties": {
        "render_height": 11,
        "render_min_height": 0,
        "source_layer": "building",
        "source_tile": "https://tiles.openfreemap.org/planet/20261004_113936_pt/14/8839/6431.pbf"
      }
    },
    {
      "type": "Feature",
      "id": "building:56576900-283",
      "geometry": {
        "type": "Polygon",
        "coordinates": [
          [
            [
              14.2312753200531,
              36.040142128017806
            ],
            [
              14.231479167938232,
              36.04020285572672
            ],
            [
              14.231500625610352,
              36.040150803407656
            ],
            [
              14.231446981430054,
              36.04013779032253
            ],
            [
              14.231463074684143,
              36.0400944133565
            ],
            [
              14.23130750656128,
              36.04005971176649
            ],
            [
              14.23130214214325,
              36.040072724864544
            ],
            [
              14.231312870979309,
              36.04007706256341
            ],
            [
              14.23129141330719,
              36.04012911493122
            ],
            [
              14.23128068447113,
              36.04012477723521
            ],
            [
              14.2312753200531,
              36.040142128017806
            ]
          ]
        ]
      },
      "properties": {
        "render_height": 11,
        "render_min_height": 0,
        "source_layer": "building",
        "source_tile": "https://tiles.openfreemap.org/planet/20261004_113936_pt/14/8839/6431.pbf"
      }
    },
    {
      "type": "Feature",
      "id": "building:56576900-285",
      "geometry": {
        "type": "Polygon",
        "coordinates": [
          [
            [
              14.231876134872437,
              36.03922686901849
            ],
            [
              14.231919050216675,
              36.03923554450918
            ],
            [
              14.231940507888794,
              36.039187829298555
            ],
            [
              14.231897592544556,
              36.039174816054285
            ],
            [
              14.231876134872437,
              36.03922686901849
            ]
          ]
        ]
      },
      "properties": {
        "render_height": 11,
        "render_min_height": 0,
        "source_layer": "building",
        "source_tile": "https://tiles.openfreemap.org/planet/20261004_113936_pt/14/8839/6431.pbf"
      }
    },
    {
      "type": "Feature",
      "id": "building:56576900-286",
      "geometry": {
        "type": "Polygon",
        "coordinates": [
          [
            [
              14.231849312782288,
              36.039278921948295
            ],
            [
              14.231897592544556,
              36.039291935175385
            ],
            [
              14.231919050216675,
              36.03923554450918
            ],
            [
              14.231870770454407,
              36.03922686901849
            ],
            [
              14.231849312782288,
              36.039278921948295
            ]
          ]
        ]
      },
      "properties": {
        "render_height": 11,
        "render_min_height": 0,
        "source_layer": "building",
        "source_tile": "https://tiles.openfreemap.org/planet/20261004_113936_pt/14/8839/6431.pbf"
      }
    },
    {
      "type": "Feature",
      "id": "building:56576900-287",
      "geometry": {
        "type": "Polygon",
        "coordinates": [
          [
            [
              14.231854677200317,
              36.03933097484372
            ],
            [
              14.231870770454407,
              36.039283259690905
            ],
            [
              14.231591820716858,
              36.0392225312728
            ],
            [
              14.231575727462769,
              36.039265908719074
            ],
            [
              14.231854677200317,
              36.03933097484372
            ]
          ]
        ]
      },
      "properties": {
        "render_height": 11,
        "render_min_height": 0,
        "source_layer": "building",
        "source_tile": "https://tiles.openfreemap.org/planet/20261004_113936_pt/14/8839/6431.pbf"
      }
    },
    {
      "type": "Feature",
      "id": "building:56576900-288",
      "geometry": {
        "type": "Polygon",
        "coordinates": [
          [
            [
              14.231613278388977,
              36.03935266353997
            ],
            [
              14.231704473495483,
              36.03937435223027
            ],
            [
              14.231709837913513,
              36.039343988062186
            ],
            [
              14.231624007225037,
              36.03932663710373
            ],
            [
              14.231613278388977,
              36.03935266353997
            ]
          ]
        ]
      },
      "properties": {
        "render_height": 11,
        "render_min_height": 0,
        "source_layer": "building",
        "source_tile": "https://tiles.openfreemap.org/planet/20261004_113936_pt/14/8839/6431.pbf"
      }
    },
    {
      "type": "Feature",
      "id": "building:56576900-290",
      "geometry": {
        "type": "Polygon",
        "coordinates": [
          [
            [
              14.231570363044739,
              36.039218193526835
            ],
            [
              14.231618642807007,
              36.03922686901849
            ],
            [
              14.231640100479126,
              36.03917047830571
            ],
            [
              14.231591820716858,
              36.03916180280784
            ],
            [
              14.231570363044739,
              36.039218193526835
            ]
          ]
        ]
      },
      "properties": {
        "render_height": 11,
        "render_min_height": 0,
        "source_layer": "building",
        "source_tile": "https://tiles.openfreemap.org/planet/20261004_113936_pt/14/8839/6431.pbf"
      }
    },
    {
      "type": "Feature",
      "id": "building:56576900-705",
      "geometry": {
        "type": "Polygon",
        "coordinates": [
          [
            [
              14.234821200370789,
              36.04189019976678
            ],
            [
              14.23478901386261,
              36.041894537365536
            ],
            [
              14.23479974269867,
              36.04192923814695
            ],
            [
              14.234874844551086,
              36.04191622535572
            ],
            [
              14.234869480133057,
              36.04188586216779
            ],
            [
              14.234821200370789,
              36.04189019976678
            ]
          ]
        ]
      },
      "properties": {
        "render_height": 11,
        "render_min_height": 0,
        "source_layer": "building",
        "source_tile": "https://tiles.openfreemap.org/planet/20261004_113936_pt/14/8839/6431.pbf"
      }
    },
    {
      "type": "Feature",
      "id": "building:56576900-706",
      "geometry": {
        "type": "Polygon",
        "coordinates": [
          [
            [
              14.23454761505127,
              36.04216346802153
            ],
            [
              14.234617352485657,
              36.04210274182465
            ],
            [
              14.234585165977478,
              36.04207671629736
            ],
            [
              14.23453688621521,
              36.042115754585055
            ],
            [
              14.23452079296112,
              36.04209840423738
            ],
            [
              14.234493970870972,
              36.04212442975749
            ],
            [
              14.23454761505127,
              36.04216346802153
            ]
          ]
        ]
      },
      "properties": {
        "render_height": 11,
        "render_min_height": 0,
        "source_layer": "building",
        "source_tile": "https://tiles.openfreemap.org/planet/20261004_113936_pt/14/8839/6431.pbf"
      }
    },
    {
      "type": "Feature",
      "id": "building:56576900-725",
      "geometry": {
        "type": "Polygon",
        "coordinates": [
          [
            [
              14.234810471534729,
              36.04138269906329
            ],
            [
              14.234928488731384,
              36.041365348554066
            ],
            [
              14.234907031059265,
              36.04126992068497
            ],
            [
              14.23479437828064,
              36.041282933583005
            ],
            [
              14.234810471534729,
              36.04138269906329
            ]
          ]
        ]
      },
      "properties": {
        "render_height": 11,
        "render_min_height": 0,
        "source_layer": "building",
        "source_tile": "https://tiles.openfreemap.org/planet/20261004_113936_pt/14/8839/6431.pbf"
      }
    },
    {
      "type": "Feature",
      "id": "building:56576900-726",
      "geometry": {
        "type": "Polygon",
        "coordinates": [
          [
            [
              14.23453688621521,
              36.041452101061964
            ],
            [
              14.234499335289001,
              36.0414651139299
            ],
            [
              14.23454761505127,
              36.04156921679602
            ],
            [
              14.234579801559448,
              36.04156054156245
            ],
            [
              14.23453688621521,
              36.041452101061964
            ]
          ]
        ]
      },
      "properties": {
        "render_height": 11,
        "render_min_height": 0,
        "source_layer": "building",
        "source_tile": "https://tiles.openfreemap.org/planet/20261004_113936_pt/14/8839/6431.pbf"
      }
    },
    {
      "type": "Feature",
      "id": "building:56576900-727",
      "geometry": {
        "type": "Polygon",
        "coordinates": [
          [
            [
              14.234719276428223,
              36.041595242491056
            ],
            [
              14.234746098518372,
              36.04157355441244
            ],
            [
              14.234762191772461,
              36.04159090487579
            ],
            [
              14.23477828502655,
              36.04158656726034
            ],
            [
              14.23477292060852,
              36.04155620394528
            ],
            [
              14.234756827354431,
              36.04156054156245
            ],
            [
              14.234740734100342,
              36.041547528710254
            ],
            [
              14.234713912010193,
              36.04157355441244
            ],
            [
              14.234719276428223,
              36.041595242491056
            ]
          ]
        ]
      },
      "properties": {
        "render_height": 11,
        "render_min_height": 0,
        "source_layer": "building",
        "source_tile": "https://tiles.openfreemap.org/planet/20261004_113936_pt/14/8839/6431.pbf"
      }
    },
    {
      "type": "Feature",
      "id": "building:56576900-728",
      "geometry": {
        "type": "Polygon",
        "coordinates": [
          [
            [
              14.234724640846252,
              36.04148246441714
            ],
            [
              14.234708547592163,
              36.04148246441714
            ],
            [
              14.234697818756104,
              36.04143475056803
            ],
            [
              14.234681725502014,
              36.04143475056803
            ],
            [
              14.234676361083984,
              36.041395711942684
            ],
            [
              14.234638810157776,
              36.04140004956871
            ],
            [
              14.234649538993835,
              36.0414651139299
            ],
            [
              14.234660267829895,
              36.0414651139299
            ],
            [
              14.234670996665955,
              36.041530178237366
            ],
            [
              14.234735369682312,
              36.04152584061853
            ],
            [
              14.234724640846252,
              36.04148246441714
            ]
          ]
        ]
      },
      "properties": {
        "render_height": 11,
        "render_min_height": 0,
        "source_layer": "building",
        "source_tile": "https://tiles.openfreemap.org/planet/20261004_113936_pt/14/8839/6431.pbf"
      }
    },
    {
      "type": "Feature",
      "id": "building:56576900-729",
      "geometry": {
        "type": "Polygon",
        "coordinates": [
          [
            [
              14.234751462936401,
              36.04170802040342
            ],
            [
              14.23479437828064,
              36.04169934518511
            ],
            [
              14.23477828502655,
              36.041625605791026
            ],
            [
              14.234735369682312,
              36.041629943404345
            ],
            [
              14.234751462936401,
              36.04170802040342
            ]
          ]
        ]
      },
      "properties": {
        "render_height": 11,
        "render_min_height": 0,
        "source_layer": "building",
        "source_tile": "https://tiles.openfreemap.org/planet/20261004_113936_pt/14/8839/6431.pbf"
      }
    },
    {
      "type": "Feature",
      "id": "building:56576900-730",
      "geometry": {
        "type": "Polygon",
        "coordinates": [
          [
            [
              14.234826564788818,
              36.041734046052554
            ],
            [
              14.23478364944458,
              36.041738383659904
            ],
            [
              14.2348051071167,
              36.041816460551445
            ],
            [
              14.234826564788818,
              36.04181212294837
            ],
            [
              14.234815835952759,
              36.04177308451014
            ],
            [
              14.234831929206848,
              36.04176874690471
            ],
            [
              14.234826564788818,
              36.041734046052554
            ]
          ]
        ]
      },
      "properties": {
        "render_height": 11,
        "render_min_height": 0,
        "source_layer": "building",
        "source_tile": "https://tiles.openfreemap.org/planet/20261004_113936_pt/14/8839/6431.pbf"
      }
    },
    {
      "type": "Feature",
      "id": "building:56576900-731",
      "geometry": {
        "type": "Polygon",
        "coordinates": [
          [
            [
              14.2348051071167,
              36.041816460551445
            ],
            [
              14.234821200370789,
              36.04189019976678
            ],
            [
              14.234858751296997,
              36.04188586216779
            ],
            [
              14.234831929206848,
              36.04181212294837
            ],
            [
              14.2348051071167,
              36.041816460551445
            ]
          ]
        ]
      },
      "properties": {
        "render_height": 11,
        "render_min_height": 0,
        "source_layer": "building",
        "source_tile": "https://tiles.openfreemap.org/planet/20261004_113936_pt/14/8839/6431.pbf"
      }
    },
    {
      "type": "Feature",
      "id": "building:56576900-732",
      "geometry": {
        "type": "Polygon",
        "coordinates": [
          [
            [
              14.234381318092346,
              36.04188152456855
            ],
            [
              14.234381318092346,
              36.04192056295304
            ],
            [
              14.234456419944763,
              36.041924900550114
            ],
            [
              14.234461784362793,
              36.04190321256233
            ],
            [
              14.234434962272644,
              36.04189019976678
            ],
            [
              14.234381318092346,
              36.04188152456855
            ]
          ]
        ]
      },
      "properties": {
        "render_height": 11,
        "render_min_height": 0,
        "source_layer": "building",
        "source_tile": "https://tiles.openfreemap.org/planet/20261004_113936_pt/14/8839/6431.pbf"
      }
    },
    {
      "type": "Feature",
      "id": "building:56576900-734",
      "geometry": {
        "type": "Polygon",
        "coordinates": [
          [
            [
              14.231677651405334,
              36.040450103772415
            ],
            [
              14.231661558151245,
              36.040441428415534
            ],
            [
              14.231645464897156,
              36.04045877912834
            ],
            [
              14.231666922569275,
              36.040467454483306
            ],
            [
              14.231677651405334,
              36.040450103772415
            ]
          ]
        ]
      },
      "properties": {
        "render_height": 11,
        "render_min_height": 0,
        "source_layer": "building",
        "source_tile": "https://tiles.openfreemap.org/planet/20261004_113936_pt/14/8839/6431.pbf"
      }
    },
    {
      "type": "Feature",
      "id": "building:56576900-735",
      "geometry": {
        "type": "Polygon",
        "coordinates": [
          [
            [
              14.231511354446411,
              36.04082314321418
            ],
            [
              14.23152208328247,
              36.04082314321418
            ],
            [
              14.23152208328247,
              36.04080579258168
            ],
            [
              14.231500625610352,
              36.04080579258168
            ],
            [
              14.231500625610352,
              36.04082314321418
            ],
            [
              14.231511354446411,
              36.04082314321418
            ]
          ]
        ]
      },
      "properties": {
        "render_height": 11,
        "render_min_height": 0,
        "source_layer": "building",
        "source_tile": "https://tiles.openfreemap.org/planet/20261004_113936_pt/14/8839/6431.pbf"
      }
    },
    {
      "type": "Feature",
      "id": "building:56576900-736",
      "geometry": {
        "type": "Polygon",
        "coordinates": [
          [
            [
              14.232471585273743,
              36.041603917720806
            ],
            [
              14.232407212257385,
              36.04159090487579
            ],
            [
              14.232396483421326,
              36.041629943404345
            ],
            [
              14.232460856437683,
              36.04164729385529
            ],
            [
              14.232471585273743,
              36.041603917720806
            ]
          ]
        ]
      },
      "properties": {
        "render_height": 11,
        "render_min_height": 0,
        "source_layer": "building",
        "source_tile": "https://tiles.openfreemap.org/planet/20261004_113936_pt/14/8839/6431.pbf"
      }
    },
    {
      "type": "Feature",
      "id": "building:56576900-737",
      "geometry": {
        "type": "Polygon",
        "coordinates": [
          [
            [
              14.232122898101807,
              36.04158222964459
            ],
            [
              14.232160449028015,
              36.041595242491056
            ],
            [
              14.232176542282104,
              36.04157355441244
            ],
            [
              14.232192635536194,
              36.04157789202864
            ],
            [
              14.232208728790283,
              36.04155620394528
            ],
            [
              14.232155084609985,
              36.04153451585593
            ],
            [
              14.232122898101807,
              36.04158222964459
            ]
          ]
        ]
      },
      "properties": {
        "render_height": 11,
        "render_min_height": 0,
        "source_layer": "building",
        "source_tile": "https://tiles.openfreemap.org/planet/20261004_113936_pt/14/8839/6431.pbf"
      }
    },
    {
      "type": "Feature",
      "id": "building:56576900-738",
      "geometry": {
        "type": "Polygon",
        "coordinates": [
          [
            [
              14.232396483421326,
              36.041625605791026
            ],
            [
              14.232423305511475,
              36.04153885347429
            ],
            [
              14.232369661331177,
              36.04152584061853
            ],
            [
              14.232332110404968,
              36.041603917720806
            ],
            [
              14.232396483421326,
              36.041625605791026
            ]
          ]
        ]
      },
      "properties": {
        "render_height": 11,
        "render_min_height": 0,
        "source_layer": "building",
        "source_tile": "https://tiles.openfreemap.org/planet/20261004_113936_pt/14/8839/6431.pbf"
      }
    },
    {
      "type": "Feature",
      "id": "building:56576900-739",
      "geometry": {
        "type": "Polygon",
        "coordinates": [
          [
            [
              14.232326745986938,
              36.04161693056366
            ],
            [
              14.232358932495117,
              36.0415431910924
            ],
            [
              14.23229455947876,
              36.04152584061853
            ],
            [
              14.232257008552551,
              36.041595242491056
            ],
            [
              14.232326745986938,
              36.04161693056366
            ]
          ]
        ]
      },
      "properties": {
        "render_height": 11,
        "render_min_height": 0,
        "source_layer": "building",
        "source_tile": "https://tiles.openfreemap.org/planet/20261004_113936_pt/14/8839/6431.pbf"
      }
    },
    {
      "type": "Feature",
      "id": "building:56576900-740",
      "geometry": {
        "type": "Polygon",
        "coordinates": [
          [
            [
              14.231929779052734,
              36.04152584061853
            ],
            [
              14.231978058815002,
              36.04153451585593
            ],
            [
              14.231988787651062,
              36.04149113965934
            ],
            [
              14.231940507888794,
              36.04148246441714
            ],
            [
              14.231929779052734,
              36.04152584061853
            ]
          ]
        ]
      },
      "properties": {
        "render_height": 11,
        "render_min_height": 0,
        "source_layer": "building",
        "source_tile": "https://tiles.openfreemap.org/planet/20261004_113936_pt/14/8839/6431.pbf"
      }
    },
    {
      "type": "Feature",
      "id": "building:56576900-741",
      "geometry": {
        "type": "Polygon",
        "coordinates": [
          [
            [
              14.23153281211853,
              36.041452101061964
            ],
            [
              14.23153281211853,
              36.04149113965934
            ],
            [
              14.231564998626709,
              36.04149113965934
            ],
            [
              14.231564998626709,
              36.041452101061964
            ],
            [
              14.23153281211853,
              36.041452101061964
            ]
          ]
        ]
      },
      "properties": {
        "render_height": 11,
        "render_min_height": 0,
        "source_layer": "building",
        "source_tile": "https://tiles.openfreemap.org/planet/20261004_113936_pt/14/8839/6431.pbf"
      }
    },
    {
      "type": "Feature",
      "id": "building:56576900-753",
      "geometry": {
        "type": "Polygon",
        "coordinates": [
          [
            [
              14.231135845184326,
              36.04052384426733
            ],
            [
              14.231232404708862,
              36.04061059770234
            ],
            [
              14.23130214214325,
              36.040545532635036
            ],
            [
              14.231221675872803,
              36.040471792160446
            ],
            [
              14.231178760528564,
              36.04050649356887
            ],
            [
              14.231184124946594,
              36.040515168918574
            ],
            [
              14.231173396110535,
              36.04052384426733
            ],
            [
              14.231151938438416,
              36.04050649356887
            ],
            [
              14.231135845184326,
              36.04052384426733
            ]
          ]
        ]
      },
      "properties": {
        "render_height": 11,
        "render_min_height": 0,
        "source_layer": "building",
        "source_tile": "https://tiles.openfreemap.org/planet/20261004_113936_pt/14/8839/6431.pbf"
      }
    },
    {
      "type": "Feature",
      "id": "building:56576900-754",
      "geometry": {
        "type": "Polygon",
        "coordinates": [
          [
            [
              14.231146574020386,
              36.04041106465891
            ],
            [
              14.23130214214325,
              36.040545532635036
            ],
            [
              14.231355786323547,
              36.04048046751399
            ],
            [
              14.231248497962952,
              36.040428415378415
            ],
            [
              14.231259226799011,
              36.040415402339164
            ],
            [
              14.231227040290833,
              36.040398051616776
            ],
            [
              14.231232404708862,
              36.04038503857251
            ],
            [
              14.231189489364624,
              36.040363350160575
            ],
            [
              14.231146574020386,
              36.04041106465891
            ]
          ]
        ]
      },
      "properties": {
        "render_height": 11,
        "render_min_height": 0,
        "source_layer": "building",
        "source_tile": "https://tiles.openfreemap.org/planet/20261004_113936_pt/14/8839/6431.pbf"
      }
    },
    {
      "type": "Feature",
      "id": "building:56576900-755",
      "geometry": {
        "type": "Polygon",
        "coordinates": [
          [
            [
              14.231355786323547,
              36.04048046751399
            ],
            [
              14.231404066085815,
              36.040415402339164
            ],
            [
              14.23130214214325,
              36.04037202552608
            ],
            [
              14.23128068447113,
              36.040398051616776
            ],
            [
              14.23126995563507,
              36.0403937139356
            ],
            [
              14.231248497962952,
              36.040428415378415
            ],
            [
              14.231355786323547,
              36.04048046751399
            ]
          ]
        ]
      },
      "properties": {
        "render_height": 11,
        "render_min_height": 0,
        "source_layer": "building",
        "source_tile": "https://tiles.openfreemap.org/planet/20261004_113936_pt/14/8839/6431.pbf"
      }
    },
    {
      "type": "Feature",
      "id": "building:56576900-756",
      "geometry": {
        "type": "Polygon",
        "coordinates": [
          [
            [
              14.231264591217041,
              36.040246232632995
            ],
            [
              14.23130750656128,
              36.040267921077174
            ],
            [
              14.231323599815369,
              36.040241894943435
            ],
            [
              14.23128068447113,
              36.04022454418285
            ],
            [
              14.231264591217041,
              36.040246232632995
            ]
          ]
        ]
      },
      "properties": {
        "render_height": 11,
        "render_min_height": 0,
        "source_layer": "building",
        "source_tile": "https://tiles.openfreemap.org/planet/20261004_113936_pt/14/8839/6431.pbf"
      }
    },
    {
      "type": "Feature",
      "id": "building:13486732700-74",
      "geometry": {
        "type": "Polygon",
        "coordinates": [
          [
            [
              14.231618642807007,
              36.03922686901849
            ],
            [
              14.231849312782288,
              36.039278921948295
            ],
            [
              14.231870770454407,
              36.03922686901849
            ],
            [
              14.231640100479126,
              36.03917047830571
            ],
            [
              14.231618642807007,
              36.03922686901849
            ]
          ]
        ]
      },
      "properties": {
        "render_height": 15,
        "render_min_height": 0,
        "source_layer": "building",
        "source_tile": "https://tiles.openfreemap.org/planet/20261004_113936_pt/14/8839/6431.pbf"
      }
    },
    {
      "type": "Feature",
      "id": "building:13486732700-75",
      "geometry": {
        "type": "Polygon",
        "coordinates": [
          [
            [
              14.231645464897156,
              36.039174816054285
            ],
            [
              14.231876134872437,
              36.03922686901849
            ],
            [
              14.231897592544556,
              36.039174816054285
            ],
            [
              14.231666922569275,
              36.039118425304224
            ],
            [
              14.231645464897156,
              36.039174816054285
            ]
          ]
        ]
      },
      "properties": {
        "render_height": 15,
        "render_min_height": 0,
        "source_layer": "building",
        "source_tile": "https://tiles.openfreemap.org/planet/20261004_113936_pt/14/8839/6431.pbf"
      }
    },
    {
      "type": "Feature",
      "id": "transportation:13595657212-0",
      "geometry": {
        "type": "Polygon",
        "coordinates": [
          [
            [
              14.232197999954224,
              36.04077976662573
            ],
            [
              14.232450127601624,
              36.04093592223242
            ],
            [
              14.232450127601624,
              36.04093158458085
            ],
            [
              14.232203364372253,
              36.04077542896556
            ],
            [
              14.232197999954224,
              36.04077976662573
            ]
          ]
        ]
      },
      "properties": {
        "class": "bridge",
        "layer": 1,
        "brunnel": "bridge",
        "source_layer": "transportation",
        "source_tile": "https://tiles.openfreemap.org/planet/20261004_113936_pt/14/8839/6431.pbf"
      }
    },
    {
      "type": "Feature",
      "id": "transportation:3992940432-0",
      "geometry": {
        "type": "LineString",
        "coordinates": [
          [
            14.232959747314453,
            36.041044363443746
          ],
          [
            14.232943654060364,
            36.04099664932916
          ]
        ]
      },
      "properties": {
        "horse": "yes",
        "access": "no",
        "brunnel": "tunnel",
        "bicycle": "yes",
        "class": "minor",
        "foot": "yes",
        "layer": -1,
        "source_layer": "transportation",
        "source_tile": "https://tiles.openfreemap.org/planet/20261004_113936_pt/14/8839/6431.pbf"
      }
    },
    {
      "type": "Feature",
      "id": "transportation:5508428000-0",
      "geometry": {
        "type": "MultiLineString",
        "coordinates": [
          [
            [
              14.227246642112732,
              36.04090989631948
            ],
            [
              14.227353930473328,
              36.04100966227236
            ]
          ],
          [
            [
              14.236972332000732,
              36.04061493537159
            ],
            [
              14.237063527107239,
              36.04061493537159
            ]
          ]
        ]
      },
      "properties": {
        "class": "service",
        "service": "alley",
        "brunnel": "tunnel",
        "source_layer": "transportation",
        "source_tile": "https://tiles.openfreemap.org/planet/20261004_113936_pt/14/8839/6431.pbf"
      }
    },
    {
      "type": "Feature",
      "id": "transportation:13545749690-0",
      "geometry": {
        "type": "MultiLineString",
        "coordinates": [
          [
            [
              14.220331907272339,
              36.04060192236315
            ],
            [
              14.220492839813232,
              36.040653974384
            ]
          ],
          [
            [
              14.220777153968811,
              36.04143908819185
            ],
            [
              14.221007823944092,
              36.04171235801219
            ],
            [
              14.221002459526062,
              36.041734046052554
            ],
            [
              14.220964908599854,
              36.04177742211536
            ],
            [
              14.220986366271973,
              36.04181212294837
            ]
          ],
          [
            [
              14.217231273651123,
              36.04207671629736
            ],
            [
              14.217392206192017,
              36.04207671629736
            ],
            [
              14.217402935028076,
              36.0420897290621
            ]
          ],
          [
            [
              14.236360788345337,
              36.043638232708346
            ],
            [
              14.236489534378052,
              36.043356294536196
            ]
          ],
          [
            [
              14.234687089920044,
              36.0420029772567
            ],
            [
              14.234569072723389,
              36.04172537083713
            ],
            [
              14.234510064125061,
              36.041673319524506
            ],
            [
              14.234413504600525,
              36.04149113965934
            ],
            [
              14.234413504600525,
              36.04144776343884
            ],
            [
              14.234440326690674,
              36.04136101092615
            ]
          ]
        ]
      },
      "properties": {
        "class": "service",
        "layer": -1,
        "service": "driveway",
        "source_layer": "transportation",
        "source_tile": "https://tiles.openfreemap.org/planet/20261004_113936_pt/14/8839/6431.pbf"
      }
    },
    {
      "type": "Feature",
      "id": "transportation:159406220-0",
      "geometry": {
        "type": "MultiLineString",
        "coordinates": [
          [
            [
              14.217011332511902,
              36.04535152758386
            ],
            [
              14.216989874839783,
              36.04539923905945
            ],
            [
              14.217005968093872,
              36.04546430011594
            ],
            [
              14.217655062675476,
              36.045932738135534
            ],
            [
              14.217853546142578,
              36.04604117246504
            ],
            [
              14.217885732650757,
              36.046075871418935
            ],
            [
              14.217896461486816,
              36.04612791982109
            ],
            [
              14.217891097068787,
              36.04616695610014
            ],
            [
              14.217869639396667,
              36.04620599235983
            ],
            [
              14.21782672405243,
              36.04624502860017
            ],
            [
              14.217478036880493,
              36.04649225767278
            ]
          ],
          [
            [
              14.224897027015686,
              36.04313941833216
            ],
            [
              14.224923849105835,
              36.043126405740935
            ],
            [
              14.225261807441711,
              36.043187131148315
            ],
            [
              14.22554075717926,
              36.04320014372952
            ],
            [
              14.225599765777588,
              36.04314809339179
            ]
          ],
          [
            [
              14.219833016395569,
              36.04223720691189
            ],
            [
              14.219956398010254,
              36.04231094573322
            ],
            [
              14.220015406608582,
              36.04236733419705
            ],
            [
              14.22006905078888,
              36.04257553740598
            ],
            [
              14.220079779624939,
              36.0426015627684
            ],
            [
              14.220106601715088,
              36.042614575446365
            ],
            [
              14.220578670501709,
              36.04264493835329
            ],
            [
              14.220739603042603,
              36.04264493835329
            ],
            [
              14.22078251838684,
              36.0426275881222
            ],
            [
              14.220868349075317,
              36.04252348665537
            ],
            [
              14.220921993255615,
              36.042506136397506
            ],
            [
              14.220970273017883,
              36.04250179883245
            ],
            [
              14.221158027648926,
              36.04251047396234
            ],
            [
              14.221361875534058,
              36.04254951203498
            ],
            [
              14.221495985984802,
              36.04255384959741
            ]
          ],
          [
            [
              14.220761060714722,
              36.04264060079586
            ],
            [
              14.220868349075317,
              36.04265795102408
            ],
            [
              14.220905900001526,
              36.04270132657793
            ],
            [
              14.220948815345764,
              36.04278374006438
            ],
            [
              14.220975637435913,
              36.042814102906064
            ],
            [
              14.221018552780151,
              36.042835790642954
            ],
            [
              14.221115112304688,
              36.042848803282226
            ],
            [
              14.221259951591492,
              36.04285314082814
            ],
            [
              14.221512079238892,
              36.042974592017586
            ],
            [
              14.22181248664856,
              36.04297892955661
            ]
          ],
          [
            [
              14.218245148658752,
              36.04432355513251
            ],
            [
              14.218170046806335,
              36.044423316760145
            ],
            [
              14.21755850315094,
              36.045078270393844
            ],
            [
              14.217402935028076,
              36.04520405556735
            ],
            [
              14.217349290847778,
              36.0452344174757
            ],
            [
              14.217156171798706,
              36.0452908038458
            ],
            [
              14.21678602695465,
              36.04542960089252
            ],
            [
              14.216641187667847,
              36.04552936111868
            ],
            [
              14.216533899307251,
              36.045650808179914
            ],
            [
              14.216501712799072,
              36.04572888119178
            ],
            [
              14.216437339782715,
              36.04598044925892
            ],
            [
              14.216421246528625,
              36.0460802087871
            ],
            [
              14.21630859375,
              36.046214667081586
            ]
          ],
          [
            [
              14.218658208847046,
              36.03901431919802
            ],
            [
              14.218652844429016,
              36.038914550717095
            ]
          ],
          [
            [
              14.220026135444641,
              36.03963895377079
            ],
            [
              14.220010042190552,
              36.03967365554621
            ],
            [
              14.220026135444641,
              36.039721370462445
            ],
            [
              14.220010042190552,
              36.03975607220157
            ],
            [
              14.219881296157837,
              36.039903554422196
            ],
            [
              14.219843745231628,
              36.03995994461002
            ],
            [
              14.2195326089859,
              36.040254908011406
            ]
          ],
          [
            [
              14.22028362751007,
              36.03978643621075
            ],
            [
              14.21982228755951,
              36.040241894943435
            ]
          ],
          [
            [
              14.220975637435913,
              36.03887117307727
            ],
            [
              14.221335053443909,
              36.0388364709482
            ],
            [
              14.221662282943726,
              36.03879309326537
            ],
            [
              14.222268462181091,
              36.03865862229672
            ],
            [
              14.222338199615479,
              36.038632595631114
            ],
            [
              14.222343564033508,
              36.038576204492756
            ],
            [
              14.222338199615479,
              36.03852415109847
            ],
            [
              14.222370386123657,
              36.03828557260097
            ],
            [
              14.222365021705627,
              36.03826388361081
            ],
            [
              14.222343564033508,
              36.03824219461467
            ],
            [
              14.22228991985321,
              36.03820749220846
            ]
          ],
          [
            [
              14.219173192977905,
              36.03773900822755
            ],
            [
              14.220128059387207,
              36.0378431160197
            ]
          ],
          [
            [
              14.219500422477722,
              36.03671527427407
            ],
            [
              14.219865202903748,
              36.03679769402561
            ],
            [
              14.219902753829956,
              36.03682372129765
            ],
            [
              14.220128059387207,
              36.036897465188375
            ],
            [
              14.220165610313416,
              36.03693216817189
            ],
            [
              14.220192432403564,
              36.03697988474923
            ],
            [
              14.220192432403564,
              36.037036277030666
            ],
            [
              14.220235347747803,
              36.03719677791828
            ]
          ],
          [
            [
              14.218518733978271,
              36.03498443956701
            ],
            [
              14.218508005142212,
              36.03485863806792
            ],
            [
              14.218513369560242,
              36.03483694813394
            ],
            [
              14.21854019165039,
              36.03482827215869
            ],
            [
              14.21857237815857,
              36.034832610146466
            ],
            [
              14.218599200248718,
              36.03484128612122
            ],
            [
              14.218620657920837,
              36.03485863806792
            ],
            [
              14.218685030937195,
              36.03501914339347
            ],
            [
              14.219183921813965,
              36.03531412530103
            ],
            [
              14.219275116920471,
              36.03540956038749
            ],
            [
              14.219275116920471,
              36.0354399260726
            ],
            [
              14.219264388084412,
              36.03546595379335
            ],
            [
              14.219232201576233,
              36.03549198150549
            ],
            [
              14.218722581863403,
              36.035635133768565
            ],
            [
              14.218674302101135,
              36.03566116142481
            ]
          ],
          [
            [
              14.226458072662354,
              36.03180463658036
            ],
            [
              14.226742386817932,
              36.03181765104247
            ],
            [
              14.226935505867004,
              36.031808974734645
            ],
            [
              14.227074980735779,
              36.03182198919603
            ],
            [
              14.227160811424255,
              36.03181765104247
            ],
            [
              14.227225184440613,
              36.03180463658036
            ],
            [
              14.227375388145447,
              36.03181765104247
            ],
            [
              14.227466583251953,
              36.03181331288869
            ],
            [
              14.227820634841919,
              36.031726549762524
            ],
            [
              14.22804594039917,
              36.03163978654081
            ],
            [
              14.228088855743408,
              36.031609419390634
            ],
            [
              14.228110313415527,
              36.031579052228736
            ],
            [
              14.228104948997498,
              36.03154000871767
            ],
            [
              14.22803521156311,
              36.03149662701604
            ],
            [
              14.22802448272705,
              36.03147493615624
            ],
            [
              14.22804057598114,
              36.03144890711664
            ],
            [
              14.228072762489319,
              36.031414201717084
            ],
            [
              14.228158593177795,
              36.03135780541021
            ],
            [
              14.22828197479248,
              36.03124067448999
            ],
            [
              14.228491187095642,
              36.031097514239846
            ],
            [
              14.22853410243988,
              36.0310541322945
            ]
          ],
          [
            [
              14.227252006530762,
              36.03631618794141
            ],
            [
              14.227337837219238,
              36.03639860811059
            ],
            [
              14.227429032325745,
              36.03656344819019
            ],
            [
              14.227375388145447,
              36.03667623330904
            ],
            [
              14.22727882862091,
              36.036784680386376
            ],
            [
              14.227429032325745,
              36.036884451565626
            ],
            [
              14.22755777835846,
              36.036949519657895
            ]
          ],
          [
            [
              14.226012825965881,
              36.037283535018645
            ],
            [
              14.225900173187256,
              36.03733992708264
            ],
            [
              14.22555148601532,
              36.03756115709757
            ],
            [
              14.225481748580933,
              36.03757417060851
            ],
            [
              14.225379824638367,
              36.03755248142241
            ],
            [
              14.225175976753235,
              36.03744403540236
            ],
            [
              14.224146008491516,
              36.03672828792479
            ],
            [
              14.223700761795044,
              36.036463676604285
            ],
            [
              14.223148226737976,
              36.03576093402738
            ],
            [
              14.22305703163147,
              36.035600430213535
            ],
            [
              14.222928285598755,
              36.03547462969834
            ],
            [
              14.22282099723816,
              36.03538353264811
            ],
            [
              14.222853183746338,
              36.03522302806513
            ],
            [
              14.223019480705261,
              36.03507119910451
            ]
          ],
          [
            [
              14.222091436386108,
              36.036654543875656
            ],
            [
              14.222118258476257,
              36.03668057119501
            ],
            [
              14.222118258476257,
              36.03670659850573
            ],
            [
              14.22206997871399,
              36.03700157409301
            ],
            [
              14.222075343132019,
              36.03709700713472
            ],
            [
              14.222096800804138,
              36.03715773719195
            ],
            [
              14.222128987312317,
              36.037864805125764
            ],
            [
              14.222182631492615,
              36.0379255345909
            ],
            [
              14.222220182418823,
              36.037942885858044
            ],
            [
              14.222375750541687,
              36.037960237121396
            ]
          ],
          [
            [
              14.222858548164368,
              36.03863693340931
            ],
            [
              14.223920702934265,
              36.038020966512946
            ]
          ],
          [
            [
              14.222831726074219,
              36.03857186671122
            ],
            [
              14.2228102684021,
              36.03855885336516
            ],
            [
              14.222761988639832,
              36.03854584001692
            ],
            [
              14.222665429115295,
              36.03854150223371
            ],
            [
              14.222418665885925,
              36.038580542274076
            ],
            [
              14.222343564033508,
              36.038576204492756
            ],
            [
              14.222145080566406,
              36.03839401746217
            ],
            [
              14.222005605697632,
              36.03832895056337
            ],
            [
              14.221871495246887,
              36.03828123480342
            ],
            [
              14.221758842468262,
              36.03826388361081
            ],
            [
              14.221383333206177,
              36.038298585992194
            ],
            [
              14.220954179763794,
              36.03823785681473
            ]
          ],
          [
            [
              14.223019480705261,
              36.0397690853498
            ],
            [
              14.223234057426453,
              36.039730045898665
            ]
          ],
          [
            [
              14.223271608352661,
              36.039842826482456
            ],
            [
              14.223352074623108,
              36.03983848877067
            ],
            [
              14.223384261131287,
              36.03984716419397
            ],
            [
              14.223464727401733,
              36.03999898394717
            ],
            [
              14.22353446483612,
              36.04007706256341
            ],
            [
              14.223609566688538,
              36.04013345262699
            ],
            [
              14.223647117614746,
              36.040150803407656
            ],
            [
              14.223711490631104,
              36.04016381649066
            ]
          ],
          [
            [
              14.22654926776886,
              36.03877140441499
            ],
            [
              14.226576089859009,
              36.03873670224196
            ],
            [
              14.226844310760498,
              36.03854150223371
            ],
            [
              14.2270427942276,
              36.03848511103014
            ],
            [
              14.227155447006226,
              36.038381004086716
            ],
            [
              14.227182269096375,
              36.03832461276819
            ],
            [
              14.227182269096375,
              36.03828991039828
            ],
            [
              14.227150082588196,
              36.03817712759046
            ],
            [
              14.227080345153809,
              36.03801662870079
            ],
            [
              14.226983785629272,
              36.03799060182301
            ],
            [
              14.226640462875366,
              36.03799060182301
            ]
          ],
          [
            [
              14.227080345153809,
              36.03801662870079
            ],
            [
              14.227294921875,
              36.037817089084584
            ],
            [
              14.227332472801208,
              36.037791062140855
            ],
            [
              14.227418303489685,
              36.03775202170911
            ]
          ],
          [
            [
              14.229140281677246,
              36.03891021295418
            ],
            [
              14.229215383529663,
              36.03881911987794
            ],
            [
              14.229252934455872,
              36.03879743103472
            ],
            [
              14.22929048538208,
              36.03879309326537
            ],
            [
              14.230009317398071,
              36.038905875191034
            ],
            [
              14.230127334594727,
              36.03895792833302
            ],
            [
              14.230218529701233,
              36.03897527937271
            ],
            [
              14.230427742004395,
              36.03897961713204
            ]
          ],
          [
            [
              14.232235550880432,
              36.038632595631114
            ],
            [
              14.231624007225037,
              36.038580542274076
            ],
            [
              14.230862259864807,
              36.03850246217401
            ]
          ],
          [
            [
              14.230105876922607,
              36.03894925281175
            ],
            [
              14.23003613948822,
              36.03906637226832
            ],
            [
              14.230003952980042,
              36.03914878955928
            ],
            [
              14.229961037635803,
              36.0393483258012
            ],
            [
              14.229977130889893,
              36.039448093732545
            ],
            [
              14.230073690414429,
              36.039599914255135
            ],
            [
              14.230073690414429,
              36.039664980103794
            ],
            [
              14.229896664619446,
              36.039912229838336
            ],
            [
              14.229767918586731,
              36.04004669866629
            ],
            [
              14.229671359062195,
              36.04021586880111
            ]
          ],
          [
            [
              14.231168031692505,
              36.037439697558455
            ],
            [
              14.231103658676147,
              36.03747440030304
            ],
            [
              14.231071472167969,
              36.037483075986785
            ],
            [
              14.230663776397705,
              36.03754814358449
            ],
            [
              14.23053503036499,
              36.03757850844501
            ],
            [
              14.230459928512573,
              36.037604535458996
            ],
            [
              14.230256080627441,
              36.037712981258025
            ]
          ],
          [
            [
              14.23251986503601,
              36.03657212397431
            ],
            [
              14.232643246650696,
              36.03664153021276
            ],
            [
              14.232664704322815,
              36.036663219649725
            ],
            [
              14.232820272445679,
              36.03701892556374
            ],
            [
              14.232825636863708,
              36.037057966358915
            ],
            [
              14.23280417919159,
              36.03715773719195
            ],
            [
              14.232729077339172,
              36.03726618360622
            ],
            [
              14.232723712921143,
              36.037313899981214
            ],
            [
              14.232991933822632,
              36.03780841343762
            ],
            [
              14.233099222183228,
              36.03789083204511
            ],
            [
              14.233115315437317,
              36.03792119677351
            ],
            [
              14.233126044273376,
              36.03797325056638
            ],
            [
              14.233115315437317,
              36.03802964213648
            ],
            [
              14.233142137527466,
              36.038229181214135
            ]
          ],
          [
            [
              14.229097366333008,
              36.03730088642726
            ],
            [
              14.229070544242859,
              36.03740933264443
            ],
            [
              14.228973984718323,
              36.03759585978861
            ],
            [
              14.228855967521667,
              36.03768695427986
            ],
            [
              14.228652119636536,
              36.0377997377897
            ],
            [
              14.228636026382446,
              36.037825764730584
            ],
            [
              14.228619933128357,
              36.0379255345909
            ]
          ],
          [
            [
              14.228217601776123,
              36.03707531781721
            ],
            [
              14.227761626243591,
              36.036923492427434
            ],
            [
              14.227724075317383,
              36.03690180306215
            ],
            [
              14.227691888809204,
              36.036867100065265
            ],
            [
              14.22755777835846,
              36.036611164990944
            ],
            [
              14.227493405342102,
              36.0365591102978
            ],
            [
              14.227429032325745,
              36.03656344819019
            ]
          ],
          [
            [
              14.227482676506042,
              36.03425999369826
            ],
            [
              14.227568507194519,
              36.03424697963969
            ],
            [
              14.227638244628906,
              36.034190585361046
            ],
            [
              14.227638244628906,
              36.03410382485352
            ],
            [
              14.22754168510437,
              36.03404309244138
            ],
            [
              14.227520227432251,
              36.033925965514285
            ],
            [
              14.227622151374817,
              36.03386957100578
            ],
            [
              14.227654337882996,
              36.03383052863008
            ],
            [
              14.227632880210876,
              36.03367435893378
            ]
          ],
          [
            [
              14.230068325996399,
              36.0327633628673
            ],
            [
              14.230014681816101,
              36.032633219711954
            ],
            [
              14.229971766471863,
              36.03237293275619
            ],
            [
              14.229896664619446,
              36.03230786088285
            ]
          ],
          [
            [
              14.231876134872437,
              36.03437278211578
            ],
            [
              14.230964183807373,
              36.03449424638481
            ]
          ],
          [
            [
              14.2315274477005,
              36.03394331766262
            ],
            [
              14.231656193733215,
              36.0339216274766
            ],
            [
              14.231650829315186,
              36.0337481057734
            ],
            [
              14.232133626937866,
              36.03358759785762
            ],
            [
              14.232369661331177,
              36.03345311800065
            ],
            [
              14.232321381568909,
              36.03330128562813
            ],
            [
              14.232192635536194,
              36.0331971718321
            ]
          ],
          [
            [
              14.230320453643799,
              36.034242641619684
            ],
            [
              14.230411648750305,
              36.034086472740526
            ]
          ],
          [
            [
              14.233469367027283,
              36.03550933330882
            ],
            [
              14.233244061470032,
              36.03576093402738
            ],
            [
              14.233174324035645,
              36.03578262370688
            ]
          ],
          [
            [
              14.235341548919678,
              36.03549198150549
            ],
            [
              14.235379099845886,
              36.035244717892766
            ],
            [
              14.235620498657227,
              36.035153620576594
            ],
            [
              14.235899448394775,
              36.03520133823153
            ],
            [
              14.235996007919312,
              36.03516229651599
            ],
            [
              14.236087203025818,
              36.03507119910451
            ],
            [
              14.236242771148682,
              36.0350451712533
            ],
            [
              14.238072037696838,
              36.03521869009889
            ],
            [
              14.238109588623047,
              36.0352143521324
            ]
          ],
          [
            [
              14.237240552902222,
              36.036784680386376
            ],
            [
              14.237605333328247,
              36.03675431521977
            ],
            [
              14.237658977508545,
              36.036767328864016
            ],
            [
              14.237734079360962,
              36.03680636978392
            ],
            [
              14.237825274467468,
              36.03691481668206
            ],
            [
              14.237970113754272,
              36.03715773719195
            ],
            [
              14.238168597221375,
              36.037465724618315
            ],
            [
              14.238254427909851,
              36.03754814358449
            ],
            [
              14.238324165344238,
              36.03760019762392
            ]
          ],
          [
            [
              14.238072037696838,
              36.03700591196106
            ],
            [
              14.237986207008362,
              36.03699289835623
            ],
            [
              14.237884283065796,
              36.03701458769643
            ]
          ],
          [
            [
              14.234220385551453,
              36.036880113690884
            ],
            [
              14.234257936477661,
              36.036949519657895
            ],
            [
              14.23429012298584,
              36.03711002072235
            ],
            [
              14.234316945075989,
              36.0371620750514
            ],
            [
              14.234397411346436,
              36.037188102203004
            ],
            [
              14.234633445739746,
              36.037201115775574
            ],
            [
              14.234815835952759,
              36.03726618360622
            ]
          ],
          [
            [
              14.234440326690674,
              36.037192440060764
            ],
            [
              14.234359860420227,
              36.03725750789857
            ]
          ],
          [
            [
              14.235497117042542,
              36.04001199705526
            ],
            [
              14.235652685165405,
              36.040081400262025
            ],
            [
              14.23576533794403,
              36.04010308875162
            ],
            [
              14.235910177230835,
              36.04016381649066
            ],
            [
              14.235936999320984,
              36.040168154184514
            ],
            [
              14.235990643501282,
              36.040150803407656
            ],
            [
              14.236081838607788,
              36.040146465712866
            ],
            [
              14.236108660697937,
              36.040150803407656
            ],
            [
              14.236173033714294,
              36.040181167264635
            ],
            [
              14.236215949058533,
              36.04018550495752
            ],
            [
              14.236403703689575,
              36.04018550495752
            ],
            [
              14.23677384853363,
              36.04020285572672
            ],
            [
              14.237068891525269,
              36.040233219563646
            ]
          ],
          [
            [
              14.235754609107971,
              36.03923988225418
            ],
            [
              14.236639738082886,
              36.03956087472015
            ],
            [
              14.236671924591064,
              36.03956955017402
            ],
            [
              14.2367684841156,
              36.039565212447215
            ],
            [
              14.236843585968018,
              36.03955219926529
            ]
          ],
          [
            [
              14.236607551574707,
              36.04063662371422
            ],
            [
              14.23602283000946,
              36.040658312050866
            ]
          ],
          [
            [
              14.236494898796082,
              36.04076675364452
            ],
            [
              14.236435890197754,
              36.040749402999566
            ],
            [
              14.236425161361694,
              36.040732052350805
            ],
            [
              14.236425161361694,
              36.0406452990496
            ]
          ],
          [
            [
              14.234440326690674,
              36.04136101092615
            ],
            [
              14.23428475856781,
              36.041048701089096
            ],
            [
              14.23426866531372,
              36.04092724692906
            ]
          ],
          [
            [
              14.235239624977112,
              36.04110509045687
            ],
            [
              14.235218167304993,
              36.041044363443746
            ],
            [
              14.235100150108337,
              36.04091423397223
            ],
            [
              14.23479974269867,
              36.040749402999566
            ],
            [
              14.234493970870972,
              36.040653974384
            ],
            [
              14.234402775764465,
              36.04061927304059
            ],
            [
              14.23427939414978,
              36.04053251961514
            ],
            [
              14.234236478805542,
              36.040428415378415
            ],
            [
              14.234247207641602,
              36.04040238929774
            ],
            [
              14.23453688621521,
              36.0399642823151
            ],
            [
              14.234359860420227,
              36.039821137921194
            ],
            [
              14.234349131584167,
              36.03980378706788
            ],
            [
              14.234375953674316,
              36.03975607220157
            ]
          ],
          [
            [
              14.23079252243042,
              36.04298326709538
            ],
            [
              14.230717420578003,
              36.04309604301967
            ],
            [
              14.230685234069824,
              36.04323484393554
            ],
            [
              14.230567216873169,
              36.04346473241419
            ],
            [
              14.23053503036499,
              36.04354280759385
            ],
            [
              14.23054575920105,
              36.04360787018446
            ],
            [
              14.230615496635437,
              36.04372932020971
            ]
          ],
          [
            [
              14.231463074684143,
              36.04315676845049
            ],
            [
              14.231446981430054,
              36.04310905561594
            ],
            [
              14.231312870979309,
              36.04291820398865
            ],
            [
              14.23130750656128,
              36.042892178730895
            ],
            [
              14.231323599815369,
              36.04283145309604
            ],
            [
              14.231323599815369,
              36.042770727414336
            ],
            [
              14.23130214214325,
              36.04272735189875
            ],
            [
              14.231264591217041,
              36.04269265146908
            ],
            [
              14.231082201004028,
              36.04263626323821
            ],
            [
              14.230921268463135,
              36.042545174472295
            ],
            [
              14.230883717536926,
              36.042506136397506
            ],
            [
              14.230867624282837,
              36.04244974803309
            ],
            [
              14.230878353118896,
              36.042362996624334
            ],
            [
              14.230835437774658,
              36.04231094573322
            ],
            [
              14.23079252243042,
              36.04228492027477
            ]
          ],
          [
            [
              14.231725931167603,
              36.04355148260903
            ],
            [
              14.231945872306824,
              36.04333026942325
            ],
            [
              14.231999516487122,
              36.04320881878246
            ]
          ],
          [
            [
              14.238624572753906,
              36.036966871140095
            ],
            [
              14.238179326057434,
              36.0371447236122
            ],
            [
              14.238120317459106,
              36.03713171003028
            ],
            [
              14.238077402114868,
              36.037101344997495
            ],
            [
              14.238072037696838,
              36.03700591196106
            ],
            [
              14.238114953041077,
              36.036949519657895
            ],
            [
              14.238190054893494,
              36.03694084391536
            ],
            [
              14.238329529762268,
              36.03701458769643
            ],
            [
              14.238485097885132,
              36.037123034307854
            ],
            [
              14.238624572753906,
              36.037192440060764
            ]
          ],
          [
            [
              14.22652781009674,
              36.03129707088071
            ],
            [
              14.226570725440979,
              36.0310541322945
            ]
          ],
          [
            [
              14.22431766986847,
              36.0310541322945
            ],
            [
              14.22431766986847,
              36.03110619062606
            ]
          ]
        ]
      },
      "properties": {
        "class": "track",
        "source_layer": "transportation",
        "source_tile": "https://tiles.openfreemap.org/planet/20261004_113936_pt/14/8839/6431.pbf"
      }
    },
    {
      "type": "Feature",
      "id": "transportation:245218740-0",
      "geometry": {
        "type": "MultiLineString",
        "coordinates": [
          [
            [
              14.217590689659119,
              36.0493765394865
            ],
            [
              14.21756386756897,
              36.04935485355138
            ],
            [
              14.217338562011719,
              36.04923774939843
            ],
            [
              14.217134714126587,
              36.0491510054691
            ],
            [
              14.217000603675842,
              36.04911197066974
            ],
            [
              14.21682894229889,
              36.04904691262776
            ],
            [
              14.216780662536621,
              36.04905558703645
            ]
          ],
          [
            [
              14.21980082988739,
              36.045954425013406
            ],
            [
              14.219913482666016,
              36.04584165318336
            ],
            [
              14.219972491264343,
              36.04581129150921
            ],
            [
              14.220090508460999,
              36.0457028568631
            ],
            [
              14.220187067985535,
              36.04559442206765
            ],
            [
              14.220256805419922,
              36.04549899932408
            ],
            [
              14.220428466796875,
              36.045312490900486
            ],
            [
              14.220482110977173,
              36.04527779161013
            ],
            [
              14.220669865608215,
              36.04518670590021
            ]
          ],
          [
            [
              14.219387769699097,
              36.04478332506096
            ],
            [
              14.219344854354858,
              36.044306205271326
            ],
            [
              14.21930730342865,
              36.04412403149797
            ],
            [
              14.21930193901062,
              36.0439548697596
            ]
          ],
          [
            [
              14.22204852104187,
              36.04541225127507
            ],
            [
              14.22203242778778,
              36.04528646643415
            ],
            [
              14.221903681755066,
              36.04493513529677
            ],
            [
              14.221715927124023,
              36.04466621410761
            ],
            [
              14.22153353691101,
              36.044440666595534
            ],
            [
              14.221217036247253,
              36.04428451793946
            ],
            [
              14.220841526985168,
              36.04385944502887
            ]
          ],
          [
            [
              14.217494130134583,
              36.04388546996692
            ],
            [
              14.217333197593689,
              36.04406764429224
            ],
            [
              14.217000603675842,
              36.044340904989866
            ],
            [
              14.216946959495544,
              36.04439295453905
            ],
            [
              14.216930866241455,
              36.044423316760145
            ],
            [
              14.216909408569336,
              36.04462283963623
            ],
            [
              14.216855764389038,
              36.044661876661564
            ],
            [
              14.216131567955017,
              36.044861398933065
            ],
            [
              14.215965270996094,
              36.04491344813813
            ]
          ],
          [
            [
              14.217349290847778,
              36.04068433804696
            ],
            [
              14.217199087142944,
              36.040675662715884
            ],
            [
              14.216957688331604,
              36.040736390013365
            ],
            [
              14.21653926372528,
              36.04078410428565
            ],
            [
              14.216394424438477,
              36.04083181852903
            ],
            [
              14.216206669807434,
              36.040853506811914
            ],
            [
              14.215965270996094,
              36.04090989631948
            ]
          ],
          [
            [
              14.217236638069153,
              36.040033685563955
            ],
            [
              14.216995239257812,
              36.04006404946607
            ],
            [
              14.216887950897217,
              36.04010742644881
            ],
            [
              14.216775298118591,
              36.04013779032253
            ],
            [
              14.216657280921936,
              36.040150803407656
            ],
            [
              14.216523170471191,
              36.04012043953898
            ],
            [
              14.21631932258606,
              36.040033685563955
            ],
            [
              14.216201305389404,
              36.04001199705526
            ],
            [
              14.21607792377472,
              36.0400293478627
            ],
            [
              14.215965270996094,
              36.04002067245946
            ]
          ],
          [
            [
              14.21930193901062,
              36.03701458769643
            ],
            [
              14.219135642051697,
              36.03697988474923
            ],
            [
              14.219006896018982,
              36.036936506043745
            ],
            [
              14.218926429748535,
              36.03694084391536
            ],
            [
              14.218862056732178,
              36.03697120901005
            ],
            [
              14.218111038208008,
              36.03777371084023
            ]
          ],
          [
            [
              14.215965270996094,
              36.035318463262
            ],
            [
              14.216120839118958,
              36.03546595379335
            ],
            [
              14.216158390045166,
              36.03547896765049
            ],
            [
              14.216195940971375,
              36.035470291745966
            ],
            [
              14.21632468700409,
              36.03540956038749
            ],
            [
              14.216941595077515,
              36.0356568234827
            ],
            [
              14.217032790184021,
              36.03566116142481
            ],
            [
              14.217097163200378,
              36.03563079582503
            ],
            [
              14.217156171798706,
              36.0355917543224
            ],
            [
              14.217263460159302,
              36.03544860198045
            ],
            [
              14.21731173992157,
              36.035431250163754
            ],
            [
              14.217381477355957,
              36.035418236298725
            ],
            [
              14.217751622200012,
              36.03552668510831
            ],
            [
              14.217960834503174,
              36.03560476815876
            ],
            [
              14.219183921813965,
              36.0363075121291
            ],
            [
              14.219457507133484,
              36.03651573136054
            ],
            [
              14.219516515731812,
              36.036593813430386
            ],
            [
              14.219527244567871,
              36.036702260621226
            ]
          ],
          [
            [
              14.219478964805603,
              36.03146625981067
            ],
            [
              14.219409227371216,
              36.03163111021338
            ],
            [
              14.219393134117126,
              36.031774269493724
            ],
            [
              14.219430685043335,
              36.03190875221706
            ],
            [
              14.219511151313782,
              36.032064925414076
            ]
          ],
          [
            [
              14.225621223449707,
              36.034225289537304
            ],
            [
              14.225717782974243,
              36.03406912062374
            ],
            [
              14.225851893424988,
              36.03395199373536
            ],
            [
              14.225867986679077,
              36.03393030355173
            ],
            [
              14.225916266441345,
              36.03371773943606
            ],
            [
              14.225926995277405,
              36.033691711137564
            ],
            [
              14.225975275039673,
              36.03364833062096
            ],
            [
              14.226023554801941,
              36.03363097840766
            ],
            [
              14.22629177570343,
              36.03360928813562
            ],
            [
              14.226409792900085,
              36.033565907573646
            ],
            [
              14.226581454277039,
              36.03362230229955
            ],
            [
              14.226704835891724,
              36.03361796424515
            ]
          ],
          [
            [
              14.228475093841553,
              36.038832133181
            ],
            [
              14.228603839874268,
              36.03812941173851
            ],
            [
              14.228619933128357,
              36.0379255345909
            ],
            [
              14.228346347808838,
              36.037817089084584
            ],
            [
              14.228147864341736,
              36.0375871841173
            ]
          ],
          [
            [
              14.231661558151245,
              36.0468652684884
            ],
            [
              14.231924414634705,
              36.04730333707337
            ],
            [
              14.232171177864075,
              36.04748550349011
            ],
            [
              14.23226773738861,
              36.047658994923665
            ],
            [
              14.232332110404968,
              36.04772839139005
            ],
            [
              14.232375025749207,
              36.04780212506853
            ],
            [
              14.232455492019653,
              36.0479973021194
            ],
            [
              14.232584238052368,
              36.04855680698334
            ],
            [
              14.23254668712616,
              36.04864355156742
            ],
            [
              14.232584238052368,
              36.048951494068945
            ],
            [
              14.232648611068726,
              36.04918136585525
            ]
          ]
        ]
      },
      "properties": {
        "surface": "paved",
        "class": "track",
        "source_layer": "transportation",
        "source_tile": "https://tiles.openfreemap.org/planet/20261004_113936_pt/14/8839/6431.pbf"
      }
    },
    {
      "type": "Feature",
      "id": "transportation:294347200-0",
      "geometry": {
        "type": "MultiLineString",
        "coordinates": [
          [
            [
              14.227209091186523,
              36.04087519508883
            ],
            [
              14.227246642112732,
              36.04090989631948
            ]
          ],
          [
            [
              14.224398136138916,
              36.04191622535572
            ],
            [
              14.224446415901184,
              36.041825135756824
            ],
            [
              14.224489331245422,
              36.04171235801219
            ],
            [
              14.22453761100769,
              36.04171235801219
            ],
            [
              14.224848747253418,
              36.04166030669096
            ],
            [
              14.224902391433716,
              36.041621268177465
            ],
            [
              14.224945306777954,
              36.041547528710254
            ]
          ],
          [
            [
              14.234429597854614,
              36.03162677204931
            ],
            [
              14.234257936477661,
              36.03134479087211
            ]
          ],
          [
            [
              14.237068891525269,
              36.040168154184514
            ],
            [
              14.237240552902222,
              36.04017249187811
            ],
            [
              14.237380027770996,
              36.04015514110223
            ],
            [
              14.237476587295532,
              36.04012911493122
            ],
            [
              14.237492680549622,
              36.04000332165012
            ],
            [
              14.237589240074158,
              36.03999898394717
            ],
            [
              14.237701892852783,
              36.03998163313304
            ],
            [
              14.237734079360962,
              36.0399642823151
            ]
          ],
          [
            [
              14.237422943115234,
              36.04128727121524
            ],
            [
              14.236918687820435,
              36.041282933583005
            ]
          ],
          [
            [
              14.236972332000732,
              36.04061493537159
            ],
            [
              14.236607551574707,
              36.04063662371422
            ]
          ],
          [
            [
              14.237063527107239,
              36.04061493537159
            ],
            [
              14.237111806869507,
              36.04061059770234
            ]
          ],
          [
            [
              14.237090349197388,
              36.04048914286656
            ],
            [
              14.23755168914795,
              36.04040238929774
            ]
          ],
          [
            [
              14.237487316131592,
              36.04343870733709
            ],
            [
              14.237455129623413,
              36.04328255669385
            ]
          ],
          [
            [
              14.237642884254456,
              36.04315676845049
            ],
            [
              14.237648248672485,
              36.04321315630857
            ],
            [
              14.237621426582336,
              36.04330858182256
            ]
          ],
          [
            [
              14.237937927246094,
              36.04365992021822
            ],
            [
              14.238072037696838,
              36.04368160772215
            ]
          ],
          [
            [
              14.237616062164307,
              36.043963544729365
            ],
            [
              14.237567782402039,
              36.043868120009165
            ],
            [
              14.237567782402039,
              36.043811732620156
            ],
            [
              14.237642884254456,
              36.04364257021078
            ]
          ],
          [
            [
              14.237626791000366,
              36.043989569632984
            ],
            [
              14.237460494041443,
              36.0440242694911
            ],
            [
              14.237422943115234,
              36.04404595689465
            ]
          ],
          [
            [
              14.237857460975647,
              36.04448837862313
            ],
            [
              14.237964749336243,
              36.044505728444165
            ]
          ],
          [
            [
              14.23753023147583,
              36.044215118437336
            ],
            [
              14.237750172615051,
              36.044163068770615
            ]
          ],
          [
            [
              14.235872626304626,
              36.04270566413199
            ],
            [
              14.236076474189758,
              36.042631925680325
            ],
            [
              14.236178398132324,
              36.04253649934624
            ]
          ],
          [
            [
              14.235164523124695,
              36.04156054156245
            ],
            [
              14.234976768493652,
              36.041356673298
            ],
            [
              14.234949946403503,
              36.04129160884719
            ]
          ],
          [
            [
              14.228882789611816,
              36.04115280450576
            ],
            [
              14.229145646095276,
              36.04099664932916
            ]
          ],
          [
            [
              14.227353930473328,
              36.04100966227236
            ],
            [
              14.227380752563477,
              36.041035688152334
            ]
          ],
          [
            [
              14.22754168510437,
              36.04176874690471
            ],
            [
              14.22755777835846,
              36.04166898191356
            ],
            [
              14.227498769760132,
              36.041629943404345
            ]
          ],
          [
            [
              14.229440689086914,
              36.041421737695075
            ],
            [
              14.229612350463867,
              36.04137402380913
            ],
            [
              14.229735732078552,
              36.04140872481996
            ],
            [
              14.22980546951294,
              36.041235219613
            ]
          ],
          [
            [
              14.238506555557251,
              36.04416740624414
            ],
            [
              14.238313436508179,
              36.04411535654589
            ]
          ],
          [
            [
              14.23829734325409,
              36.04271867679276
            ],
            [
              14.23828125,
              36.042614575446365
            ]
          ]
        ]
      },
      "properties": {
        "class": "service",
        "service": "alley",
        "source_layer": "transportation",
        "source_tile": "https://tiles.openfreemap.org/planet/20261004_113936_pt/14/8839/6431.pbf"
      }
    },
    {
      "type": "Feature",
      "id": "transportation:294347690-0",
      "geometry": {
        "type": "MultiLineString",
        "coordinates": [
          [
            [
              14.219704270362854,
              36.03156603772722
            ],
            [
              14.219661355018616,
              36.031674491840974
            ],
            [
              14.21979010105133,
              36.031704858966066
            ],
            [
              14.219763278961182,
              36.03178728396088
            ]
          ],
          [
            [
              14.232444763183594,
              36.03655477240514
            ],
            [
              14.232401847839355,
              36.0365981513209
            ]
          ],
          [
            [
              14.237605333328247,
              36.03310173406487
            ],
            [
              14.237594604492188,
              36.03303666279359
            ],
            [
              14.237610697746277,
              36.03303232470692
            ],
            [
              14.237621426582336,
              36.033084381731115
            ]
          ],
          [
            [
              14.234955310821533,
              36.03751777871226
            ],
            [
              14.23505187034607,
              36.037383305565925
            ]
          ],
          [
            [
              14.234740734100342,
              36.03801662870079
            ],
            [
              14.234638810157776,
              36.03795589930591
            ],
            [
              14.234644174575806,
              36.037830102553215
            ],
            [
              14.234665632247925,
              36.03775202170911
            ],
            [
              14.234692454338074,
              36.037699967769996
            ]
          ],
          [
            [
              14.236344695091248,
              36.03836365291609
            ],
            [
              14.236360788345337,
              36.038350639535594
            ]
          ],
          [
            [
              14.236473441123962,
              36.03893190176633
            ],
            [
              14.236451983451843,
              36.038866835311964
            ]
          ],
          [
            [
              14.236886501312256,
              36.03902299471211
            ],
            [
              14.236897230148315,
              36.03902299471211
            ]
          ],
          [
            [
              14.23652708530426,
              36.04210274182465
            ],
            [
              14.236586093902588,
              36.04212442975749
            ]
          ],
          [
            [
              14.232181906700134,
              36.04079277960476
            ],
            [
              14.232085347175598,
              36.040745065337745
            ],
            [
              14.231758117675781,
              36.040745065337745
            ],
            [
              14.231683015823364,
              36.040732052350805
            ],
            [
              14.231613278388977,
              36.040745065337745
            ]
          ],
          [
            [
              14.229510426521301,
              36.04258421252773
            ],
            [
              14.229515790939331,
              36.04254951203498
            ]
          ],
          [
            [
              14.216614365577698,
              36.031123543395594
            ],
            [
              14.216678738594055,
              36.03124935086042
            ]
          ],
          [
            [
              14.216389060020447,
              36.03129707088071
            ],
            [
              14.216389060020447,
              36.0311105288188
            ],
            [
              14.216431975364685,
              36.03108016146459
            ],
            [
              14.216448068618774,
              36.0310541322945
            ]
          ],
          [
            [
              14.21628713607788,
              36.03124935086042
            ],
            [
              14.215992093086243,
              36.0310541322945
            ]
          ]
        ]
      },
      "properties": {
        "subclass": "steps",
        "class": "path",
        "source_layer": "transportation",
        "source_tile": "https://tiles.openfreemap.org/planet/20261004_113936_pt/14/8839/6431.pbf"
      }
    },
    {
      "type": "Feature",
      "id": "transportation:294347830-0",
      "geometry": {
        "type": "MultiLineString",
        "coordinates": [
          [
            [
              14.219607710838318,
              36.04483537431766
            ],
            [
              14.219495058059692,
              36.04509995750706
            ],
            [
              14.219462871551514,
              36.045217067815216
            ],
            [
              14.219382405281067,
              36.045381889435305
            ],
            [
              14.219387769699097,
              36.04541225127507
            ],
            [
              14.219430685043335,
              36.0454773123208
            ],
            [
              14.219425320625305,
              36.045512011523215
            ],
            [
              14.219409227371216,
              36.04554237331277
            ]
          ],
          [
            [
              14.221592545509338,
              36.04164729385529
            ],
            [
              14.221581816673279,
              36.04150849014084
            ],
            [
              14.221485257148743,
              36.041495477280066
            ],
            [
              14.221474528312683,
              36.041486802038364
            ],
            [
              14.221506714820862,
              36.04123088197791
            ]
          ],
          [
            [
              14.220825433731079,
              36.03202154400151
            ],
            [
              14.220879077911377,
              36.03196514812949
            ],
            [
              14.221431612968445,
              36.031934781104724
            ],
            [
              14.221764206886292,
              36.031835003655274
            ]
          ],
          [
            [
              14.226517081260681,
              36.03880176880385
            ],
            [
              14.22654926776886,
              36.03877140441499
            ],
            [
              14.22627568244934,
              36.038576204492756
            ]
          ],
          [
            [
              14.231838583946228,
              36.039521835165786
            ],
            [
              14.23204243183136,
              36.039591238804576
            ],
            [
              14.232079982757568,
              36.03961726515337
            ],
            [
              14.232112169265747,
              36.03967799326706
            ],
            [
              14.232122898101807,
              36.04005971176649
            ],
            [
              14.232171177864075,
              36.04010308875162
            ],
            [
              14.232203364372253,
              36.04010308875162
            ],
            [
              14.232235550880432,
              36.0400944133565
            ],
            [
              14.232251644134521,
              36.04004236096574
            ]
          ],
          [
            [
              14.231157302856445,
              36.03715339933227
            ],
            [
              14.23129677772522,
              36.037248832189974
            ],
            [
              14.231361150741577,
              36.037261845752525
            ],
            [
              14.231387972831726,
              36.03725317004441
            ],
            [
              14.231436252593994,
              36.03722280505845
            ],
            [
              14.231484532356262,
              36.03713604789115
            ],
            [
              14.231505990028381,
              36.036997236224735
            ],
            [
              14.23152208328247,
              36.03694518178676
            ]
          ],
          [
            [
              14.231259226799011,
              36.03692783029979
            ],
            [
              14.231243133544922,
              36.03700591196106
            ],
            [
              14.231221675872803,
              36.03705362849374
            ],
            [
              14.231157302856445,
              36.03715339933227
            ],
            [
              14.231092929840088,
              36.03720979148943
            ],
            [
              14.231082201004028,
              36.03723581862529
            ],
            [
              14.231082201004028,
              36.03729654857547
            ],
            [
              14.231092929840088,
              36.03732257568262
            ],
            [
              14.231146574020386,
              36.037383305565925
            ],
            [
              14.231168031692505,
              36.037439697558455
            ],
            [
              14.231205582618713,
              36.03749175166959
            ],
            [
              14.2312753200531,
              36.037539467907905
            ],
            [
              14.231371879577637,
              36.03758284628125
            ],
            [
              14.231446981430054,
              36.03760019762392
            ]
          ],
          [
            [
              14.231843948364258,
              36.03704495276267
            ],
            [
              14.231924414634705,
              36.037057966358915
            ],
            [
              14.232133626937866,
              36.037166412910594
            ]
          ],
          [
            [
              14.23202097415924,
              36.037179426486745
            ],
            [
              14.23179030418396,
              36.037361616327274
            ],
            [
              14.2317795753479,
              36.037426684025306
            ],
            [
              14.231747388839722,
              36.03747873814504
            ],
            [
              14.231666922569275,
              36.03754814358449
            ]
          ],
          [
            [
              14.23179030418396,
              36.037361616327274
            ],
            [
              14.231484532356262,
              36.03713604789115
            ]
          ],
          [
            [
              14.229344129562378,
              36.036684909080705
            ],
            [
              14.2293119430542,
              36.036884451565626
            ],
            [
              14.2293119430542,
              36.03712737216918
            ],
            [
              14.22928512096405,
              36.03724015648041
            ],
            [
              14.229236841201782,
              36.037279197165915
            ],
            [
              14.229172468185425,
              36.03730088642726
            ],
            [
              14.228829145431519,
              36.037305224278825
            ]
          ],
          [
            [
              14.23003613948822,
              36.036719612157896
            ],
            [
              14.229859113693237,
              36.036719612157896
            ],
            [
              14.229708909988403,
              36.03674563945573
            ],
            [
              14.22954797744751,
              36.03674130157336
            ],
            [
              14.22927439212799,
              36.036667557536404
            ],
            [
              14.229161739349365,
              36.036585137648686
            ],
            [
              14.229070544242859,
              36.03648536609023
            ]
          ],
          [
            [
              14.229451417922974,
              36.03766526512483
            ],
            [
              14.230164885520935,
              36.037569832771766
            ],
            [
              14.230100512504578,
              36.03719677791828
            ],
            [
              14.230068325996399,
              36.03689312731437
            ],
            [
              14.229982495307922,
              36.0363942702091
            ],
            [
              14.229993224143982,
              36.03625979514436
            ]
          ],
          [
            [
              14.228233695030212,
              36.037383305565925
            ],
            [
              14.228770136833191,
              36.037344264932045
            ],
            [
              14.2288076877594,
              36.03733125138311
            ],
            [
              14.228829145431519,
              36.037305224278825
            ],
            [
              14.228845238685608,
              36.036958195399464
            ],
            [
              14.228818416595459,
              36.03680636978392
            ],
            [
              14.228759407997131,
              36.03633787746796
            ],
            [
              14.228673577308655,
              36.03602120978701
            ],
            [
              14.228593111038208,
              36.03584769270951
            ]
          ],
          [
            [
              14.228442907333374,
              36.03667189542284
            ],
            [
              14.228464365005493,
              36.0365591102978
            ]
          ],
          [
            [
              14.228485822677612,
              36.036463676604285
            ],
            [
              14.228501915931702,
              36.03629883631585
            ],
            [
              14.228475093841553,
              36.03618605065655
            ],
            [
              14.228448271751404,
              36.0361383335982
            ],
            [
              14.228324890136719,
              36.03600385809645
            ],
            [
              14.22828733921051,
              36.03587805822566
            ]
          ],
          [
            [
              14.236500263214111,
              36.031774269493724
            ],
            [
              14.236226677894592,
              36.03172221160372
            ]
          ],
          [
            [
              14.237809181213379,
              36.033882585126705
            ],
            [
              14.238420724868774,
              36.03372207748497
            ],
            [
              14.238377809524536,
              36.03358325980129
            ],
            [
              14.238361716270447,
              36.03324922874732
            ]
          ],
          [
            [
              14.235754609107971,
              36.03769129211015
            ],
            [
              14.235738515853882,
              36.03765658946115
            ],
            [
              14.235599040985107,
              36.03745704893268
            ],
            [
              14.23551857471466,
              36.03727485931293
            ],
            [
              14.235459566116333,
              36.03721412934601
            ],
            [
              14.235400557518005,
              36.03712737216918
            ],
            [
              14.235137701034546,
              36.03664153021276
            ],
            [
              14.235100150108337,
              36.03652006925533
            ]
          ],
          [
            [
              14.237009882926941,
              36.039157465058565
            ],
            [
              14.236752390861511,
              36.03919650479354
            ],
            [
              14.236425161361694,
              36.039278921948295
            ],
            [
              14.236398339271545,
              36.03927458420549
            ],
            [
              14.236339330673218,
              36.03924421999892
            ],
            [
              14.236060380935669,
              36.03903167022527
            ],
            [
              14.23602283000946,
              36.03893190176633
            ]
          ],
          [
            [
              14.228839874267578,
              36.04231094573322
            ],
            [
              14.228861331939697,
              36.0423846844855
            ],
            [
              14.228952527046204,
              36.0426015627684
            ],
            [
              14.228957891464233,
              36.042631925680325
            ],
            [
              14.228957891464233,
              36.04271000168582
            ],
            [
              14.228877425193787,
              36.04307435535448
            ]
          ],
          [
            [
              14.233179688453674,
              36.04589370174037
            ],
            [
              14.233678579330444,
              36.045806954126235
            ]
          ],
          [
            [
              14.236961603164673,
              36.048209827691124
            ],
            [
              14.23726737499237,
              36.04848741124724
            ],
            [
              14.237321019172668,
              36.04851777188931
            ]
          ],
          [
            [
              14.216845035552979,
              36.0310541322945
            ],
            [
              14.216866493225098,
              36.03108449965873
            ]
          ]
        ]
      },
      "properties": {
        "class": "service",
        "source_layer": "transportation",
        "source_tile": "https://tiles.openfreemap.org/planet/20261004_113936_pt/14/8839/6431.pbf"
      }
    },
    {
      "type": "Feature",
      "id": "transportation:294348220-0",
      "geometry": {
        "type": "MultiLineString",
        "coordinates": [
          [
            [
              14.223341345787048,
              36.04112677866449
            ],
            [
              14.223341345787048,
              36.04111376574065
            ],
            [
              14.223244786262512,
              36.04113979158619
            ],
            [
              14.223228693008423,
              36.04110942809888
            ],
            [
              14.223196506500244,
              36.04107906459983
            ]
          ],
          [
            [
              14.222370386123657,
              36.04136101092615
            ],
            [
              14.222391843795776,
              36.04143475056803
            ],
            [
              14.222402572631836,
              36.041603917720806
            ]
          ],
          [
            [
              14.221930503845215,
              36.04118750561406
            ],
            [
              14.221914410591125,
              36.041452101061964
            ]
          ],
          [
            [
              14.22231674194336,
              36.04117449270022
            ],
            [
              14.222359657287598,
              36.04131329700343
            ]
          ],
          [
            [
              14.223158955574036,
              36.041044363443746
            ],
            [
              14.22306776046753,
              36.040953272836276
            ]
          ],
          [
            [
              14.217242002487183,
              36.04263626323821
            ],
            [
              14.217220544815063,
              36.042540836909396
            ]
          ],
          [
            [
              14.217129349708557,
              36.04254951203498
            ],
            [
              14.217279553413391,
              36.04253216178287
            ],
            [
              14.217354655265808,
              36.042506136397506
            ],
            [
              14.217424392700195,
              36.042493123701604
            ]
          ],
          [
            [
              14.22654926776886,
              36.03877140441499
            ],
            [
              14.228185415267944,
              36.03909239879056
            ],
            [
              14.228271245956421,
              36.039044683493216
            ],
            [
              14.228357076644897,
              36.03878875549577
            ],
            [
              14.228373169898987,
              36.03878007995584
            ],
            [
              14.229070544242859,
              36.038897199664035
            ],
            [
              14.229097366333008,
              36.03887117307727
            ],
            [
              14.229118824005127,
              36.03879309326537
            ]
          ],
          [
            [
              14.227461218833923,
              36.03894925281175
            ],
            [
              14.227520227432251,
              36.03892756400438
            ],
            [
              14.227622151374817,
              36.038918888479756
            ],
            [
              14.227686524391174,
              36.038923226242204
            ],
            [
              14.227740168571472,
              36.03893623952804
            ],
            [
              14.227874279022217,
              36.03899263040856
            ],
            [
              14.227917194366455,
              36.03900130592508
            ],
            [
              14.228078126907349,
              36.039005643682955
            ],
            [
              14.228137135505676,
              36.03902299471211
            ],
            [
              14.228233695030212,
              36.03906637226832
            ]
          ],
          [
            [
              14.227595329284668,
              36.038923226242204
            ],
            [
              14.227632880210876,
              36.03887551084232
            ],
            [
              14.227675795555115,
              36.038892861900166
            ],
            [
              14.227697253227234,
              36.038892861900166
            ],
            [
              14.227745532989502,
              36.03887551084232
            ],
            [
              14.227761626243591,
              36.03886249754643
            ]
          ],
          [
            [
              14.227901101112366,
              36.039036007981494
            ],
            [
              14.227911829948425,
              36.03900130592508
            ]
          ],
          [
            [
              14.22779381275177,
              36.03886249754643
            ],
            [
              14.227879643440247,
              36.03881044434138
            ],
            [
              14.227922558784485,
              36.03879743103472
            ],
            [
              14.227970838546753,
              36.03879309326537
            ],
            [
              14.228013753890991,
              36.03879743103472
            ],
            [
              14.228094220161438,
              36.03881911987794
            ],
            [
              14.228174686431885,
              36.03887117307727
            ]
          ],
          [
            [
              14.22778308391571,
              36.03885815978067
            ],
            [
              14.227831363677979,
              36.03888418637172
            ],
            [
              14.227927923202515,
              36.038918888479756
            ],
            [
              14.22802984714508,
              36.038923226242204
            ],
            [
              14.228131771087646,
              36.038897199664035
            ],
            [
              14.22828733921051,
              36.03880176880385
            ],
            [
              14.22831416130066,
              36.03879743103472
            ],
            [
              14.228351712226868,
              36.03880610657271
            ]
          ],
          [
            [
              14.227766990661621,
              36.03887984860714
            ],
            [
              14.227847456932068,
              36.03894057728954
            ],
            [
              14.227890372276306,
              36.03895792833302
            ],
            [
              14.22806203365326,
              36.038988292649975
            ],
            [
              14.228078126907349,
              36.039005643682955
            ]
          ],
          [
            [
              14.227729439735413,
              36.03893190176633
            ],
            [
              14.22778308391571,
              36.03885815978067
            ],
            [
              14.227825999259949,
              36.03881911987794
            ],
            [
              14.227863550186157,
              36.03879743103472
            ],
            [
              14.227944016456604,
              36.03877574218555
            ],
            [
              14.228003025054932,
              36.03877140441499
            ],
            [
              14.228131771087646,
              36.038784417725935
            ],
            [
              14.228201508522034,
              36.03881044434138
            ],
            [
              14.228228330612183,
              36.0388364709482
            ]
          ],
          [
            [
              14.227707982063293,
              36.03880610657271
            ],
            [
              14.227740168571472,
              36.03877574218555
            ],
            [
              14.227761626243591,
              36.03881044434138
            ],
            [
              14.227761626243591,
              36.03882779541354
            ],
            [
              14.227745532989502,
              36.03885382201466
            ],
            [
              14.227761626243591,
              36.03886249754643
            ],
            [
              14.22777235507965,
              36.03887117307727
            ]
          ],
          [
            [
              14.229006171226501,
              36.0388494842484
            ],
            [
              14.228973984718323,
              36.03885815978067
            ],
            [
              14.228845238685608,
              36.038832133181
            ],
            [
              14.228829145431519,
              36.03882345764586
            ],
            [
              14.228829145431519,
              36.03880610657271
            ],
            [
              14.228839874267578,
              36.03879309326537
            ],
            [
              14.228855967521667,
              36.03878875549577
            ],
            [
              14.228990077972412,
              36.03880610657271
            ],
            [
              14.22902226448059,
              36.03882345764586
            ]
          ],
          [
            [
              14.229075908660889,
              36.038888524136055
            ],
            [
              14.22904908657074,
              36.038866835311964
            ],
            [
              14.229065179824829,
              36.038845146481904
            ],
            [
              14.2290598154068,
              36.038832133181
            ],
            [
              14.22903835773468,
              36.03881911987794
            ],
            [
              14.229016900062561,
              36.03882345764586
            ],
            [
              14.229006171226501,
              36.0388364709482
            ],
            [
              14.229006171226501,
              36.03885382201466
            ],
            [
              14.22903299331665,
              36.038866835311964
            ],
            [
              14.22904908657074,
              36.038866835311964
            ]
          ],
          [
            [
              14.232471585273743,
              36.036533082938305
            ],
            [
              14.232444763183594,
              36.03655477240514
            ]
          ],
          [
            [
              14.23104465007782,
              36.033093057898455
            ],
            [
              14.230894446372986,
              36.03303666279359
            ],
            [
              14.230905175209045,
              36.03285446294811
            ]
          ],
          [
            [
              14.231677651405334,
              36.032858801044554
            ],
            [
              14.23205316066742,
              36.03279372957263
            ]
          ],
          [
            [
              14.237498044967651,
              36.03306702939355
            ],
            [
              14.237562417984009,
              36.033075705562794
            ]
          ],
          [
            [
              14.237900376319885,
              36.034667766444144
            ],
            [
              14.235759973526001,
              36.034515936413115
            ],
            [
              14.235743880271912,
              36.03449424638481
            ],
            [
              14.235818982124329,
              36.0338999372846
            ],
            [
              14.2375248670578,
              36.03301063427004
            ],
            [
              14.237557053565979,
              36.03304533896622
            ],
            [
              14.237562417984009,
              36.033075705562794
            ],
            [
              14.237567782402039,
              36.03310607214769
            ],
            [
              14.237605333328247,
              36.03310173406487
            ]
          ],
          [
            [
              14.23505187034607,
              36.037383305565925
            ],
            [
              14.235126972198486,
              36.037361616327274
            ]
          ],
          [
            [
              14.234842658042908,
              36.038133749544414
            ],
            [
              14.234815835952759,
              36.03811639831932
            ],
            [
              14.234831929206848,
              36.03809904709041
            ],
            [
              14.234831929206848,
              36.038073020239835
            ],
            [
              14.234740734100342,
              36.03801662870079
            ]
          ],
          [
            [
              14.236430525779724,
              36.03829424819537
            ],
            [
              14.236371517181396,
              36.038350639535594
            ]
          ],
          [
            [
              14.236344695091248,
              36.03836365291609
            ],
            [
              14.236215949058533,
              36.03826388361081
            ],
            [
              14.236119389533997,
              36.038168451983154
            ],
            [
              14.236001372337341,
              36.038020966512946
            ]
          ],
          [
            [
              14.23676311969757,
              36.03858921783598
            ],
            [
              14.236907958984375,
              36.03850246217401
            ]
          ],
          [
            [
              14.236484169960022,
              36.03896226609331
            ],
            [
              14.23627495765686,
              36.03901431919802
            ],
            [
              14.23628568649292,
              36.039040345737476
            ],
            [
              14.236173033714294,
              36.03907071002263
            ],
            [
              14.236162304878235,
              36.03906637226832
            ],
            [
              14.236130118370056,
              36.03899263040856
            ],
            [
              14.236167669296265,
              36.03893623952804
            ],
            [
              14.236655831336975,
              36.03881478210975
            ],
            [
              14.236730933189392,
              36.03877574218555
            ],
            [
              14.236741662025452,
              36.03876272887315
            ],
            [
              14.236752390861511,
              36.03876272887315
            ],
            [
              14.236848950386047,
              36.03887551084232
            ],
            [
              14.236913323402405,
              36.03901865695518
            ],
            [
              14.236945509910583,
              36.03909673654344
            ],
            [
              14.23704206943512,
              36.03907504777669
            ],
            [
              14.237020611763,
              36.038988292649975
            ],
            [
              14.236977696418762,
              36.038923226242204
            ],
            [
              14.236902594566345,
              36.03876272887315
            ],
            [
              14.236843585968018,
              36.0386716356263
            ],
            [
              14.236757755279541,
              36.038584880055154
            ],
            [
              14.236682653427124,
              36.03852848888263
            ],
            [
              14.23654854297638,
              36.038446070942484
            ],
            [
              14.236398339271545,
              36.03837232850185
            ],
            [
              14.236371517181396,
              36.038350639535594
            ],
            [
              14.236360788345337,
              36.038350639535594
            ]
          ],
          [
            [
              14.236886501312256,
              36.03902299471211
            ],
            [
              14.23677384853363,
              36.0390490212487
            ]
          ],
          [
            [
              14.23680067062378,
              36.039044683493216
            ],
            [
              14.2367684841156,
              36.03897094161316
            ],
            [
              14.236671924591064,
              36.03894057728954
            ],
            [
              14.236489534378052,
              36.03898395489111
            ],
            [
              14.236473441123962,
              36.03893190176633
            ]
          ],
          [
            [
              14.236913323402405,
              36.03901865695518
            ],
            [
              14.236897230148315,
              36.03902299471211
            ]
          ],
          [
            [
              14.23629641532898,
              36.04199430207089
            ],
            [
              14.236392974853516,
              36.042029002808334
            ]
          ],
          [
            [
              14.23653781414032,
              36.04208539147409
            ],
            [
              14.236435890197754,
              36.04204635317133
            ]
          ],
          [
            [
              14.236425161361694,
              36.042024665216985
            ],
            [
              14.236435890197754,
              36.04203334039944
            ],
            [
              14.236435890197754,
              36.04204635317133
            ],
            [
              14.236425161361694,
              36.04205936594106
            ],
            [
              14.236409068107605,
              36.04205936594106
            ],
            [
              14.236392974853516,
              36.04204635317133
            ],
            [
              14.236403703689575,
              36.042024665216985
            ],
            [
              14.236425161361694,
              36.042024665216985
            ],
            [
              14.236500263214111,
              36.04189887496405
            ]
          ],
          [
            [
              14.236403703689575,
              36.04205936594106
            ],
            [
              14.236333966255188,
              36.042176480771914
            ]
          ],
          [
            [
              14.236586093902588,
              36.04212442975749
            ],
            [
              14.236500263214111,
              36.042354321478214
            ]
          ],
          [
            [
              14.236612915992737,
              36.04195960131814
            ],
            [
              14.236618280410767,
              36.04194658853193
            ],
            [
              14.236382246017456,
              36.04185116136726
            ],
            [
              14.236210584640503,
              36.04212876734333
            ],
            [
              14.236333966255188,
              36.042176480771914
            ],
            [
              14.236451983451843,
              36.0422285317519
            ],
            [
              14.236612915992737,
              36.04195960131814
            ],
            [
              14.236714839935303,
              36.0419986396639
            ],
            [
              14.237127900123596,
              36.04210707941169
            ],
            [
              14.236945509910583,
              36.04256686228328
            ]
          ],
          [
            [
              14.234944581985474,
              36.044019932009675
            ],
            [
              14.235169887542725,
              36.04408499420599
            ]
          ],
          [
            [
              14.234917759895325,
              36.04408933168382
            ],
            [
              14.235121607780457,
              36.04355148260903
            ],
            [
              14.235132336616516,
              36.04352112005172
            ]
          ],
          [
            [
              14.235384464263916,
              36.044249818196036
            ],
            [
              14.235212802886963,
              36.044210780966424
            ]
          ],
          [
            [
              14.234992861747742,
              36.0444580164271
            ],
            [
              14.234402775764465,
              36.04440596692095
            ],
            [
              14.234424233436584,
              36.04429753033929
            ]
          ],
          [
            [
              14.235067963600159,
              36.04424114325781
            ],
            [
              14.235191345214844,
              36.04427150553745
            ]
          ],
          [
            [
              14.235148429870605,
              36.04415873129682
            ],
            [
              14.235320091247559,
              36.04360353268008
            ],
            [
              14.235121607780457,
              36.04355148260903
            ]
          ],
          [
            [
              14.234966039657593,
              36.04424114325781
            ],
            [
              14.234649538993835,
              36.04416740624414
            ],
            [
              14.234633445739746,
              36.04420210602389
            ],
            [
              14.234810471534729,
              36.04424114325781
            ],
            [
              14.234826564788818,
              36.044206443495256
            ]
          ],
          [
            [
              14.234756827354431,
              36.044041619414415
            ],
            [
              14.235223531723022,
              36.044180418663345
            ]
          ],
          [
            [
              14.229435324668884,
              36.04253216178287
            ],
            [
              14.229639172554016,
              36.042579874966975
            ],
            [
              14.229682087898254,
              36.042631925680325
            ],
            [
              14.229703545570374,
              36.042696989023625
            ]
          ],
          [
            [
              14.229145646095276,
              36.04317845609299
            ],
            [
              14.229446053504944,
              36.04251047396234
            ]
          ],
          [
            [
              14.234944581985474,
              36.04574623073947
            ],
            [
              14.23478364944458,
              36.0457679176687
            ],
            [
              14.23476755619049,
              36.045681169915966
            ],
            [
              14.23479437828064,
              36.045676832525814
            ]
          ],
          [
            [
              14.236360788345337,
              36.044878748671934
            ],
            [
              14.23628568649292,
              36.04482669944392
            ],
            [
              14.23627495765686,
              36.044787662500326
            ],
            [
              14.236248135566711,
              36.04477898762134
            ],
            [
              14.235169887542725,
              36.04454910298007
            ]
          ],
          [
            [
              14.237101078033447,
              36.04552502372016
            ],
            [
              14.237106442451477,
              36.04542960089252
            ],
            [
              14.236988425254822,
              36.04542092608425
            ],
            [
              14.23677921295166,
              36.04542092608425
            ],
            [
              14.236392974853516,
              36.04544695050612
            ],
            [
              14.235674142837524,
              36.04557273509063
            ],
            [
              14.235652685165405,
              36.04556406029813
            ],
            [
              14.235641956329346,
              36.045520686321424
            ]
          ],
          [
            [
              14.238506555557251,
              36.04218949352013
            ],
            [
              14.238560199737549,
              36.04212009217139
            ],
            [
              14.238624572753906,
              36.04213310492895
            ]
          ],
          [
            [
              14.238624572753906,
              36.035791299577
            ],
            [
              14.2385333776474,
              36.035826003047944
            ]
          ],
          [
            [
              14.238624572753906,
              36.03564814759778
            ],
            [
              14.238463640213013,
              36.03570887877227
            ],
            [
              14.238613843917847,
              36.03596915470389
            ],
            [
              14.238624572753906,
              36.035964816778744
            ]
          ]
        ]
      },
      "properties": {
        "subclass": "footway",
        "class": "path",
        "source_layer": "transportation",
        "source_tile": "https://tiles.openfreemap.org/planet/20261004_113936_pt/14/8839/6431.pbf"
      }
    },
    {
      "type": "Feature",
      "id": "transportation:3267458070-0",
      "geometry": {
        "type": "MultiLineString",
        "coordinates": [
          [
            [
              14.224698543548584,
              36.04119618088872
            ],
            [
              14.225004315376282,
              36.04090555866648
            ]
          ],
          [
            [
              14.224103093147278,
              36.04060192236315
            ],
            [
              14.224210381507874,
              36.04030262257544
            ]
          ],
          [
            [
              14.22356128692627,
              36.040853506811914
            ],
            [
              14.223582744598389,
              36.040940259883726
            ]
          ],
          [
            [
              14.224344491958618,
              36.041751396480535
            ],
            [
              14.224467873573303,
              36.04177308451014
            ]
          ],
          [
            [
              14.220492839813232,
              36.040653974384
            ],
            [
              14.2205411195755,
              36.04067132505
            ],
            [
              14.220594763755798,
              36.040675662715884
            ]
          ],
          [
            [
              14.22029435634613,
              36.04058890935255
            ],
            [
              14.220331907272339,
              36.04060192236315
            ]
          ],
          [
            [
              14.219999313354492,
              36.04161693056366
            ],
            [
              14.22005295753479,
              36.04169500757561
            ],
            [
              14.220203161239624,
              36.041833810961265
            ]
          ],
          [
            [
              14.219972491264343,
              36.04153451585593
            ],
            [
              14.220240712165833,
              36.04179477253378
            ]
          ],
          [
            [
              14.218926429748535,
              36.042579874966975
            ],
            [
              14.218894243240356,
              36.04221118142905
            ],
            [
              14.218899607658386,
              36.04217214318868
            ],
            [
              14.218931794166565,
              36.04212876734333
            ],
            [
              14.218937158584595,
              36.04210707941169
            ],
            [
              14.218931794166565,
              36.042029002808334
            ],
            [
              14.218899607658386,
              36.04191622535572
            ]
          ],
          [
            [
              14.218690395355225,
              36.043881132477836
            ],
            [
              14.218658208847046,
              36.04382908259031
            ],
            [
              14.21854019165039,
              36.04379872014002
            ]
          ],
          [
            [
              14.218427538871765,
              36.044119694022044
            ],
            [
              14.218668937683105,
              36.04391583238373
            ],
            [
              14.218711853027344,
              36.04384209506543
            ]
          ],
          [
            [
              14.216147661209106,
              36.04384209506543
            ],
            [
              14.216190576553345,
              36.043824745098135
            ],
            [
              14.216233491897583,
              36.04376835767805
            ],
            [
              14.216238856315613,
              36.0434126822514
            ]
          ],
          [
            [
              14.217402935028076,
              36.0420897290621
            ],
            [
              14.217402935028076,
              36.04212876734333
            ]
          ],
          [
            [
              14.217166900634766,
              36.04207671629736
            ],
            [
              14.217231273651123,
              36.04207671629736
            ]
          ],
          [
            [
              14.226517081260681,
              36.03687143794072
            ],
            [
              14.226656556129456,
              36.036966871140095
            ],
            [
              14.22680139541626,
              36.03704495276267
            ],
            [
              14.226865768432617,
              36.03709700713472
            ],
            [
              14.226962327957153,
              36.037123034307854
            ],
            [
              14.227091073989868,
              36.037201115775574
            ]
          ],
          [
            [
              14.225873351097107,
              36.037461386775604
            ],
            [
              14.225991368293762,
              36.037483075986785
            ],
            [
              14.226431250572205,
              36.03753079223034
            ],
            [
              14.226474165916443,
              36.03752645439123
            ],
            [
              14.226511716842651,
              36.03751344087239
            ]
          ],
          [
            [
              14.226683378219604,
              36.04021586880111
            ],
            [
              14.22680139541626,
              36.04008573796044
            ]
          ],
          [
            [
              14.228952527046204,
              36.03975607220157
            ],
            [
              14.229210019111633,
              36.03980378706788
            ]
          ],
          [
            [
              14.232364296913147,
              36.03667189542284
            ],
            [
              14.23228919506073,
              36.03656778608237
            ]
          ],
          [
            [
              14.232380390167236,
              36.03674997733788
            ],
            [
              14.232246279716492,
              36.036593813430386
            ]
          ],
          [
            [
              14.22978937625885,
              36.03618171274333
            ],
            [
              14.229864478111267,
              36.03602120978701
            ],
            [
              14.229885935783386,
              36.035999520173235
            ],
            [
              14.23004686832428,
              36.03601687186473
            ],
            [
              14.230073690414429,
              36.03600819601945
            ],
            [
              14.230079054832458,
              36.03599084432604
            ],
            [
              14.230073690414429,
              36.035982168477915
            ],
            [
              14.229955673217773,
              36.03592143751415
            ],
            [
              14.229741096496582,
              36.035834678913275
            ]
          ],
          [
            [
              14.235599040985107,
              36.042271907542315
            ],
            [
              14.235507845878601,
              36.04246276073614
            ],
            [
              14.23551857471466,
              36.0425581871596
            ]
          ],
          [
            [
              14.236478805541992,
              36.042809765357944
            ],
            [
              14.23655390739441,
              36.04275771476219
            ],
            [
              14.236591458320618,
              36.04268831391427
            ]
          ],
          [
            [
              14.235132336616516,
              36.044436329137056
            ],
            [
              14.23527181148529,
              36.04405463185441
            ]
          ],
          [
            [
              14.234713912010193,
              36.04200731484923
            ],
            [
              14.234687089920044,
              36.04186851176942
            ]
          ],
          [
            [
              14.234756827354431,
              36.04200731484923
            ],
            [
              14.234703183174133,
              36.04178175972031
            ],
            [
              14.234558343887329,
              36.04140438719445
            ]
          ],
          [
            [
              14.234493970870972,
              36.04108773988648
            ],
            [
              14.234456419944763,
              36.041053038734205
            ],
            [
              14.234408140182495,
              36.04086218212339
            ],
            [
              14.23454225063324,
              36.04083615618609
            ]
          ],
          [
            [
              14.229145646095276,
              36.04099664932916
            ],
            [
              14.229065179824829,
              36.04100966227236
            ],
            [
              14.228754043579102,
              36.041022675213426
            ],
            [
              14.228378534317017,
              36.041048701089096
            ]
          ],
          [
            [
              14.229215383529663,
              36.04323484393554
            ],
            [
              14.229467511177063,
              36.0433909946734
            ]
          ],
          [
            [
              14.229821562767029,
              36.044497053534116
            ],
            [
              14.229891300201416,
              36.044531753168584
            ],
            [
              14.229907393455505,
              36.04454910298007
            ],
            [
              14.229907393455505,
              36.044596814941954
            ],
            [
              14.229961037635803,
              36.04477898762134
            ]
          ],
          [
            [
              14.23205852508545,
              36.044293192872914
            ],
            [
              14.23204243183136,
              36.04448404116728
            ]
          ],
          [
            [
              14.233345985412598,
              36.046062859313025
            ],
            [
              14.233319163322449,
              36.045954425013406
            ]
          ],
          [
            [
              14.238624572753906,
              36.03499745350372
            ],
            [
              14.238426089286804,
              36.03484996209505
            ]
          ],
          [
            [
              14.238420724868774,
              36.03372207748497
            ],
            [
              14.238485097885132,
              36.033665682830474
            ],
            [
              14.238554835319519,
              36.03363097840766
            ],
            [
              14.238624572753906,
              36.03360928813562
            ]
          ],
          [
            [
              14.238570928573608,
              36.03314511488249
            ],
            [
              14.238501191139221,
              36.0331971718321
            ],
            [
              14.238452911376953,
              36.03322320029403
            ],
            [
              14.238361716270447,
              36.03324922874732
            ],
            [
              14.238308072090149,
              36.03324055259719
            ],
            [
              14.23827052116394,
              36.03321018606415
            ]
          ]
        ]
      },
      "properties": {
        "class": "service",
        "service": "driveway",
        "source_layer": "transportation",
        "source_tile": "https://tiles.openfreemap.org/planet/20261004_113936_pt/14/8839/6431.pbf"
      }
    },
    {
      "type": "Feature",
      "id": "transportation:3370033810-0",
      "geometry": {
        "type": "MultiLineString",
        "coordinates": [
          [
            [
              14.225116968154907,
              36.04126992068497
            ],
            [
              14.225165247917175,
              36.04129594647891
            ],
            [
              14.225181341171265,
              36.04138703669
            ],
            [
              14.225401282310486,
              36.04148246441714
            ]
          ],
          [
            [
              14.223507642745972,
              36.0406973510418
            ],
            [
              14.22355055809021,
              36.04083615618609
            ],
            [
              14.22356128692627,
              36.040853506811914
            ],
            [
              14.223582744598389,
              36.040866519778774
            ],
            [
              14.223657846450806,
              36.04096628578665
            ],
            [
              14.223700761795044,
              36.041044363443746
            ],
            [
              14.223732948303223,
              36.04106171402371
            ]
          ],
          [
            [
              14.223727583885193,
              36.04063228604616
            ],
            [
              14.223711490631104,
              36.04041106465891
            ],
            [
              14.223700761795044,
              36.04038503857251
            ],
            [
              14.223394989967346,
              36.04017249187811
            ],
            [
              14.223357439041138,
              36.0401161018425
            ],
            [
              14.22304093837738,
              36.039166140556915
            ],
            [
              14.222955107688904,
              36.03885382201466
            ],
            [
              14.222880005836487,
              36.03870200005365
            ],
            [
              14.222847819328308,
              36.03859789339691
            ],
            [
              14.222831726074219,
              36.03857186671122
            ]
          ],
          [
            [
              14.224323034286499,
              36.04107038931227
            ],
            [
              14.224392771720886,
              36.041131116305294
            ],
            [
              14.224575161933899,
              36.04124389488241
            ],
            [
              14.224596619606018,
              36.04126558305181
            ],
            [
              14.224736094474792,
              36.0415431910924
            ],
            [
              14.22478437423706,
              36.04156921679602
            ],
            [
              14.224945306777954,
              36.041547528710254
            ],
            [
              14.225074052810669,
              36.04137402380913
            ],
            [
              14.225116968154907,
              36.04126992068497
            ],
            [
              14.225208163261414,
              36.04101833756664
            ],
            [
              14.225980639457703,
              36.04015947879657
            ],
            [
              14.226350784301758,
              36.03970401958718
            ],
            [
              14.226350784301758,
              36.039651966938365
            ],
            [
              14.226393699645996,
              36.03956955017402
            ],
            [
              14.226409792900085,
              36.039448093732545
            ],
            [
              14.226377606391907,
              36.03923988225418
            ],
            [
              14.226517081260681,
              36.03880176880385
            ],
            [
              14.22829806804657,
              36.039153127309035
            ]
          ],
          [
            [
              14.221249222755432,
              36.04037202552608
            ],
            [
              14.22081470489502,
              36.04132197226424
            ],
            [
              14.22080397605896,
              36.04137402380913
            ],
            [
              14.22081470489502,
              36.04142607531962
            ]
          ],
          [
            [
              14.219918847084045,
              36.0364897039867
            ],
            [
              14.219913482666016,
              36.03638993230736
            ],
            [
              14.219881296157837,
              36.03634655327693
            ],
            [
              14.21957015991211,
              36.0361426715138
            ],
            [
              14.219430685043335,
              36.03603856147373
            ],
            [
              14.219355583190918,
              36.035999520173235
            ],
            [
              14.21903908252716,
              36.03590408580163
            ],
            [
              14.218829870223999,
              36.035752258153934
            ],
            [
              14.218674302101135,
              36.03566116142481
            ],
            [
              14.218389987945557,
              36.03557006459033
            ]
          ],
          [
            [
              14.225980639457703,
              36.04015947879657
            ],
            [
              14.227225184440613,
              36.04085784446778
            ]
          ],
          [
            [
              14.228072762489319,
              36.03992524296075
            ],
            [
              14.228373169898987,
              36.03888418637172
            ],
            [
              14.228410720825195,
              36.038845146481904
            ],
            [
              14.228442907333374,
              36.038832133181
            ],
            [
              14.228475093841553,
              36.038832133181
            ],
            [
              14.229177832603455,
              36.03896660385335
            ]
          ],
          [
            [
              14.229134917259216,
              36.03902733246882
            ],
            [
              14.228823781013489,
              36.04023755725366
            ],
            [
              14.228072762489319,
              36.03992524296075
            ],
            [
              14.226377606391907,
              36.03923988225418
            ]
          ],
          [
            [
              14.232321381568909,
              36.03246837140651
            ],
            [
              14.232358932495117,
              36.03224712708591
            ],
            [
              14.232326745986938,
              36.032199407641144
            ],
            [
              14.232187271118164,
              36.03215168816752
            ],
            [
              14.232165813446045,
              36.031926104809784
            ]
          ],
          [
            [
              14.235631227493286,
              36.03226447960411
            ],
            [
              14.235577583312988,
              36.03147493615624
            ]
          ],
          [
            [
              14.235894083976746,
              36.03153567054859
            ],
            [
              14.235389828681946,
              36.03144023076817
            ],
            [
              14.235132336616516,
              36.03145324529051
            ],
            [
              14.234923124313354,
              36.03150096518728
            ],
            [
              14.234429597854614,
              36.03162677204931
            ],
            [
              14.234086275100708,
              36.031778607649684
            ],
            [
              14.233614206314087,
              36.03203022028593
            ],
            [
              14.233372807502747,
              36.032242788955756
            ],
            [
              14.233244061470032,
              36.032312199009425
            ],
            [
              14.232932925224304,
              36.03239028524668
            ],
            [
              14.231216311454773,
              36.03261586727501
            ],
            [
              14.230985641479492,
              36.03252910503288
            ],
            [
              14.230470657348633,
              36.03271564373533
            ],
            [
              14.230347275733948,
              36.03274167235635
            ],
            [
              14.230068325996399,
              36.0327633628673
            ]
          ],
          [
            [
              14.236232042312622,
              36.03159640489413
            ],
            [
              14.236226677894592,
              36.03172221160372
            ],
            [
              14.236253499984741,
              36.03215602630267
            ],
            [
              14.236183762550354,
              36.03223411269474
            ],
            [
              14.234982132911682,
              36.03229918462901
            ],
            [
              14.234923124313354,
              36.03150096518728
            ]
          ],
          [
            [
              14.237498044967651,
              36.03306702939355
            ],
            [
              14.235872626304626,
              36.0339216274766
            ],
            [
              14.23580288887024,
              36.034481232364925
            ],
            [
              14.237165451049805,
              36.03458968246474
            ],
            [
              14.237932562828064,
              36.03464173845961
            ]
          ],
          [
            [
              14.236950874328613,
              36.03335334247454
            ],
            [
              14.237165451049805,
              36.03458968246474
            ]
          ],
          [
            [
              14.236237406730652,
              36.03798192619516
            ],
            [
              14.236237406730652,
              36.038042655569996
            ],
            [
              14.2362642288208,
              36.03812941173851
            ],
            [
              14.23629105091095,
              36.038168451983154
            ],
            [
              14.236360788345337,
              36.03824219461467
            ],
            [
              14.236430525779724,
              36.03829424819537
            ]
          ],
          [
            [
              14.238055944442749,
              36.03834196394743
            ],
            [
              14.238490462303162,
              36.03842871978621
            ],
            [
              14.238624572753906,
              36.03842438199652
            ]
          ],
          [
            [
              14.237401485443115,
              36.03941339185771
            ],
            [
              14.237911105155945,
              36.039469782396566
            ]
          ],
          [
            [
              14.237734079360962,
              36.0399642823151
            ],
            [
              14.237728714942932,
              36.03974305905119
            ],
            [
              14.237889647483826,
              36.03949147105459
            ],
            [
              14.238082766532898,
              36.039283259690905
            ]
          ],
          [
            [
              14.235341548919678,
              36.044505728444165
            ],
            [
              14.235432744026184,
              36.04426283060161
            ],
            [
              14.235599040985107,
              36.04342569479533
            ]
          ],
          [
            [
              14.2327880859375,
              36.04274903965954
            ],
            [
              14.232632517814636,
              36.04275771476219
            ],
            [
              14.232482314109802,
              36.04289651627445
            ],
            [
              14.232380390167236,
              36.043039655077735
            ],
            [
              14.232348203659058,
              36.043187131148315
            ]
          ],
          [
            [
              14.235105514526367,
              36.041751396480535
            ],
            [
              14.234885573387146,
              36.04172970844496
            ],
            [
              14.234874844551086,
              36.04172103322904
            ],
            [
              14.234751462936401,
              36.0414651139299
            ],
            [
              14.23451542854309,
              36.04110509045687
            ],
            [
              14.234493970870972,
              36.04108773988648
            ]
          ],
          [
            [
              14.235164523124695,
              36.04156054156245
            ],
            [
              14.235239624977112,
              36.04110509045687
            ]
          ],
          [
            [
              14.233136773109436,
              36.0412525701509
            ],
            [
              14.232949018478394,
              36.0412525701509
            ],
            [
              14.232873916625977,
              36.041274258317884
            ],
            [
              14.232836365699768,
              36.04130462174166
            ],
            [
              14.23279345035553,
              36.04135233566963
            ],
            [
              14.232755899429321,
              36.04146077630749
            ],
            [
              14.232734441757202,
              36.04149113965934
            ],
            [
              14.232707619667053,
              36.04151282776063
            ],
            [
              14.232659339904785,
              36.041530178237366
            ],
            [
              14.232578873634338,
              36.04185116136726
            ]
          ],
          [
            [
              14.232831001281738,
              36.04112244102345
            ],
            [
              14.233254790306091,
              36.04130462174166
            ],
            [
              14.233319163322449,
              36.04134799804102
            ],
            [
              14.233426451683044,
              36.041469451552075
            ],
            [
              14.233474731445312,
              36.04150849014084
            ],
            [
              14.234247207641602,
              36.04194658853193
            ],
            [
              14.2343008518219,
              36.04196393891307
            ],
            [
              14.234440326690674,
              36.04198996447764
            ],
            [
              14.234756827354431,
              36.04200731484923
            ],
            [
              14.23504650592804,
              36.04207237870864
            ]
          ],
          [
            [
              14.231613278388977,
              36.040745065337745
            ],
            [
              14.231355786323547,
              36.040736390013365
            ],
            [
              14.231237769126892,
              36.040693013377066
            ],
            [
              14.230583310127258,
              36.04083181852903
            ],
            [
              14.230336546897888,
              36.04085784446778
            ],
            [
              14.229944944381714,
              36.04088387039792
            ],
            [
              14.229515790939331,
              36.04088820805211
            ],
            [
              14.22929584980011,
              36.04091857162474
            ],
            [
              14.229140281677246,
              36.040983636383814
            ]
          ],
          [
            [
              14.229944944381714,
              36.04088387039792
            ],
            [
              14.229987859725952,
              36.04057155866842
            ]
          ],
          [
            [
              14.227686524391174,
              36.041816460551445
            ],
            [
              14.227691888809204,
              36.04186417416925
            ],
            [
              14.227681159973145,
              36.04187284936938
            ],
            [
              14.22756314277649,
              36.041907550160346
            ],
            [
              14.22755241394043,
              36.041924900550114
            ],
            [
              14.227568507194519,
              36.04217214318868
            ],
            [
              14.22755777835846,
              36.042232869332025
            ],
            [
              14.227568507194519,
              36.042323958459235
            ],
            [
              14.22753095626831,
              36.04239335962829
            ]
          ],
          [
            [
              14.227375388145447,
              36.04197695169644
            ],
            [
              14.227370023727417,
              36.04205069076147
            ],
            [
              14.22755777835846,
              36.04207671629736
            ]
          ],
          [
            [
              14.228469729423523,
              36.041924900550114
            ],
            [
              14.228399991989136,
              36.04170368279436
            ]
          ],
          [
            [
              14.229574799537659,
              36.04191622535572
            ],
            [
              14.229510426521301,
              36.04159090487579
            ],
            [
              14.229483604431152,
              36.04150849014084
            ],
            [
              14.229440689086914,
              36.041421737695075
            ],
            [
              14.229140281677246,
              36.040983636383814
            ],
            [
              14.228957891464233,
              36.040732052350805
            ],
            [
              14.228855967521667,
              36.040658312050866
            ],
            [
              14.22879159450531,
              36.040627948377875
            ],
            [
              14.228689670562744,
              36.04061493537159
            ],
            [
              14.228609204292297,
              36.04063228604616
            ],
            [
              14.228475093841553,
              36.040693013377066
            ],
            [
              14.227498769760132,
              36.04058890935255
            ],
            [
              14.226908683776855,
              36.04017249187811
            ],
            [
              14.226350784301758,
              36.03970401958718
            ],
            [
              14.226205945014954,
              36.03950448424655
            ],
            [
              14.226023554801941,
              36.03920518028758
            ],
            [
              14.22580897808075,
              36.03900130592508
            ],
            [
              14.225760698318481,
              36.03892756400438
            ],
            [
              14.225728511810303,
              36.038866835311964
            ],
            [
              14.225610494613647,
              36.038467759882465
            ],
            [
              14.225707054138184,
              36.03815110076569
            ],
            [
              14.225707054138184,
              36.03808603366619
            ],
            [
              14.225680232048035,
              36.037942885858044
            ],
            [
              14.225696325302124,
              36.03783877819778
            ],
            [
              14.225707054138184,
              36.03766092729312
            ],
            [
              14.225771427154541,
              36.037556819260104
            ],
            [
              14.22580361366272,
              36.03751344087239
            ],
            [
              14.225926995277405,
              36.03741800833534
            ],
            [
              14.226012825965881,
              36.037283535018645
            ],
            [
              14.226173758506775,
              36.03713604789115
            ],
            [
              14.22653317451477,
              36.036862762189585
            ],
            [
              14.2267906665802,
              36.03671527427407
            ],
            [
              14.226919412612915,
              36.036619840769816
            ],
            [
              14.226967692375183,
              36.03657212397431
            ],
            [
              14.22702670097351,
              36.03648536609023
            ],
            [
              14.227144718170166,
              36.03638993230736
            ],
            [
              14.22730028629303,
              36.036281484686455
            ],
            [
              14.227584600448608,
              36.0361383335982
            ],
            [
              14.22781527042389,
              36.03600819601945
            ],
            [
              14.227895736694336,
              36.03597349262881
            ],
            [
              14.228083491325378,
              36.035917099586385
            ],
            [
              14.228426814079285,
              36.03585636857247
            ],
            [
              14.22877550125122,
              36.0358390168456
            ],
            [
              14.229113459587097,
              36.035882396155586
            ],
            [
              14.229446053504944,
              36.03600385809645
            ],
            [
              14.229606986045837,
              36.03607760275489
            ],
            [
              14.22978937625885,
              36.03618171274333
            ],
            [
              14.229961037635803,
              36.036255457235214
            ],
            [
              14.230121970176697,
              36.03627714677852
            ],
            [
              14.230207800865173,
              36.0363075121291
            ],
            [
              14.23052966594696,
              36.036481028193535
            ],
            [
              14.230674505233765,
              36.03660248921116
            ],
            [
              14.230846166610718,
              36.03682805917549
            ],
            [
              14.230915904045105,
              36.036897465188375
            ],
            [
              14.231012463569641,
              36.03691481668206
            ],
            [
              14.231425523757935,
              36.03693216817189
            ],
            [
              14.23154890537262,
              36.036949519657895
            ],
            [
              14.231747388839722,
              36.036997236224735
            ],
            [
              14.231843948364258,
              36.03704495276267
            ],
            [
              14.23204779624939,
              36.037201115775574
            ],
            [
              14.232138991355896,
              36.037279197165915
            ],
            [
              14.232187271118164,
              36.03734860278121
            ],
            [
              14.232396483421326,
              36.03822484341349
            ],
            [
              14.232391119003296,
              36.038307261585146
            ],
            [
              14.232235550880432,
              36.038632595631114
            ],
            [
              14.232224822044373,
              36.03869766227902
            ],
            [
              14.231838583946228,
              36.039521835165786
            ],
            [
              14.231677651405334,
              36.03994259378729
            ],
            [
              14.231516718864441,
              36.040311297947596
            ],
            [
              14.231237769126892,
              36.040693013377066
            ]
          ],
          [
            [
              14.229639172554016,
              36.042540836909396
            ],
            [
              14.229682087898254,
              36.042571199844744
            ],
            [
              14.229698181152344,
              36.042592887648524
            ],
            [
              14.229751825332642,
              36.042696989023625
            ]
          ],
          [
            [
              14.229424595832825,
              36.04344304485052
            ],
            [
              14.229907393455505,
              36.04367727022182
            ]
          ],
          [
            [
              14.22755777835846,
              36.04460982729016
            ],
            [
              14.22755777835846,
              36.04456211533616
            ],
            [
              14.227573871612549,
              36.04450139098928
            ],
            [
              14.227611422538757,
              36.04442765421936
            ],
            [
              14.227761626243591,
              36.04426283060161
            ],
            [
              14.227825999259949,
              36.044210780966424
            ],
            [
              14.227997660636902,
              36.04412836897366
            ],
            [
              14.22828197479248,
              36.044041619414415
            ],
            [
              14.228995442390442,
              36.04376402018252
            ],
            [
              14.229124188423157,
              36.04369895772095
            ],
            [
              14.229269027709961,
              36.04360353268008
            ],
            [
              14.229424595832825,
              36.04344304485052
            ],
            [
              14.229574799537659,
              36.04323050641064
            ],
            [
              14.229655265808105,
              36.04304833014834
            ],
            [
              14.229719638824463,
              36.04284012818961
            ],
            [
              14.22978401184082,
              36.042571199844744
            ],
            [
              14.22977328300476,
              36.04251914909126
            ]
          ],
          [
            [
              14.229419231414795,
              36.04437126723107
            ],
            [
              14.229907393455505,
              36.04367727022182
            ],
            [
              14.2305189371109,
              36.04277940251461
            ]
          ],
          [
            [
              14.238554835319519,
              36.048630539885906
            ],
            [
              14.23852264881134,
              36.04870427271939
            ],
            [
              14.238479733467102,
              36.048947156858986
            ],
            [
              14.238490462303162,
              36.04898619174007
            ],
            [
              14.238592386245728,
              36.049116307870634
            ]
          ],
          [
            [
              14.238624572753906,
              36.03807735804885
            ],
            [
              14.238377809524536,
              36.037999277449885
            ],
            [
              14.238072037696838,
              36.037817089084584
            ],
            [
              14.238587021827698,
              36.03738764341293
            ],
            [
              14.238624572753906,
              36.03732691353299
            ]
          ],
          [
            [
              14.238624572753906,
              36.03468511842907
            ],
            [
              14.238232970237732,
              36.03453328843149
            ],
            [
              14.238206148147583,
              36.034515936413115
            ],
            [
              14.238125681877136,
              36.03435109204803
            ],
            [
              14.238098859786987,
              36.03432940197432
            ],
            [
              14.237878918647766,
              36.03432940197432
            ]
          ],
          [
            [
              14.238624572753906,
              36.03484128612122
            ],
            [
              14.238426089286804,
              36.03484996209505
            ],
            [
              14.237975478172302,
              36.03484996209505
            ]
          ]
        ]
      },
      "properties": {
        "class": "minor",
        "source_layer": "transportation",
        "source_tile": "https://tiles.openfreemap.org/planet/20261004_113936_pt/14/8839/6431.pbf"
      }
    },
    {
      "type": "Feature",
      "id": "transportation:3370033850-0",
      "geometry": {
        "type": "MultiLineString",
        "coordinates": [
          [
            [
              14.227069616317749,
              36.04166464430237
            ],
            [
              14.22702670097351,
              36.04189887496405
            ],
            [
              14.22703206539154,
              36.04191188775815
            ],
            [
              14.227080345153809,
              36.04195526372298
            ],
            [
              14.227080345153809,
              36.04196393891307
            ],
            [
              14.227010607719421,
              36.04206804111969
            ],
            [
              14.226951599121094,
              36.04222419417155
            ],
            [
              14.226924777030945,
              36.04252348665537
            ]
          ],
          [
            [
              14.238211512565613,
              36.04302664247001
            ],
            [
              14.238340258598328,
              36.042922541530785
            ],
            [
              14.238372445106506,
              36.04288784118711
            ]
          ],
          [
            [
              14.238098859786987,
              36.04362522019953
            ],
            [
              14.238072037696838,
              36.0435037700137
            ],
            [
              14.237975478172302,
              36.04330858182256
            ],
            [
              14.237948656082153,
              36.04326954412626
            ]
          ],
          [
            [
              14.23827052116394,
              36.043928844844515
            ],
            [
              14.238002300262451,
              36.04386378251915
            ]
          ],
          [
            [
              14.237728714942932,
              36.044471028798256
            ],
            [
              14.237857460975647,
              36.04448837862313
            ]
          ],
          [
            [
              14.237895011901855,
              36.04425415566479
            ],
            [
              14.237836003303528,
              36.04424114325781
            ],
            [
              14.237739443778992,
              36.044150056348556
            ],
            [
              14.237664341926575,
              36.04405463185441
            ],
            [
              14.237616062164307,
              36.043963544729365
            ],
            [
              14.23777163028717,
              36.04395053227434
            ],
            [
              14.237809181213379,
              36.04393751981715
            ],
            [
              14.237846732139587,
              36.04393751981715
            ],
            [
              14.237964749336243,
              36.04395920724458
            ]
          ],
          [
            [
              14.238624572753906,
              36.04422813084865
            ],
            [
              14.238495826721191,
              36.044206443495256
            ]
          ],
          [
            [
              14.238490462303162,
              36.04425415566479
            ],
            [
              14.238345623016357,
              36.04421945590799
            ]
          ],
          [
            [
              14.238426089286804,
              36.043221831360086
            ],
            [
              14.238383173942566,
              36.04338231964054
            ],
            [
              14.238334894180298,
              36.04343003230947
            ]
          ],
          [
            [
              14.23828125,
              36.04307869288799
            ],
            [
              14.238399267196655,
              36.04300495478569
            ],
            [
              14.238485097885132,
              36.04297892955661
            ]
          ],
          [
            [
              14.238613843917847,
              36.04271000168582
            ],
            [
              14.238624572753906,
              36.04270566413199
            ]
          ]
        ]
      },
      "properties": {
        "surface": "paved",
        "class": "service",
        "service": "alley",
        "source_layer": "transportation",
        "source_tile": "https://tiles.openfreemap.org/planet/20261004_113936_pt/14/8839/6431.pbf"
      }
    },
    {
      "type": "Feature",
      "id": "transportation:3384468480-0",
      "geometry": {
        "type": "MultiLineString",
        "coordinates": [
          [
            [
              14.215965270996094,
              36.04821850219207
            ],
            [
              14.216394424438477,
              36.048634877113315
            ],
            [
              14.216780662536621,
              36.04905558703645
            ],
            [
              14.216748476028442,
              36.049116307870634
            ],
            [
              14.216625094413757,
              36.049220400620214
            ],
            [
              14.216399788856506,
              36.04934184198744
            ],
            [
              14.21633005142212,
              36.04936786511317
            ]
          ],
          [
            [
              14.221930503845215,
              36.04542960089252
            ],
            [
              14.221892952919006,
              36.045824303656715
            ],
            [
              14.221898317337036,
              36.04590237649653
            ],
            [
              14.221984148025513,
              36.04621032972082
            ],
            [
              14.221764206886292,
              36.04676117262461
            ],
            [
              14.221656918525696,
              36.046965026895364
            ],
            [
              14.2215496301651,
              36.047194904482325
            ],
            [
              14.221351146697998,
              36.047403094925215
            ],
            [
              14.22131896018982,
              36.04745947974209
            ],
            [
              14.221104383468628,
              36.04816645517208
            ],
            [
              14.220986366271973,
              36.04832259612884
            ],
            [
              14.220868349075317,
              36.04843970164319
            ],
            [
              14.22031581401825,
              36.0489167963825
            ],
            [
              14.219988584518433,
              36.04923774939843
            ],
            [
              14.219875931739807,
              36.0493765394865
            ]
          ],
          [
            [
              14.226822853088379,
              36.04282277800152
            ],
            [
              14.226420521736145,
              36.042753377210985
            ],
            [
              14.226366877555847,
              36.042753377210985
            ],
            [
              14.226318597793579,
              36.042770727414336
            ],
            [
              14.225599765777588,
              36.04314809339179
            ]
          ],
          [
            [
              14.224693179130554,
              36.042154792853424
            ],
            [
              14.225599765777588,
              36.04314809339179
            ],
            [
              14.225728511810303,
              36.043247856508856
            ],
            [
              14.22577679157257,
              36.043265206603266
            ],
            [
              14.22654390335083,
              36.04334328198078
            ],
            [
              14.226629734039307,
              36.043321594383684
            ],
            [
              14.226667284965515,
              36.043295569259286
            ],
            [
              14.226672649383545,
              36.04328255669385
            ],
            [
              14.226924777030945,
              36.04252348665537
            ],
            [
              14.22556757926941,
              36.04221118142905
            ]
          ],
          [
            [
              14.225969910621643,
              36.04136968618171
            ],
            [
              14.22556757926941,
              36.04221118142905
            ],
            [
              14.22505259513855,
              36.042540836909396
            ]
          ],
          [
            [
              14.21853482723236,
              36.04454042807481
            ],
            [
              14.21856164932251,
              36.04437994215496
            ],
            [
              14.21856164932251,
              36.044336567525875
            ],
            [
              14.218529462814331,
              36.04425849313331
            ],
            [
              14.218411445617676,
              36.044093669161455
            ],
            [
              14.21832025051117,
              36.04399824459895
            ],
            [
              14.218229055404663,
              36.0439201698709
            ],
            [
              14.2180734872818,
              36.04385077004764
            ],
            [
              14.217998385429382,
              36.04385077004764
            ]
          ],
          [
            [
              14.217166900634766,
              36.04290519136086
            ],
            [
              14.217129349708557,
              36.042788077613906
            ],
            [
              14.217129349708557,
              36.04251914909126
            ],
            [
              14.217118620872498,
              36.042349983904785
            ],
            [
              14.21730101108551,
              36.04116581742316
            ],
            [
              14.217349290847778,
              36.04068433804696
            ],
            [
              14.217354655265808,
              36.040545532635036
            ],
            [
              14.217349290847778,
              36.040450103772415
            ],
            [
              14.217236638069153,
              36.040033685563955
            ],
            [
              14.217258095741272,
              36.039747396768234
            ],
            [
              14.217349290847778,
              36.03947412012863
            ],
            [
              14.217478036880493,
              36.03928759743326
            ],
            [
              14.217703342437744,
              36.03909239879056
            ],
            [
              14.218180775642395,
              36.038905875191034
            ]
          ],
          [
            [
              14.21754240989685,
              36.04289651627445
            ],
            [
              14.217622876167297,
              36.0430223049336
            ],
            [
              14.21779453754425,
              36.04343003230947
            ],
            [
              14.217998385429382,
              36.04385077004764
            ],
            [
              14.218111038208008,
              36.04413270644913
            ],
            [
              14.218121767044067,
              36.04422813084865
            ]
          ],
          [
            [
              14.219098091125488,
              36.039127100806866
            ],
            [
              14.219146370887756,
              36.03902733246882
            ],
            [
              14.219151735305786,
              36.03896660385335
            ],
            [
              14.219119548797607,
              36.03868898672907
            ],
            [
              14.21906590461731,
              36.03845040873097
            ],
            [
              14.219108819961548,
              36.038073020239835
            ],
            [
              14.21930193901062,
              36.03701458769643
            ],
            [
              14.219339489936829,
              36.036875775815915
            ],
            [
              14.219382405281067,
              36.03681070766271
            ],
            [
              14.219452142715454,
              36.03674130157336
            ],
            [
              14.219527244567871,
              36.036702260621226
            ],
            [
              14.219875931739807,
              36.03655477240514
            ],
            [
              14.219902753829956,
              36.036533082938305
            ],
            [
              14.219918847084045,
              36.0364897039867
            ],
            [
              14.22005832195282,
              36.03637258069807
            ],
            [
              14.220133423805237,
              36.03633787746796
            ],
            [
              14.220219254493713,
              36.03632052584719
            ],
            [
              14.22032117843628,
              36.03631185003536
            ],
            [
              14.220444560050964,
              36.03631185003536
            ],
            [
              14.220621585845947,
              36.03635089118106
            ],
            [
              14.22105073928833,
              36.03650271767469
            ],
            [
              14.22130823135376,
              36.0365591102978
            ],
            [
              14.221876859664917,
              36.036611164990944
            ],
            [
              14.222091436386108,
              36.036654543875656
            ]
          ],
          [
            [
              14.220594763755798,
              36.0400293478627
            ],
            [
              14.219940304756165,
              36.0412525701509
            ]
          ],
          [
            [
              14.216668009757996,
              36.0315226560399
            ],
            [
              14.216678738594055,
              36.03124935086042
            ],
            [
              14.216866493225098,
              36.03108449965873
            ],
            [
              14.216925501823425,
              36.0310541322945
            ]
          ],
          [
            [
              14.217740893363953,
              36.03161375755565
            ],
            [
              14.217660427093506,
              36.031379496302236
            ],
            [
              14.217397570610046,
              36.0310541322945
            ]
          ],
          [
            [
              14.218261241912842,
              36.03181765104247
            ],
            [
              14.218711853027344,
              36.0310541322945
            ]
          ],
          [
            [
              14.219022989273071,
              36.03214735003212
            ],
            [
              14.218261241912842,
              36.03181765104247
            ],
            [
              14.217740893363953,
              36.03161375755565
            ],
            [
              14.217381477355957,
              36.03155736139165
            ],
            [
              14.217022061347961,
              36.0310541322945
            ]
          ],
          [
            [
              14.221351146697998,
              36.032164702572274
            ],
            [
              14.221276044845581,
              36.03222977456387
            ],
            [
              14.220718145370483,
              36.032325213387665
            ],
            [
              14.220605492591858,
              36.03232955151327
            ],
            [
              14.220085144042969,
              36.032208083905985
            ]
          ],
          [
            [
              14.23180639743805,
              36.034207937451086
            ],
            [
              14.2315274477005,
              36.03394331766262
            ],
            [
              14.231377243995667,
              36.033657006726216
            ],
            [
              14.231098294258118,
              36.03337069474904
            ],
            [
              14.230985641479492,
              36.03313643872086
            ],
            [
              14.230374097824097,
              36.03316246720286
            ],
            [
              14.230341911315918,
              36.03314945296293
            ],
            [
              14.230325818061829,
              36.033114748312656
            ],
            [
              14.230347275733948,
              36.03308871981491
            ],
            [
              14.230728149414062,
              36.032958577197135
            ],
            [
              14.230905175209045,
              36.03285446294811
            ],
            [
              14.231200218200684,
              36.03269829131652
            ],
            [
              14.231216311454773,
              36.03261586727501
            ]
          ],
          [
            [
              14.23204243183136,
              36.03493672178065
            ],
            [
              14.231827855110168,
              36.03504950922908
            ],
            [
              14.23179030418396,
              36.03510156492004
            ],
            [
              14.23177421092987,
              36.035166634485364
            ],
            [
              14.23178493976593,
              36.03537485673306
            ],
            [
              14.23180103302002,
              36.03542257425397
            ],
            [
              14.231924414634705,
              36.03566116142481
            ],
            [
              14.23202633857727,
              36.036025547709045
            ],
            [
              14.232122898101807,
              36.03618171274333
            ],
            [
              14.232375025749207,
              36.03638559440539
            ],
            [
              14.232417941093445,
              36.03644632501123
            ],
            [
              14.232423305511475,
              36.036463676604285
            ],
            [
              14.232412576675415,
              36.0364897039867
            ]
          ],
          [
            [
              14.232337474822998,
              36.034758864322285
            ],
            [
              14.23227310180664,
              36.034611372466784
            ],
            [
              14.232214093208313,
              36.03452895042726
            ],
            [
              14.232096076011658,
              36.03445520431876
            ],
            [
              14.231876134872437,
              36.03437278211578
            ]
          ],
          [
            [
              14.235754609107971,
              36.03769129211015
            ],
            [
              14.235910177230835,
              36.037756359535805
            ],
            [
              14.236237406730652,
              36.03798192619516
            ]
          ],
          [
            [
              14.23453688621521,
              36.03740933264443
            ],
            [
              14.234912395477295,
              36.03750042735142
            ],
            [
              14.235008955001831,
              36.03754814358449
            ],
            [
              14.235100150108337,
              36.03763923813092
            ],
            [
              14.235261082649231,
              36.037712981258025
            ],
            [
              14.23555076122284,
              36.03780407561379
            ],
            [
              14.235625863075256,
              36.03783877819778
            ],
            [
              14.235674142837524,
              36.03786914294626
            ],
            [
              14.235813617706299,
              36.03799493963656
            ],
            [
              14.236001372337341,
              36.038125073932335
            ]
          ],
          [
            [
              14.235100150108337,
              36.03763923813092
            ],
            [
              14.234912395477295,
              36.03764791379652
            ],
            [
              14.2348051071167,
              36.03766092729312
            ],
            [
              14.234724640846252,
              36.03767827861857
            ],
            [
              14.234692454338074,
              36.037699967769996
            ]
          ],
          [
            [
              14.234842658042908,
              36.038133749544414
            ],
            [
              14.235073328018188,
              36.03826388361081
            ],
            [
              14.235363006591797,
              36.0384026930446
            ],
            [
              14.235711693763733,
              36.038584880055154
            ],
            [
              14.236060380935669,
              36.03882779541354
            ],
            [
              14.236130118370056,
              36.038905875191034
            ]
          ],
          [
            [
              14.23676311969757,
              36.03872368892311
            ],
            [
              14.236709475517273,
              36.03875405333038
            ],
            [
              14.236591458320618,
              36.03879743103472
            ],
            [
              14.235920906066895,
              36.03895792833302
            ]
          ],
          [
            [
              14.237980842590332,
              36.042935554155704
            ],
            [
              14.238211512565613,
              36.04302664247001
            ],
            [
              14.238356351852417,
              36.04313074327159
            ],
            [
              14.238426089286804,
              36.043221831360086
            ],
            [
              14.238452911376953,
              36.04323050641064
            ],
            [
              14.238624572753906,
              36.04325219403282
            ]
          ],
          [
            [
              14.237251281738281,
              36.04325219403282
            ],
            [
              14.237819910049438,
              36.04333026942325
            ],
            [
              14.237878918647766,
              36.043321594383684
            ],
            [
              14.237948656082153,
              36.04326954412626
            ],
            [
              14.237937927246094,
              36.04323484393554
            ],
            [
              14.237980842590332,
              36.042935554155704
            ],
            [
              14.237943291664124,
              36.042866153464544
            ],
            [
              14.237927198410034,
              36.04271000168582
            ],
            [
              14.237932562828064,
              36.042514811526914
            ],
            [
              14.237900376319885,
              36.04236733419705
            ]
          ],
          [
            [
              14.238098859786987,
              36.04362522019953
            ],
            [
              14.238345623016357,
              36.04361654519249
            ],
            [
              14.238624572753906,
              36.043633895205645
            ]
          ],
          [
            [
              14.235599040985107,
              36.04342569479533
            ],
            [
              14.237149357795715,
              36.04386378251915
            ]
          ],
          [
            [
              14.232691526412964,
              36.04195960131814
            ],
            [
              14.233710765838623,
              36.041642956242896
            ]
          ],
          [
            [
              14.227498769760132,
              36.04058890935255
            ],
            [
              14.227225184440613,
              36.04085784446778
            ]
          ],
          [
            [
              14.228518009185791,
              36.04246276073614
            ],
            [
              14.228582382202148,
              36.04241938505089
            ],
            [
              14.228652119636536,
              36.042397697199306
            ],
            [
              14.228920340538025,
              36.04227624512002
            ],
            [
              14.228952527046204,
              36.042250219650086
            ],
            [
              14.229081273078918,
              36.04203767799031
            ]
          ],
          [
            [
              14.227970838546753,
              36.045039233575
            ],
            [
              14.227922558784485,
              36.04481802456924
            ],
            [
              14.22779381275177,
              36.04470091366751
            ],
            [
              14.22755777835846,
              36.04460982729016
            ]
          ],
          [
            [
              14.229875206947327,
              36.048248862937854
            ],
            [
              14.22977864742279,
              36.04787152140871
            ],
            [
              14.229590892791748,
              36.046427197465775
            ],
            [
              14.229617714881897,
              36.046262378034086
            ],
            [
              14.229687452316284,
              36.04599779875116
            ],
            [
              14.22977864742279,
              36.04580261674303
            ],
            [
              14.229923486709595,
              36.045585747277556
            ],
            [
              14.230331182479858,
              36.045078270393844
            ],
            [
              14.230481386184692,
              36.04494381015854
            ]
          ],
          [
            [
              14.233700037002563,
              36.04589370174037
            ],
            [
              14.233667850494385,
              36.04574623073947
            ],
            [
              14.233641028404236,
              36.045568397694495
            ],
            [
              14.233608841896057,
              36.045108632350676
            ],
            [
              14.233700037002563,
              36.044384279616565
            ]
          ],
          [
            [
              14.234697818756104,
              36.04562912121844
            ],
            [
              14.234638810157776,
              36.044453678969575
            ]
          ],
          [
            [
              14.238624572753906,
              36.04611490772379
            ],
            [
              14.238608479499817,
              36.04615828137314
            ],
            [
              14.238624572753906,
              36.046179968188866
            ]
          ],
          [
            [
              14.238624572753906,
              36.044497053534116
            ],
            [
              14.238458275794983,
              36.044397291999914
            ],
            [
              14.238479733467102,
              36.04432789259721
            ],
            [
              14.238495826721191,
              36.044206443495256
            ],
            [
              14.238592386245728,
              36.043946194788845
            ],
            [
              14.238624572753906,
              36.043911494896335
            ]
          ],
          [
            [
              14.238624572753906,
              36.043395332189476
            ],
            [
              14.238613843917847,
              36.04352979506929
            ],
            [
              14.238624572753906,
              36.04361220768857
            ]
          ],
          [
            [
              14.238624572753906,
              36.04255384959741
            ],
            [
              14.238388538360596,
              36.042605900327956
            ],
            [
              14.23828125,
              36.042614575446365
            ],
            [
              14.238152503967285,
              36.042614575446365
            ],
            [
              14.237927198410034,
              36.042592887648524
            ]
          ],
          [
            [
              14.216866493225098,
              36.03108449965873
            ],
            [
              14.217123985290527,
              36.03145758346413
            ]
          ],
          [
            [
              14.21657145023346,
              36.0310541322945
            ],
            [
              14.216614365577698,
              36.031123543395594
            ]
          ]
        ]
      },
      "properties": {
        "surface": "paved",
        "class": "minor",
        "source_layer": "transportation",
        "source_tile": "https://tiles.openfreemap.org/planet/20261004_113936_pt/14/8839/6431.pbf"
      }
    },
    {
      "type": "Feature",
      "id": "transportation:4130768020-0",
      "geometry": {
        "type": "MultiLineString",
        "coordinates": [
          [
            [
              14.220390915870667,
              36.041625605791026
            ],
            [
              14.220165610313416,
              36.04138269906329
            ]
          ],
          [
            [
              14.237498044967651,
              36.03174390239542
            ],
            [
              14.237734079360962,
              36.031678830002406
            ]
          ],
          [
            [
              14.237465858459473,
              36.031674491840974
            ],
            [
              14.237701892852783,
              36.031609419390634
            ]
          ],
          [
            [
              14.237610697746277,
              36.03171353528538
            ],
            [
              14.237583875656128,
              36.03164412470416
            ]
          ],
          [
            [
              14.237084984779358,
              36.039881865877646
            ],
            [
              14.236816763877869,
              36.039821137921194
            ]
          ],
          [
            [
              14.237079620361328,
              36.03995994461002
            ],
            [
              14.236435890197754,
              36.03989921671376
            ]
          ],
          [
            [
              14.234113097190857,
              36.04143041294394
            ],
            [
              14.23402190208435,
              36.04143908819185
            ],
            [
              14.233995079994202,
              36.04146077630749
            ]
          ],
          [
            [
              14.234665632247925,
              36.04194658853193
            ],
            [
              14.234558343887329,
              36.041894537365536
            ],
            [
              14.234477877616882,
              36.04186851176942
            ],
            [
              14.234424233436584,
              36.041838148563116
            ],
            [
              14.23429548740387,
              36.04168633235588
            ],
            [
              14.234177470207214,
              36.04150849014084
            ],
            [
              14.234086275100708,
              36.041395711942684
            ]
          ],
          [
            [
              14.232831001281738,
              36.04112244102345
            ],
            [
              14.232750535011292,
              36.04111376574065
            ],
            [
              14.232723712921143,
              36.041100752814614
            ]
          ],
          [
            [
              14.232197999954224,
              36.04088820805211
            ],
            [
              14.232181906700134,
              36.04087085743393
            ],
            [
              14.232192635536194,
              36.04082314321418
            ],
            [
              14.232181906700134,
              36.04079277960476
            ]
          ],
          [
            [
              14.232653975486755,
              36.041053038734205
            ],
            [
              14.232509136199951,
              36.040970623436294
            ],
            [
              14.23230528831482,
              36.04091423397223
            ],
            [
              14.232230186462402,
              36.04090555866648
            ]
          ],
          [
            [
              14.235148429870605,
              36.04612791982109
            ],
            [
              14.234982132911682,
              36.04589370174037
            ],
            [
              14.234944581985474,
              36.04574623073947
            ]
          ],
          [
            [
              14.216265678405762,
              36.0310541322945
            ],
            [
              14.21628713607788,
              36.031097514239846
            ],
            [
              14.21628713607788,
              36.03124935086042
            ],
            [
              14.216389060020447,
              36.03129707088071
            ]
          ]
        ]
      },
      "properties": {
        "subclass": "path",
        "class": "path",
        "source_layer": "transportation",
        "source_tile": "https://tiles.openfreemap.org/planet/20261004_113936_pt/14/8839/6431.pbf"
      }
    },
    {
      "type": "Feature",
      "id": "transportation:1405792440-0",
      "geometry": {
        "type": "MultiLineString",
        "coordinates": [
          [
            [
              14.23302412033081,
              36.04000332165012
            ],
            [
              14.232814908027649,
              36.03992524296075
            ]
          ],
          [
            [
              14.232831001281738,
              36.04112244102345
            ],
            [
              14.232959747314453,
              36.041044363443746
            ]
          ],
          [
            [
              14.232943654060364,
              36.04099664932916
            ],
            [
              14.232932925224304,
              36.04088387039792
            ],
            [
              14.232965111732483,
              36.04071036403447
            ],
            [
              14.233163595199585,
              36.04043275305769
            ],
            [
              14.233238697052002,
              36.04017682957149
            ],
            [
              14.233222603797913,
              36.04012043953898
            ],
            [
              14.233201146125793,
              36.04008573796044
            ],
            [
              14.233109951019287,
              36.04003802326497
            ]
          ]
        ]
      },
      "properties": {
        "horse": "yes",
        "access": "no",
        "bicycle": "yes",
        "class": "minor",
        "foot": "yes",
        "source_layer": "transportation",
        "source_tile": "https://tiles.openfreemap.org/planet/20261004_113936_pt/14/8839/6431.pbf"
      }
    },
    {
      "type": "Feature",
      "id": "transportation:81114770-0",
      "geometry": {
        "type": "MultiLineString",
        "coordinates": [
          [
            [
              14.236870408058167,
              36.0314228780684
            ],
            [
              14.236736297607422,
              36.03144456894252
            ],
            [
              14.236232042312622,
              36.03159640489413
            ],
            [
              14.235894083976746,
              36.03153567054859
            ]
          ],
          [
            [
              14.229574799537659,
              36.04191622535572
            ],
            [
              14.229821562767029,
              36.04193791333991
            ]
          ]
        ]
      },
      "properties": {
        "class": "tertiary",
        "source_layer": "transportation",
        "source_tile": "https://tiles.openfreemap.org/planet/20261004_113936_pt/14/8839/6431.pbf"
      }
    },
    {
      "type": "Feature",
      "id": "transportation:157989940-0",
      "geometry": {
        "type": "MultiLineString",
        "coordinates": [
          [
            [
              14.215965270996094,
              36.04346473241419
            ],
            [
              14.21630322933197,
              36.04339966970531
            ],
            [
              14.216737747192383,
              36.043187131148315
            ],
            [
              14.216963052749634,
              36.04304833014834
            ],
            [
              14.217166900634766,
              36.04290519136086
            ],
            [
              14.217231273651123,
              36.042892178730895
            ],
            [
              14.21754240989685,
              36.04289651627445
            ],
            [
              14.217612147331238,
              36.04286181591934
            ],
            [
              14.217993021011353,
              36.04272735189875
            ],
            [
              14.218212962150574,
              36.04267096369274
            ],
            [
              14.21855092048645,
              36.042631925680325
            ],
            [
              14.219130277633667,
              36.04254951203498
            ],
            [
              14.21930730342865,
              36.04251914909126
            ],
            [
              14.219452142715454,
              36.04247143587034
            ],
            [
              14.219591617584229,
              36.042406372340665
            ],
            [
              14.219736456871033,
              36.042315283308795
            ],
            [
              14.219833016395569,
              36.04223720691189
            ],
            [
              14.220390915870667,
              36.041625605791026
            ],
            [
              14.22056794166565,
              36.04151716538016
            ],
            [
              14.220868349075317,
              36.04140438719445
            ],
            [
              14.221329689025879,
              36.0412525701509
            ],
            [
              14.221855401992798,
              36.04119184325151
            ],
            [
              14.222493767738342,
              36.04116581742316
            ],
            [
              14.222611784934998,
              36.04114846686615
            ],
            [
              14.222729802131653,
              36.04110509045687
            ],
            [
              14.22306776046753,
              36.040953272836276
            ],
            [
              14.223153591156006,
              36.04090555866648
            ],
            [
              14.223384261131287,
              36.040723377024975
            ],
            [
              14.223507642745972,
              36.0406973510418
            ],
            [
              14.223727583885193,
              36.04063228604616
            ],
            [
              14.223909974098206,
              36.04061059770234
            ],
            [
              14.224108457565308,
              36.04060192236315
            ],
            [
              14.224328398704529,
              36.04062361070936
            ],
            [
              14.224516153335571,
              36.040675662715884
            ],
            [
              14.225004315376282,
              36.04090555866648
            ],
            [
              14.225492477416992,
              36.041178830338396
            ],
            [
              14.226093292236328,
              36.041413062445244
            ],
            [
              14.226447343826294,
              36.0415431910924
            ],
            [
              14.226645827293396,
              36.041603917720806
            ],
            [
              14.226919412612915,
              36.04165163146742
            ],
            [
              14.227069616317749,
              36.04166464430237
            ],
            [
              14.22754168510437,
              36.04176874690471
            ],
            [
              14.227686524391174,
              36.041816460551445
            ],
            [
              14.229011535644531,
              36.0419986396639
            ]
          ],
          [
            [
              14.215965270996094,
              36.03798192619516
            ],
            [
              14.21607792377472,
              36.03806868243059
            ],
            [
              14.216887950897217,
              36.038632595631114
            ],
            [
              14.216995239257812,
              36.03867597340235
            ],
            [
              14.218180775642395,
              36.038905875191034
            ],
            [
              14.218658208847046,
              36.03901431919802
            ],
            [
              14.219098091125488,
              36.039127100806866
            ],
            [
              14.219253659248352,
              36.03924855774345
            ],
            [
              14.219484329223633,
              36.03937435223027
            ],
            [
              14.22004222869873,
              36.03964762921608
            ],
            [
              14.220267534255981,
              36.03977776078075
            ],
            [
              14.220594763755798,
              36.0400293478627
            ],
            [
              14.22078788280487,
              36.040146465712866
            ],
            [
              14.221249222755432,
              36.04037202552608
            ],
            [
              14.221597909927368,
              36.04052384426733
            ],
            [
              14.221673011779785,
              36.040545532635036
            ],
            [
              14.221721291542053,
              36.040549870307885
            ],
            [
              14.222161173820496,
              36.040549870307885
            ],
            [
              14.222391843795776,
              36.04056722099679
            ],
            [
              14.22329306602478,
              36.04068867571215
            ],
            [
              14.223384261131287,
              36.040723377024975
            ]
          ],
          [
            [
              14.235894083976746,
              36.03153567054859
            ],
            [
              14.235432744026184,
              36.0310541322945
            ]
          ],
          [
            [
              14.235341548919678,
              36.044505728444165
            ],
            [
              14.233700037002563,
              36.044384279616565
            ],
            [
              14.232997298240662,
              36.044340904989866
            ],
            [
              14.232857823371887,
              36.04434524245363
            ],
            [
              14.232621788978577,
              36.04437560469313
            ],
            [
              14.231173396110535,
              36.04464018942765
            ],
            [
              14.230749607086182,
              36.04476163786052
            ],
            [
              14.230438470840454,
              36.04474428809587
            ],
            [
              14.230127334594727,
              36.044757300419704
            ],
            [
              14.227970838546753,
              36.045039233575
            ],
            [
              14.227359294891357,
              36.04515200655442
            ],
            [
              14.227150082588196,
              36.04518236848281
            ],
            [
              14.226924777030945,
              36.04518670590021
            ],
            [
              14.226077198982239,
              36.04509562008491
            ],
            [
              14.225589036941528,
              36.045108632350676
            ],
            [
              14.225084781646729,
              36.04516501881088
            ],
            [
              14.224821925163269,
              36.045225742645954
            ],
            [
              14.222719073295593,
              36.04535152758386
            ],
            [
              14.222354292869568,
              36.045381889435305
            ],
            [
              14.221930503845215,
              36.04542960089252
            ],
            [
              14.221651554107666,
              36.04541225127507
            ],
            [
              14.221420884132385,
              36.045377552028654
            ],
            [
              14.220669865608215,
              36.04518670590021
            ],
            [
              14.220262169837952,
              36.04500453416422
            ],
            [
              14.220106601715088,
              36.04494814758908
            ],
            [
              14.219387769699097,
              36.04478332506096
            ],
            [
              14.218867421150208,
              36.04470091366751
            ],
            [
              14.218717217445374,
              36.04464452687493
            ],
            [
              14.21853482723236,
              36.04454042807481
            ],
            [
              14.218422174453735,
              36.04446669134144
            ],
            [
              14.218121767044067,
              36.04422813084865
            ],
            [
              14.217697978019714,
              36.043963544729365
            ],
            [
              14.216635823249817,
              36.04355582011628
            ],
            [
              14.21630322933197,
              36.04339966970531
            ]
          ],
          [
            [
              14.234011173248291,
              36.043963544729365
            ],
            [
              14.234461784362793,
              36.044249818196036
            ],
            [
              14.235089421272278,
              36.044418979300715
            ],
            [
              14.235341548919678,
              36.044505728444165
            ],
            [
              14.236414432525635,
              36.044774650181495
            ]
          ]
        ]
      },
      "properties": {
        "surface": "paved",
        "class": "tertiary",
        "source_layer": "transportation",
        "source_tile": "https://tiles.openfreemap.org/planet/20261004_113936_pt/14/8839/6431.pbf"
      }
    },
    {
      "type": "Feature",
      "id": "transportation:249497482-0",
      "geometry": {
        "type": "LineString",
        "coordinates": [
          [
            14.234011173248291,
            36.043963544729365
          ],
          [
            14.233211874961853,
            36.04312206821005
          ],
          [
            14.232820272445679,
            36.042809765357944
          ],
          [
            14.2327880859375,
            36.04274903965954
          ],
          [
            14.232761263847351,
            36.04254951203498
          ],
          [
            14.232696890830994,
            36.04224588207093
          ],
          [
            14.232691526412964,
            36.04195960131814
          ]
        ]
      },
      "properties": {
        "surface": "paved",
        "class": "tertiary",
        "oneway": 1,
        "source_layer": "transportation",
        "source_tile": "https://tiles.openfreemap.org/planet/20261004_113936_pt/14/8839/6431.pbf"
      }
    },
    {
      "type": "Feature",
      "id": "transportation:3486818122-0",
      "geometry": {
        "type": "LineString",
        "coordinates": [
          [
            14.232691526412964,
            36.04195960131814
          ],
          [
            14.232578873634338,
            36.04185116136726
          ],
          [
            14.232493042945862,
            36.04178609732503
          ],
          [
            14.232251644134521,
            36.04166898191356
          ],
          [
            14.232160449028015,
            36.041638618630316
          ],
          [
            14.23180639743805,
            36.04157355441244
          ],
          [
            14.231425523757935,
            36.04156054156245
          ],
          [
            14.230894446372986,
            36.041595242491056
          ],
          [
            14.230674505233765,
            36.04163428101745
          ],
          [
            14.230459928512573,
            36.041716695620764
          ],
          [
            14.23004686832428,
            36.04194225093603
          ]
        ]
      },
      "properties": {
        "surface": "paved",
        "class": "tertiary",
        "oneway": 1,
        "source_layer": "transportation",
        "source_tile": "https://tiles.openfreemap.org/planet/20261004_113936_pt/14/8839/6431.pbf"
      }
    },
    {
      "type": "Feature",
      "id": "transportation:156647610-0",
      "geometry": {
        "type": "MultiLineString",
        "coordinates": [
          [
            [
              14.236886501312256,
              36.03886249754643
            ],
            [
              14.236709475517273,
              36.0386716356263
            ],
            [
              14.236189126968384,
              36.03829424819537
            ],
            [
              14.236001372337341,
              36.038125073932335
            ],
            [
              14.235947728157043,
              36.0379775883809
            ],
            [
              14.235877990722656,
              36.0378431160197
            ],
            [
              14.235754609107971,
              36.03769129211015
            ],
            [
              14.235674142837524,
              36.03763923813092
            ],
            [
              14.235566854476929,
              36.03759585978861
            ],
            [
              14.235368371009827,
              36.03753079223034
            ],
            [
              14.23528254032135,
              36.03747440030304
            ],
            [
              14.235207438468933,
              36.037374629871195
            ],
            [
              14.235143065452576,
              36.03721412934601
            ],
            [
              14.234917759895325,
              36.03698856048747
            ],
            [
              14.234177470207214,
              36.03597349262881
            ],
            [
              14.234118461608887,
              36.035908423730106
            ],
            [
              14.233957529067993,
              36.03576093402738
            ],
            [
              14.233850240707397,
              36.03568718907246
            ],
            [
              14.233737587928772,
              36.03562211993723
            ],
            [
              14.232605695724487,
              36.035153620576594
            ],
            [
              14.23204243183136,
              36.03493672178065
            ],
            [
              14.230964183807373,
              36.03449424638481
            ],
            [
              14.229424595832825,
              36.0338999372846
            ],
            [
              14.228861331939697,
              36.03377847209907
            ],
            [
              14.228480458259583,
              36.03364399256802
            ],
            [
              14.228383898735046,
              36.03363097840766
            ],
            [
              14.228190779685974,
              36.03362664035373
            ],
            [
              14.227670431137085,
              36.033665682830474
            ],
            [
              14.227391481399536,
              36.033709063337525
            ],
            [
              14.227241277694702,
              36.03371773943606
            ],
            [
              14.226973056793213,
              36.033709063337525
            ],
            [
              14.225712418556213,
              36.033275257192045
            ],
            [
              14.22529399394989,
              36.03314945296293
            ],
            [
              14.225133061408997,
              36.033123424476656
            ],
            [
              14.224773645401001,
              36.03308871981491
            ],
            [
              14.224655628204346,
              36.033062691308544
            ],
            [
              14.224521517753601,
              36.03301063427004
            ],
            [
              14.224264025688171,
              36.032824096266225
            ],
            [
              14.223968982696533,
              36.03270262942159
            ],
            [
              14.223212599754333,
              36.03244668081432
            ],
            [
              14.222944378852844,
              36.03237293275619
            ],
            [
              14.22281563282013,
              36.03233822776377
            ],
            [
              14.222697615623474,
              36.03232087526182
            ],
            [
              14.221903681755066,
              36.03229484650174
            ],
            [
              14.22178566455841,
              36.03228183211846
            ],
            [
              14.221619367599487,
              36.032238450825375
            ],
            [
              14.221506714820862,
              36.032216760169874
            ],
            [
              14.221351146697998,
              36.032164702572274
            ],
            [
              14.220825433731079,
              36.03202154400151
            ],
            [
              14.22032117843628,
              36.031826327349364
            ],
            [
              14.219478964805603,
              36.03146625981067
            ],
            [
              14.219226837158203,
              36.03134045269228
            ],
            [
              14.218727946281433,
              36.0310541322945
            ]
          ],
          [
            [
              14.237154722213745,
              36.04074072767567
            ],
            [
              14.237245917320251,
              36.040983636383814
            ],
            [
              14.237503409385681,
              36.04140872481996
            ]
          ],
          [
            [
              14.237900376319885,
              36.04236733419705
            ],
            [
              14.237868189811707,
              36.042402034770106
            ],
            [
              14.237836003303528,
              36.04241938505089
            ],
            [
              14.23776626586914,
              36.04243673532787
            ],
            [
              14.237648248672485,
              36.04244541046492
            ],
            [
              14.237594604492188,
              36.04246709830336
            ],
            [
              14.237567782402039,
              36.042497461267146
            ],
            [
              14.237380027770996,
              36.04307435535448
            ],
            [
              14.237251281738281,
              36.04325219403282
            ],
            [
              14.237219095230103,
              36.043321594383684
            ],
            [
              14.237160086631775,
              36.04379872014002
            ],
            [
              14.237111806869507,
              36.04399824459895
            ],
            [
              14.237058162689209,
              36.04415439382281
            ],
            [
              14.237020611763,
              36.04422379337845
            ],
            [
              14.236966967582703,
              36.04428451793946
            ],
            [
              14.236902594566345,
              36.044340904989866
            ],
            [
              14.236747026443481,
              36.044440666595534
            ],
            [
              14.236570000648499,
              36.044696576223345
            ],
            [
              14.236414432525635,
              36.044774650181495
            ],
            [
              14.236323237419128,
              36.044857061497765
            ],
            [
              14.235706329345703,
              36.045360202399735
            ]
          ],
          [
            [
              14.238624572753906,
              36.03616002317375
            ],
            [
              14.238109588623047,
              36.0352143521324
            ],
            [
              14.237975478172302,
              36.03484996209505
            ],
            [
              14.237878918647766,
              36.03432940197432
            ],
            [
              14.237648248672485,
              36.03293688673995
            ],
            [
              14.237594604492188,
              36.03280240577199
            ]
          ],
          [
            [
              14.236934781074524,
              36.0310541322945
            ],
            [
              14.236822128295898,
              36.03126236541428
            ]
          ]
        ]
      },
      "properties": {
        "surface": "paved",
        "class": "secondary",
        "source_layer": "transportation",
        "source_tile": "https://tiles.openfreemap.org/planet/20261004_113936_pt/14/8839/6431.pbf"
      }
    },
    {
      "type": "Feature",
      "id": "transportation:4130768000-0",
      "geometry": {
        "type": "MultiLineString",
        "coordinates": [
          [
            [
              14.232230186462402,
              36.04090555866648
            ],
            [
              14.232197999954224,
              36.04088820805211
            ]
          ],
          [
            [
              14.232723712921143,
              36.041100752814614
            ],
            [
              14.232653975486755,
              36.041053038734205
            ]
          ]
        ]
      },
      "properties": {
        "subclass": "path",
        "brunnel": "bridge",
        "class": "path",
        "layer": 1,
        "source_layer": "transportation",
        "source_tile": "https://tiles.openfreemap.org/planet/20261004_113936_pt/14/8839/6431.pbf"
      }
    },
    {
      "type": "Feature",
      "id": "transportation:3991782000-0",
      "geometry": {
        "type": "MultiLineString",
        "coordinates": [
          [
            [
              14.231876134872437,
              36.03437278211578
            ],
            [
              14.231838583946228,
              36.03432940197432
            ],
            [
              14.23180639743805,
              36.034207937451086
            ]
          ],
          [
            [
              14.230481386184692,
              36.04494381015854
            ],
            [
              14.230749607086182,
              36.04476163786052
            ]
          ]
        ]
      },
      "properties": {
        "brunnel": "bridge",
        "surface": "paved",
        "class": "minor",
        "layer": 1,
        "source_layer": "transportation",
        "source_tile": "https://tiles.openfreemap.org/planet/20261004_113936_pt/14/8839/6431.pbf"
      }
    },
    {
      "type": "Feature",
      "id": "transportation:4130774482-0",
      "geometry": {
        "type": "LineString",
        "coordinates": [
          [
            14.233109951019287,
            36.04003802326497
          ],
          [
            14.23302412033081,
            36.04000332165012
          ]
        ]
      },
      "properties": {
        "horse": "yes",
        "access": "no",
        "brunnel": "bridge",
        "bicycle": "yes",
        "class": "minor",
        "foot": "yes",
        "layer": 1,
        "source_layer": "transportation",
        "source_tile": "https://tiles.openfreemap.org/planet/20261004_113936_pt/14/8839/6431.pbf"
      }
    },
    {
      "type": "Feature",
      "id": "transportation_name:294348072-0",
      "geometry": {
        "type": "LineString",
        "coordinates": [
          [
            14.235239624977112,
            36.04110509045687
          ],
          [
            14.235218167304993,
            36.041044363443746
          ],
          [
            14.235100150108337,
            36.04091423397223
          ],
          [
            14.23479974269867,
            36.040749402999566
          ],
          [
            14.234493970870972,
            36.040653974384
          ],
          [
            14.234402775764465,
            36.04061927304059
          ],
          [
            14.23427939414978,
            36.04053251961514
          ],
          [
            14.234236478805542,
            36.040428415378415
          ],
          [
            14.234247207641602,
            36.04040238929774
          ],
          [
            14.23453688621521,
            36.0399642823151
          ],
          [
            14.234359860420227,
            36.039821137921194
          ],
          [
            14.234349131584167,
            36.03980378706788
          ],
          [
            14.234375953674316,
            36.03975607220157
          ]
        ]
      },
      "properties": {
        "name": "Trejqet Grezzja Grima",
        "name_int": "Trejqet Grezzja Grima",
        "class": "track",
        "name:latin": "Trejqet Grezzja Grima",
        "name_de": "Trejqet Grezzja Grima",
        "name_en": "Trejqet Grezzja Grima",
        "source_layer": "transportation_name",
        "source_tile": "https://tiles.openfreemap.org/planet/20261004_113936_pt/14/8839/6431.pbf"
      }
    },
    {
      "type": "Feature",
      "id": "transportation_name:157990882-0",
      "geometry": {
        "type": "LineString",
        "coordinates": [
          [
            14.232691526412964,
            36.04195960131814
          ],
          [
            14.233710765838623,
            36.041642956242896
          ]
        ]
      },
      "properties": {
        "name_int": "Triq ta' Majru",
        "route_1_name": "Church Trail - Gozo Central/South",
        "name_de": "Triq ta' Majru",
        "name": "Triq ta' Majru",
        "route_1_network": "lwn",
        "class": "minor",
        "name:latin": "Triq ta' Majru",
        "name_en": "Triq ta' Majru",
        "source_layer": "transportation_name",
        "source_tile": "https://tiles.openfreemap.org/planet/20261004_113936_pt/14/8839/6431.pbf"
      }
    },
    {
      "type": "Feature",
      "id": "transportation_name:239172410-0",
      "geometry": {
        "type": "MultiLineString",
        "coordinates": [
          [
            [
              14.232138991355896,
              36.037279197165915
            ],
            [
              14.232187271118164,
              36.03734860278121
            ],
            [
              14.232396483421326,
              36.03822484341349
            ],
            [
              14.232391119003296,
              36.038307261585146
            ],
            [
              14.232235550880432,
              36.038632595631114
            ],
            [
              14.232224822044373,
              36.03869766227902
            ],
            [
              14.231838583946228,
              36.039521835165786
            ],
            [
              14.231677651405334,
              36.03994259378729
            ],
            [
              14.231516718864441,
              36.040311297947596
            ],
            [
              14.231237769126892,
              36.040693013377066
            ]
          ],
          [
            [
              14.23453688621521,
              36.03740933264443
            ],
            [
              14.234912395477295,
              36.03750042735142
            ],
            [
              14.235008955001831,
              36.03754814358449
            ],
            [
              14.235100150108337,
              36.03763923813092
            ],
            [
              14.235261082649231,
              36.037712981258025
            ],
            [
              14.23555076122284,
              36.03780407561379
            ],
            [
              14.235625863075256,
              36.03783877819778
            ],
            [
              14.235674142837524,
              36.03786914294626
            ],
            [
              14.235813617706299,
              36.03799493963656
            ],
            [
              14.236001372337341,
              36.038125073932335
            ]
          ]
        ]
      },
      "properties": {
        "name": "Triq Għajn Tuta",
        "name_int": "Triq Għajn Tuta",
        "class": "minor",
        "name:latin": "Triq Għajn Tuta",
        "name_de": "Triq Għajn Tuta",
        "name_en": "Triq Għajn Tuta",
        "source_layer": "transportation_name",
        "source_tile": "https://tiles.openfreemap.org/planet/20261004_113936_pt/14/8839/6431.pbf"
      }
    },
    {
      "type": "Feature",
      "id": "transportation_name:239172680-0",
      "geometry": {
        "type": "MultiLineString",
        "coordinates": [
          [
            [
              14.217381477355957,
              36.03155736139165
            ],
            [
              14.216995239257812,
              36.031019426721
            ]
          ],
          [
            [
              14.237734079360962,
              36.0399642823151
            ],
            [
              14.237728714942932,
              36.03974305905119
            ],
            [
              14.237889647483826,
              36.03949147105459
            ],
            [
              14.238082766532898,
              36.039283259690905
            ]
          ]
        ]
      },
      "properties": {
        "name": "Triq is-Sajjieda",
        "name_int": "Triq is-Sajjieda",
        "class": "minor",
        "name:latin": "Triq is-Sajjieda",
        "name_de": "Triq is-Sajjieda",
        "name_en": "Triq is-Sajjieda",
        "source_layer": "transportation_name",
        "source_tile": "https://tiles.openfreemap.org/planet/20261004_113936_pt/14/8839/6431.pbf"
      }
    },
    {
      "type": "Feature",
      "id": "transportation_name:1405792420-0",
      "geometry": {
        "type": "LineString",
        "coordinates": [
          [
            14.233136773109436,
            36.0412525701509
          ],
          [
            14.232949018478394,
            36.0412525701509
          ],
          [
            14.232873916625977,
            36.041274258317884
          ],
          [
            14.232836365699768,
            36.04130462174166
          ],
          [
            14.23279345035553,
            36.04135233566963
          ],
          [
            14.232755899429321,
            36.04146077630749
          ],
          [
            14.232734441757202,
            36.04149113965934
          ],
          [
            14.232707619667053,
            36.04151282776063
          ],
          [
            14.232659339904785,
            36.041530178237366
          ],
          [
            14.232578873634338,
            36.04185116136726
          ]
        ]
      },
      "properties": {
        "name": "Triq Wied il-Lunzjata",
        "name_int": "Triq Wied il-Lunzjata",
        "class": "minor",
        "name:latin": "Triq Wied il-Lunzjata",
        "name_de": "Triq Wied il-Lunzjata",
        "name_en": "Triq Wied il-Lunzjata",
        "source_layer": "transportation_name",
        "source_tile": "https://tiles.openfreemap.org/planet/20261004_113936_pt/14/8839/6431.pbf"
      }
    },
    {
      "type": "Feature",
      "id": "transportation_name:1409544112-0",
      "geometry": {
        "type": "LineString",
        "coordinates": [
          [
            14.235105514526367,
            36.041751396480535
          ],
          [
            14.234885573387146,
            36.04172970844496
          ],
          [
            14.234874844551086,
            36.04172103322904
          ],
          [
            14.234751462936401,
            36.0414651139299
          ],
          [
            14.23451542854309,
            36.04110509045687
          ],
          [
            14.234493970870972,
            36.04108773988648
          ]
        ]
      },
      "properties": {
        "name": "Sqaq fi Triq Għar Gerduf",
        "name_int": "Sqaq fi Triq Għar Gerduf",
        "class": "minor",
        "name:latin": "Sqaq fi Triq Għar Gerduf",
        "name_de": "Sqaq fi Triq Għar Gerduf",
        "name_en": "Sqaq fi Triq Għar Gerduf",
        "source_layer": "transportation_name",
        "source_tile": "https://tiles.openfreemap.org/planet/20261004_113936_pt/14/8839/6431.pbf"
      }
    },
    {
      "type": "Feature",
      "id": "transportation_name:3370033790-0",
      "geometry": {
        "type": "LineString",
        "coordinates": [
          [
            14.233710765838623,
            36.041642956242896
          ],
          [
            14.234247207641602,
            36.04194658853193
          ],
          [
            14.2343008518219,
            36.04196393891307
          ],
          [
            14.234440326690674,
            36.04198996447764
          ],
          [
            14.234756827354431,
            36.04200731484923
          ],
          [
            14.23504650592804,
            36.04207237870864
          ],
          [
            14.23529863357544,
            36.042150455268995
          ],
          [
            14.23602283000946,
            36.04242806018986
          ],
          [
            14.236178398132324,
            36.04253649934624
          ],
          [
            14.236387610435486,
            36.04271433923941
          ]
        ]
      },
      "properties": {
        "name_int": "Triq Dun Pawl Micallef",
        "route_1_name": "Church Trail - Gozo Central/South",
        "name_de": "Triq Dun Pawl Micallef",
        "name": "Triq Dun Pawl Micallef",
        "route_1_network": "lwn",
        "class": "minor",
        "name:latin": "Triq Dun Pawl Micallef",
        "name_en": "Triq Dun Pawl Micallef",
        "source_layer": "transportation_name",
        "source_tile": "https://tiles.openfreemap.org/planet/20261004_113936_pt/14/8839/6431.pbf"
      }
    },
    {
      "type": "Feature",
      "id": "transportation_name:3384468642-0",
      "geometry": {
        "type": "LineString",
        "coordinates": [
          [
            14.231237769126892,
            36.040693013377066
          ],
          [
            14.231355786323547,
            36.040736390013365
          ],
          [
            14.231613278388977,
            36.040745065337745
          ]
        ]
      },
      "properties": {
        "name": "Triq Petri",
        "name_int": "Triq Petri",
        "class": "minor",
        "name:latin": "Triq Petri",
        "name_de": "Triq Petri",
        "name_en": "Triq Petri",
        "source_layer": "transportation_name",
        "source_tile": "https://tiles.openfreemap.org/planet/20261004_113936_pt/14/8839/6431.pbf"
      }
    },
    {
      "type": "Feature",
      "id": "transportation_name:15058057062-0",
      "geometry": {
        "type": "LineString",
        "coordinates": [
          [
            14.232831001281738,
            36.04112244102345
          ],
          [
            14.233254790306091,
            36.04130462174166
          ],
          [
            14.233319163322449,
            36.04134799804102
          ],
          [
            14.233426451683044,
            36.041469451552075
          ],
          [
            14.233474731445312,
            36.04150849014084
          ],
          [
            14.233710765838623,
            36.041642956242896
          ]
        ]
      },
      "properties": {
        "name": "Triq Dun Pawl Micallef",
        "name_int": "Triq Dun Pawl Micallef",
        "class": "minor",
        "name:latin": "Triq Dun Pawl Micallef",
        "name_de": "Triq Dun Pawl Micallef",
        "name_en": "Triq Dun Pawl Micallef",
        "source_layer": "transportation_name",
        "source_tile": "https://tiles.openfreemap.org/planet/20261004_113936_pt/14/8839/6431.pbf"
      }
    },
    {
      "type": "Feature",
      "id": "transportation_name:249497482-0",
      "geometry": {
        "type": "LineString",
        "coordinates": [
          [
            14.234011173248291,
            36.043963544729365
          ],
          [
            14.233211874961853,
            36.04312206821005
          ],
          [
            14.232820272445679,
            36.042809765357944
          ],
          [
            14.2327880859375,
            36.04274903965954
          ],
          [
            14.232761263847351,
            36.04254951203498
          ],
          [
            14.232696890830994,
            36.04224588207093
          ],
          [
            14.232691526412964,
            36.04195960131814
          ]
        ]
      },
      "properties": {
        "name_int": "Triq Wied il-Lunzjata",
        "ref": "11",
        "name_de": "Triq Wied il-Lunzjata",
        "name": "Triq Wied il-Lunzjata",
        "ref_length": 2,
        "class": "tertiary",
        "name:latin": "Triq Wied il-Lunzjata",
        "name_en": "Triq Wied il-Lunzjata",
        "network": "road",
        "source_layer": "transportation_name",
        "source_tile": "https://tiles.openfreemap.org/planet/20261004_113936_pt/14/8839/6431.pbf"
      }
    },
    {
      "type": "Feature",
      "id": "transportation_name:3486818122-0",
      "geometry": {
        "type": "LineString",
        "coordinates": [
          [
            14.232691526412964,
            36.04195960131814
          ],
          [
            14.232578873634338,
            36.04185116136726
          ],
          [
            14.232493042945862,
            36.04178609732503
          ],
          [
            14.232251644134521,
            36.04166898191356
          ],
          [
            14.232160449028015,
            36.041638618630316
          ],
          [
            14.23180639743805,
            36.04157355441244
          ],
          [
            14.231425523757935,
            36.04156054156245
          ],
          [
            14.230894446372986,
            36.041595242491056
          ],
          [
            14.230674505233765,
            36.04163428101745
          ],
          [
            14.230459928512573,
            36.041716695620764
          ],
          [
            14.23004686832428,
            36.04194225093603
          ]
        ]
      },
      "properties": {
        "name_int": "Triq Ta' Xuxa",
        "ref": "106",
        "route_1_name": "Church Trail - Gozo Central/South",
        "name_de": "Triq Ta' Xuxa",
        "name": "Triq Ta' Xuxa",
        "ref_length": 3,
        "route_1_network": "lwn",
        "class": "tertiary",
        "name:latin": "Triq Ta' Xuxa",
        "name_en": "Triq Ta' Xuxa",
        "network": "road",
        "source_layer": "transportation_name",
        "source_tile": "https://tiles.openfreemap.org/planet/20261004_113936_pt/14/8839/6431.pbf"
      }
    },
    {
      "type": "Feature",
      "id": "poi:13598291262-0",
      "geometry": {
        "type": "Point",
        "coordinates": [
          14.231489896774292,
          36.04096628578665
        ]
      },
      "properties": {
        "subclass": "swimming_pool",
        "class": "swimming_pool",
        "rank": 44,
        "source_layer": "poi",
        "source_tile": "https://tiles.openfreemap.org/planet/20261004_113936_pt/14/8839/6431.pbf"
      }
    },
    {
      "type": "Feature",
      "id": "poi:13598291272-0",
      "geometry": {
        "type": "Point",
        "coordinates": [
          14.231570363044739,
          36.04092724692906
        ]
      },
      "properties": {
        "subclass": "swimming_pool",
        "class": "swimming_pool",
        "rank": 45,
        "source_layer": "poi",
        "source_tile": "https://tiles.openfreemap.org/planet/20261004_113936_pt/14/8839/6431.pbf"
      }
    },
    {
      "type": "Feature",
      "id": "poi:13599704042-0",
      "geometry": {
        "type": "Point",
        "coordinates": [
          14.231865406036377,
          36.040315635633334
        ]
      },
      "properties": {
        "subclass": "swimming_pool",
        "class": "swimming_pool",
        "rank": 46,
        "source_layer": "poi",
        "source_tile": "https://tiles.openfreemap.org/planet/20261004_113936_pt/14/8839/6431.pbf"
      }
    },
    {
      "type": "Feature",
      "id": "poi:13599704132-0",
      "geometry": {
        "type": "Point",
        "coordinates": [
          14.231924414634705,
          36.040033685563955
        ]
      },
      "properties": {
        "subclass": "swimming_pool",
        "class": "swimming_pool",
        "rank": 16,
        "source_layer": "poi",
        "source_tile": "https://tiles.openfreemap.org/planet/20261004_113936_pt/14/8839/6431.pbf"
      }
    },
    {
      "type": "Feature",
      "id": "poi:13599704142-0",
      "geometry": {
        "type": "Point",
        "coordinates": [
          14.231940507888794,
          36.0401161018425
        ]
      },
      "properties": {
        "subclass": "swimming_pool",
        "class": "swimming_pool",
        "rank": 17,
        "source_layer": "poi",
        "source_tile": "https://tiles.openfreemap.org/planet/20261004_113936_pt/14/8839/6431.pbf"
      }
    },
    {
      "type": "Feature",
      "id": "poi:13599704182-0",
      "geometry": {
        "type": "Point",
        "coordinates": [
          14.231978058815002,
          36.0397690853498
        ]
      },
      "properties": {
        "subclass": "swimming_pool",
        "class": "swimming_pool",
        "rank": 18,
        "source_layer": "poi",
        "source_tile": "https://tiles.openfreemap.org/planet/20261004_113936_pt/14/8839/6431.pbf"
      }
    },
    {
      "type": "Feature",
      "id": "poi:13599704282-0",
      "geometry": {
        "type": "Point",
        "coordinates": [
          14.232643246650696,
          36.04012043953898
        ]
      },
      "properties": {
        "subclass": "swimming_pool",
        "class": "swimming_pool",
        "rank": 19,
        "source_layer": "poi",
        "source_tile": "https://tiles.openfreemap.org/planet/20261004_113936_pt/14/8839/6431.pbf"
      }
    },
    {
      "type": "Feature",
      "id": "poi:13600617692-0",
      "geometry": {
        "type": "Point",
        "coordinates": [
          14.23154890537262,
          36.03923988225418
        ]
      },
      "properties": {
        "subclass": "swimming_pool",
        "class": "swimming_pool",
        "rank": 21,
        "source_layer": "poi",
        "source_tile": "https://tiles.openfreemap.org/planet/20261004_113936_pt/14/8839/6431.pbf"
      }
    },
    {
      "type": "Feature",
      "id": "poi:4007121472-0",
      "geometry": {
        "type": "Point",
        "coordinates": [
          14.234569072723389,
          36.04131329700343
        ]
      },
      "properties": {
        "subclass": "swimming_pool",
        "class": "swimming_pool",
        "rank": 22,
        "source_layer": "poi",
        "source_tile": "https://tiles.openfreemap.org/planet/20261004_113936_pt/14/8839/6431.pbf"
      }
    },
    {
      "type": "Feature",
      "id": "poi:12870373932-0",
      "geometry": {
        "type": "Point",
        "coordinates": [
          14.232831001281738,
          36.04113979158619
        ]
      },
      "properties": {
        "subclass": "parking",
        "class": "parking",
        "rank": 24,
        "source_layer": "poi",
        "source_tile": "https://tiles.openfreemap.org/planet/20261004_113936_pt/14/8839/6431.pbf"
      }
    },
    {
      "type": "Feature",
      "id": "poi:13595657142-0",
      "geometry": {
        "type": "Point",
        "coordinates": [
          14.232959747314453,
          36.04111376574065
        ]
      },
      "properties": {
        "subclass": "garden",
        "class": "garden",
        "rank": 60,
        "source_layer": "poi",
        "source_tile": "https://tiles.openfreemap.org/planet/20261004_113936_pt/14/8839/6431.pbf"
      }
    },
    {
      "type": "Feature",
      "id": "poi:125848536711-0",
      "geometry": {
        "type": "Point",
        "coordinates": [
          14.232820272445679,
          36.04107038931227
        ]
      },
      "properties": {
        "subclass": "artwork",
        "class": "art_gallery",
        "rank": 70,
        "source_layer": "poi",
        "source_tile": "https://tiles.openfreemap.org/planet/20261004_113936_pt/14/8839/6431.pbf"
      }
    },
    {
      "type": "Feature",
      "id": "poi:125848536741-0",
      "geometry": {
        "type": "Point",
        "coordinates": [
          14.232986569404602,
          36.041161479784265
        ]
      },
      "properties": {
        "subclass": "board",
        "class": "information",
        "rank": 71,
        "source_layer": "poi",
        "source_tile": "https://tiles.openfreemap.org/planet/20261004_113936_pt/14/8839/6431.pbf"
      }
    },
    {
      "type": "Feature",
      "id": "landuse:295598820-2",
      "geometry": {
        "type": "Polygon",
        "coordinates": [
          [
            [
              14.222901463508606,
              36.04123088197791
            ],
            [
              14.223239421844482,
              36.04114412922628
            ],
            [
              14.223239421844482,
              36.04113979158619
            ],
            [
              14.223346710205078,
              36.04111376574065
            ],
            [
              14.223368167877197,
              36.04119618088872
            ],
            [
              14.22330379486084,
              36.04120919379898
            ],
            [
              14.22329306602478,
              36.04129160884719
            ],
            [
              14.223470091819763,
              36.04131329700343
            ],
            [
              14.223432540893555,
              36.04140438719445
            ],
            [
              14.22378659248352,
              36.041595242491056
            ],
            [
              14.224371314048767,
              36.041894537365536
            ],
            [
              14.224360585212708,
              36.04192056295304
            ],
            [
              14.224494695663452,
              36.04194658853193
            ],
            [
              14.224505424499512,
              36.04191622535572
            ],
            [
              14.22455370426178,
              36.041924900550114
            ],
            [
              14.224660992622375,
              36.04188152456855
            ],
            [
              14.224687814712524,
              36.04189887496405
            ],
            [
              14.224838018417358,
              36.041790434929524
            ],
            [
              14.224644899368286,
              36.04216780560523
            ],
            [
              14.225674867630005,
              36.04329123173771
            ],
            [
              14.225696325302124,
              36.04333026942325
            ],
            [
              14.225696325302124,
              36.0433909946734
            ],
            [
              14.225669503211975,
              36.04347340743797
            ],
            [
              14.22553539276123,
              36.04376402018252
            ],
            [
              14.225610494613647,
              36.043755345190746
            ],
            [
              14.225653409957886,
              36.04374667019803
            ],
            [
              14.225707054138184,
              36.04372064521411
            ],
            [
              14.225964546203613,
              36.04373365770715
            ],
            [
              14.225964546203613,
              36.0437423327013
            ],
            [
              14.226007461547852,
              36.0437423327013
            ],
            [
              14.226012825965881,
              36.04369895772095
            ],
            [
              14.226200580596924,
              36.04367727022182
            ],
            [
              14.226238131523132,
              36.04334328198078
            ],
            [
              14.226619005203247,
              36.0433736446067
            ],
            [
              14.226624369621277,
              36.0433909946734
            ],
            [
              14.226656556129456,
              36.043421357280906
            ],
            [
              14.226694107055664,
              36.0433909946734
            ],
            [
              14.22702670097351,
              36.04346039490193
            ],
            [
              14.22705888748169,
              36.04336496957194
            ],
            [
              14.226983785629272,
              36.043351957017975
            ],
            [
              14.227021336555481,
              36.043247856508856
            ],
            [
              14.227155447006226,
              36.04314809339179
            ],
            [
              14.227235913276672,
              36.04307435535448
            ],
            [
              14.22706425189972,
              36.042944229237804
            ],
            [
              14.227091073989868,
              36.04290519136086
            ],
            [
              14.227235913276672,
              36.04279241516319
            ],
            [
              14.227321743965149,
              36.042696989023625
            ],
            [
              14.227482676506042,
              36.042480111003556
            ],
            [
              14.227504134178162,
              36.04248444856981
            ],
            [
              14.22754168510437,
              36.042397697199306
            ],
            [
              14.227589964866638,
              36.042402034770106
            ],
            [
              14.227595329284668,
              36.04236733419705
            ],
            [
              14.22756314277649,
              36.042362996624334
            ],
            [
              14.227579236030579,
              36.042328296034086
            ],
            [
              14.227573871612549,
              36.04223720691189
            ],
            [
              14.227707982063293,
              36.04226756996434
            ],
            [
              14.22802984714508,
              36.042297933005074
            ],
            [
              14.228222966194153,
              36.042349983904785
            ],
            [
              14.228362441062927,
              36.042475773437076
            ],
            [
              14.22852337360382,
              36.042662288580544
            ],
            [
              14.228335618972778,
              36.042818440453914
            ],
            [
              14.228469729423523,
              36.04290519136086
            ],
            [
              14.228169322013855,
              36.04308303042127
            ],
            [
              14.228324890136719,
              36.04330424430172
            ],
            [
              14.22878623008728,
              36.04320448125611
            ],
            [
              14.228898882865906,
              36.043117730678915
            ],
            [
              14.228931069374084,
              36.04304399261315
            ],
            [
              14.22902226448059,
              36.042614575446365
            ],
            [
              14.22904908657074,
              36.04255384959741
            ],
            [
              14.229092001914978,
              36.042506136397506
            ],
            [
              14.229258298873901,
              36.042493123701604
            ],
            [
              14.229376316070557,
              36.042493123701604
            ],
            [
              14.229408502578735,
              36.042540836909396
            ],
            [
              14.229451417922974,
              36.04255384959741
            ],
            [
              14.229483604431152,
              36.04255384959741
            ],
            [
              14.229633808135986,
              36.04258421252773
            ],
            [
              14.229671359062195,
              36.042631925680325
            ],
            [
              14.229698181152344,
              36.042696989023625
            ],
            [
              14.229655265808105,
              36.042892178730895
            ],
            [
              14.2295640707016,
              36.04314809339179
            ],
            [
              14.229515790939331,
              36.04324351898467
            ],
            [
              14.229435324668884,
              36.043351957017975
            ],
            [
              14.229220747947693,
              36.04358618266022
            ],
            [
              14.229145646095276,
              36.04364257021078
            ],
            [
              14.229226112365723,
              36.04369895772095
            ],
            [
              14.229210019111633,
              36.04373365770715
            ],
            [
              14.229193925857544,
              36.04379872014002
            ],
            [
              14.229161739349365,
              36.04385077004764
            ],
            [
              14.229070544242859,
              36.043933182330946
            ],
            [
              14.22905445098877,
              36.04392450735783
            ],
            [
              14.22903835773468,
              36.0439548697596
            ],
            [
              14.22905445098877,
              36.04395920724458
            ],
            [
              14.2290598154068,
              36.044002582081575
            ],
            [
              14.229118824005127,
              36.04419776855224
            ],
            [
              14.229145646095276,
              36.0442324683186
            ],
            [
              14.229231476783752,
              36.04428885540629
            ],
            [
              14.229333400726318,
              36.04440162946054
            ],
            [
              14.229435324668884,
              36.044471028798256
            ],
            [
              14.229708909988403,
              36.04463151453244
            ],
            [
              14.229902029037476,
              36.044362592306214
            ],
            [
              14.229966402053833,
              36.04429753033929
            ],
            [
              14.229918122291565,
              36.044215118437336
            ],
            [
              14.229939579963684,
              36.04419343108039
            ],
            [
              14.229971766471863,
              36.044206443495256
            ],
            [
              14.23004150390625,
              36.04415439382281
            ],
            [
              14.230138063430786,
              36.044119694022044
            ],
            [
              14.230164885520935,
              36.04413704392435
            ],
            [
              14.230256080627441,
              36.04407198177104
            ],
            [
              14.23028826713562,
              36.044015594528005
            ],
            [
              14.230229258537292,
              36.043989569632984
            ],
            [
              14.230266809463501,
              36.04393751981715
            ],
            [
              14.230245351791382,
              36.043928844844515
            ],
            [
              14.230470657348633,
              36.04358618266022
            ],
            [
              14.230626225471497,
              36.04330424430172
            ],
            [
              14.230744242668152,
              36.04322616888547
            ],
            [
              14.23078715801239,
              36.04324351898467
            ],
            [
              14.230824708938599,
              36.04317845609299
            ],
            [
              14.230867624282837,
              36.043191468675616
            ],
            [
              14.2310231924057,
              36.043247856508856
            ],
            [
              14.231098294258118,
              36.043299906780604
            ],
            [
              14.23103928565979,
              36.043421357280906
            ],
            [
              14.231098294258118,
              36.04343870733709
            ],
            [
              14.231109023094177,
              36.043408344736264
            ],
            [
              14.231221675872803,
              36.04344304485052
            ],
            [
              14.231189489364624,
              36.04351244503317
            ],
            [
              14.23128604888916,
              36.04354280759385
            ],
            [
              14.23129677772522,
              36.04351244503317
            ],
            [
              14.231505990028381,
              36.04358184515468
            ],
            [
              14.231500625610352,
              36.043599195175474
            ],
            [
              14.23153281211853,
              36.04361220768857
            ],
            [
              14.231838583946228,
              36.04325653155654
            ],
            [
              14.232090711593628,
              36.04301796739699
            ],
            [
              14.23106074333191,
              36.04276205231315
            ],
            [
              14.23104465007782,
              36.04279241516319
            ],
            [
              14.230910539627075,
              36.04274903965954
            ],
            [
              14.230813980102539,
              36.04273168945139
            ],
            [
              14.230728149414062,
              36.04271867679276
            ],
            [
              14.230620861053467,
              36.04271867679276
            ],
            [
              14.230599403381348,
              36.04268831391427
            ],
            [
              14.230610132217407,
              36.04266662613678
            ],
            [
              14.230583310127258,
              36.042653613467394
            ],
            [
              14.230647683143616,
              36.042592887648524
            ],
            [
              14.230701327323914,
              36.042514811526914
            ],
            [
              14.230626225471497,
              36.042488786135834
            ],
            [
              14.230690598487854,
              36.042349983904785
            ],
            [
              14.230717420578003,
              36.04231094573322
            ],
            [
              14.23078179359436,
              36.04224588207093
            ],
            [
              14.2307710647583,
              36.042232869332025
            ],
            [
              14.230824708938599,
              36.042193831102395
            ],
            [
              14.230754971504211,
              36.04212876734333
            ],
            [
              14.23077642917633,
              36.04210707941169
            ],
            [
              14.230915904045105,
              36.04203767799031
            ],
            [
              14.23080861568451,
              36.041855498968175
            ],
            [
              14.230878353118896,
              36.04182947335916
            ],
            [
              14.2307710647583,
              36.04165163146742
            ],
            [
              14.230744242668152,
              36.04158222964459
            ],
            [
              14.230942726135254,
              36.04155620394528
            ],
            [
              14.231409430503845,
              36.04153885347429
            ],
            [
              14.231865406036377,
              36.041547528710254
            ],
            [
              14.2320317029953,
              36.04157789202864
            ],
            [
              14.232240915298462,
              36.04163428101745
            ],
            [
              14.232568144798279,
              36.04177742211536
            ],
            [
              14.232616424560547,
              36.04150849014084
            ],
            [
              14.232498407363892,
              36.041486802038364
            ],
            [
              14.232428669929504,
              36.041274258317884
            ],
            [
              14.232385754585266,
              36.04127859595057
            ],
            [
              14.232326745986938,
              36.041256907784756
            ],
            [
              14.232176542282104,
              36.041274258317884
            ],
            [
              14.232160449028015,
              36.0412525701509
            ],
            [
              14.232074618339539,
              36.04128727121524
            ],
            [
              14.231956601142883,
              36.041365348554066
            ],
            [
              14.231838583946228,
              36.04134366041214
            ],
            [
              14.23177421092987,
              36.041356673298
            ],
            [
              14.2317795753479,
              36.04130462174166
            ],
            [
              14.23176884651184,
              36.04127859595057
            ],
            [
              14.231731295585632,
              36.04126124541841
            ],
            [
              14.23153281211853,
              36.041326309894316
            ],
            [
              14.23153281211853,
              36.04143041294394
            ],
            [
              14.231468439102173,
              36.04143475056803
            ],
            [
              14.231468439102173,
              36.041452101061964
            ],
            [
              14.231157302856445,
              36.04145643868485
            ],
            [
              14.231168031692505,
              36.04137836143633
            ],
            [
              14.231205582618713,
              36.04127859595057
            ],
            [
              14.2310231924057,
              36.041256907784756
            ],
            [
              14.231017827987671,
              36.04132197226424
            ],
            [
              14.230733513832092,
              36.04126558305181
            ],
            [
              14.230717420578003,
              36.041330647524134
            ],
            [
              14.230669140815735,
              36.04131329700343
            ],
            [
              14.230572581291199,
              36.04130895937267
            ],
            [
              14.230497479438782,
              36.04129160884719
            ],
            [
              14.230368733406067,
              36.04130462174166
            ],
            [
              14.230320453643799,
              36.04130028411039
            ],
            [
              14.23030436038971,
              36.041282933583005
            ],
            [
              14.230245351791382,
              36.04129594647891
            ],
            [
              14.23028290271759,
              36.04135233566963
            ],
            [
              14.230261445045471,
              36.04136101092615
            ],
            [
              14.230148792266846,
              36.04144776343884
            ],
            [
              14.230143427848816,
              36.041469451552075
            ],
            [
              14.230121970176697,
              36.041469451552075
            ],
            [
              14.230132699012756,
              36.041495477280066
            ],
            [
              14.230084419250488,
              36.04160825533533
            ],
            [
              14.23003613948822,
              36.04163428101745
            ],
            [
              14.23004150390625,
              36.04171235801219
            ],
            [
              14.23005759716034,
              36.041738383659904
            ],
            [
              14.23004686832428,
              36.04180344774154
            ],
            [
              14.23005223274231,
              36.04187284936938
            ],
            [
              14.229977130889893,
              36.04188586216779
            ],
            [
              14.229971766471863,
              36.041842486164725
            ],
            [
              14.229907393455505,
              36.04185116136726
            ],
            [
              14.229891300201416,
              36.04178175972031
            ],
            [
              14.229869842529297,
              36.04172103322904
            ],
            [
              14.229880571365356,
              36.04161693056366
            ],
            [
              14.229832291603088,
              36.04159958010604
            ],
            [
              14.229832291603088,
              36.04150849014084
            ],
            [
              14.229864478111267,
              36.04140004956871
            ],
            [
              14.229869842529297,
              36.04134799804102
            ],
            [
              14.229907393455505,
              36.04122654434261
            ],
            [
              14.22980010509491,
              36.04118316797636
            ],
            [
              14.22980010509491,
              36.04113979158619
            ],
            [
              14.229923486709595,
              36.04107906459983
            ],
            [
              14.230175614356995,
              36.041066051668096
            ],
            [
              14.230175614356995,
              36.041044363443746
            ],
            [
              14.23027217388153,
              36.041035688152334
            ],
            [
              14.230358004570007,
              36.04105737637909
            ],
            [
              14.230508208274841,
              36.041044363443746
            ],
            [
              14.230695962905884,
              36.041022675213426
            ],
            [
              14.230717420578003,
              36.041027012859985
            ],
            [
              14.230754971504211,
              36.041022675213426
            ],
            [
              14.230867624282837,
              36.041022675213426
            ],
            [
              14.230953454971313,
              36.041027012859985
            ],
            [
              14.231076836585999,
              36.04107038931227
            ],
            [
              14.231151938438416,
              36.04107906459983
            ],
            [
              14.2312753200531,
              36.04105737637909
            ],
            [
              14.231382608413696,
              36.04108773988648
            ],
            [
              14.231436252593994,
              36.04109207752941
            ],
            [
              14.2315274477005,
              36.041083402243274
            ],
            [
              14.231629371643066,
              36.041053038734205
            ],
            [
              14.231688380241394,
              36.04106171402371
            ],
            [
              14.231699109077454,
              36.041022675213426
            ],
            [
              14.231860041618347,
              36.040940259883726
            ],
            [
              14.231854677200317,
              36.04090989631948
            ],
            [
              14.231972694396973,
              36.040849169155805
            ],
            [
              14.2320317029953,
              36.04089688335978
            ],
            [
              14.232128262519836,
              36.04081880555644
            ],
            [
              14.232133626937866,
              36.04078410428565
            ],
            [
              14.232085347175598,
              36.040762415983636
            ],
            [
              14.2320317029953,
              36.04075374066116
            ],
            [
              14.231441617012024,
              36.040762415983636
            ],
            [
              14.23128604888916,
              36.040758078322526
            ],
            [
              14.231452345848083,
              36.04050649356887
            ],
            [
              14.2315274477005,
              36.040519506593085
            ],
            [
              14.231709837913513,
              36.04053251961514
            ],
            [
              14.231897592544556,
              36.04038937625418
            ],
            [
              14.23202633857727,
              36.040181167264635
            ],
            [
              14.23205316066742,
              36.039730045898665
            ],
            [
              14.231967329978943,
              36.03963027832452
            ],
            [
              14.231854677200317,
              36.039604251980066
            ],
            [
              14.23226773738861,
              36.03860223117702
            ],
            [
              14.232439398765564,
              36.03832027497279
            ],
            [
              14.232444763183594,
              36.038268221409325
            ],
            [
              14.232562780380249,
              36.0382725592076
            ],
            [
              14.232632517814636,
              36.038255208013084
            ],
            [
              14.232632517814636,
              36.038146762960736
            ],
            [
              14.23255205154419,
              36.03795589930591
            ],
            [
              14.232401847839355,
              36.03799060182301
            ],
            [
              14.232192635536194,
              36.03714038575181
            ],
            [
              14.232358932495117,
              36.036997236224735
            ],
            [
              14.232428669929504,
              36.03695385752883
            ],
            [
              14.232509136199951,
              36.036862762189585
            ],
            [
              14.23255205154419,
              36.036793356146106
            ],
            [
              14.232385754585266,
              36.03667189542284
            ],
            [
              14.23230528831482,
              36.036533082938305
            ],
            [
              14.232385754585266,
              36.036481028193535
            ],
            [
              14.232396483421326,
              36.03645066290984
            ],
            [
              14.232257008552551,
              36.03632052584719
            ],
            [
              14.232192635536194,
              36.036281484686455
            ],
            [
              14.232063889503479,
              36.03618171274333
            ],
            [
              14.231935143470764,
              36.03632052584719
            ],
            [
              14.231897592544556,
              36.0363942702091
            ],
            [
              14.231865406036377,
              36.03657212397431
            ],
            [
              14.23179030418396,
              36.03681070766271
            ],
            [
              14.231693744659424,
              36.036784680386376
            ],
            [
              14.23152208328247,
              36.03676299098285
            ],
            [
              14.231463074684143,
              36.03676299098285
            ],
            [
              14.231457710266113,
              36.03691047880899
            ],
            [
              14.231725931167603,
              36.036962533269914
            ],
            [
              14.231870770454407,
              36.03701892556374
            ],
            [
              14.231876134872437,
              36.03701024982887
            ],
            [
              14.232096076011658,
              36.03713171003028
            ],
            [
              14.231902956962585,
              36.03729654857547
            ],
            [
              14.23205316066742,
              36.03741367049001
            ],
            [
              14.231747388839722,
              36.03762622463074
            ],
            [
              14.231618642807007,
              36.037704305599576
            ],
            [
              14.231709837913513,
              36.03777804866573
            ],
            [
              14.23178493976593,
              36.03773033257201
            ],
            [
              14.231983423233032,
              36.03792987240806
            ],
            [
              14.23202633857727,
              36.03795589930591
            ],
            [
              14.232074618339539,
              36.037960237121396
            ],
            [
              14.232112169265747,
              36.0379775883809
            ],
            [
              14.232122898101807,
              36.038003615262994
            ],
            [
              14.23204779624939,
              36.03803397994788
            ],
            [
              14.231940507888794,
              36.038060006811335
            ],
            [
              14.23204779624939,
              36.038229181214135
            ],
            [
              14.232079982757568,
              36.038302923788805
            ],
            [
              14.232112169265747,
              36.038441733153775
            ],
            [
              14.231699109077454,
              36.03842871978621
            ],
            [
              14.231672286987305,
              36.03856752892945
            ],
            [
              14.231613278388977,
              36.03856319114743
            ],
            [
              14.231607913970947,
              36.03862392007399
            ],
            [
              14.231581091880798,
              36.03863693340931
            ],
            [
              14.231591820716858,
              36.03865862229672
            ],
            [
              14.231591820716858,
              36.03868898672907
            ],
            [
              14.231742024421692,
              36.03881478210975
            ],
            [
              14.231581091880798,
              36.03893623952804
            ],
            [
              14.23153281211853,
              36.03909673654344
            ],
            [
              14.231205582618713,
              36.03902299471211
            ],
            [
              14.230996370315552,
              36.0396606423822
            ],
            [
              14.230974912643433,
              36.03988620358706
            ],
            [
              14.230958819389343,
              36.039955606904684
            ],
            [
              14.230942726135254,
              36.03995126919912
            ],
            [
              14.23080861568451,
              36.04020285572672
            ],
            [
              14.230969548225403,
              36.040285271828225
            ],
            [
              14.230867624282837,
              36.04036768784344
            ],
            [
              14.23080861568451,
              36.0403937139356
            ],
            [
              14.230754971504211,
              36.040398051616776
            ],
            [
              14.23080861568451,
              36.040545532635036
            ],
            [
              14.230588674545288,
              36.040562883324924
            ],
            [
              14.23055112361908,
              36.040406726978446
            ],
            [
              14.230486750602722,
              36.04041106465891
            ],
            [
              14.230390191078186,
              36.03995994461002
            ],
            [
              14.230358004570007,
              36.039955606904684
            ],
            [
              14.230261445045471,
              36.04052818194137
            ],
            [
              14.229939579963684,
              36.04049348054251
            ],
            [
              14.229918122291565,
              36.04060192236315
            ],
            [
              14.229708909988403,
              36.0405758963398
            ],
            [
              14.229671359062195,
              36.0408144678984
            ],
            [
              14.229193925857544,
              36.040745065337745
            ],
            [
              14.229134917259216,
              36.040723377024975
            ],
            [
              14.229113459587097,
              36.040662649717476
            ],
            [
              14.229210019111633,
              36.04063228604616
            ],
            [
              14.229161739349365,
              36.040545532635036
            ],
            [
              14.2293119430542,
              36.04050649356887
            ],
            [
              14.229488968849182,
              36.040428415378415
            ],
            [
              14.22953724861145,
              36.04038070089061
            ],
            [
              14.229751825332642,
              36.03985150190529
            ],
            [
              14.229982495307922,
              36.03893623952804
            ],
            [
              14.229226112365723,
              36.03881044434138
            ],
            [
              14.229215383529663,
              36.03881911987794
            ],
            [
              14.228764772415161,
              36.0401161018425
            ],
            [
              14.229070544242859,
              36.03897094161316
            ],
            [
              14.228475093841553,
              36.038832133181
            ],
            [
              14.228442907333374,
              36.038832133181
            ],
            [
              14.228410720825195,
              36.038845146481904
            ],
            [
              14.228389263153076,
              36.03886249754643
            ],
            [
              14.228410720825195,
              36.038892861900166
            ],
            [
              14.228324890136719,
              36.039187829298555
            ],
            [
              14.228169322013855,
              36.03917047830571
            ],
            [
              14.226613640785217,
              36.03887117307727
            ],
            [
              14.22654926776886,
              36.03877140441499
            ],
            [
              14.22627568244934,
              36.038576204492756
            ],
            [
              14.22627568244934,
              36.03855885336516
            ],
            [
              14.226222038269043,
              36.0384981243884
            ],
            [
              14.226248860359192,
              36.03842004420662
            ],
            [
              14.226259589195251,
              36.03837666629441
            ],
            [
              14.226248860359192,
              36.03832461276819
            ],
            [
              14.226200580596924,
              36.03820749220846
            ],
            [
              14.226216673851013,
              36.03811639831932
            ],
            [
              14.226200580596924,
              36.03803831775906
            ],
            [
              14.226179122924805,
              36.03801662870079
            ],
            [
              14.226141571998596,
              36.03799060182301
            ],
            [
              14.22605037689209,
              36.037999277449885
            ],
            [
              14.226023554801941,
              36.03785179166283
            ],
            [
              14.225712418556213,
              36.037899507682994
            ],
            [
              14.225712418556213,
              36.03799060182301
            ],
            [
              14.225728511810303,
              36.03803397994788
            ],
            [
              14.225744605064392,
              36.03809904709041
            ],
            [
              14.225680232048035,
              36.03850679995939
            ],
            [
              14.225664138793945,
              36.03854584001692
            ],
            [
              14.225707054138184,
              36.038732364469254
            ],
            [
              14.225766062736511,
              36.03885382201466
            ],
            [
              14.225819706916809,
              36.03894057728954
            ],
            [
              14.225749969482422,
              36.03901865695518
            ],
            [
              14.225589036941528,
              36.03914011405902
            ],
            [
              14.225674867630005,
              36.0392225312728
            ],
            [
              14.225873351097107,
              36.039101074296084
            ],
            [
              14.225905537605286,
              36.03912276305566
            ],
            [
              14.225996732711792,
              36.0392225312728
            ],
            [
              14.226163029670715,
              36.03950448424655
            ],
            [
              14.22630250453949,
              36.0396910064282
            ],
            [
              14.226425886154175,
              36.03971703274398
            ],
            [
              14.226329326629639,
              36.039730045898665
            ],
            [
              14.225224256515503,
              36.04109641517216
            ],
            [
              14.224601984024048,
              36.040758078322526
            ],
            [
              14.224253296852112,
              36.0406452990496
            ],
            [
              14.223405718803406,
              36.04075374066116
            ],
            [
              14.222230911254883,
              36.04061493537159
            ],
            [
              14.221522808074951,
              36.040584571681876
            ],
            [
              14.221528172492981,
              36.040558545652814
            ],
            [
              14.221158027648926,
              36.04038070089061
            ],
            [
              14.220380187034607,
              36.039894879005104
            ],
            [
              14.22004759311676,
              36.04021586880111
            ],
            [
              14.219951033592224,
              36.04032864868908
            ],
            [
              14.219747185707092,
              36.04052818194137
            ],
            [
              14.219682812690735,
              36.04061493537159
            ],
            [
              14.21979010105133,
              36.04064963671692
            ],
            [
              14.219623804092407,
              36.04085784446778
            ],
            [
              14.219661355018616,
              36.04089254570607
            ],
            [
              14.220010042190552,
              36.04126124541841
            ],
            [
              14.220122694969177,
              36.04135233566963
            ],
            [
              14.220353364944458,
              36.04160825533533
            ],
            [
              14.220219254493713,
              36.041751396480535
            ],
            [
              14.219870567321777,
              36.041413062445244
            ],
            [
              14.219725728034973,
              36.041452101061964
            ],
            [
              14.219757914543152,
              36.04153451585593
            ],
            [
              14.219500422477722,
              36.04163428101745
            ],
            [
              14.219833016395569,
              36.04223720691189
            ],
            [
              14.219870567321777,
              36.04227624512002
            ],
            [
              14.219945669174194,
              36.04218081835488
            ],
            [
              14.220101237297058,
              36.04233263360871
            ],
            [
              14.22031044960022,
              36.042154792853424
            ],
            [
              14.2202889919281,
              36.04213744251432
            ],
            [
              14.220455288887024,
              36.04200731484923
            ],
            [
              14.220503568649292,
              36.04205936594106
            ],
            [
              14.22054648399353,
              36.04213310492895
            ],
            [
              14.220659136772156,
              36.04207237870864
            ],
            [
              14.220600128173828,
              36.04198562688413
            ],
            [
              14.220734238624573,
              36.04191188775815
            ],
            [
              14.220669865608215,
              36.041855498968175
            ],
            [
              14.220852255821228,
              36.041738383659904
            ],
            [
              14.220921993255615,
              36.04180344774154
            ],
            [
              14.220975637435913,
              36.04187284936938
            ],
            [
              14.221184849739075,
              36.04176874690471
            ],
            [
              14.221243858337402,
              36.04174272126701
            ],
            [
              14.221383333206177,
              36.04169934518511
            ],
            [
              14.221420884132385,
              36.04169934518511
            ],
            [
              14.221404790878296,
              36.04180344774154
            ],
            [
              14.221619367599487,
              36.04176007169309
            ],
            [
              14.221592545509338,
              36.04149113965934
            ],
            [
              14.222182631492615,
              36.041469451552075
            ],
            [
              14.222214818000793,
              36.04178609732503
            ],
            [
              14.222402572631836,
              36.04171235801219
            ],
            [
              14.222434759140015,
              36.04170802040342
            ],
            [
              14.222424030303955,
              36.04157789202864
            ],
            [
              14.222445487976074,
              36.04157789202864
            ],
            [
              14.222440123558044,
              36.04143041294394
            ],
            [
              14.22278344631195,
              36.04140872481996
            ],
            [
              14.222949743270874,
              36.04138269906329
            ],
            [
              14.222901463508606,
              36.04123088197791
            ]
          ]
        ]
      },
      "properties": {
        "class": "residential",
        "source_layer": "landuse",
        "source_tile": "https://tiles.openfreemap.org/planet/20261004_113936_pt/14/8839/6431.pbf"
      }
    },
    {
      "type": "Feature",
      "id": "landuse:295598820-15",
      "geometry": {
        "type": "Polygon",
        "coordinates": [
          [
            [
              14.23801839351654,
              36.039101074296084
            ],
            [
              14.238072037696838,
              36.03897527937271
            ],
            [
              14.23805058002472,
              36.03897094161316
            ],
            [
              14.238136410713196,
              36.0387670666442
            ],
            [
              14.237884283065796,
              36.03868464895375
            ],
            [
              14.237213730812073,
              36.03860223117702
            ],
            [
              14.237122535705566,
              36.03842438199652
            ],
            [
              14.236730933189392,
              36.03802964213648
            ],
            [
              14.236392974853516,
              36.03804699338069
            ],
            [
              14.236248135566711,
              36.03801662870079
            ],
            [
              14.235620498657227,
              36.03752645439123
            ],
            [
              14.235582947731018,
              36.03747440030304
            ],
            [
              14.235481023788452,
              36.037279197165915
            ],
            [
              14.235454201698303,
              36.03725317004441
            ],
            [
              14.235400557518005,
              36.037227142914276
            ],
            [
              14.235320091247559,
              36.03702760129768
            ],
            [
              14.235191345214844,
              36.03681070766271
            ],
            [
              14.2348051071167,
              36.03699289835623
            ],
            [
              14.234670996665955,
              36.037183764345
            ],
            [
              14.234311580657959,
              36.037179426486745
            ],
            [
              14.234150648117065,
              36.03723148076992
            ],
            [
              14.234595894813538,
              36.03765658946115
            ],
            [
              14.234611988067627,
              36.03793854804162
            ],
            [
              14.234697818756104,
              36.03811639831932
            ],
            [
              14.234762191772461,
              36.038133749544414
            ],
            [
              14.234756827354431,
              36.03834630174164
            ],
            [
              14.234713912010193,
              36.03853716445026
            ],
            [
              14.234628081321716,
              36.038719351149695
            ],
            [
              14.234585165977478,
              36.03887551084232
            ],
            [
              14.23478364944458,
              36.03893190176633
            ],
            [
              14.2348051071167,
              36.038832133181
            ],
            [
              14.2348051071167,
              36.03875405333038
            ],
            [
              14.234815835952759,
              36.03872368892311
            ],
            [
              14.234939217567444,
              36.03861090673652
            ],
            [
              14.234971404075623,
              36.03860223117702
            ],
            [
              14.23504114151001,
              36.03860223117702
            ],
            [
              14.23504650592804,
              36.03859355561654
            ],
            [
              14.23530399799347,
              36.03869766227902
            ],
            [
              14.235422015190125,
              36.03875405333038
            ],
            [
              14.23553466796875,
              36.03882345764586
            ],
            [
              14.235625863075256,
              36.038866835311964
            ],
            [
              14.23579216003418,
              36.038923226242204
            ],
            [
              14.235915541648865,
              36.03901431919802
            ],
            [
              14.235711693763733,
              36.03924855774345
            ],
            [
              14.236725568771362,
              36.039604251980066
            ],
            [
              14.236720204353333,
              36.03964762921608
            ],
            [
              14.236634373664856,
              36.03963027832452
            ],
            [
              14.236575365066528,
              36.03976474763397
            ],
            [
              14.236468076705933,
              36.03974305905119
            ],
            [
              14.236419796943665,
              36.03988620358706
            ],
            [
              14.236435890197754,
              36.039994646244
            ],
            [
              14.236387610435486,
              36.04013345262699
            ],
            [
              14.236350059509277,
              36.04012911493122
            ],
            [
              14.236328601837158,
              36.04020285572672
            ],
            [
              14.236210584640503,
              36.04020285572672
            ],
            [
              14.236194491386414,
              36.04040238929774
            ],
            [
              14.23653244972229,
              36.040445766094095
            ],
            [
              14.23653244972229,
              36.04045444145052
            ],
            [
              14.236639738082886,
              36.04045877912834
            ],
            [
              14.236612915992737,
              36.04059758469319
            ],
            [
              14.236602187156677,
              36.040627948377875
            ],
            [
              14.236612915992737,
              36.040653974384
            ],
            [
              14.236607551574707,
              36.040723377024975
            ],
            [
              14.236725568771362,
              36.040723377024975
            ],
            [
              14.236720204353333,
              36.04085784446778
            ],
            [
              14.236811399459839,
              36.040866519778774
            ],
            [
              14.236838221549988,
              36.04101399991963
            ],
            [
              14.236827492713928,
              36.041035688152334
            ],
            [
              14.23679530620575,
              36.04103135050629
            ],
            [
              14.236757755279541,
              36.04128727121524
            ],
            [
              14.236065745353699,
              36.04126992068497
            ],
            [
              14.235577583312988,
              36.04126558305181
            ],
            [
              14.235577583312988,
              36.04127859595057
            ],
            [
              14.23528254032135,
              36.041170155061806
            ],
            [
              14.23528254032135,
              36.041131116305294
            ],
            [
              14.234944581985474,
              36.04119184325151
            ],
            [
              14.234928488731384,
              36.04114846686615
            ],
            [
              14.234880208969116,
              36.041161479784265
            ],
            [
              14.234912395477295,
              36.04123955724782
            ],
            [
              14.234730005264282,
              36.04126124541841
            ],
            [
              14.234676361083984,
              36.04118750561406
            ],
            [
              14.234654903411865,
              36.04101833756664
            ],
            [
              14.234644174575806,
              36.041022675213426
            ],
            [
              14.234628081321716,
              36.04091423397223
            ],
            [
              14.234644174575806,
              36.04090989631948
            ],
            [
              14.234644174575806,
              36.040723377024975
            ],
            [
              14.234386682510376,
              36.040627948377875
            ],
            [
              14.234231114387512,
              36.040519506593085
            ],
            [
              14.234172105789185,
              36.040810130240175
            ],
            [
              14.234198927879333,
              36.04122220670705
            ],
            [
              14.234343767166138,
              36.04141740007027
            ],
            [
              14.234440326690674,
              36.04157789202864
            ],
            [
              14.23451542854309,
              36.04172970844496
            ],
            [
              14.23454761505127,
              36.04185116136726
            ],
            [
              14.234365224838257,
              36.0418771869691
            ],
            [
              14.234365224838257,
              36.04194658853193
            ],
            [
              14.234483242034912,
              36.041968276507774
            ],
            [
              14.234751462936401,
              36.04198128929039
            ],
            [
              14.23503041267395,
              36.04202032762542
            ],
            [
              14.235078692436218,
              36.04151282776063
            ],
            [
              14.235491752624512,
              36.04151716538016
            ],
            [
              14.236693382263184,
              36.04151282776063
            ],
            [
              14.236988425254822,
              36.0414651139299
            ],
            [
              14.237433671951294,
              36.04136968618171
            ],
            [
              14.23777163028717,
              36.04128727121524
            ],
            [
              14.237562417984009,
              36.04097929873487
            ],
            [
              14.237927198410034,
              36.04089688335978
            ],
            [
              14.237937927246094,
              36.04077976662573
            ],
            [
              14.238624572753906,
              36.04082748087174
            ],
            [
              14.238624572753906,
              36.03914878955928
            ],
            [
              14.238447546958923,
              36.03913143855783
            ],
            [
              14.238447546958923,
              36.03910541204846
            ],
            [
              14.238109588623047,
              36.039109749800645
            ],
            [
              14.23801839351654,
              36.039101074296084
            ]
          ]
        ]
      },
      "properties": {
        "class": "residential",
        "source_layer": "landuse",
        "source_tile": "https://tiles.openfreemap.org/planet/20261004_113936_pt/14/8839/6431.pbf"
      }
    },
    {
      "type": "Feature",
      "id": "landuse:295598820-19",
      "geometry": {
        "type": "Polygon",
        "coordinates": [
          [
            [
              14.235336184501648,
              36.0444103043811
            ],
            [
              14.234810471534729,
              36.044301867805416
            ],
            [
              14.234477877616882,
              36.044210780966424
            ],
            [
              14.234719276428223,
              36.04393751981715
            ],
            [
              14.234848022460938,
              36.04368160772215
            ],
            [
              14.235062599182129,
              36.043143755862104
            ],
            [
              14.235143065452576,
              36.04280542780961
            ],
            [
              14.234976768493652,
              36.04276205231315
            ],
            [
              14.234504699707031,
              36.043508107523564
            ],
            [
              14.234247207641602,
              36.043351957017975
            ],
            [
              14.234397411346436,
              36.04317845609299
            ],
            [
              14.234193563461304,
              36.0430223049336
            ],
            [
              14.233683943748474,
              36.04353847008592
            ],
            [
              14.233630299568176,
              36.04360787018446
            ],
            [
              14.233260154724121,
              36.04323918146022
            ],
            [
              14.233109951019287,
              36.043113393147536
            ],
            [
              14.232890009880066,
              36.04295724185913
            ],
            [
              14.232696890830994,
              36.04279241516319
            ],
            [
              14.232653975486755,
              36.04278374006438
            ],
            [
              14.232584238052368,
              36.04283145309604
            ],
            [
              14.232423305511475,
              36.043039655077735
            ],
            [
              14.232396483421326,
              36.043187131148315
            ],
            [
              14.23203706741333,
              36.04320448125611
            ],
            [
              14.232015609741211,
              36.04351244503317
            ],
            [
              14.23255205154419,
              36.04352979506929
            ],
            [
              14.232578873634338,
              36.043143755862104
            ],
            [
              14.23280417919159,
              36.043187131148315
            ],
            [
              14.233147501945496,
              36.0434040072209
            ],
            [
              14.233115315437317,
              36.044310542736966
            ],
            [
              14.233093857765198,
              36.044414641841044
            ],
            [
              14.232975840568542,
              36.0444103043811
            ],
            [
              14.233013391494751,
              36.0448223620067
            ],
            [
              14.233131408691406,
              36.04481368713154
            ],
            [
              14.233217239379883,
              36.04483103688089
            ],
            [
              14.233244061470032,
              36.044852724062224
            ],
            [
              14.233254790306091,
              36.044878748671934
            ],
            [
              14.233244061470032,
              36.044917785570334
            ],
            [
              14.23327088356018,
              36.04493513529677
            ],
            [
              14.23327624797821,
              36.04498284702471
            ],
            [
              14.2332923412323,
              36.04499585930914
            ],
            [
              14.233249425888062,
              36.04506092069896
            ],
            [
              14.233227968215942,
              36.045134656875774
            ],
            [
              14.2335444688797,
              36.04511296977215
            ],
            [
              14.23354983329773,
              36.0452561045459
            ],
            [
              14.233227968215942,
              36.04527779161013
            ],
            [
              14.233174324035645,
              36.04533851535821
            ],
            [
              14.233168959617615,
              36.04539923905945
            ],
            [
              14.233233332633972,
              36.045585747277556
            ],
            [
              14.233254790306091,
              36.04559442206765
            ],
            [
              14.23327088356018,
              36.04579394197587
            ],
            [
              14.233351349830627,
              36.04601514823959
            ],
            [
              14.233109951019287,
              36.046062859313025
            ],
            [
              14.233217239379883,
              36.046379486613134
            ],
            [
              14.233447909355164,
              36.046366474557416
            ],
            [
              14.233571290969849,
              36.04638382396459
            ],
            [
              14.233683943748474,
              36.046409848068166
            ],
            [
              14.23376977443695,
              36.04641418541793
            ],
            [
              14.233812689781189,
              36.046409848068166
            ],
            [
              14.234011173248291,
              36.04634478779309
            ],
            [
              14.234177470207214,
              36.046262378034086
            ],
            [
              14.23429012298584,
              36.046258040675966
            ],
            [
              14.234322309494019,
              36.04626671539198
            ],
            [
              14.234569072723389,
              36.046379486613134
            ],
            [
              14.234735369682312,
              36.04649225767278
            ],
            [
              14.235105514526367,
              36.04610189562433
            ],
            [
              14.235148429870605,
              36.04612791982109
            ],
            [
              14.235234260559082,
              36.04611057035753
            ],
            [
              14.23528790473938,
              36.04632310102275
            ],
            [
              14.235422015190125,
              36.04626671539198
            ],
            [
              14.235368371009827,
              36.046062859313025
            ],
            [
              14.235969185829163,
              36.04597611188527
            ],
            [
              14.236832857131958,
              36.04581129150921
            ],
            [
              14.236988425254822,
              36.04640551071816
            ],
            [
              14.236983060836792,
              36.04654430579967
            ],
            [
              14.23729956150055,
              36.046548643142
            ],
            [
              14.237433671951294,
              36.04653563111424
            ],
            [
              14.23779308795929,
              36.04647924563568
            ],
            [
              14.237712621688843,
              36.04617129346329
            ],
            [
              14.237664341926575,
              36.04602382298236
            ],
            [
              14.237680435180664,
              36.045824303656715
            ],
            [
              14.23780381679535,
              36.04583731580206
            ],
            [
              14.237809181213379,
              36.04579827935956
            ],
            [
              14.237873554229736,
              36.04580261674303
            ],
            [
              14.237884283065796,
              36.04572454380428
            ],
            [
              14.237986207008362,
              36.04561177164496
            ],
            [
              14.238168597221375,
              36.0457418933529
            ],
            [
              14.238254427909851,
              36.0457418933529
            ],
            [
              14.238254427909851,
              36.045845990564416
            ],
            [
              14.238334894180298,
              36.04585032794526
            ],
            [
              14.23827588558197,
              36.04601514823959
            ],
            [
              14.238318800926208,
              36.04603249772417
            ],
            [
              14.23852801322937,
              36.04615828137314
            ],
            [
              14.238624572753906,
              36.04605852194389
            ],
            [
              14.238624572753906,
              36.042232869332025
            ],
            [
              14.238409996032715,
              36.04218081835488
            ],
            [
              14.238340258598328,
              36.04218081835488
            ],
            [
              14.238163232803345,
              36.042250219650086
            ],
            [
              14.238082766532898,
              36.04231094573322
            ],
            [
              14.238002300262451,
              36.042323958459235
            ],
            [
              14.238002300262451,
              36.04228492027477
            ],
            [
              14.237889647483826,
              36.04225889480769
            ],
            [
              14.237846732139587,
              36.04226323238612
            ],
            [
              14.237723350524902,
              36.04184682376612
            ],
            [
              14.237487316131592,
              36.04143475056803
            ],
            [
              14.236688017845154,
              36.04159958010604
            ],
            [
              14.235228896141052,
              36.04159958010604
            ],
            [
              14.235207438468933,
              36.041621268177465
            ],
            [
              14.235126972198486,
              36.04181212294837
            ],
            [
              14.2350572347641,
              36.04213310492895
            ],
            [
              14.23477292060852,
              36.04204201558093
            ],
            [
              14.234579801559448,
              36.042029002808334
            ],
            [
              14.234327673912048,
              36.04224588207093
            ],
            [
              14.23427939414978,
              36.042315283308795
            ],
            [
              14.234236478805542,
              36.042293595428546
            ],
            [
              14.234177470207214,
              36.042362996624334
            ],
            [
              14.234338402748108,
              36.04244107289651
            ],
            [
              14.234392046928406,
              36.04236733419705
            ],
            [
              14.234590530395508,
              36.042458423168696
            ],
            [
              14.234510064125061,
              36.04259722520858
            ],
            [
              14.23477292060852,
              36.042696989023625
            ],
            [
              14.234837293624878,
              36.042579874966975
            ],
            [
              14.234939217567444,
              36.042432397758986
            ],
            [
              14.235910177230835,
              36.042788077613906
            ],
            [
              14.235727787017822,
              36.04317411856495
            ],
            [
              14.235604405403137,
              36.04313941833216
            ],
            [
              14.23554539680481,
              36.04336496957194
            ],
            [
              14.235384464263916,
              36.044249818196036
            ],
            [
              14.235336184501648,
              36.0444103043811
            ]
          ]
        ]
      },
      "properties": {
        "class": "residential",
        "source_layer": "landuse",
        "source_tile": "https://tiles.openfreemap.org/planet/20261004_113936_pt/14/8839/6431.pbf"
      }
    }
  ]
}
