{
  "type": "FeatureCollection",
  "source": "https://tiles.openfreemap.org/planet/20261004_113936_pt/14/8851/6438.pbf",
  "sources": [
    "https://tiles.openfreemap.org/planet/20261004_113936_pt/14/8851/6438.pbf",
    "https://tiles.openfreemap.org/planet/20261004_113936_pt/14/8852/6438.pbf"
  ],
  "fetched_at": "2026-10-09T09:15:16.107Z",
  "attribution": "Map data © OpenStreetMap contributors, ODbL: https://www.openstreetmap.org/copyright",
  "description": "OpenFreeMap vector-tile features intersecting a query box extending 160 m from the centre in each direction. Complete intersecting features are retained. Tile/component IDs are not OSM way IDs.",
  "church_id": "0202",
  "context_center": [
    14.50124,
    35.91545
  ],
  "context_bbox": [
    14.499465302909444,
    35.91401270212001,
    14.503014697090554,
    35.91688729787999
  ],
  "features": [
    {
      "type": "Feature",
      "id": "building:26569630-1363",
      "geometry": {
        "type": "Polygon",
        "coordinates": [
          [
            [
              14.498932957649231,
              35.91380973214115
            ],
            [
              14.499045610427856,
              35.91384448928311
            ],
            [
              14.499029517173767,
              35.91387490176977
            ],
            [
              14.499383568763733,
              35.91399220696603
            ],
            [
              14.499394297599792,
              35.91399655159961
            ],
            [
              14.499394297599792,
              35.91400524086599
            ],
            [
              14.499549865722656,
              35.91405737644436
            ],
            [
              14.49943721294403,
              35.914252884557186
            ],
            [
              14.49970006942749,
              35.914348466125375
            ],
            [
              14.4999361038208,
              35.9139531052533
            ],
            [
              14.499024152755737,
              35.91362725689538
            ],
            [
              14.498932957649231,
              35.91380973214115
            ]
          ]
        ]
      },
      "properties": {
        "render_height": 5,
        "render_min_height": 0,
        "source_layer": "building",
        "source_tile": "https://tiles.openfreemap.org/planet/20261004_113936_pt/14/8851/6438.pbf"
      }
    },
    {
      "type": "Feature",
      "id": "building:26569630-1409",
      "geometry": {
        "type": "Polygon",
        "coordinates": [
          [
            [
              14.49972689151764,
              35.91566052870634
            ],
            [
              14.499925374984741,
              35.9153259982609
            ],
            [
              14.499909281730652,
              35.915308620017285
            ],
            [
              14.499582052230835,
              35.91538247752628
            ],
            [
              14.499662518501282,
              35.91563011690613
            ],
            [
              14.49968934059143,
              35.91565183962176
            ],
            [
              14.49972689151764,
              35.91566052870634
            ]
          ]
        ]
      },
      "properties": {
        "render_height": 5,
        "render_min_height": 0,
        "source_layer": "building",
        "source_tile": "https://tiles.openfreemap.org/planet/20261004_113936_pt/14/8851/6438.pbf"
      }
    },
    {
      "type": "Feature",
      "id": "building:26569630-1410",
      "geometry": {
        "type": "Polygon",
        "coordinates": [
          [
            [
              14.500402808189392,
              35.91574307496228
            ],
            [
              14.500322341918945,
              35.9157647976469
            ],
            [
              14.500375986099243,
              35.915895133629334
            ],
            [
              14.50045645236969,
              35.91587341098051
            ],
            [
              14.500402808189392,
              35.91574307496228
            ]
          ]
        ]
      },
      "properties": {
        "render_height": 5,
        "render_min_height": 0,
        "source_layer": "building",
        "source_tile": "https://tiles.openfreemap.org/planet/20261004_113936_pt/14/8851/6438.pbf"
      }
    },
    {
      "type": "Feature",
      "id": "building:26569630-1411",
      "geometry": {
        "type": "Polygon",
        "coordinates": [
          [
            [
              14.500494003295898,
              35.9157213522717
            ],
            [
              14.500402808189392,
              35.91574307496228
            ],
            [
              14.50046181678772,
              35.91588644457053
            ],
            [
              14.500553011894226,
              35.915864721919306
            ],
            [
              14.500494003295898,
              35.9157213522717
            ]
          ]
        ]
      },
      "properties": {
        "render_height": 5,
        "render_min_height": 0,
        "source_layer": "building",
        "source_tile": "https://tiles.openfreemap.org/planet/20261004_113936_pt/14/8851/6438.pbf"
      }
    },
    {
      "type": "Feature",
      "id": "building:26569630-1412",
      "geometry": {
        "type": "Polygon",
        "coordinates": [
          [
            [
              14.500558376312256,
              35.91566487324829
            ],
            [
              14.500515460968018,
              35.91567790687266
            ],
            [
              14.500531554222107,
              35.91570831865451
            ],
            [
              14.500494003295898,
              35.9157213522717
            ],
            [
              14.500553011894226,
              35.915864721919306
            ],
            [
              14.500628113746643,
              35.91584299926214
            ],
            [
              14.500558376312256,
              35.91566487324829
            ]
          ]
        ]
      },
      "properties": {
        "render_height": 5,
        "render_min_height": 0,
        "source_layer": "building",
        "source_tile": "https://tiles.openfreemap.org/planet/20261004_113936_pt/14/8851/6438.pbf"
      }
    },
    {
      "type": "Feature",
      "id": "building:26569630-1413",
      "geometry": {
        "type": "Polygon",
        "coordinates": [
          [
            [
              14.500295519828796,
              35.915052290480546
            ],
            [
              14.50044572353363,
              35.91509573622319
            ],
            [
              14.500612020492554,
              35.915052290480546
            ],
            [
              14.500494003295898,
              35.9147872709337
            ],
            [
              14.500429630279541,
              35.91478292634356
            ],
            [
              14.500290155410767,
              35.91503056760028
            ],
            [
              14.500295519828796,
              35.915052290480546
            ]
          ]
        ]
      },
      "properties": {
        "render_height": 5,
        "render_min_height": 0,
        "source_layer": "building",
        "source_tile": "https://tiles.openfreemap.org/planet/20261004_113936_pt/14/8851/6438.pbf"
      }
    },
    {
      "type": "Feature",
      "id": "building:26569630-1414",
      "geometry": {
        "type": "Polygon",
        "coordinates": [
          [
            [
              14.499780535697937,
              35.91437887841833
            ],
            [
              14.500338435173035,
              35.91457873033819
            ],
            [
              14.500574469566345,
              35.914218127594665
            ],
            [
              14.500011205673218,
              35.9139835176982
            ],
            [
              14.499780535697937,
              35.91437887841833
            ]
          ]
        ]
      },
      "properties": {
        "render_height": 5,
        "render_min_height": 0,
        "source_layer": "building",
        "source_tile": "https://tiles.openfreemap.org/planet/20261004_113936_pt/14/8851/6438.pbf"
      }
    },
    {
      "type": "Feature",
      "id": "building:26569630-1415",
      "geometry": {
        "type": "Polygon",
        "coordinates": [
          [
            [
              14.499276280403137,
              35.914200749107664
            ],
            [
              14.49943721294403,
              35.914252884557186
            ],
            [
              14.499549865722656,
              35.91405737644436
            ],
            [
              14.499394297599792,
              35.91400524086599
            ],
            [
              14.499394297599792,
              35.91399655159961
            ],
            [
              14.499383568763733,
              35.91399220696603
            ],
            [
              14.499346017837524,
              35.91405737644436
            ],
            [
              14.499394297599792,
              35.91407041033358
            ],
            [
              14.499351382255554,
              35.91415730287352
            ],
            [
              14.499303102493286,
              35.9141442689986
            ],
            [
              14.499276280403137,
              35.914200749107664
            ]
          ]
        ]
      },
      "properties": {
        "render_height": 5,
        "render_min_height": 0,
        "source_layer": "building",
        "source_tile": "https://tiles.openfreemap.org/planet/20261004_113936_pt/14/8851/6438.pbf"
      }
    },
    {
      "type": "Feature",
      "id": "building:26569630-1416",
      "geometry": {
        "type": "Polygon",
        "coordinates": [
          [
            [
              14.500054121017456,
              35.91391834815906
            ],
            [
              14.500595927238464,
              35.914131235121545
            ],
            [
              14.500858783721924,
              35.913688082024066
            ],
            [
              14.500322341918945,
              35.91347084920686
            ],
            [
              14.500054121017456,
              35.91391834815906
            ]
          ]
        ]
      },
      "properties": {
        "render_height": 5,
        "render_min_height": 0,
        "source_layer": "building",
        "source_tile": "https://tiles.openfreemap.org/planet/20261004_113936_pt/14/8851/6438.pbf"
      }
    },
    {
      "type": "Feature",
      "id": "building:26569630-1417",
      "geometry": {
        "type": "Polygon",
        "coordinates": [
          [
            [
              14.500510096549988,
              35.9146091425426
            ],
            [
              14.500553011894226,
              35.914626520939876
            ],
            [
              14.500885605812073,
              35.91440060147754
            ],
            [
              14.500896334648132,
              35.914383223030654
            ],
            [
              14.500874876976013,
              35.914348466125375
            ],
            [
              14.50070321559906,
              35.91427460765101
            ],
            [
              14.500510096549988,
              35.9146091425426
            ]
          ]
        ]
      },
      "properties": {
        "render_height": 5,
        "render_min_height": 0,
        "source_layer": "building",
        "source_tile": "https://tiles.openfreemap.org/planet/20261004_113936_pt/14/8851/6438.pbf"
      }
    },
    {
      "type": "Feature",
      "id": "building:26569630-1418",
      "geometry": {
        "type": "Polygon",
        "coordinates": [
          [
            [
              14.500730037689209,
              35.91463086553861
            ],
            [
              14.500826597213745,
              35.91472644665012
            ],
            [
              14.50094997882843,
              35.91465693312594
            ],
            [
              14.500853419303894,
              35.91454831812209
            ],
            [
              14.500730037689209,
              35.91463086553861
            ]
          ]
        ]
      },
      "properties": {
        "render_height": 5,
        "render_min_height": 0,
        "source_layer": "building",
        "source_tile": "https://tiles.openfreemap.org/planet/20261004_113936_pt/14/8851/6438.pbf"
      }
    },
    {
      "type": "Feature",
      "id": "building:26569630-1419",
      "geometry": {
        "type": "Polygon",
        "coordinates": [
          [
            [
              14.50120210647583,
              35.91448749365479
            ],
            [
              14.501304030418396,
              35.91456135193043
            ],
            [
              14.501384496688843,
              35.91448749365479
            ],
            [
              14.501261115074158,
              35.914422324530804
            ],
            [
              14.50120210647583,
              35.91448749365479
            ]
          ]
        ]
      },
      "properties": {
        "render_height": 5,
        "render_min_height": 0,
        "source_layer": "building",
        "source_tile": "https://tiles.openfreemap.org/planet/20261004_113936_pt/14/8851/6438.pbf"
      }
    },
    {
      "type": "Feature",
      "id": "building:26569630-1420",
      "geometry": {
        "type": "Polygon",
        "coordinates": [
          [
            [
              14.501127004623413,
              35.914348466125375
            ],
            [
              14.501073360443115,
              35.91440494608868
            ],
            [
              14.5011967420578,
              35.91449618286728
            ],
            [
              14.501261115074158,
              35.914422324530804
            ],
            [
              14.501239657402039,
              35.91439191225457
            ],
            [
              14.501127004623413,
              35.914348466125375
            ]
          ]
        ]
      },
      "properties": {
        "render_height": 5,
        "render_min_height": 0,
        "source_layer": "building",
        "source_tile": "https://tiles.openfreemap.org/planet/20261004_113936_pt/14/8851/6438.pbf"
      }
    },
    {
      "type": "Feature",
      "id": "building:26569630-1421",
      "geometry": {
        "type": "Polygon",
        "coordinates": [
          [
            [
              14.501094818115234,
              35.91433543228199
            ],
            [
              14.501239657402039,
              35.91439191225457
            ],
            [
              14.501266479492188,
              35.91433543228199
            ],
            [
              14.501148462295532,
              35.91430067535573
            ],
            [
              14.501094818115234,
              35.91433543228199
            ]
          ]
        ]
      },
      "properties": {
        "render_height": 5,
        "render_min_height": 0,
        "source_layer": "building",
        "source_tile": "https://tiles.openfreemap.org/planet/20261004_113936_pt/14/8851/6438.pbf"
      }
    },
    {
      "type": "Feature",
      "id": "building:26569630-1422",
      "geometry": {
        "type": "Polygon",
        "coordinates": [
          [
            [
              14.501148462295532,
              35.91430067535573
            ],
            [
              14.501422047615051,
              35.91437887841833
            ],
            [
              14.501416683197021,
              35.91440929069958
            ],
            [
              14.501529335975647,
              35.914444047578115
            ],
            [
              14.501502513885498,
              35.91450052747315
            ],
            [
              14.501561522483826,
              35.914517905894286
            ],
            [
              14.501582980155945,
              35.91448749365479
            ],
            [
              14.501819014549255,
              35.91454397351883
            ],
            [
              14.501835107803345,
              35.91449183826117
            ],
            [
              14.501593708992004,
              35.914431013750445
            ],
            [
              14.501641988754272,
              35.91427460765101
            ],
            [
              14.50121819972992,
              35.91417033674627
            ],
            [
              14.501148462295532,
              35.91430067535573
            ]
          ]
        ]
      },
      "properties": {
        "render_height": 5,
        "render_min_height": 0,
        "source_layer": "building",
        "source_tile": "https://tiles.openfreemap.org/planet/20261004_113936_pt/14/8851/6438.pbf"
      }
    },
    {
      "type": "Feature",
      "id": "building:26569630-1423",
      "geometry": {
        "type": "Polygon",
        "coordinates": [
          [
            [
              14.501094818115234,
              35.91419205986274
            ],
            [
              14.501169919967651,
              35.9140877888492
            ],
            [
              14.500885605812073,
              35.91397048379466
            ],
            [
              14.500815868377686,
              35.914074754962826
            ],
            [
              14.501094818115234,
              35.91419205986274
            ]
          ]
        ]
      },
      "properties": {
        "render_height": 5,
        "render_min_height": 0,
        "source_layer": "building",
        "source_tile": "https://tiles.openfreemap.org/planet/20261004_113936_pt/14/8851/6438.pbf"
      }
    },
    {
      "type": "Feature",
      "id": "building:26569630-1424",
      "geometry": {
        "type": "Polygon",
        "coordinates": [
          [
            [
              14.501255750656128,
              35.91408344422064
            ],
            [
              14.501641988754272,
              35.914165992122236
            ],
            [
              14.501674175262451,
              35.91396613915968
            ],
            [
              14.501293301582336,
              35.91392269279666
            ],
            [
              14.501255750656128,
              35.91408344422064
            ]
          ]
        ]
      },
      "properties": {
        "render_height": 5,
        "render_min_height": 0,
        "source_layer": "building",
        "source_tile": "https://tiles.openfreemap.org/planet/20261004_113936_pt/14/8851/6438.pbf"
      }
    },
    {
      "type": "Feature",
      "id": "building:26569630-1425",
      "geometry": {
        "type": "Polygon",
        "coordinates": [
          [
            [
              14.501169919967651,
              35.9140877888492
            ],
            [
              14.5011967420578,
              35.9139531052533
            ],
            [
              14.50095534324646,
              35.91386186784837
            ],
            [
              14.500885605812073,
              35.91397048379466
            ],
            [
              14.501169919967651,
              35.9140877888492
            ]
          ]
        ]
      },
      "properties": {
        "render_height": 5,
        "render_min_height": 0,
        "source_layer": "building",
        "source_tile": "https://tiles.openfreemap.org/planet/20261004_113936_pt/14/8851/6438.pbf"
      }
    },
    {
      "type": "Feature",
      "id": "building:26569630-1426",
      "geometry": {
        "type": "Polygon",
        "coordinates": [
          [
            [
              14.500858783721924,
              35.91413992437316
            ],
            [
              14.501057267189026,
              35.91422681683672
            ],
            [
              14.501094818115234,
              35.91419205986274
            ],
            [
              14.500880241394043,
              35.9141008227334
            ],
            [
              14.500858783721924,
              35.91413992437316
            ]
          ]
        ]
      },
      "properties": {
        "render_height": 5,
        "render_min_height": 0,
        "source_layer": "building",
        "source_tile": "https://tiles.openfreemap.org/planet/20261004_113936_pt/14/8851/6438.pbf"
      }
    },
    {
      "type": "Feature",
      "id": "building:26569630-1427",
      "geometry": {
        "type": "Polygon",
        "coordinates": [
          [
            [
              14.500789046287537,
              35.91411385661547
            ],
            [
              14.500858783721924,
              35.91413992437316
            ],
            [
              14.500880241394043,
              35.9141008227334
            ],
            [
              14.500815868377686,
              35.914074754962826
            ],
            [
              14.500789046287537,
              35.91411385661547
            ]
          ]
        ]
      },
      "properties": {
        "render_height": 5,
        "render_min_height": 0,
        "source_layer": "building",
        "source_tile": "https://tiles.openfreemap.org/planet/20261004_113936_pt/14/8851/6438.pbf"
      }
    },
    {
      "type": "Feature",
      "id": "building:26569630-1428",
      "geometry": {
        "type": "Polygon",
        "coordinates": [
          [
            [
              14.500885605812073,
              35.91427460765101
            ],
            [
              14.50097143650055,
              35.9143093645887
            ],
            [
              14.501057267189026,
              35.91422681683672
            ],
            [
              14.50094997882843,
              35.91417468137003
            ],
            [
              14.500885605812073,
              35.91427460765101
            ]
          ]
        ]
      },
      "properties": {
        "render_height": 5,
        "render_min_height": 0,
        "source_layer": "building",
        "source_tile": "https://tiles.openfreemap.org/planet/20261004_113936_pt/14/8851/6438.pbf"
      }
    },
    {
      "type": "Feature",
      "id": "building:26569630-1429",
      "geometry": {
        "type": "Polygon",
        "coordinates": [
          [
            [
              14.500735402107239,
              35.914209438351634
            ],
            [
              14.500885605812073,
              35.91427460765101
            ],
            [
              14.50094997882843,
              35.91417468137003
            ],
            [
              14.500789046287537,
              35.91411385661547
            ],
            [
              14.500735402107239,
              35.914209438351634
            ]
          ]
        ]
      },
      "properties": {
        "render_height": 5,
        "render_min_height": 0,
        "source_layer": "building",
        "source_tile": "https://tiles.openfreemap.org/planet/20261004_113936_pt/14/8851/6438.pbf"
      }
    },
    {
      "type": "Feature",
      "id": "building:26569630-1437",
      "geometry": {
        "type": "Polygon",
        "coordinates": [
          [
            [
              14.501760005950928,
              35.91406172107432
            ],
            [
              14.502076506614685,
              35.91405303181412
            ],
            [
              14.502038955688477,
              35.91381842142806
            ],
            [
              14.501743912696838,
              35.91383579999905
            ],
            [
              14.501760005950928,
              35.91406172107432
            ]
          ]
        ]
      },
      "properties": {
        "render_height": 5,
        "render_min_height": 0,
        "source_layer": "building",
        "source_tile": "https://tiles.openfreemap.org/planet/20261004_113936_pt/14/8851/6438.pbf"
      }
    },
    {
      "type": "Feature",
      "id": "building:26569630-1438",
      "geometry": {
        "type": "Polygon",
        "coordinates": [
          [
            [
              14.501878023147583,
              35.91412254586898
            ],
            [
              14.502076506614685,
              35.914118201242346
            ],
            [
              14.502076506614685,
              35.91405303181412
            ],
            [
              14.501867294311523,
              35.91406606570408
            ],
            [
              14.501878023147583,
              35.91412254586898
            ]
          ]
        ]
      },
      "properties": {
        "render_height": 5,
        "render_min_height": 0,
        "source_layer": "building",
        "source_tile": "https://tiles.openfreemap.org/planet/20261004_113936_pt/14/8851/6438.pbf"
      }
    },
    {
      "type": "Feature",
      "id": "building:26569630-1439",
      "geometry": {
        "type": "Polygon",
        "coordinates": [
          [
            [
              14.501894116401672,
              35.91426157379543
            ],
            [
              14.502097964286804,
              35.9142659184142
            ],
            [
              14.502076506614685,
              35.914118201242346
            ],
            [
              14.501878023147583,
              35.91412254586898
            ],
            [
              14.501894116401672,
              35.91426157379543
            ]
          ]
        ]
      },
      "properties": {
        "render_height": 5,
        "render_min_height": 0,
        "source_layer": "building",
        "source_tile": "https://tiles.openfreemap.org/planet/20261004_113936_pt/14/8851/6438.pbf"
      }
    },
    {
      "type": "Feature",
      "id": "building:26569630-1440",
      "geometry": {
        "type": "Polygon",
        "coordinates": [
          [
            [
              14.50172245502472,
              35.91424853993772
            ],
            [
              14.501894116401672,
              35.91430501997233
            ],
            [
              14.501867294311523,
              35.91406606570408
            ],
            [
              14.501760005950928,
              35.91406172107432
            ],
            [
              14.50172245502472,
              35.91424853993772
            ]
          ]
        ]
      },
      "properties": {
        "render_height": 5,
        "render_min_height": 0,
        "source_layer": "building",
        "source_tile": "https://tiles.openfreemap.org/planet/20261004_113936_pt/14/8851/6438.pbf"
      }
    },
    {
      "type": "Feature",
      "id": "building:26569630-1441",
      "geometry": {
        "type": "Polygon",
        "coordinates": [
          [
            [
              14.501304030418396,
              35.91456135193043
            ],
            [
              14.501395225524902,
              35.914626520939876
            ],
            [
              14.501491785049438,
              35.91454397351883
            ],
            [
              14.501384496688843,
              35.91448749365479
            ],
            [
              14.501304030418396,
              35.91456135193043
            ]
          ]
        ]
      },
      "properties": {
        "render_height": 5,
        "render_min_height": 0,
        "source_layer": "building",
        "source_tile": "https://tiles.openfreemap.org/planet/20261004_113936_pt/14/8851/6438.pbf"
      }
    },
    {
      "type": "Feature",
      "id": "building:26569630-1442",
      "geometry": {
        "type": "Polygon",
        "coordinates": [
          [
            [
              14.501395225524902,
              35.914626520939876
            ],
            [
              14.501502513885498,
              35.91470472368036
            ],
            [
              14.501593708992004,
              35.91461783174174
            ],
            [
              14.501534700393677,
              35.91457873033819
            ],
            [
              14.501566886901855,
              35.91454831812209
            ],
            [
              14.501518607139587,
              35.914517905894286
            ],
            [
              14.501395225524902,
              35.914626520939876
            ]
          ]
        ]
      },
      "properties": {
        "render_height": 5,
        "render_min_height": 0,
        "source_layer": "building",
        "source_tile": "https://tiles.openfreemap.org/planet/20261004_113936_pt/14/8851/6438.pbf"
      }
    },
    {
      "type": "Feature",
      "id": "building:26569630-1443",
      "geometry": {
        "type": "Polygon",
        "coordinates": [
          [
            [
              14.501647353172302,
              35.91440060147754
            ],
            [
              14.501851201057434,
              35.91445273679534
            ],
            [
              14.501883387565613,
              35.91435281073937
            ],
            [
              14.501679539680481,
              35.91430067535573
            ],
            [
              14.501647353172302,
              35.91440060147754
            ]
          ]
        ]
      },
      "properties": {
        "render_height": 5,
        "render_min_height": 0,
        "source_layer": "building",
        "source_tile": "https://tiles.openfreemap.org/planet/20261004_113936_pt/14/8851/6438.pbf"
      }
    },
    {
      "type": "Feature",
      "id": "building:26569630-1444",
      "geometry": {
        "type": "Polygon",
        "coordinates": [
          [
            [
              14.501819014549255,
              35.91454397351883
            ],
            [
              14.501985311508179,
              35.9145743857366
            ],
            [
              14.501979947090149,
              35.91453528431161
            ],
            [
              14.502135515213013,
              35.914526595103425
            ],
            [
              14.502124786376953,
              35.91440060147754
            ],
            [
              14.50196385383606,
              35.914413635310225
            ],
            [
              14.50196385383606,
              35.914444047578115
            ],
            [
              14.501910209655762,
              35.914448392186856
            ],
            [
              14.501899480819702,
              35.91435281073937
            ],
            [
              14.501883387565613,
              35.91435281073937
            ],
            [
              14.501819014549255,
              35.91454397351883
            ]
          ]
        ]
      },
      "properties": {
        "render_height": 5,
        "render_min_height": 0,
        "source_layer": "building",
        "source_tile": "https://tiles.openfreemap.org/planet/20261004_113936_pt/14/8851/6438.pbf"
      }
    },
    {
      "type": "Feature",
      "id": "building:26569630-1445",
      "geometry": {
        "type": "Polygon",
        "coordinates": [
          [
            [
              14.501797556877136,
              35.91474816961389
            ],
            [
              14.502151608467102,
              35.91465258852864
            ],
            [
              14.502140879631042,
              35.9145743857366
            ],
            [
              14.501985311508179,
              35.9145743857366
            ],
            [
              14.501856565475464,
              35.914552662725114
            ],
            [
              14.501856565475464,
              35.91459610874216
            ],
            [
              14.501727819442749,
              35.91459610874216
            ],
            [
              14.501797556877136,
              35.91474816961389
            ]
          ]
        ]
      },
      "properties": {
        "render_height": 5,
        "render_min_height": 0,
        "source_layer": "building",
        "source_tile": "https://tiles.openfreemap.org/planet/20261004_113936_pt/14/8851/6438.pbf"
      }
    },
    {
      "type": "Feature",
      "id": "building:26569630-1446",
      "geometry": {
        "type": "Polygon",
        "coordinates": [
          [
            [
              14.50171709060669,
              35.9150262230235
            ],
            [
              14.50193166732788,
              35.91501753386926
            ],
            [
              14.501920938491821,
              35.91496105434332
            ],
            [
              14.50196921825409,
              35.91496105434332
            ],
            [
              14.50194776058197,
              35.91479161552358
            ],
            [
              14.50169563293457,
              35.91485243975703
            ],
            [
              14.50171709060669,
              35.9150262230235
            ]
          ]
        ]
      },
      "properties": {
        "render_height": 5,
        "render_min_height": 0,
        "source_layer": "building",
        "source_tile": "https://tiles.openfreemap.org/planet/20261004_113936_pt/14/8851/6438.pbf"
      }
    },
    {
      "type": "Feature",
      "id": "building:26569630-1447",
      "geometry": {
        "type": "Polygon",
        "coordinates": [
          [
            [
              14.501277208328247,
              35.91488285185622
            ],
            [
              14.501486420631409,
              35.91483071682188
            ],
            [
              14.501491785049438,
              35.91480464929184
            ],
            [
              14.501309394836426,
              35.9146656223198
            ],
            [
              14.50122356414795,
              35.91474382502162
            ],
            [
              14.501266479492188,
              35.91477858175318
            ],
            [
              14.501245021820068,
              35.91479161552358
            ],
            [
              14.501277208328247,
              35.91488285185622
            ]
          ]
        ]
      },
      "properties": {
        "render_height": 5,
        "render_min_height": 0,
        "source_layer": "building",
        "source_tile": "https://tiles.openfreemap.org/planet/20261004_113936_pt/14/8851/6438.pbf"
      }
    },
    {
      "type": "Feature",
      "id": "building:26569630-1448",
      "geometry": {
        "type": "Polygon",
        "coordinates": [
          [
            [
              14.501502513885498,
              35.91470472368036
            ],
            [
              14.501609802246094,
              35.91477858175318
            ],
            [
              14.501652717590332,
              35.9147872709337
            ],
            [
              14.501797556877136,
              35.91474816961389
            ],
            [
              14.501727819442749,
              35.91459610874216
            ],
            [
              14.501636624336243,
              35.91463521013709
            ],
            [
              14.501663446426392,
              35.91467865610879
            ],
            [
              14.501636624336243,
              35.914687345300266
            ],
            [
              14.501593708992004,
              35.91461783174174
            ],
            [
              14.501502513885498,
              35.91470472368036
            ]
          ]
        ]
      },
      "properties": {
        "render_height": 5,
        "render_min_height": 0,
        "source_layer": "building",
        "source_tile": "https://tiles.openfreemap.org/planet/20261004_113936_pt/14/8851/6438.pbf"
      }
    },
    {
      "type": "Feature",
      "id": "building:26569630-1449",
      "geometry": {
        "type": "Polygon",
        "coordinates": [
          [
            [
              14.50122356414795,
              35.91474382502162
            ],
            [
              14.501309394836426,
              35.9146656223198
            ],
            [
              14.501100182533264,
              35.914517905894286
            ],
            [
              14.501051902770996,
              35.914565696532705
            ],
            [
              14.501084089279175,
              35.91458741954065
            ],
            [
              14.501067996025085,
              35.91460479794269
            ],
            [
              14.501100182533264,
              35.91463521013709
            ],
            [
              14.501062631607056,
              35.9146656223198
            ],
            [
              14.501121640205383,
              35.91470472368036
            ],
            [
              14.501137733459473,
              35.9147003790857
            ],
            [
              14.50120210647583,
              35.91474382502162
            ],
            [
              14.50122356414795,
              35.91474382502162
            ]
          ]
        ]
      },
      "properties": {
        "render_height": 5,
        "render_min_height": 0,
        "source_layer": "building",
        "source_tile": "https://tiles.openfreemap.org/planet/20261004_113936_pt/14/8851/6438.pbf"
      }
    },
    {
      "type": "Feature",
      "id": "building:26569630-1450",
      "geometry": {
        "type": "Polygon",
        "coordinates": [
          [
            [
              14.501164555549622,
              35.91490891936053
            ],
            [
              14.501277208328247,
              35.91488285185622
            ],
            [
              14.501245021820068,
              35.91479161552358
            ],
            [
              14.50121283531189,
              35.914765547980636
            ],
            [
              14.50118601322174,
              35.91479161552358
            ],
            [
              14.5011967420578,
              35.91480464929184
            ],
            [
              14.501132369041443,
              35.91481333846947
            ],
            [
              14.501164555549622,
              35.91490891936053
            ]
          ]
        ]
      },
      "properties": {
        "render_height": 5,
        "render_min_height": 0,
        "source_layer": "building",
        "source_tile": "https://tiles.openfreemap.org/planet/20261004_113936_pt/14/8851/6438.pbf"
      }
    },
    {
      "type": "Feature",
      "id": "building:26569630-1451",
      "geometry": {
        "type": "Polygon",
        "coordinates": [
          [
            [
              14.50094997882843,
              35.91465693312594
            ],
            [
              14.501051902770996,
              35.91458741954065
            ],
            [
              14.501046538352966,
              35.91457004113478
            ],
            [
              14.501100182533264,
              35.914517905894286
            ],
            [
              14.501003623008728,
              35.914444047578115
            ],
            [
              14.500853419303894,
              35.91454831812209
            ],
            [
              14.50094997882843,
              35.91465693312594
            ]
          ]
        ]
      },
      "properties": {
        "render_height": 5,
        "render_min_height": 0,
        "source_layer": "building",
        "source_tile": "https://tiles.openfreemap.org/planet/20261004_113936_pt/14/8851/6438.pbf"
      }
    },
    {
      "type": "Feature",
      "id": "building:26569630-1452",
      "geometry": {
        "type": "Polygon",
        "coordinates": [
          [
            [
              14.500917792320251,
              35.91467865610879
            ],
            [
              14.500992894172668,
              35.91474816961389
            ],
            [
              14.501025080680847,
              35.91472210205664
            ],
            [
              14.50094997882843,
              35.91465693312594
            ],
            [
              14.500917792320251,
              35.91467865610879
            ]
          ]
        ]
      },
      "properties": {
        "render_height": 5,
        "render_min_height": 0,
        "source_layer": "building",
        "source_tile": "https://tiles.openfreemap.org/planet/20261004_113936_pt/14/8851/6438.pbf"
      }
    },
    {
      "type": "Feature",
      "id": "building:26569630-1453",
      "geometry": {
        "type": "Polygon",
        "coordinates": [
          [
            [
              14.500628113746643,
              35.9146960344908
            ],
            [
              14.500789046287537,
              35.91484375058367
            ],
            [
              14.500890970230103,
              35.91478292634356
            ],
            [
              14.500730037689209,
              35.91463086553861
            ],
            [
              14.500628113746643,
              35.9146960344908
            ]
          ]
        ]
      },
      "properties": {
        "render_height": 5,
        "render_min_height": 0,
        "source_layer": "building",
        "source_tile": "https://tiles.openfreemap.org/planet/20261004_113936_pt/14/8851/6438.pbf"
      }
    },
    {
      "type": "Feature",
      "id": "building:26569630-1454",
      "geometry": {
        "type": "Polygon",
        "coordinates": [
          [
            [
              14.500649571418762,
              35.91490023019337
            ],
            [
              14.500756859779358,
              35.91486981810084
            ],
            [
              14.500799775123596,
              35.91485243975703
            ],
            [
              14.500628113746643,
              35.9146960344908
            ],
            [
              14.500579833984375,
              35.91472210205664
            ],
            [
              14.500579833984375,
              35.91476989257171
            ],
            [
              14.500649571418762,
              35.91490023019337
            ]
          ]
        ]
      },
      "properties": {
        "render_height": 5,
        "render_min_height": 0,
        "source_layer": "building",
        "source_tile": "https://tiles.openfreemap.org/planet/20261004_113936_pt/14/8851/6438.pbf"
      }
    },
    {
      "type": "Feature",
      "id": "building:26569630-1455",
      "geometry": {
        "type": "Polygon",
        "coordinates": [
          [
            [
              14.500810503959656,
              35.91499581097942
            ],
            [
              14.500928521156311,
              35.914965398923655
            ],
            [
              14.500890970230103,
              35.91483940599666
            ],
            [
              14.500799775123596,
              35.91485243975703
            ],
            [
              14.500756859779358,
              35.91486981810084
            ],
            [
              14.500810503959656,
              35.91499581097942
            ]
          ]
        ]
      },
      "properties": {
        "render_height": 5,
        "render_min_height": 0,
        "source_layer": "building",
        "source_tile": "https://tiles.openfreemap.org/planet/20261004_113936_pt/14/8851/6438.pbf"
      }
    },
    {
      "type": "Feature",
      "id": "building:26569630-1456",
      "geometry": {
        "type": "Polygon",
        "coordinates": [
          [
            [
              14.50069785118103,
              35.91503056760028
            ],
            [
              14.500810503959656,
              35.91499581097942
            ],
            [
              14.500756859779358,
              35.91486981810084
            ],
            [
              14.500649571418762,
              35.91490023019337
            ],
            [
              14.50069785118103,
              35.91503056760028
            ]
          ]
        ]
      },
      "properties": {
        "render_height": 5,
        "render_min_height": 0,
        "source_layer": "building",
        "source_tile": "https://tiles.openfreemap.org/planet/20261004_113936_pt/14/8851/6438.pbf"
      }
    },
    {
      "type": "Feature",
      "id": "building:26569630-1457",
      "geometry": {
        "type": "Polygon",
        "coordinates": [
          [
            [
              14.500928521156311,
              35.914965398923655
            ],
            [
              14.501041173934937,
              35.91493933143799
            ],
            [
              14.500992894172668,
              35.91480899388078
            ],
            [
              14.500890970230103,
              35.91483940599666
            ],
            [
              14.500928521156311,
              35.914965398923655
            ]
          ]
        ]
      },
      "properties": {
        "render_height": 5,
        "render_min_height": 0,
        "source_layer": "building",
        "source_tile": "https://tiles.openfreemap.org/planet/20261004_113936_pt/14/8851/6438.pbf"
      }
    },
    {
      "type": "Feature",
      "id": "building:26569630-1458",
      "geometry": {
        "type": "Polygon",
        "coordinates": [
          [
            [
              14.501041173934937,
              35.91493933143799
            ],
            [
              14.501164555549622,
              35.91490891936053
            ],
            [
              14.501121640205383,
              35.91477423716256
            ],
            [
              14.500992894172668,
              35.91480899388078
            ],
            [
              14.501041173934937,
              35.91493933143799
            ]
          ]
        ]
      },
      "properties": {
        "render_height": 5,
        "render_min_height": 0,
        "source_layer": "building",
        "source_tile": "https://tiles.openfreemap.org/planet/20261004_113936_pt/14/8851/6438.pbf"
      }
    },
    {
      "type": "Feature",
      "id": "building:26569630-1459",
      "geometry": {
        "type": "Polygon",
        "coordinates": [
          [
            [
              14.501733183860779,
              35.91527386351861
            ],
            [
              14.50195848941803,
              35.91526082982767
            ],
            [
              14.50193166732788,
              35.91501753386926
            ],
            [
              14.50171709060669,
              35.9150262230235
            ],
            [
              14.501733183860779,
              35.91527386351861
            ]
          ]
        ]
      },
      "properties": {
        "render_height": 5,
        "render_min_height": 0,
        "source_layer": "building",
        "source_tile": "https://tiles.openfreemap.org/planet/20261004_113936_pt/14/8851/6438.pbf"
      }
    },
    {
      "type": "Feature",
      "id": "building:26569630-1460",
      "geometry": {
        "type": "Polygon",
        "coordinates": [
          [
            [
              14.501749277114868,
              35.91547371317748
            ],
            [
              14.50196921825409,
              35.915456334966294
            ],
            [
              14.50195848941803,
              35.91526082982767
            ],
            [
              14.501733183860779,
              35.91527386351861
            ],
            [
              14.501749277114868,
              35.91547371317748
            ]
          ]
        ]
      },
      "properties": {
        "render_height": 5,
        "render_min_height": 0,
        "source_layer": "building",
        "source_tile": "https://tiles.openfreemap.org/planet/20261004_113936_pt/14/8851/6438.pbf"
      }
    },
    {
      "type": "Feature",
      "id": "building:26569630-1461",
      "geometry": {
        "type": "Polygon",
        "coordinates": [
          [
            [
              14.501765370368958,
              35.91566487324829
            ],
            [
              14.501996040344238,
              35.91565183962176
            ],
            [
              14.50196921825409,
              35.915456334966294
            ],
            [
              14.501749277114868,
              35.91547371317748
            ],
            [
              14.501765370368958,
              35.91566487324829
            ]
          ]
        ]
      },
      "properties": {
        "render_height": 5,
        "render_min_height": 0,
        "source_layer": "building",
        "source_tile": "https://tiles.openfreemap.org/planet/20261004_113936_pt/14/8851/6438.pbf"
      }
    },
    {
      "type": "Feature",
      "id": "building:26569630-1462",
      "geometry": {
        "type": "Polygon",
        "coordinates": [
          [
            [
              14.501786828041077,
              35.915864721919306
            ],
            [
              14.501872658729553,
              35.91584734379404
            ],
            [
              14.502012133598328,
              35.91579955392989
            ],
            [
              14.502006769180298,
              35.91565183962176
            ],
            [
              14.501765370368958,
              35.91566487324829
            ],
            [
              14.501786828041077,
              35.915864721919306
            ]
          ]
        ]
      },
      "properties": {
        "render_height": 5,
        "render_min_height": 0,
        "source_layer": "building",
        "source_tile": "https://tiles.openfreemap.org/planet/20261004_113936_pt/14/8851/6438.pbf"
      }
    },
    {
      "type": "Feature",
      "id": "building:26569630-1463",
      "geometry": {
        "type": "Polygon",
        "coordinates": [
          [
            [
              14.501910209655762,
              35.91594292343575
            ],
            [
              14.502033591270447,
              35.9159125117441
            ],
            [
              14.502012133598328,
              35.91579955392989
            ],
            [
              14.501872658729553,
              35.91584734379404
            ],
            [
              14.501910209655762,
              35.91594292343575
            ]
          ]
        ]
      },
      "properties": {
        "render_height": 5,
        "render_min_height": 0,
        "source_layer": "building",
        "source_tile": "https://tiles.openfreemap.org/planet/20261004_113936_pt/14/8851/6438.pbf"
      }
    },
    {
      "type": "Feature",
      "id": "building:26569630-1464",
      "geometry": {
        "type": "Polygon",
        "coordinates": [
          [
            [
              14.501792192459106,
              35.91596899059071
            ],
            [
              14.501910209655762,
              35.91594292343575
            ],
            [
              14.501872658729553,
              35.91584734379404
            ],
            [
              14.501786828041077,
              35.915864721919306
            ],
            [
              14.501792192459106,
              35.91596899059071
            ]
          ]
        ]
      },
      "properties": {
        "render_height": 5,
        "render_min_height": 0,
        "source_layer": "building",
        "source_tile": "https://tiles.openfreemap.org/planet/20261004_113936_pt/14/8851/6438.pbf"
      }
    },
    {
      "type": "Feature",
      "id": "building:26569630-1465",
      "geometry": {
        "type": "Polygon",
        "coordinates": [
          [
            [
              14.501357674598694,
              35.916703211927256
            ],
            [
              14.50122356414795,
              35.91639909740755
            ],
            [
              14.501089453697205,
              35.91644254241051
            ],
            [
              14.501121640205383,
              35.9164946763826
            ],
            [
              14.501089453697205,
              35.91650336537458
            ],
            [
              14.50120210647583,
              35.91675100124549
            ],
            [
              14.501357674598694,
              35.916703211927256
            ]
          ]
        ]
      },
      "properties": {
        "render_height": 5,
        "render_min_height": 0,
        "source_layer": "building",
        "source_tile": "https://tiles.openfreemap.org/planet/20261004_113936_pt/14/8851/6438.pbf"
      }
    },
    {
      "type": "Feature",
      "id": "building:26569630-1466",
      "geometry": {
        "type": "Polygon",
        "coordinates": [
          [
            [
              14.50094997882843,
              35.91630786282366
            ],
            [
              14.500885605812073,
              35.91632958535317
            ],
            [
              14.50094997882843,
              35.91645992040502
            ],
            [
              14.501014351844788,
              35.916438197911305
            ],
            [
              14.50094997882843,
              35.91630786282366
            ]
          ]
        ]
      },
      "properties": {
        "render_height": 5,
        "render_min_height": 0,
        "source_layer": "building",
        "source_tile": "https://tiles.openfreemap.org/planet/20261004_113936_pt/14/8851/6438.pbf"
      }
    },
    {
      "type": "Feature",
      "id": "building:26569630-1467",
      "geometry": {
        "type": "Polygon",
        "coordinates": [
          [
            [
              14.50097143650055,
              35.9164946763826
            ],
            [
              14.500885605812073,
              35.91632958535317
            ],
            [
              14.500794410705566,
              35.91635999688447
            ],
            [
              14.500853419303894,
              35.916481642892805
            ],
            [
              14.500907063484192,
              35.91646426490304
            ],
            [
              14.500928521156311,
              35.91650770987022
            ],
            [
              14.50097143650055,
              35.9164946763826
            ]
          ]
        ]
      },
      "properties": {
        "render_height": 5,
        "render_min_height": 0,
        "source_layer": "building",
        "source_tile": "https://tiles.openfreemap.org/planet/20261004_113936_pt/14/8851/6438.pbf"
      }
    },
    {
      "type": "Feature",
      "id": "building:26569630-1468",
      "geometry": {
        "type": "Polygon",
        "coordinates": [
          [
            [
              14.50120210647583,
              35.91675100124549
            ],
            [
              14.501089453697205,
              35.91650336537458
            ],
            [
              14.501019716262817,
              35.91652074335573
            ],
            [
              14.501132369041443,
              35.916772723653324
            ],
            [
              14.50120210647583,
              35.91675100124549
            ]
          ]
        ]
      },
      "properties": {
        "render_height": 5,
        "render_min_height": 0,
        "source_layer": "building",
        "source_tile": "https://tiles.openfreemap.org/planet/20261004_113936_pt/14/8851/6438.pbf"
      }
    },
    {
      "type": "Feature",
      "id": "building:26569630-1469",
      "geometry": {
        "type": "Polygon",
        "coordinates": [
          [
            [
              14.50096070766449,
              35.916268762255456
            ],
            [
              14.501094818115234,
              35.9162209726459
            ],
            [
              14.501003623008728,
              35.915986368689275
            ],
            [
              14.50070858001709,
              35.9160732591247
            ],
            [
              14.500746130943298,
              35.91617318300747
            ],
            [
              14.500901699066162,
              35.91613408237271
            ],
            [
              14.50096070766449,
              35.916268762255456
            ]
          ]
        ]
      },
      "properties": {
        "render_height": 5,
        "render_min_height": 0,
        "source_layer": "building",
        "source_tile": "https://tiles.openfreemap.org/planet/20261004_113936_pt/14/8851/6438.pbf"
      }
    },
    {
      "type": "Feature",
      "id": "building:26569630-1470",
      "geometry": {
        "type": "Polygon",
        "coordinates": [
          [
            [
              14.501067996025085,
              35.916268762255456
            ],
            [
              14.501025080680847,
              35.916286140288165
            ],
            [
              14.501051902770996,
              35.91634261886803
            ],
            [
              14.501041173934937,
              35.91634696337249
            ],
            [
              14.501073360443115,
              35.91639909740755
            ],
            [
              14.501116275787354,
              35.91638606390201
            ],
            [
              14.501067996025085,
              35.916268762255456
            ]
          ]
        ]
      },
      "properties": {
        "render_height": 5,
        "render_min_height": 0,
        "source_layer": "building",
        "source_tile": "https://tiles.openfreemap.org/planet/20261004_113936_pt/14/8851/6438.pbf"
      }
    },
    {
      "type": "Feature",
      "id": "building:26569630-1471",
      "geometry": {
        "type": "Polygon",
        "coordinates": [
          [
            [
              14.501148462295532,
              35.91624269519929
            ],
            [
              14.501067996025085,
              35.916268762255456
            ],
            [
              14.501132369041443,
              35.9164251644122
            ],
            [
              14.50122356414795,
              35.91639909740755
            ],
            [
              14.501148462295532,
              35.91624269519929
            ]
          ]
        ]
      },
      "properties": {
        "render_height": 5,
        "render_min_height": 0,
        "source_layer": "building",
        "source_tile": "https://tiles.openfreemap.org/planet/20261004_113936_pt/14/8851/6438.pbf"
      }
    },
    {
      "type": "Feature",
      "id": "building:26569630-1472",
      "geometry": {
        "type": "Polygon",
        "coordinates": [
          [
            [
              14.501175284385681,
              35.91612539334014
            ],
            [
              14.50120747089386,
              35.91606457008545
            ],
            [
              14.501175284385681,
              35.91596464606549
            ],
            [
              14.501116275787354,
              35.91598202416499
            ],
            [
              14.501175284385681,
              35.91612539334014
            ]
          ]
        ]
      },
      "properties": {
        "render_height": 5,
        "render_min_height": 0,
        "source_layer": "building",
        "source_tile": "https://tiles.openfreemap.org/planet/20261004_113936_pt/14/8851/6438.pbf"
      }
    },
    {
      "type": "Feature",
      "id": "building:26569630-1473",
      "geometry": {
        "type": "Polygon",
        "coordinates": [
          [
            [
              14.501175284385681,
              35.91596464606549
            ],
            [
              14.501282572746277,
              35.915929889855036
            ],
            [
              14.501116275787354,
              35.91556060417601
            ],
            [
              14.5014488697052,
              35.915443301305416
            ],
            [
              14.501400589942932,
              35.91533034282121
            ],
            [
              14.501110911369324,
              35.91541288942169
            ],
            [
              14.501089453697205,
              35.91536075473667
            ],
            [
              14.501057267189026,
              35.91536944385321
            ],
            [
              14.500992894172668,
              35.915226073308006
            ],
            [
              14.501094818115234,
              35.915200005908204
            ],
            [
              14.501078724861145,
              35.91516524936182
            ],
            [
              14.501271843910217,
              35.915113114513574
            ],
            [
              14.501282572746277,
              35.915130492800145
            ],
            [
              14.501631259918213,
              35.915056635055876
            ],
            [
              14.501604437828064,
              35.91491326394372
            ],
            [
              14.500789046287537,
              35.91512180365734
            ],
            [
              14.5009446144104,
              35.91543026764241
            ],
            [
              14.500923156738281,
              35.915438956751316
            ],
            [
              14.501030445098877,
              35.91566052870634
            ],
            [
              14.501051902770996,
              35.91565618416416
            ],
            [
              14.501175284385681,
              35.91596464606549
            ]
          ]
        ]
      },
      "properties": {
        "render_height": 5,
        "render_min_height": 0,
        "source_layer": "building",
        "source_tile": "https://tiles.openfreemap.org/planet/20261004_113936_pt/14/8851/6438.pbf"
      }
    },
    {
      "type": "Feature",
      "id": "building:26569630-1474",
      "geometry": {
        "type": "Polygon",
        "coordinates": [
          [
            [
              14.501105546951294,
              35.91595595701432
            ],
            [
              14.501159191131592,
              35.91593857890909
            ],
            [
              14.501089453697205,
              35.91579086486057
            ],
            [
              14.501035809516907,
              35.91580824299824
            ],
            [
              14.501105546951294,
              35.91595595701432
            ]
          ]
        ]
      },
      "properties": {
        "render_height": 5,
        "render_min_height": 0,
        "source_layer": "building",
        "source_tile": "https://tiles.openfreemap.org/planet/20261004_113936_pt/14/8851/6438.pbf"
      }
    },
    {
      "type": "Feature",
      "id": "building:26569630-1475",
      "geometry": {
        "type": "Polygon",
        "coordinates": [
          [
            [
              14.500601291656494,
              35.9157821757903
            ],
            [
              14.500880241394043,
              35.91570831865451
            ],
            [
              14.500831961631775,
              35.91559536054871
            ],
            [
              14.500558376312256,
              35.91566487324829
            ],
            [
              14.500601291656494,
              35.9157821757903
            ]
          ]
        ]
      },
      "properties": {
        "render_height": 5,
        "render_min_height": 0,
        "source_layer": "building",
        "source_tile": "https://tiles.openfreemap.org/planet/20261004_113936_pt/14/8851/6438.pbf"
      }
    },
    {
      "type": "Feature",
      "id": "building:26569630-1476",
      "geometry": {
        "type": "Polygon",
        "coordinates": [
          [
            [
              14.500322341918945,
              35.9157647976469
            ],
            [
              14.500365257263184,
              35.91575176403687
            ],
            [
              14.500354528427124,
              35.9157256968103
            ],
            [
              14.500306248664856,
              35.915738730424664
            ],
            [
              14.500322341918945,
              35.9157647976469
            ]
          ]
        ]
      },
      "properties": {
        "render_height": 5,
        "render_min_height": 0,
        "source_layer": "building",
        "source_tile": "https://tiles.openfreemap.org/planet/20261004_113936_pt/14/8851/6438.pbf"
      }
    },
    {
      "type": "Feature",
      "id": "building:26569630-1477",
      "geometry": {
        "type": "Polygon",
        "coordinates": [
          [
            [
              14.49996292591095,
              35.91630351831702
            ],
            [
              14.500070214271545,
              35.916546810320284
            ],
            [
              14.500311613082886,
              35.91647295389839
            ],
            [
              14.50019896030426,
              35.916281795780336
            ],
            [
              14.5001882314682,
              35.91629482930307
            ],
            [
              14.49996292591095,
              35.91630351831702
            ]
          ]
        ]
      },
      "properties": {
        "render_height": 5,
        "render_min_height": 0,
        "source_layer": "building",
        "source_tile": "https://tiles.openfreemap.org/planet/20261004_113936_pt/14/8851/6438.pbf"
      }
    },
    {
      "type": "Feature",
      "id": "building:26569630-1478",
      "geometry": {
        "type": "Polygon",
        "coordinates": [
          [
            [
              14.499914646148682,
              35.9162035945989
            ],
            [
              14.49996292591095,
              35.91630351831702
            ],
            [
              14.5001882314682,
              35.91629482930307
            ],
            [
              14.50019896030426,
              35.916281795780336
            ],
            [
              14.500139951705933,
              35.916142771404324
            ],
            [
              14.499914646148682,
              35.9162035945989
            ]
          ]
        ]
      },
      "properties": {
        "render_height": 5,
        "render_min_height": 0,
        "source_layer": "building",
        "source_tile": "https://tiles.openfreemap.org/planet/20261004_113936_pt/14/8851/6438.pbf"
      }
    },
    {
      "type": "Feature",
      "id": "building:26569630-1479",
      "geometry": {
        "type": "Polygon",
        "coordinates": [
          [
            [
              14.499807357788086,
              35.91597767964046
            ],
            [
              14.499914646148682,
              35.9162035945989
            ],
            [
              14.500139951705933,
              35.916142771404324
            ],
            [
              14.500064849853516,
              35.915995057737106
            ],
            [
              14.500011205673218,
              35.91597333511572
            ],
            [
              14.500038027763367,
              35.915929889855036
            ],
            [
              14.500011205673218,
              35.915916856272204
            ],
            [
              14.500038027763367,
              35.9159038226872
            ],
            [
              14.500091671943665,
              35.91594292343575
            ],
            [
              14.500129222869873,
              35.915934234382206
            ],
            [
              14.500070214271545,
              35.91577348671909
            ],
            [
              14.499914646148682,
              35.91580824299824
            ],
            [
              14.499920010566711,
              35.915838654729995
            ],
            [
              14.499903917312622,
              35.915895133629334
            ],
            [
              14.499855637550354,
              35.91595161248837
            ],
            [
              14.499807357788086,
              35.91597767964046
            ]
          ]
        ]
      },
      "properties": {
        "render_height": 5,
        "render_min_height": 0,
        "source_layer": "building",
        "source_tile": "https://tiles.openfreemap.org/planet/20261004_113936_pt/14/8851/6438.pbf"
      }
    },
    {
      "type": "Feature",
      "id": "building:26569630-1486",
      "geometry": {
        "type": "Polygon",
        "coordinates": [
          [
            [
              14.49918508529663,
              35.91650770987022
            ],
            [
              14.499238729476929,
              35.91650770987022
            ],
            [
              14.499576687812805,
              35.91594726796217
            ],
            [
              14.499539136886597,
              35.9159038226872
            ],
            [
              14.499024152755737,
              35.91603850296198
            ],
            [
              14.49918508529663,
              35.91650770987022
            ]
          ]
        ]
      },
      "properties": {
        "render_height": 5,
        "render_min_height": 0,
        "source_layer": "building",
        "source_tile": "https://tiles.openfreemap.org/planet/20261004_113936_pt/14/8851/6438.pbf"
      }
    },
    {
      "type": "Feature",
      "id": "building:26569630-1533",
      "geometry": {
        "type": "Polygon",
        "coordinates": [
          [
            [
              14.502049684524536,
              35.9156474950791
            ],
            [
              14.502253532409668,
              35.91562577236229
            ],
            [
              14.502232074737549,
              35.915438956751316
            ],
            [
              14.502017498016357,
              35.91546067951944
            ],
            [
              14.502049684524536,
              35.9156474950791
            ]
          ]
        ]
      },
      "properties": {
        "render_height": 5,
        "render_min_height": 0,
        "source_layer": "building",
        "source_tile": "https://tiles.openfreemap.org/planet/20261004_113936_pt/14/8851/6438.pbf"
      }
    },
    {
      "type": "Feature",
      "id": "building:26569630-1534",
      "geometry": {
        "type": "Polygon",
        "coordinates": [
          [
            [
              14.502012133598328,
              35.915738730424664
            ],
            [
              14.502033591270447,
              35.9159125117441
            ],
            [
              14.502280354499817,
              35.91584734379404
            ],
            [
              14.502253532409668,
              35.91566487324829
            ],
            [
              14.502012133598328,
              35.915738730424664
            ]
          ]
        ]
      },
      "properties": {
        "render_height": 5,
        "render_min_height": 0,
        "source_layer": "building",
        "source_tile": "https://tiles.openfreemap.org/planet/20261004_113936_pt/14/8851/6438.pbf"
      }
    },
    {
      "type": "Feature",
      "id": "building:26569630-1535",
      "geometry": {
        "type": "Polygon",
        "coordinates": [
          [
            [
              14.502055048942566,
              35.915456334966294
            ],
            [
              14.502232074737549,
              35.915438956751316
            ],
            [
              14.5022052526474,
              35.91526082982767
            ],
            [
              14.502028226852417,
              35.91527386351861
            ],
            [
              14.502055048942566,
              35.915456334966294
            ]
          ]
        ]
      },
      "properties": {
        "render_height": 5,
        "render_min_height": 0,
        "source_layer": "building",
        "source_tile": "https://tiles.openfreemap.org/planet/20261004_113936_pt/14/8851/6438.pbf"
      }
    },
    {
      "type": "Feature",
      "id": "building:26569630-1536",
      "geometry": {
        "type": "Polygon",
        "coordinates": [
          [
            [
              14.502028226852417,
              35.91527386351861
            ],
            [
              14.5022052526474,
              35.91526082982767
            ],
            [
              14.502173066139221,
              35.91496105434332
            ],
            [
              14.501990675926208,
              35.91498277724267
            ],
            [
              14.502028226852417,
              35.91527386351861
            ]
          ]
        ]
      },
      "properties": {
        "render_height": 5,
        "render_min_height": 0,
        "source_layer": "building",
        "source_tile": "https://tiles.openfreemap.org/planet/20261004_113936_pt/14/8851/6438.pbf"
      }
    },
    {
      "type": "Feature",
      "id": "building:26569630-1537",
      "geometry": {
        "type": "Polygon",
        "coordinates": [
          [
            [
              14.502028226852417,
              35.91497843266329
            ],
            [
              14.502173066139221,
              35.91496105434332
            ],
            [
              14.502162337303162,
              35.91486981810084
            ],
            [
              14.502017498016357,
              35.91490023019337
            ],
            [
              14.502028226852417,
              35.91497843266329
            ]
          ]
        ]
      },
      "properties": {
        "render_height": 5,
        "render_min_height": 0,
        "source_layer": "building",
        "source_tile": "https://tiles.openfreemap.org/planet/20261004_113936_pt/14/8851/6438.pbf"
      }
    },
    {
      "type": "Feature",
      "id": "building:26569630-1538",
      "geometry": {
        "type": "Polygon",
        "coordinates": [
          [
            [
              14.502296447753906,
              35.91478292634356
            ],
            [
              14.502258896827698,
              35.9147872709337
            ],
            [
              14.502296447753906,
              35.91514352651254
            ],
            [
              14.502296447753906,
              35.91478292634356
            ]
          ]
        ]
      },
      "properties": {
        "render_height": 5,
        "render_min_height": 0,
        "source_layer": "building",
        "source_tile": "https://tiles.openfreemap.org/planet/20261004_113936_pt/14/8851/6438.pbf"
      }
    },
    {
      "type": "Feature",
      "id": "building:26569630-1539",
      "geometry": {
        "type": "Polygon",
        "coordinates": [
          [
            [
              14.502258896827698,
              35.9147872709337
            ],
            [
              14.502296447753906,
              35.91478292634356
            ],
            [
              14.502296447753906,
              35.914691689895676
            ],
            [
              14.502242803573608,
              35.91470472368036
            ],
            [
              14.502258896827698,
              35.9147872709337
            ]
          ]
        ]
      },
      "properties": {
        "render_height": 5,
        "render_min_height": 0,
        "source_layer": "building",
        "source_tile": "https://tiles.openfreemap.org/planet/20261004_113936_pt/14/8851/6438.pbf"
      }
    },
    {
      "type": "Feature",
      "id": "building:26569630-1540",
      "geometry": {
        "type": "Polygon",
        "coordinates": [
          [
            [
              14.50196385383606,
              35.91491326394372
            ],
            [
              14.502162337303162,
              35.91486981810084
            ],
            [
              14.502151608467102,
              35.914739480429105
            ],
            [
              14.50194776058197,
              35.91479161552358
            ],
            [
              14.50196385383606,
              35.91491326394372
            ]
          ]
        ]
      },
      "properties": {
        "render_height": 5,
        "render_min_height": 0,
        "source_layer": "building",
        "source_tile": "https://tiles.openfreemap.org/planet/20261004_113936_pt/14/8851/6438.pbf"
      }
    },
    {
      "type": "Feature",
      "id": "building:26569630-1541",
      "geometry": {
        "type": "Polygon",
        "coordinates": [
          [
            [
              14.501985311508179,
              35.9145743857366
            ],
            [
              14.502140879631042,
              35.9145743857366
            ],
            [
              14.502135515213013,
              35.914526595103425
            ],
            [
              14.501979947090149,
              35.91453528431161
            ],
            [
              14.501985311508179,
              35.9145743857366
            ]
          ]
        ]
      },
      "properties": {
        "render_height": 5,
        "render_min_height": 0,
        "source_layer": "building",
        "source_tile": "https://tiles.openfreemap.org/planet/20261004_113936_pt/14/8851/6438.pbf"
      }
    },
    {
      "type": "Feature",
      "id": "building:26569630-1542",
      "geometry": {
        "type": "Polygon",
        "coordinates": [
          [
            [
              14.502258896827698,
              35.914626520939876
            ],
            [
              14.502296447753906,
              35.914613487142276
            ],
            [
              14.502296447753906,
              35.91427895226906
            ],
            [
              14.50219988822937,
              35.914283296886865
            ],
            [
              14.502258896827698,
              35.914626520939876
            ]
          ]
        ]
      },
      "properties": {
        "render_height": 5,
        "render_min_height": 0,
        "source_layer": "building",
        "source_tile": "https://tiles.openfreemap.org/planet/20261004_113936_pt/14/8851/6438.pbf"
      }
    },
    {
      "type": "Feature",
      "id": "building:26569630-1543",
      "geometry": {
        "type": "Polygon",
        "coordinates": [
          [
            [
              14.502124786376953,
              35.91440060147754
            ],
            [
              14.502097964286804,
              35.9142659184142
            ],
            [
              14.501894116401672,
              35.91426157379543
            ],
            [
              14.501910209655762,
              35.914448392186856
            ],
            [
              14.50196385383606,
              35.914444047578115
            ],
            [
              14.50196385383606,
              35.914413635310225
            ],
            [
              14.502124786376953,
              35.91440060147754
            ]
          ]
        ]
      },
      "properties": {
        "render_height": 5,
        "render_min_height": 0,
        "source_layer": "building",
        "source_tile": "https://tiles.openfreemap.org/planet/20261004_113936_pt/14/8851/6438.pbf"
      }
    },
    {
      "type": "Feature",
      "id": "building:26569630-1544",
      "geometry": {
        "type": "Polygon",
        "coordinates": [
          [
            [
              14.502167701721191,
              35.9140877888492
            ],
            [
              14.502296447753906,
              35.91407909959187
            ],
            [
              14.502296447753906,
              35.91383579999905
            ],
            [
              14.502124786376953,
              35.913853178566214
            ],
            [
              14.502167701721191,
              35.9140877888492
            ]
          ]
        ]
      },
      "properties": {
        "render_height": 5,
        "render_min_height": 0,
        "source_layer": "building",
        "source_tile": "https://tiles.openfreemap.org/planet/20261004_113936_pt/14/8851/6438.pbf"
      }
    },
    {
      "type": "Feature",
      "id": "building:26569630-1545",
      "geometry": {
        "type": "Polygon",
        "coordinates": [
          [
            [
              14.50219988822937,
              35.914283296886865
            ],
            [
              14.502296447753906,
              35.91427895226906
            ],
            [
              14.502296447753906,
              35.91407909959187
            ],
            [
              14.502167701721191,
              35.9140877888492
            ],
            [
              14.50219988822937,
              35.914283296886865
            ]
          ]
        ]
      },
      "properties": {
        "render_height": 5,
        "render_min_height": 0,
        "source_layer": "building",
        "source_tile": "https://tiles.openfreemap.org/planet/20261004_113936_pt/14/8851/6438.pbf"
      }
    },
    {
      "type": "Feature",
      "id": "building:12100229220-1",
      "geometry": {
        "type": "Polygon",
        "coordinates": [
          [
            [
              14.500365257263184,
              35.91575176403687
            ],
            [
              14.500354528427124,
              35.9157256968103
            ],
            [
              14.500306248664856,
              35.915738730424664
            ],
            [
              14.500375986099243,
              35.915895133629334
            ],
            [
              14.50045645236969,
              35.91587341098051
            ],
            [
              14.500402808189392,
              35.91574307496228
            ],
            [
              14.500365257263184,
              35.91575176403687
            ]
          ]
        ]
      },
      "properties": {
        "render_height": 5,
        "render_min_height": 0,
        "hide_3d": true,
        "source_layer": "building",
        "source_tile": "https://tiles.openfreemap.org/planet/20261004_113936_pt/14/8851/6438.pbf"
      }
    },
    {
      "type": "Feature",
      "id": "building:4486819420-3",
      "geometry": {
        "type": "Polygon",
        "coordinates": [
          [
            [
              14.501073360443115,
              35.91639909740755
            ],
            [
              14.501041173934937,
              35.91634696337249
            ],
            [
              14.501051902770996,
              35.91634261886803
            ],
            [
              14.501025080680847,
              35.916286140288165
            ],
            [
              14.50094997882843,
              35.91630786282366
            ],
            [
              14.501014351844788,
              35.916438197911305
            ],
            [
              14.501078724861145,
              35.91641213091093
            ],
            [
              14.501073360443115,
              35.91639909740755
            ]
          ]
        ]
      },
      "properties": {
        "render_height": 11,
        "render_min_height": 0,
        "source_layer": "building",
        "source_tile": "https://tiles.openfreemap.org/planet/20261004_113936_pt/14/8851/6438.pbf"
      }
    },
    {
      "type": "Feature",
      "id": "transportation:11308667992-0",
      "geometry": {
        "type": "Polygon",
        "coordinates": [
          [
            [
              14.502296447753906,
              35.91660328871404
            ],
            [
              14.50120747089386,
              35.91691609139539
            ],
            [
              14.499367475509644,
              35.91765464837374
            ],
            [
              14.499383568763733,
              35.917706781546954
            ],
            [
              14.49946939945221,
              35.91775022583171
            ],
            [
              14.5001882314682,
              35.917467837554284
            ],
            [
              14.50019359588623,
              35.91741135977783
            ],
            [
              14.501008987426758,
              35.91705945887763
            ],
            [
              14.501245021820068,
              35.91699863634115
            ],
            [
              14.501261115074158,
              35.916968225055356
            ],
            [
              14.50145959854126,
              35.91689436902695
            ],
            [
              14.501513242721558,
              35.91687699112788
            ],
            [
              14.501545429229736,
              35.91690305797505
            ],
            [
              14.501765370368958,
              35.91683789084102
            ],
            [
              14.501776099205017,
              35.91680313501428
            ],
            [
              14.502038955688477,
              35.91673362331494
            ],
            [
              14.502065777778625,
              35.91675534572754
            ],
            [
              14.502296447753906,
              35.91669017847184
            ],
            [
              14.502296447753906,
              35.91665976706746
            ],
            [
              14.502296447753906,
              35.91660328871404
            ]
          ]
        ]
      },
      "properties": {
        "subclass": "pedestrian",
        "class": "path",
        "source_layer": "transportation",
        "source_tile": "https://tiles.openfreemap.org/planet/20261004_113936_pt/14/8851/6438.pbf"
      }
    },
    {
      "type": "Feature",
      "id": "transportation:228936860-0",
      "geometry": {
        "type": "MultiLineString",
        "coordinates": [
          [
            [
              14.481300115585327,
              35.923845222460784
            ],
            [
              14.481423497200012,
              35.923771372853835
            ],
            [
              14.48147714138031,
              35.923706211378644
            ],
            [
              14.481385946273804,
              35.923601952906694
            ],
            [
              14.481359124183655,
              35.923545479510324
            ],
            [
              14.481364488601685,
              35.92348466196145
            ],
            [
              14.481412768363953,
              35.92344556494105
            ],
            [
              14.481621980667114,
              35.9233804031974
            ],
            [
              14.482035040855408,
              35.923410812017806
            ],
            [
              14.48320984840393,
              35.92353244718235
            ],
            [
              14.48373556137085,
              35.9235932646945
            ],
            [
              14.48422908782959,
              35.92365408215986
            ],
            [
              14.484288096427917,
              35.92368449087499
            ],
            [
              14.484357833862305,
              35.923753996465706
            ],
            [
              14.484593868255615,
              35.92403636229972
            ],
            [
              14.484813809394836,
              35.92421012538877
            ],
            [
              14.485071301460266,
              35.924392576221365
            ],
            [
              14.485269784927368,
              35.9244620811897
            ],
            [
              14.485441446304321,
              35.92447511336448
            ],
            [
              14.485645294189453,
              35.924431672773565
            ],
            [
              14.485854506492615,
              35.92437085590623
            ],
            [
              14.485908150672913,
              35.92436651184248
            ],
            [
              14.485934972763062,
              35.924392576221365
            ],
            [
              14.486026167869568,
              35.924540274206095
            ],
            [
              14.486106634140015,
              35.924561994474686
            ],
            [
              14.4862300157547,
              35.9245663385277
            ],
            [
              14.486390948295593,
              35.92449248959416
            ],
            [
              14.486530423164368,
              35.92436216777848
            ]
          ],
          [
            [
              14.48373556137085,
              35.9235932646945
            ],
            [
              14.48374092578888,
              35.92354982361918
            ]
          ],
          [
            [
              14.487565755844116,
              35.92374096417208
            ],
            [
              14.487614035606384,
              35.92371055547865
            ]
          ],
          [
            [
              14.488150477409363,
              35.92448814553708
            ],
            [
              14.487624764442444,
              35.92460543499401
            ],
            [
              14.487597942352295,
              35.924540274206095
            ]
          ],
          [
            [
              14.488075375556946,
              35.924531586096975
            ],
            [
              14.488080739974976,
              35.92455765042146
            ],
            [
              14.488064646720886,
              35.924561994474686
            ],
            [
              14.487903714179993,
              35.92458371473734
            ],
            [
              14.487774968147278,
              35.924609779044644
            ]
          ],
          [
            [
              14.488322138786316,
              35.92447076930645
            ],
            [
              14.488257765769958,
              35.92452289798692
            ]
          ],
          [
            [
              14.489164352416992,
              35.92162536003886
            ],
            [
              14.489083886146545,
              35.92176003057173
            ],
            [
              14.489003419876099,
              35.9218338820569
            ],
            [
              14.48898196220398,
              35.9218773240748
            ],
            [
              14.489008784294128,
              35.92193379866238
            ],
            [
              14.48898196220398,
              35.92203371514161
            ],
            [
              14.488944411277771,
              35.92208150123925
            ],
            [
              14.488933682441711,
              35.922120598934015
            ],
            [
              14.48896050453186,
              35.9221814175319
            ],
            [
              14.48898732662201,
              35.92219879426554
            ],
            [
              14.489035606384277,
              35.92220748263094
            ],
            [
              14.48922336101532,
              35.92217707334788
            ],
            [
              14.48922872543335,
              35.92222485935888
            ],
            [
              14.489062428474426,
              35.922268301162006
            ],
            [
              14.48897123336792,
              35.92235518469667
            ],
            [
              14.48897123336792,
              35.92240731477166
            ]
          ],
          [
            [
              14.48898196220398,
              35.9218773240748
            ],
            [
              14.488928318023682,
              35.9218773240748
            ],
            [
              14.488922953605652,
              35.92194683125378
            ]
          ],
          [
            [
              14.490113854408264,
              35.92214231986719
            ],
            [
              14.4902104139328,
              35.92214231986719
            ]
          ],
          [
            [
              14.490773677825928,
              35.92145593549439
            ],
            [
              14.490789771080017,
              35.92129085481989
            ],
            [
              14.490993618965149,
              35.92100413493473
            ],
            [
              14.491261839866638,
              35.92071741401013
            ]
          ],
          [
            [
              14.490907788276672,
              35.920582741701935
            ],
            [
              14.490821957588196,
              35.92021782203685
            ]
          ],
          [
            [
              14.490253329277039,
              35.9199050324124
            ],
            [
              14.490768313407898,
              35.91983552343899
            ]
          ],
          [
            [
              14.490424990653992,
              35.919010099709936
            ],
            [
              14.49046790599823,
              35.91896231175659
            ],
            [
              14.490494728088379,
              35.91891886813757
            ],
            [
              14.490242600440979,
              35.91881460335455
            ],
            [
              14.49022114276886,
              35.918779848396326
            ],
            [
              14.490194320678711,
              35.91867992780642
            ],
            [
              14.490376710891724,
              35.91877115965441
            ],
            [
              14.49047327041626,
              35.918775504025476
            ],
            [
              14.490623474121094,
              35.91874509342284
            ],
            [
              14.490913152694702,
              35.91861041775634
            ]
          ],
          [
            [
              14.484819173812866,
              35.907848656422715
            ],
            [
              14.485033750534058,
              35.90802245507376
            ],
            [
              14.485414624214172,
              35.90835267145907
            ]
          ],
          [
            [
              14.485114216804504,
              35.90842219052247
            ],
            [
              14.485017657279968,
              35.90827880738726
            ],
            [
              14.485017657279968,
              35.90820494324652
            ],
            [
              14.485146403312683,
              35.908118044169115
            ],
            [
              14.48522686958313,
              35.90812238912525
            ],
            [
              14.485403895378113,
              35.90799638530045
            ],
            [
              14.48546826839447,
              35.90793555579596
            ]
          ],
          [
            [
              14.485033750534058,
              35.90802245507376
            ],
            [
              14.48523759841919,
              35.90787907121421
            ],
            [
              14.485398530960083,
              35.90789210612125
            ],
            [
              14.485414624214172,
              35.90835267145907
            ],
            [
              14.485409259796143,
              35.90834832651558
            ],
            [
              14.485505819320679,
              35.90839177593975
            ]
          ],
          [
            [
              14.490038752555847,
              35.90911737779727
            ],
            [
              14.490124583244324,
              35.9090913083847
            ],
            [
              14.490194320678711,
              35.90904785934465
            ],
            [
              14.490258693695068,
              35.9089957204651
            ],
            [
              14.490306973457336,
              35.90897399592181
            ],
            [
              14.490430355072021,
              35.90895661628288
            ],
            [
              14.49045717716217,
              35.908930546817345
            ]
          ],
          [
            [
              14.493380784988403,
              35.914878507271354
            ],
            [
              14.493321776390076,
              35.91485678434336
            ]
          ],
          [
            [
              14.494496583938599,
              35.91458307493953
            ],
            [
              14.494571685791016,
              35.91454831812209
            ]
          ],
          [
            [
              14.495236873626709,
              35.912367297283566
            ],
            [
              14.49547290802002,
              35.91216743977712
            ],
            [
              14.49596107006073,
              35.91171558616237
            ]
          ],
          [
            [
              14.494855999946594,
              35.90689275701848
            ],
            [
              14.494872093200684,
              35.906771096265956
            ]
          ],
          [
            [
              14.498267769813538,
              35.90692751719915
            ],
            [
              14.498337507247925,
              35.906888411994814
            ]
          ],
          [
            [
              14.500885605812073,
              35.90820059829491
            ],
            [
              14.500370621681213,
              35.908083284511434
            ]
          ],
          [
            [
              14.499635696411133,
              35.910516423672846
            ],
            [
              14.499635696411133,
              35.910538147792636
            ]
          ],
          [
            [
              14.499646425247192,
              35.91059463047618
            ],
            [
              14.49968934059143,
              35.910903112113274
            ]
          ],
          [
            [
              14.497506022453308,
              35.91508704707658
            ],
            [
              14.497522115707397,
              35.91511745908558
            ],
            [
              14.497548937797546,
              35.9151348373712
            ],
            [
              14.497618675231934,
              35.915147871082894
            ],
            [
              14.497672319412231,
              35.91516959393094
            ],
            [
              14.49769377708435,
              35.91519131677303
            ],
            [
              14.49770450592041,
              35.915213039609185
            ],
            [
              14.49771523475647,
              35.915286897207395
            ],
            [
              14.497774243354797,
              35.91536075473667
            ],
            [
              14.497790336608887,
              35.91541288942169
            ],
            [
              14.497806429862976,
              35.91551281413861
            ],
            [
              14.497843980789185,
              35.91554322598395
            ],
            [
              14.497860074043274,
              35.91556929327062
            ],
            [
              14.497865438461304,
              35.91561273872932
            ],
            [
              14.497897624969482,
              35.91565183962176
            ]
          ],
          [
            [
              14.497323632240295,
              35.91473513583635
            ],
            [
              14.497312903404236,
              35.914800304702666
            ],
            [
              14.497500658035278,
              35.91486981810084
            ],
            [
              14.497650861740112,
              35.91496105434332
            ],
            [
              14.49770450592041,
              35.9150262230235
            ],
            [
              14.49769914150238,
              35.915043601329145
            ],
            [
              14.497640132904053,
              35.91509573622319
            ],
            [
              14.497618675231934,
              35.915147871082894
            ]
          ],
          [
            [
              14.496626257896423,
              35.9147090682748
            ],
            [
              14.496572613716125,
              35.914600453342544
            ]
          ],
          [
            [
              14.497790336608887,
              35.91541288942169
            ],
            [
              14.497838616371155,
              35.91539551119716
            ]
          ],
          [
            [
              14.497999548912048,
              35.915747419499695
            ],
            [
              14.497999548912048,
              35.91571700773288
            ],
            [
              14.497983455657959,
              35.915695285035156
            ],
            [
              14.49794054031372,
              35.91566052870634
            ],
            [
              14.497897624969482,
              35.91565183962176
            ],
            [
              14.497865438461304,
              35.91566052870634
            ],
            [
              14.497822523117065,
              35.915712663193816
            ],
            [
              14.497822523117065,
              35.91574307496228
            ],
            [
              14.497838616371155,
              35.915777831254815
            ],
            [
              14.497865438461304,
              35.91579520939534
            ],
            [
              14.497935175895691,
              35.915803898464176
            ],
            [
              14.497983455657959,
              35.915777831254815
            ],
            [
              14.497999548912048,
              35.915747419499695
            ],
            [
              14.498133659362793,
              35.9160862926818
            ],
            [
              14.498139023780823,
              35.91611235978951
            ],
            [
              14.498117566108704,
              35.916168838493434
            ],
            [
              14.498112201690674,
              35.91622531715707
            ],
            [
              14.498122930526733,
              35.91624703970925
            ],
            [
              14.498171210289001,
              35.91629482930307
            ],
            [
              14.498171210289001,
              35.91630786282366
            ],
            [
              14.498101472854614,
              35.91638171939968
            ]
          ],
          [
            [
              14.500553011894226,
              35.91714634813435
            ],
            [
              14.500569105148315,
              35.91717241489276
            ]
          ],
          [
            [
              14.499539136886597,
              35.91779367009259
            ],
            [
              14.499646425247192,
              35.9179326915671
            ]
          ],
          [
            [
              14.499362111091614,
              35.91786318086041
            ],
            [
              14.499496221542358,
              35.91800654662606
            ]
          ],
          [
            [
              14.501298666000366,
              35.916981258465
            ],
            [
              14.501293301582336,
              35.91702470314824
            ]
          ],
          [
            [
              14.501491785049438,
              35.91688568007788
            ],
            [
              14.501502513885498,
              35.91690740244873
            ]
          ],
          [
            [
              14.498578906059265,
              35.917715470405824
            ],
            [
              14.498654007911682,
              35.91763727064172
            ]
          ],
          [
            [
              14.498632550239563,
              35.917767603538934
            ],
            [
              14.49871838092804,
              35.91768940382637
            ]
          ],
          [
            [
              14.499040246009827,
              35.91773284812068
            ],
            [
              14.499040246009827,
              35.917763259112476
            ]
          ],
          [
            [
              14.498997330665588,
              35.917767603538934
            ],
            [
              14.498932957649231,
              35.91777629239111
            ]
          ],
          [
            [
              14.49872374534607,
              35.91762858177428
            ],
            [
              14.49868619441986,
              35.91766333723834
            ]
          ],
          [
            [
              14.498310685157776,
              35.91721151501423
            ],
            [
              14.4984769821167,
              35.917185448268725
            ]
          ],
          [
            [
              14.498133659362793,
              35.91702035868097
            ],
            [
              14.498273134231567,
              35.91710724798064
            ],
            [
              14.498289227485657,
              35.91712897029065
            ],
            [
              14.498342871665955,
              35.91735053751192
            ],
            [
              14.498246312141418,
              35.917454804224846
            ],
            [
              14.49821949005127,
              35.91751562641058
            ],
            [
              14.498235583305359,
              35.91757644854951
            ],
            [
              14.498267769813538,
              35.917615548471304
            ],
            [
              14.498310685157776,
              35.917619892905876
            ]
          ],
          [
            [
              14.498080015182495,
              35.91705511441231
            ],
            [
              14.498096108436584,
              35.91716807043362
            ],
            [
              14.498112201690674,
              35.917194137184865
            ],
            [
              14.498165845870972,
              35.91723323729562
            ],
            [
              14.49818730354309,
              35.91725930402538
            ],
            [
              14.498181939125061,
              35.917289715199274
            ],
            [
              14.498112201690674,
              35.91737660420304
            ]
          ],
          [
            [
              14.498037099838257,
              35.91690305797505
            ],
            [
              14.498042464256287,
              35.916924780341105
            ],
            [
              14.498085379600525,
              35.91692912481362
            ],
            [
              14.498122930526733,
              35.91694650270124
            ],
            [
              14.498144388198853,
              35.91697691399537
            ],
            [
              14.498149752616882,
              35.917002980809585
            ],
            [
              14.498133659362793,
              35.91702035868097
            ],
            [
              14.498080015182495,
              35.91705511441231
            ],
            [
              14.498010277748108,
              35.91703773654855
            ],
            [
              14.4979727268219,
              35.916994291872484
            ],
            [
              14.497988820075989,
              35.916950847172544
            ],
            [
              14.498010277748108,
              35.916933469285865
            ],
            [
              14.498042464256287,
              35.916924780341105
            ]
          ],
          [
            [
              14.497892260551453,
              35.91679444605519
            ],
            [
              14.497913718223572,
              35.917133314751936
            ],
            [
              14.49795663356781,
              35.91731143745915
            ],
            [
              14.498112201690674,
              35.91737660420304
            ],
            [
              14.498246312141418,
              35.917454804224846
            ]
          ],
          [
            [
              14.498015642166138,
              35.91683789084102
            ],
            [
              14.498015642166138,
              35.91684657979532
            ]
          ],
          [
            [
              14.49797809123993,
              35.916481642892805
            ],
            [
              14.497919082641602,
              35.91655549930657
            ],
            [
              14.497886896133423,
              35.916607633204194
            ],
            [
              14.497881531715393,
              35.91663804462863
            ],
            [
              14.497924447059631,
              35.91682051292956
            ],
            [
              14.497935175895691,
              35.91683789084102
            ],
            [
              14.49795663356781,
              35.91684657979532
            ],
            [
              14.498015642166138,
              35.91683789084102
            ],
            [
              14.498053193092346,
              35.91681616845109
            ],
            [
              14.498106837272644,
              35.91675534572754
            ],
            [
              14.498117566108704,
              35.91670755641192
            ],
            [
              14.498058557510376,
              35.91649902087872
            ],
            [
              14.498096108436584,
              35.916485987389635
            ],
            [
              14.498122930526733,
              35.91646426490304
            ],
            [
              14.498117566108704,
              35.91640344190891
            ],
            [
              14.498101472854614,
              35.91638171939968
            ],
            [
              14.498074650764465,
              35.91636868589127
            ],
            [
              14.497999548912048,
              35.91637303039431
            ],
            [
              14.49796199798584,
              35.91639909740755
            ],
            [
              14.49795126914978,
              35.9164251644122
            ],
            [
              14.49795663356781,
              35.91645557590675
            ],
            [
              14.49797809123993,
              35.916481642892805
            ],
            [
              14.498015642166138,
              35.9164946763826
            ],
            [
              14.498058557510376,
              35.91649902087872
            ]
          ],
          [
            [
              14.498122930526733,
              35.91646426490304
            ],
            [
              14.498246312141418,
              35.91652074335573
            ],
            [
              14.498262405395508,
              35.91654246582681
            ],
            [
              14.498332142829895,
              35.916811823972395
            ],
            [
              14.498310685157776,
              35.91688133560301
            ],
            [
              14.498257040977478,
              35.9169378137579
            ],
            [
              14.498235583305359,
              35.916950847172544
            ],
            [
              14.498144388198853,
              35.91697691399537
            ]
          ],
          [
            [
              14.498380422592163,
              35.91662501116244
            ],
            [
              14.498546719551086,
              35.91659025524214
            ]
          ],
          [
            [
              14.498262405395508,
              35.91624703970925
            ],
            [
              14.49820876121521,
              35.91624269519929
            ],
            [
              14.49819803237915,
              35.91622531715707
            ],
            [
              14.498181939125061,
              35.91619490557396
            ],
            [
              14.49819803237915,
              35.91616449397918
            ],
            [
              14.49819803237915,
              35.91613408237271
            ],
            [
              14.498165845870972,
              35.91617318300747
            ],
            [
              14.498160481452942,
              35.916207939111004
            ],
            [
              14.498176574707031,
              35.91624269519929
            ],
            [
              14.49821949005127,
              35.916268762255456
            ],
            [
              14.498235583305359,
              35.916268762255456
            ],
            [
              14.498240947723389,
              35.916286140288165
            ],
            [
              14.49820876121521,
              35.916286140288165
            ],
            [
              14.498165845870972,
              35.91625572872846
            ],
            [
              14.498139023780823,
              35.91622531715707
            ],
            [
              14.498144388198853,
              35.916147115919784
            ],
            [
              14.498181939125061,
              35.91611235978951
            ],
            [
              14.498176574707031,
              35.91609063720033
            ],
            [
              14.498133659362793,
              35.9160862926818
            ]
          ],
          [
            [
              14.498069286346436,
              35.91593857890909
            ],
            [
              14.497988820075989,
              35.91596899059071
            ],
            [
              14.49795126914978,
              35.91603850296198
            ],
            [
              14.49794054031372,
              35.91607760364397
            ],
            [
              14.4979727268219,
              35.9162035945989
            ],
            [
              14.49796736240387,
              35.9162209726459
            ],
            [
              14.497908353805542,
              35.916286140288165
            ],
            [
              14.497902989387512,
              35.91630786282366
            ],
            [
              14.497913718223572,
              35.91636434138799
            ],
            [
              14.49796199798584,
              35.91639909740755
            ]
          ],
          [
            [
              14.493139386177063,
              35.917459148668215
            ],
            [
              14.493085741996765,
              35.9174157042236
            ]
          ],
          [
            [
              14.491782188415527,
              35.91864082841077
            ],
            [
              14.491739273071289,
              35.9185886958532
            ]
          ],
          [
            [
              14.494652152061462,
              35.922411658943034
            ],
            [
              14.49471652507782,
              35.922342152172575
            ]
          ],
          [
            [
              14.494802355766296,
              35.92033511782709
            ],
            [
              14.494577050209045,
              35.92033946211228
            ],
            [
              14.494045972824097,
              35.92081733202609
            ],
            [
              14.493547081947327,
              35.92081733202609
            ],
            [
              14.493488073348999,
              35.92085643034579
            ],
            [
              14.493300318717957,
              35.92085643034579
            ],
            [
              14.493091106414795,
              35.92068265988803
            ],
            [
              14.492758512496948,
              35.92068265988803
            ],
            [
              14.49245810508728,
              35.920930282674746
            ],
            [
              14.492425918579102,
              35.92106495439117
            ],
            [
              14.49246883392334,
              35.92120397011597
            ],
            [
              14.493064284324646,
              35.92166011374671
            ],
            [
              14.493262767791748,
              35.92166011374671
            ],
            [
              14.493252038955688,
              35.92150806616212
            ],
            [
              14.493573904037476,
              35.921243068244564
            ],
            [
              14.494110345840454,
              35.92124741247986
            ],
            [
              14.494335651397705,
              35.92141249324504
            ],
            [
              14.494405388832092,
              35.9218338820569
            ],
            [
              14.494373202323914,
              35.92194248705688
            ],
            [
              14.494507312774658,
              35.92201633837169
            ],
            [
              14.494550228118896,
              35.92232911964629
            ],
            [
              14.49472725391388,
              35.92246813314905
            ],
            [
              14.495038390159607,
              35.922442068135894
            ],
            [
              14.49521005153656,
              35.922268301162006
            ],
            [
              14.495151042938232,
              35.92182519365046
            ],
            [
              14.495172500610352,
              35.9217296211166
            ],
            [
              14.4951993227005,
              35.92170355586006
            ],
            [
              14.495236873626709,
              35.92163839268109
            ],
            [
              14.495387077331543,
              35.92151675460339
            ],
            [
              14.495505094528198,
              35.92136470674319
            ],
            [
              14.495580196380615,
              35.92123437977321
            ]
          ],
          [
            [
              14.491036534309387,
              35.92126913365287
            ],
            [
              14.49094533920288,
              35.92074782385443
            ]
          ],
          [
            [
              14.491342306137085,
              35.92129085481989
            ],
            [
              14.491326212882996,
              35.92120831435342
            ],
            [
              14.491154551506042,
              35.9211083968314
            ],
            [
              14.490934610366821,
              35.92096503668803
            ],
            [
              14.490838050842285,
              35.920925938422016
            ],
            [
              14.490655660629272,
              35.920804299248545
            ]
          ],
          [
            [
              14.491326212882996,
              35.921217002827646
            ],
            [
              14.490789771080017,
              35.921316920212476
            ],
            [
              14.4907146692276,
              35.92125175671494
            ],
            [
              14.490666389465332,
              35.9209433154315
            ],
            [
              14.490623474121094,
              35.920387249233585
            ],
            [
              14.490306973457336,
              35.919900688103354
            ],
            [
              14.48997974395752,
              35.91919256253905
            ],
            [
              14.489990472793579,
              35.9191578077469
            ],
            [
              14.490135312080383,
              35.91901878842566
            ],
            [
              14.490178227424622,
              35.91899706663462
            ],
            [
              14.490290880203247,
              35.918971000477526
            ],
            [
              14.49048399925232,
              35.91901878842566
            ],
            [
              14.490634202957153,
              35.919079609408755
            ],
            [
              14.490762948989868,
              35.9191013311771
            ],
            [
              14.490880966186523,
              35.91909264247049
            ],
            [
              14.491090178489685,
              35.91901878842566
            ],
            [
              14.491782188415527,
              35.91864082841077
            ],
            [
              14.492345452308655,
              35.91821073378313
            ],
            [
              14.493042826652527,
              35.91755038192427
            ],
            [
              14.493370056152344,
              35.91722889283983
            ],
            [
              14.49345588684082,
              35.91717241489276
            ],
            [
              14.493589997291565,
              35.91702470314824
            ],
            [
              14.493761658668518,
              35.9167640346909
            ],
            [
              14.493842124938965,
              35.91652508785042
            ],
            [
              14.493858218193054,
              35.91638606390201
            ],
            [
              14.493847489356995,
              35.91631220733004
            ],
            [
              14.493804574012756,
              35.916147115919784
            ],
            [
              14.493767023086548,
              35.916051536524805
            ],
            [
              14.493638277053833,
              35.91589078910006
            ],
            [
              14.493359327316284,
              35.91566487324829
            ],
            [
              14.493273496627808,
              35.91546502407236
            ],
            [
              14.493278861045837,
              35.91536075473667
            ],
            [
              14.493337869644165,
              35.9150262230235
            ],
            [
              14.493380784988403,
              35.914878507271354
            ],
            [
              14.49371874332428,
              35.914413635310225
            ],
            [
              14.493756294250488,
              35.91437453380577
            ],
            [
              14.493890404701233,
              35.9143093645887
            ],
            [
              14.494051337242126,
              35.91427460765101
            ],
            [
              14.494142532348633,
              35.91427895226906
            ],
            [
              14.49423372745514,
              35.91429633073888
            ],
            [
              14.494308829307556,
              35.91432674305186
            ],
            [
              14.494362473487854,
              35.914370189192965
            ],
            [
              14.49444830417633,
              35.91447880444136
            ],
            [
              14.494496583938599,
              35.91458307493953
            ],
            [
              14.494689702987671,
              35.91486547351526
            ],
            [
              14.494668245315552,
              35.91490891936053
            ],
            [
              14.494845271110535,
              35.9151782830685
            ],
            [
              14.494920372962952,
              35.91519131677303
            ],
            [
              14.494984745979309,
              35.91519131677303
            ],
            [
              14.496556520462036,
              35.91472210205664
            ],
            [
              14.496867656707764,
              35.9146656223198
            ],
            [
              14.497248530387878,
              35.91470472368036
            ],
            [
              14.497484564781189,
              35.914800304702666
            ],
            [
              14.497666954994202,
              35.914891541025284
            ],
            [
              14.497763514518738,
              35.91503491217681
            ],
            [
              14.497897624969482,
              35.91527820808177
            ],
            [
              14.498181939125061,
              35.915990713213304
            ],
            [
              14.498342871665955,
              35.91649902087872
            ],
            [
              14.498589634895325,
              35.917359226409914
            ],
            [
              14.49872374534607,
              35.91762858177428
            ],
            [
              14.498825669288635,
              35.91769809268715
            ],
            [
              14.498879313468933,
              35.917719814834896
            ],
            [
              14.499040246009827,
              35.91773284812068
            ],
            [
              14.49919044971466,
              35.917719814834896
            ],
            [
              14.499372839927673,
              35.91767637053343
            ]
          ],
          [
            [
              14.494855999946594,
              35.92245944481229
            ],
            [
              14.494845271110535,
              35.92236821721866
            ],
            [
              14.494904279708862,
              35.92236387304489
            ]
          ],
          [
            [
              14.502291083335876,
              35.916577221768094
            ],
            [
              14.502296447753906,
              35.91659025524214
            ]
          ],
          [
            [
              14.498047828674316,
              35.906571224623576
            ],
            [
              14.498353600502014,
              35.90690579208801
            ],
            [
              14.498766660690308,
              35.90726208315718
            ],
            [
              14.499093890190125,
              35.90744022809015
            ],
            [
              14.499576687812805,
              35.907622717605676
            ],
            [
              14.50096607208252,
              35.907970315518526
            ],
            [
              14.502103328704834,
              35.90827011749191
            ],
            [
              14.502296447753906,
              35.90834398157183
            ]
          ]
        ]
      },
      "properties": {
        "subclass": "footway",
        "surface": "paved",
        "class": "path",
        "source_layer": "transportation",
        "source_tile": "https://tiles.openfreemap.org/planet/20261004_113936_pt/14/8851/6438.pbf"
      }
    },
    {
      "type": "Feature",
      "id": "transportation:228936900-0",
      "geometry": {
        "type": "MultiLineString",
        "coordinates": [
          [
            [
              14.479696154594421,
              35.92480526107549
            ],
            [
              14.479798078536987,
              35.92467493977527
            ],
            [
              14.480018019676208,
              35.92452724204206
            ],
            [
              14.480146765708923,
              35.92441864059164
            ],
            [
              14.480377435684204,
              35.92420143724337
            ]
          ],
          [
            [
              14.486390948295593,
              35.92440560840758
            ],
            [
              14.486541152000427,
              35.92457502663301
            ],
            [
              14.486632347106934,
              35.924609779044644
            ]
          ],
          [
            [
              14.487318992614746,
              35.923471629623464
            ],
            [
              14.487378001213074,
              35.92343253259662
            ]
          ],
          [
            [
              14.489126801490784,
              35.923428188481324
            ],
            [
              14.489196538925171,
              35.923306553156394
            ]
          ],
          [
            [
              14.48848843574524,
              35.92164708110806
            ],
            [
              14.48845088481903,
              35.9216210158243
            ],
            [
              14.488166570663452,
              35.92151675460339
            ]
          ],
          [
            [
              14.488660097122192,
              35.92145593549439
            ],
            [
              14.488429427146912,
              35.92122134706439
            ]
          ],
          [
            [
              14.488365054130554,
              35.920582741701935
            ],
            [
              14.48845624923706,
              35.92034380639724
            ]
          ],
          [
            [
              14.488692283630371,
              35.92066962708829
            ],
            [
              14.488021731376648,
              35.920491511943496
            ]
          ],
          [
            [
              14.487560391426086,
              35.922290022054625
            ],
            [
              14.487517476081848,
              35.92222485935888
            ],
            [
              14.487522840499878,
              35.92212494312113
            ]
          ],
          [
            [
              14.487512111663818,
              35.92176003057173
            ],
            [
              14.48796808719635,
              35.92191207767192
            ],
            [
              14.488005638122559,
              35.92189904507478
            ],
            [
              14.488048553466797,
              35.92186863567312
            ],
            [
              14.488053917884827,
              35.92171224427986
            ],
            [
              14.488112926483154,
              35.921512410382874
            ],
            [
              14.48822021484375,
              35.92134732982626
            ],
            [
              14.488402605056763,
              35.92120397011597
            ],
            [
              14.488660097122192,
              35.92107364288111
            ],
            [
              14.488842487335205,
              35.92102585617454
            ]
          ],
          [
            [
              14.488874673843384,
              35.9171897927269
            ],
            [
              14.488917589187622,
              35.917176759351634
            ]
          ],
          [
            [
              14.489861726760864,
              35.916481642892805
            ],
            [
              14.489631056785583,
              35.916420819912005
            ],
            [
              14.489513039588928,
              35.91643385341182
            ],
            [
              14.489164352416992,
              35.91632958535317
            ],
            [
              14.489030241966248,
              35.91637303039431
            ],
            [
              14.489008784294128,
              35.91647729839572
            ],
            [
              14.489051699638367,
              35.91655549930657
            ],
            [
              14.489298462867737,
              35.916785757095155
            ]
          ],
          [
            [
              14.485999345779419,
              35.917176759351634
            ],
            [
              14.48620855808258,
              35.9171897927269
            ],
            [
              14.486428499221802,
              35.91801089103916
            ]
          ],
          [
            [
              14.48421835899353,
              35.917980480142546
            ],
            [
              14.48371410369873,
              35.918106468066654
            ],
            [
              14.483622908592224,
              35.918106468066654
            ],
            [
              14.483585357666016,
              35.91808909043388
            ],
            [
              14.483558535575867,
              35.91805867956735
            ],
            [
              14.48348343372345,
              35.91784145875202
            ],
            [
              14.483440518379211,
              35.917763259112476
            ]
          ],
          [
            [
              14.484647512435913,
              35.91838016527926
            ],
            [
              14.485076665878296,
              35.918454019920404
            ]
          ],
          [
            [
              14.484524130821228,
              35.91864517278901
            ],
            [
              14.484663605690002,
              35.918175978559574
            ],
            [
              14.484540224075317,
              35.91815425653711
            ]
          ],
          [
            [
              14.481375217437744,
              35.9152695189552
            ],
            [
              14.481659531593323,
              35.91529558633208
            ],
            [
              14.481804370880127,
              35.91500884471404
            ]
          ],
          [
            [
              14.482174515724182,
              35.90738374315484
            ],
            [
              14.482035040855408,
              35.90716214801918
            ]
          ],
          [
            [
              14.489824175834656,
              35.907283808170476
            ],
            [
              14.489598870277405,
              35.90713607796239
            ],
            [
              14.48945939540863,
              35.90716214801918
            ],
            [
              14.489368200302124,
              35.90723166812853
            ]
          ],
          [
            [
              14.488107562065125,
              35.914557007327886
            ],
            [
              14.488284587860107,
              35.914539628915335
            ],
            [
              14.488407969474792,
              35.914509216684195
            ],
            [
              14.489416480064392,
              35.91438756764272
            ],
            [
              14.489432573318481,
              35.9146960344908
            ]
          ],
          [
            [
              14.487426280975342,
              35.91523041787379
            ],
            [
              14.48723316192627,
              35.91519131677303
            ],
            [
              14.487190246582031,
              35.91512614822885
            ],
            [
              14.487195611000061,
              35.915056635055876
            ],
            [
              14.487286806106567,
              35.91500884471404
            ],
            [
              14.487560391426086,
              35.914969743503775
            ],
            [
              14.487898349761963,
              35.91501753386926
            ],
            [
              14.48797881603241,
              35.915056635055876
            ],
            [
              14.48846697807312,
              35.915160904792444
            ],
            [
              14.488563537597656,
              35.915226073308006
            ]
          ],
          [
            [
              14.487898349761963,
              35.91501753386926
            ],
            [
              14.488011002540588,
              35.91493933143799
            ],
            [
              14.488123655319214,
              35.9149306422742
            ],
            [
              14.488434791564941,
              35.914934986856224
            ],
            [
              14.488370418548584,
              35.91459610874216
            ]
          ],
          [
            [
              14.492989182472229,
              35.91324927111877
            ],
            [
              14.492769241333008,
              35.91340567924537
            ]
          ],
          [
            [
              14.491326212882996,
              35.91060766493588
            ],
            [
              14.491288661956787,
              35.91074669903915
            ],
            [
              14.491331577301025,
              35.91078580233665
            ]
          ],
          [
            [
              14.492785334587097,
              35.90993855989687
            ],
            [
              14.492270350456238,
              35.9096909027009
            ],
            [
              14.492361545562744,
              35.90960400525546
            ],
            [
              14.492737054824829,
              35.90952579747295
            ]
          ],
          [
            [
              14.492565393447876,
              35.90918255129114
            ],
            [
              14.492313265800476,
              35.9090913083847
            ]
          ],
          [
            [
              14.491331577301025,
              35.90938241633759
            ],
            [
              14.492050409317017,
              35.909317243008346
            ],
            [
              14.492012858390808,
              35.90904351443933
            ]
          ],
          [
            [
              14.492302536964417,
              35.909017445002405
            ],
            [
              14.492340087890625,
              35.909278138985044
            ]
          ],
          [
            [
              14.50121819972992,
              35.9140877888492
            ],
            [
              14.501674175262451,
              35.91418771523993
            ],
            [
              14.50170636177063,
              35.91403565329087
            ]
          ],
          [
            [
              14.501663446426392,
              35.91427895226906
            ],
            [
              14.501872658729553,
              35.91433108766704
            ]
          ],
          [
            [
              14.501824378967285,
              35.91447011522699
            ],
            [
              14.501615166664124,
              35.914413635310225
            ],
            [
              14.501674175262451,
              35.91425722917644
            ],
            [
              14.50118601322174,
              35.914131235121545
            ]
          ],
          [
            [
              14.493595361709595,
              35.91649902087872
            ],
            [
              14.493439793586731,
              35.91652074335573
            ]
          ],
          [
            [
              14.494915008544922,
              35.919505354981084
            ],
            [
              14.494861364364624,
              35.91968347234669
            ]
          ],
          [
            [
              14.491744637489319,
              35.9242405338901
            ],
            [
              14.491991400718689,
              35.92434479152017
            ],
            [
              14.492345452308655,
              35.92458805878914
            ],
            [
              14.492779970169067,
              35.9248487014612
            ],
            [
              14.492887258529663,
              35.92492255006208
            ]
          ],
          [
            [
              14.492345452308655,
              35.92458805878914
            ],
            [
              14.492168426513672,
              35.92476182066595
            ],
            [
              14.492028951644897,
              35.92492255006208
            ]
          ],
          [
            [
              14.492779970169067,
              35.9248487014612
            ],
            [
              14.49272096157074,
              35.92492255006208
            ]
          ]
        ]
      },
      "properties": {
        "class": "service",
        "source_layer": "transportation",
        "source_tile": "https://tiles.openfreemap.org/planet/20261004_113936_pt/14/8851/6438.pbf"
      }
    },
    {
      "type": "Feature",
      "id": "transportation:228978440-0",
      "geometry": {
        "type": "MultiLineString",
        "coordinates": [
          [
            [
              14.480876326560974,
              35.92286779560837
            ],
            [
              14.4809889793396,
              35.92227698951977
            ]
          ],
          [
            [
              14.479637145996094,
              35.92281566583689
            ],
            [
              14.480876326560974,
              35.92286779560837
            ],
            [
              14.482372999191284,
              35.92306762608061
            ],
            [
              14.48347806930542,
              35.92324573542376
            ]
          ],
          [
            [
              14.479921460151672,
              35.92204674771655
            ],
            [
              14.480618834495544,
              35.9221814175319
            ],
            [
              14.4809889793396,
              35.92227698951977
            ],
            [
              14.482013583183289,
              35.9224985423202
            ],
            [
              14.482346177101135,
              35.92252895147968
            ],
            [
              14.482372999191284,
              35.92306762608061
            ]
          ],
          [
            [
              14.480618834495544,
              35.9221814175319
            ],
            [
              14.480801224708557,
              35.921781751603945
            ],
            [
              14.480908513069153,
              35.92164708110806
            ],
            [
              14.481182098388672,
              35.92117790468619
            ]
          ],
          [
            [
              14.480801224708557,
              35.921781751603945
            ],
            [
              14.479637145996094,
              35.921421181696815
            ]
          ],
          [
            [
              14.480908513069153,
              35.92164708110806
            ],
            [
              14.482340812683105,
              35.92195986384304
            ],
            [
              14.482335448265076,
              35.92132126444372
            ],
            [
              14.482367634773254,
              35.92036552781839
            ]
          ],
          [
            [
              14.480007290840149,
              35.9215341314831
            ],
            [
              14.47973370552063,
              35.923098035021255
            ]
          ],
          [
            [
              14.482061862945557,
              35.920291674962115
            ],
            [
              14.48171854019165,
              35.92078257794789
            ]
          ],
          [
            [
              14.485087394714355,
              35.921872979874095
            ],
            [
              14.4852215051651,
              35.92199027320963
            ],
            [
              14.485371708869934,
              35.92223789190234
            ],
            [
              14.485511183738708,
              35.922733126961816
            ],
            [
              14.485575556755066,
              35.92285910731549
            ],
            [
              14.485666751861572,
              35.92297205504818
            ],
            [
              14.485854506492615,
              35.92310672328787
            ]
          ],
          [
            [
              14.485371708869934,
              35.92223789190234
            ],
            [
              14.486074447631836,
              35.9221510082388
            ]
          ],
          [
            [
              14.483429789543152,
              35.92351941485224
            ],
            [
              14.48347806930542,
              35.92324573542376
            ],
            [
              14.483520984649658,
              35.92299811988666
            ]
          ],
          [
            [
              14.483569264411926,
              35.92492255006208
            ],
            [
              14.483054280281067,
              35.92468797191495
            ],
            [
              14.482839703559875,
              35.924601090943156
            ]
          ],
          [
            [
              14.484497308731079,
              35.92355851183616
            ],
            [
              14.484803080558777,
              35.92287213975442
            ]
          ],
          [
            [
              14.486294388771057,
              35.92410586758115
            ],
            [
              14.48671281337738,
              35.92394948061201
            ],
            [
              14.486809372901917,
              35.923888663373845
            ],
            [
              14.486873745918274,
              35.92378874923814
            ],
            [
              14.486922025680542,
              35.92365408215986
            ],
            [
              14.48696494102478,
              35.923237047172435
            ]
          ],
          [
            [
              14.485892057418823,
              35.923610641117946
            ],
            [
              14.485763311386108,
              35.92373662007374
            ],
            [
              14.48548436164856,
              35.92397554512834
            ]
          ],
          [
            [
              14.485763311386108,
              35.92373662007374
            ],
            [
              14.48595106601715,
              35.92431438305893
            ],
            [
              14.485597014427185,
              35.92441864059164
            ]
          ],
          [
            [
              14.490028023719788,
              35.92415365242671
            ],
            [
              14.490172863006592,
              35.92418406094974
            ],
            [
              14.491744637489319,
              35.9242405338901
            ],
            [
              14.491412043571472,
              35.92492255006208
            ]
          ],
          [
            [
              14.490939974784851,
              35.92137339520022
            ],
            [
              14.491342306137085,
              35.92129085481989
            ]
          ],
          [
            [
              14.487909078598022,
              35.920760856641266
            ],
            [
              14.487088322639465,
              35.91924035035329
            ],
            [
              14.487517476081848,
              35.91816728975131
            ]
          ],
          [
            [
              14.487345814704895,
              35.922389938083825
            ],
            [
              14.487340450286865,
              35.92247247731707
            ],
            [
              14.487297534942627,
              35.92252895147968
            ],
            [
              14.487249255180359,
              35.92256370479045
            ],
            [
              14.487195611000061,
              35.92257239311577
            ],
            [
              14.487141966819763,
              35.92256370479045
            ],
            [
              14.48695421218872,
              35.92250723065267
            ],
            [
              14.486889839172363,
              35.9224985423202
            ],
            [
              14.486804008483887,
              35.92251157481856
            ],
            [
              14.486546516418457,
              35.922689685414014
            ],
            [
              14.486852288246155,
              35.92291123705833
            ],
            [
              14.487018585205078,
              35.92313713221348
            ],
            [
              14.487361907958984,
              35.923510726630994
            ]
          ],
          [
            [
              14.4864821434021,
              35.92055233179414
            ],
            [
              14.485677480697632,
              35.921386427883974
            ]
          ],
          [
            [
              14.487587213516235,
              35.92017003481317
            ],
            [
              14.487147331237793,
              35.92033511782709
            ],
            [
              14.487120509147644,
              35.920361183534624
            ],
            [
              14.487109780311584,
              35.92120397011597
            ],
            [
              14.487581849098206,
              35.92162536003886
            ]
          ],
          [
            [
              14.488166570663452,
              35.92012224756061
            ],
            [
              14.488091468811035,
              35.920096181774326
            ],
            [
              14.487302899360657,
              35.91869730530938
            ]
          ],
          [
            [
              14.488375782966614,
              35.91958789722476
            ],
            [
              14.488311409950256,
              35.91957051991744
            ],
            [
              14.487517476081848,
              35.91816728975131
            ],
            [
              14.486594796180725,
              35.91730274855591
            ],
            [
              14.486530423164368,
              35.91714634813435
            ]
          ],
          [
            [
              14.48846161365509,
              35.91939240229746
            ],
            [
              14.488375782966614,
              35.91958789722476
            ],
            [
              14.487909078598022,
              35.920760856641266
            ],
            [
              14.487581849098206,
              35.92162536003886
            ],
            [
              14.487512111663818,
              35.92176003057173
            ],
            [
              14.48721170425415,
              35.92201633837169
            ],
            [
              14.487168788909912,
              35.922146664053116
            ],
            [
              14.487308263778687,
              35.922268301162006
            ]
          ],
          [
            [
              14.489641785621643,
              35.91868861655837
            ],
            [
              14.48945939540863,
              35.91864082841077
            ],
            [
              14.488783478736877,
              35.91820638938103
            ],
            [
              14.48848843574524,
              35.917850147596084
            ],
            [
              14.488118290901184,
              35.91755038192427
            ],
            [
              14.487281441688538,
              35.91679879053484
            ]
          ],
          [
            [
              14.488783478736877,
              35.91820638938103
            ],
            [
              14.488665461540222,
              35.91821942258662
            ]
          ],
          [
            [
              14.485790133476257,
              35.91728102629364
            ],
            [
              14.48570966720581,
              35.91722889283983
            ],
            [
              14.485623836517334,
              35.91722454838377
            ],
            [
              14.483440518379211,
              35.917763259112476
            ],
            [
              14.482367634773254,
              35.91804130192406
            ],
            [
              14.481552243232727,
              35.918275899786124
            ],
            [
              14.4814932346344,
              35.91834106573543
            ],
            [
              14.48147714138031,
              35.9184105760222
            ],
            [
              14.482920169830322,
              35.91942281265122
            ],
            [
              14.484524130821228,
              35.92051323332409
            ],
            [
              14.485087394714355,
              35.92091290566238
            ],
            [
              14.485677480697632,
              35.921386427883974
            ],
            [
              14.485790133476257,
              35.92150806616212
            ],
            [
              14.486074447631836,
              35.9221510082388
            ],
            [
              14.486321210861206,
              35.922420347285055
            ]
          ],
          [
            [
              14.486444592475891,
              35.91667714501426
            ],
            [
              14.486637711524963,
              35.916729278831696
            ],
            [
              14.48697030544281,
              35.91690740244873
            ],
            [
              14.487318992614746,
              35.9172202039275
            ],
            [
              14.48773205280304,
              35.917563415237964
            ]
          ],
          [
            [
              14.485339522361755,
              35.91596899059071
            ],
            [
              14.484035968780518,
              35.916286140288165
            ],
            [
              14.483413696289062,
              35.91650336537458
            ],
            [
              14.483048915863037,
              35.916607633204194
            ],
            [
              14.482684135437012,
              35.91667714501426
            ],
            [
              14.482179880142212,
              35.916694522957215
            ],
            [
              14.481632709503174,
              35.916629355651395
            ],
            [
              14.481375217437744,
              35.91655984379936
            ],
            [
              14.481106996536255,
              35.916451231408246
            ],
            [
              14.48074758052826,
              35.916268762255456
            ],
            [
              14.48047935962677,
              35.91609498171864
            ],
            [
              14.480050206184387,
              35.915777831254815
            ],
            [
              14.479637145996094,
              35.91527386351861
            ]
          ],
          [
            [
              14.484550952911377,
              35.917771947965136
            ],
            [
              14.485580921173096,
              35.91753734860842
            ]
          ],
          [
            [
              14.485092759132385,
              35.91686395770108
            ],
            [
              14.485194683074951,
              35.91675100124549
            ],
            [
              14.485441446304321,
              35.91659459973302
            ],
            [
              14.485575556755066,
              35.91655549930657
            ],
            [
              14.48573112487793,
              35.91654246582681
            ],
            [
              14.486117362976074,
              35.9166119776941
            ]
          ],
          [
            [
              14.485044479370117,
              35.919088298116804
            ],
            [
              14.485312700271606,
              35.919179529493775
            ],
            [
              14.485902786254883,
              35.919409779643914
            ],
            [
              14.48620855808258,
              35.91954445394936
            ],
            [
              14.485661387443542,
              35.92022651061987
            ],
            [
              14.485124945640564,
              35.92085643034579
            ],
            [
              14.485087394714355,
              35.92091290566238
            ]
          ],
          [
            [
              14.484572410583496,
              35.919635684800156
            ],
            [
              14.484068155288696,
              35.920113558966136
            ],
            [
              14.484003782272339,
              35.92016569051867
            ]
          ],
          [
            [
              14.479637145996094,
              35.91965306209313
            ],
            [
              14.479905366897583,
              35.91974863713632
            ]
          ],
          [
            [
              14.480903148651123,
              35.91538682208346
            ],
            [
              14.4797283411026,
              35.91491326394372
            ]
          ],
          [
            [
              14.479637145996094,
              35.91509573622319
            ],
            [
              14.479851722717285,
              35.9146960344908
            ],
            [
              14.479637145996094,
              35.91470472368036
            ]
          ],
          [
            [
              14.48422908782959,
              35.9121326818984
            ],
            [
              14.484293460845947,
              35.91191978955787
            ],
            [
              14.484325647354126,
              35.91175903373748
            ],
            [
              14.484776258468628,
              35.91090745691645
            ]
          ],
          [
            [
              14.484325647354126,
              35.91175903373748
            ],
            [
              14.483048915863037,
              35.9111724894605
            ],
            [
              14.482566118240356,
              35.91094221533346
            ]
          ],
          [
            [
              14.484062790870667,
              35.91211530295328
            ],
            [
              14.482866525650024,
              35.911702551885185
            ],
            [
              14.482769966125488,
              35.911646069992585
            ],
            [
              14.48270559310913,
              35.91171124140354
            ],
            [
              14.48248565196991,
              35.911641725229956
            ],
            [
              14.482040405273438,
              35.91145055543761
            ],
            [
              14.481788277626038,
              35.91135497036822
            ]
          ],
          [
            [
              14.48248565196991,
              35.911641725229956
            ],
            [
              14.482533931732178,
              35.91158524329393
            ],
            [
              14.48274314403534,
              35.91157655376172
            ],
            [
              14.483048915863037,
              35.9111724894605
            ]
          ],
          [
            [
              14.480549097061157,
              35.91238033145126
            ],
            [
              14.480779767036438,
              35.91162434617701
            ],
            [
              14.480876326560974,
              35.91134628081072
            ],
            [
              14.481037259101868,
              35.91094656013453
            ]
          ],
          [
            [
              14.479637145996094,
              35.91137669425777
            ],
            [
              14.479948282241821,
              35.91142014201897
            ],
            [
              14.480136036872864,
              35.91148096884454
            ],
            [
              14.480779767036438,
              35.91162434617701
            ]
          ],
          [
            [
              14.479642510414124,
              35.910929180928875
            ],
            [
              14.480119943618774,
              35.91099000813195
            ],
            [
              14.480876326560974,
              35.91134628081072
            ],
            [
              14.481391310691833,
              35.91156786422857
            ]
          ],
          [
            [
              14.479637145996094,
              35.91094221533346
            ],
            [
              14.479776620864868,
              35.91049035472125
            ]
          ],
          [
            [
              14.479637145996094,
              35.91045125127769
            ],
            [
              14.479685425758362,
              35.91045994093348
            ],
            [
              14.479776620864868,
              35.91049035472125
            ],
            [
              14.480355978012085,
              35.91062938903063
            ],
            [
              14.481037259101868,
              35.91094656013453
            ],
            [
              14.481391310691833,
              35.91108993843544
            ],
            [
              14.481418132781982,
              35.91108993843544
            ],
            [
              14.48149859905243,
              35.91105083528822
            ],
            [
              14.48199212551117,
              35.91068152683367
            ]
          ],
          [
            [
              14.480844140052795,
              35.90806155971765
            ],
            [
              14.480699300765991,
              35.908287497281634
            ],
            [
              14.48046863079071,
              35.90847867471652
            ]
          ],
          [
            [
              14.479637145996094,
              35.90711000789706
            ],
            [
              14.480007290840149,
              35.90713607796239
            ]
          ],
          [
            [
              14.481412768363953,
              35.90749671298518
            ],
            [
              14.481557607650757,
              35.90749236799469
            ]
          ],
          [
            [
              14.483832120895386,
              35.908635092274224
            ],
            [
              14.484438300132751,
              35.908852338369186
            ],
            [
              14.484567046165466,
              35.90888709768902
            ],
            [
              14.484770894050598,
              35.90892185699357
            ],
            [
              14.4862300157547,
              35.90929551855335
            ]
          ],
          [
            [
              14.484545588493347,
              35.90766182244708
            ],
            [
              14.484658241271973,
              35.90720559809468
            ]
          ],
          [
            [
              14.484116435050964,
              35.90711869791981
            ],
            [
              14.484658241271973,
              35.90720559809468
            ],
            [
              14.48545217514038,
              35.907283808170476
            ],
            [
              14.486074447631836,
              35.90727946316828
            ],
            [
              14.486149549484253,
              35.907253393150185
            ],
            [
              14.486272931098938,
              35.90715345800119
            ]
          ],
          [
            [
              14.484781622886658,
              35.90843957027879
            ],
            [
              14.485114216804504,
              35.90842219052247
            ],
            [
              14.486144185066223,
              35.90834398157183
            ],
            [
              14.486546516418457,
              35.9084656399061
            ]
          ],
          [
            [
              14.485291242599487,
              35.90992118046984
            ],
            [
              14.485559463500977,
              35.90912172269853
            ]
          ],
          [
            [
              14.483917951583862,
              35.909725661652374
            ],
            [
              14.483649730682373,
              35.91012973334256
            ]
          ],
          [
            [
              14.485355615615845,
              35.91043387196325
            ],
            [
              14.485167860984802,
              35.910394768491784
            ],
            [
              14.484883546829224,
              35.91026876828565
            ],
            [
              14.484320282936096,
              35.90982559355277
            ],
            [
              14.484202265739441,
              35.909786489780686
            ],
            [
              14.483917951583862,
              35.909725661652374
            ],
            [
              14.483199119567871,
              35.909438899846194
            ],
            [
              14.483145475387573,
              35.909438899846194
            ],
            [
              14.483102560043335,
              35.90945627937917
            ],
            [
              14.48296308517456,
              35.90959097063042
            ],
            [
              14.482764601707458,
              35.909725661652374
            ]
          ],
          [
            [
              14.4852215051651,
              35.91085097445624
            ],
            [
              14.485280513763428,
              35.91063373384887
            ],
            [
              14.485521912574768,
              35.909995043008436
            ],
            [
              14.48598325252533,
              35.91009497456861
            ],
            [
              14.487029314041138,
              35.91036000983428
            ],
            [
              14.486771821975708,
              35.9107075957223
            ]
          ],
          [
            [
              14.485843777656555,
              35.91064242348459
            ],
            [
              14.485849142074585,
              35.91099435293037
            ]
          ],
          [
            [
              14.486605525016785,
              35.9105424926159
            ],
            [
              14.485843777656555,
              35.91064242348459
            ],
            [
              14.485280513763428,
              35.91063373384887
            ]
          ],
          [
            [
              14.48721170425415,
              35.91101173212169
            ],
            [
              14.48721170425415,
              35.9111724894605
            ]
          ],
          [
            [
              14.487748146057129,
              35.91123331647651
            ],
            [
              14.487769603729248,
              35.91104649049289
            ]
          ],
          [
            [
              14.487758874893188,
              35.91098131853437
            ],
            [
              14.48721170425415,
              35.91101173212169
            ],
            [
              14.485849142074585,
              35.91099435293037
            ],
            [
              14.485650658607483,
              35.91097262893584
            ],
            [
              14.485436081886292,
              35.91092483612688
            ],
            [
              14.4852215051651,
              35.91085097445624
            ],
            [
              14.484400749206543,
              35.91049035472125
            ],
            [
              14.483649730682373,
              35.91012973334256
            ],
            [
              14.483413696289062,
              35.90996028417534
            ],
            [
              14.483097195625305,
              35.90968655783091
            ],
            [
              14.48296308517456,
              35.90959097063042
            ],
            [
              14.482614398002625,
              35.90932158789863
            ]
          ],
          [
            [
              14.48598325252533,
              35.91009497456861
            ],
            [
              14.486192464828491,
              35.90950841795524
            ],
            [
              14.4862300157547,
              35.90929551855335
            ],
            [
              14.486331939697266,
              35.90913475740089
            ],
            [
              14.486423134803772,
              35.90889578751657
            ]
          ],
          [
            [
              14.486439228057861,
              35.908852338369186
            ],
            [
              14.486546516418457,
              35.9084656399061
            ],
            [
              14.486562609672546,
              35.908417845582804
            ],
            [
              14.486637711524963,
              35.9083874309984
            ],
            [
              14.4867342710495,
              35.90804417987832
            ]
          ],
          [
            [
              14.485505819320679,
              35.90839177593975
            ],
            [
              14.48546290397644,
              35.9078269315645
            ]
          ],
          [
            [
              14.489518404006958,
              35.90871330093712
            ],
            [
              14.488348960876465,
              35.90839612088085
            ],
            [
              14.487876892089844,
              35.908252737698405
            ],
            [
              14.487646222114563,
              35.90820494324652
            ],
            [
              14.486283659934998,
              35.90795728062436
            ],
            [
              14.48546290397644,
              35.9078269315645
            ],
            [
              14.484545588493347,
              35.90766182244708
            ],
            [
              14.483343958854675,
              35.90747064303865
            ],
            [
              14.482909440994263,
              35.90739243314751
            ],
            [
              14.482544660568237,
              35.90730553317782
            ],
            [
              14.48247492313385,
              35.90727511816587
            ]
          ],
          [
            [
              14.488348960876465,
              35.90839612088085
            ],
            [
              14.488193392753601,
              35.90877847476379
            ],
            [
              14.489057064056396,
              35.90911737779727
            ],
            [
              14.489051699638367,
              35.90918255129114
            ],
            [
              14.488070011138916,
              35.90968655783091
            ]
          ],
          [
            [
              14.490317702293396,
              35.9070187626007
            ],
            [
              14.490602016448975,
              35.90708393782313
            ],
            [
              14.490746855735779,
              35.906571224623576
            ]
          ],
          [
            [
              14.490387439727783,
              35.91171558616237
            ],
            [
              14.490376710891724,
              35.911472279300924
            ],
            [
              14.490317702293396,
              35.91084228484341
            ]
          ],
          [
            [
              14.490553736686707,
              35.91323623709427
            ],
            [
              14.490516185760498,
              35.91356643171993
            ],
            [
              14.490371346473694,
              35.913987862332235
            ],
            [
              14.490301609039307,
              35.91403565329087
            ]
          ],
          [
            [
              14.489523768424988,
              35.91332313055044
            ],
            [
              14.489679336547852,
              35.91340567924537
            ],
            [
              14.490065574645996,
              35.91382276607118
            ],
            [
              14.49020504951477,
              35.913914003521185
            ],
            [
              14.490301609039307,
              35.91403565329087
            ],
            [
              14.49047327041626,
              35.914483149048195
            ]
          ],
          [
            [
              14.489287734031677,
              35.91185896306963
            ],
            [
              14.489668607711792,
              35.912176129244415
            ],
            [
              14.490060210227966,
              35.912432468100434
            ]
          ],
          [
            [
              14.48797881603241,
              35.91154614039152
            ],
            [
              14.488150477409363,
              35.91159827759043
            ],
            [
              14.48823094367981,
              35.91163303570397
            ],
            [
              14.488440155982971,
              35.91177206800536
            ],
            [
              14.488574266433716,
              35.91192413430524
            ],
            [
              14.489099979400635,
              35.91245419169411
            ],
            [
              14.489411115646362,
              35.91286693884088
            ],
            [
              14.489555954933167,
              35.91322320306763
            ],
            [
              14.489523768424988,
              35.91332313055044
            ],
            [
              14.48948621749878,
              35.9140877888492
            ],
            [
              14.489523768424988,
              35.91520869504242
            ],
            [
              14.489609599113464,
              35.91559536054871
            ],
            [
              14.489791989326477,
              35.916181872034784
            ],
            [
              14.489850997924805,
              35.916390408404084
            ],
            [
              14.489861726760864,
              35.916481642892805
            ]
          ],
          [
            [
              14.492661952972412,
              35.9150262230235
            ],
            [
              14.492822885513306,
              35.91533034282121
            ],
            [
              14.493101835250854,
              35.9157213522717
            ],
            [
              14.493144750595093,
              35.91587341098051
            ],
            [
              14.493337869644165,
              35.91622531715707
            ],
            [
              14.493364691734314,
              35.91630351831702
            ],
            [
              14.493327140808105,
              35.91637303039431
            ],
            [
              14.493257403373718,
              35.9164251644122
            ]
          ],
          [
            [
              14.493101835250854,
              35.9157213522717
            ],
            [
              14.49322521686554,
              35.91560839418453
            ]
          ],
          [
            [
              14.495805501937866,
              35.91386186784837
            ],
            [
              14.495065212249756,
              35.91408344422064
            ]
          ],
          [
            [
              14.49371337890625,
              35.91418337061687
            ],
            [
              14.493498802185059,
              35.91412254586898
            ],
            [
              14.49344515800476,
              35.91397482842943
            ],
            [
              14.49321448802948,
              35.91350560649768
            ],
            [
              14.492989182472229,
              35.91324927111877
            ]
          ],
          [
            [
              14.494861364364624,
              35.91208054505164
            ],
            [
              14.495236873626709,
              35.912367297283566
            ],
            [
              14.495081305503845,
              35.9124976388636
            ],
            [
              14.494995474815369,
              35.91251501772473
            ]
          ],
          [
            [
              14.493606090545654,
              35.91205447661537
            ],
            [
              14.493858218193054,
              35.9121717845109
            ],
            [
              14.494040608406067,
              35.91227605804977
            ]
          ],
          [
            [
              14.49294626712799,
              35.91102911130922
            ],
            [
              14.493091106414795,
              35.91127241953353
            ]
          ],
          [
            [
              14.493262767791748,
              35.91044690644945
            ],
            [
              14.492999911308289,
              35.91017318178852
            ],
            [
              14.493407607078552,
              35.90983428327728
            ],
            [
              14.493402242660522,
              35.90959531550568
            ],
            [
              14.493321776390076,
              35.909460624261826
            ],
            [
              14.492849707603455,
              35.90928682876968
            ]
          ],
          [
            [
              14.491015076637268,
              35.90805286979844
            ],
            [
              14.492291808128357,
              35.90835267145907
            ]
          ],
          [
            [
              14.49271559715271,
              35.90720125308819
            ],
            [
              14.492645859718323,
              35.90699703751463
            ]
          ],
          [
            [
              14.494378566741943,
              35.90929986344483
            ],
            [
              14.49421763420105,
              35.90927379409237
            ],
            [
              14.493879675865173,
              35.90912606759957
            ],
            [
              14.493434429168701,
              35.908904477343185
            ],
            [
              14.49297308921814,
              35.90871764586055
            ],
            [
              14.492640495300293,
              35.90863943720197
            ],
            [
              14.492329359054565,
              35.908643782129474
            ],
            [
              14.491835832595825,
              35.90873937047425
            ],
            [
              14.491192102432251,
              35.908904477343185
            ],
            [
              14.49098289012909,
              35.908930546817345
            ],
            [
              14.490779042243958,
              35.908943581551185
            ],
            [
              14.49045717716217,
              35.908930546817345
            ]
          ],
          [
            [
              14.494421482086182,
              35.90975173085596
            ],
            [
              14.494668245315552,
              35.90981255896422
            ]
          ],
          [
            [
              14.498852491378784,
              35.90756623280059
            ],
            [
              14.498670101165771,
              35.9080354899572
            ],
            [
              14.498568177223206,
              35.908248392749414
            ],
            [
              14.498509168624878,
              35.90829184222848
            ]
          ],
          [
            [
              14.498670101165771,
              35.9080354899572
            ],
            [
              14.499775171279907,
              35.908304877067536
            ],
            [
              14.499678611755371,
              35.908569918329405
            ],
            [
              14.499303102493286,
              35.90848736458895
            ],
            [
              14.499394297599792,
              35.90821363314899
            ]
          ],
          [
            [
              14.499539136886597,
              35.908987030648504
            ],
            [
              14.499785900115967,
              35.908960961192975
            ]
          ],
          [
            [
              14.499785900115967,
              35.91319279033041
            ],
            [
              14.499903917312622,
              35.91298424553172
            ]
          ],
          [
            [
              14.49819803237915,
              35.912045787134716
            ],
            [
              14.49871301651001,
              35.9118198603025
            ]
          ],
          [
            [
              14.498160481452942,
              35.91156351946162
            ],
            [
              14.497994184494019,
              35.91128545388156
            ]
          ],
          [
            [
              14.498814940452576,
              35.91249329414774
            ],
            [
              14.498675465583801,
              35.91275832137944
            ]
          ],
          [
            [
              14.497988820075989,
              35.91521738417569
            ],
            [
              14.498165845870972,
              35.91516524936182
            ]
          ],
          [
            [
              14.49921727180481,
              35.9167901015753
            ],
            [
              14.499109983444214,
              35.91674665676321
            ]
          ],
          [
            [
              14.492822885513306,
              35.91719848164256
            ],
            [
              14.492801427841187,
              35.917176759351634
            ]
          ],
          [
            [
              14.49348270893097,
              35.91940543530765
            ],
            [
              14.493386149406433,
              35.919175185144866
            ],
            [
              14.493321776390076,
              35.919136085994054
            ],
            [
              14.493252038955688,
              35.919114364235256
            ],
            [
              14.493128657341003,
              35.91909698682393
            ],
            [
              14.493021368980408,
              35.919118708587504
            ],
            [
              14.492828249931335,
              35.919179529493775
            ]
          ],
          [
            [
              14.494920372962952,
              35.91969216098842
            ],
            [
              14.493504166603088,
              35.91944018999099
            ]
          ],
          [
            [
              14.49144959449768,
              35.92124741247986
            ],
            [
              14.49144959449768,
              35.92127347788674
            ],
            [
              14.4914710521698,
              35.921325608674735
            ],
            [
              14.491492509841919,
              35.92134732982626
            ],
            [
              14.491524696350098,
              35.92136470674319
            ],
            [
              14.491562247276306,
              35.92137339520022
            ],
            [
              14.491615891456604,
              35.92137339520022
            ],
            [
              14.491658806800842,
              35.92135601828521
            ],
            [
              14.491690993309021,
              35.92132995290552
            ],
            [
              14.49171245098114,
              35.921299543285045
            ],
            [
              14.49171245098114,
              35.921243068244564
            ],
            [
              14.491680264472961,
              35.92119528164032
            ],
            [
              14.491653442382812,
              35.92117356044706
            ],
            [
              14.491589069366455,
              35.92116052772823
            ],
            [
              14.491519331932068,
              35.92116921620769
            ],
            [
              14.49145495891571,
              35.921225691300904
            ],
            [
              14.49144959449768,
              35.92124741247986
            ]
          ],
          [
            [
              14.492168426513672,
              35.92339777966764
            ],
            [
              14.492399096488953,
              35.92338909143301
            ],
            [
              14.492887258529663,
              35.92334999436535
            ],
            [
              14.493064284324646,
              35.92324139129822
            ]
          ],
          [
            [
              14.502248167991638,
              35.91021228536947
            ],
            [
              14.502124786376953,
              35.90939979588299
            ]
          ],
          [
            [
              14.497066140174866,
              35.906571224623576
            ],
            [
              14.497409462928772,
              35.906931862220645
            ]
          ],
          [
            [
              14.490827322006226,
              35.906571224623576
            ],
            [
              14.491251111030579,
              35.906684195613906
            ],
            [
              14.492645859718323,
              35.90699703751463
            ],
            [
              14.493536353111267,
              35.90720125308819
            ]
          ],
          [
            [
              14.489797353744507,
              35.906571224623576
            ],
            [
              14.489872455596924,
              35.90668854064876
            ],
            [
              14.490011930465698,
              35.90682323661137
            ],
            [
              14.490317702293396,
              35.9070187626007
            ],
            [
              14.490548372268677,
              35.90714911299186
            ],
            [
              14.490848779678345,
              35.90738808815129
            ],
            [
              14.490923881530762,
              35.90747933302177
            ],
            [
              14.49095606803894,
              35.90753147290053
            ],
            [
              14.490998983383179,
              35.90772265216201
            ],
            [
              14.491015076637268,
              35.90786603630501
            ],
            [
              14.49098825454712,
              35.90860467777334
            ]
          ],
          [
            [
              14.487249255180359,
              35.906571224623576
            ],
            [
              14.48747456073761,
              35.906666815472036
            ],
            [
              14.488075375556946,
              35.90695793234468
            ],
            [
              14.48820948600769,
              35.90697096740348
            ],
            [
              14.48848843574524,
              35.9069753124226
            ],
            [
              14.488901495933533,
              35.90694055226294
            ],
            [
              14.489073157310486,
              35.90696662238412
            ],
            [
              14.489368200302124,
              35.90723166812853
            ],
            [
              14.489759802818298,
              35.907609682654225
            ],
            [
              14.489824175834656,
              35.90771396220559
            ],
            [
              14.489883184432983,
              35.90784431145154
            ],
            [
              14.489936828613281,
              35.90809197442729
            ],
            [
              14.489840269088745,
              35.90837439617293
            ]
          ],
          [
            [
              14.486337304115295,
              35.906571224623576
            ],
            [
              14.486401677131653,
              35.90693620724191
            ]
          ],
          [
            [
              14.485414624214172,
              35.906771096265956
            ],
            [
              14.486272931098938,
              35.90715345800119
            ],
            [
              14.487351179122925,
              35.90763140757211
            ],
            [
              14.487512111663818,
              35.90768789233064
            ],
            [
              14.487678408622742,
              35.90773134211747
            ],
            [
              14.488000273704529,
              35.90770961722704
            ],
            [
              14.488509893417358,
              35.90761402763829
            ],
            [
              14.488660097122192,
              35.90761402763829
            ],
            [
              14.488762021064758,
              35.907627062589
            ],
            [
              14.489936828613281,
              35.90809197442729
            ]
          ],
          [
            [
              14.482866525650024,
              35.906571224623576
            ],
            [
              14.483156204223633,
              35.90664943532637
            ]
          ],
          [
            [
              14.482099413871765,
              35.906736336016564
            ],
            [
              14.482061862945557,
              35.90665378036314
            ],
            [
              14.482088685035706,
              35.906571224623576
            ]
          ],
          [
            [
              14.48072612285614,
              35.9066798505788
            ],
            [
              14.480940699577332,
              35.90722297811821
            ],
            [
              14.480892419815063,
              35.907405468134726
            ]
          ]
        ]
      },
      "properties": {
        "surface": "paved",
        "class": "minor",
        "source_layer": "transportation",
        "source_tile": "https://tiles.openfreemap.org/planet/20261004_113936_pt/14/8851/6438.pbf"
      }
    },
    {
      "type": "Feature",
      "id": "transportation:264396090-0",
      "geometry": {
        "type": "MultiLineString",
        "coordinates": [
          [
            [
              14.487683773040771,
              35.918223766988035
            ],
            [
              14.488080739974976,
              35.918080401616066
            ]
          ],
          [
            [
              14.492635130882263,
              35.91223695548882
            ],
            [
              14.493273496627808,
              35.9123064711394
            ],
            [
              14.493563175201416,
              35.9122195765666
            ]
          ],
          [
            [
              14.492903351783752,
              35.90900875518821
            ],
            [
              14.492817521095276,
              35.90916082679915
            ],
            [
              14.492817521095276,
              35.909239034942416
            ],
            [
              14.492849707603455,
              35.90928682876968
            ]
          ],
          [
            [
              14.494834542274475,
              35.90823101295112
            ],
            [
              14.495092034339905,
              35.90791817592894
            ]
          ],
          [
            [
              14.496755003929138,
              35.91109428322838
            ],
            [
              14.497001767158508,
              35.91128110909911
            ]
          ],
          [
            [
              14.498611092567444,
              35.90928248387746
            ],
            [
              14.498873949050903,
              35.90975607572237
            ]
          ],
          [
            [
              14.497817158699036,
              35.90912606759957
            ],
            [
              14.497398734092712,
              35.90903482462798
            ]
          ],
          [
            [
              14.500231146812439,
              35.912719219056825
            ],
            [
              14.500231146812439,
              35.91301465834911
            ]
          ]
        ]
      },
      "properties": {
        "surface": "paved",
        "class": "service",
        "service": "alley",
        "source_layer": "transportation",
        "source_tile": "https://tiles.openfreemap.org/planet/20261004_113936_pt/14/8851/6438.pbf"
      }
    },
    {
      "type": "Feature",
      "id": "transportation:312336040-0",
      "geometry": {
        "type": "MultiLineString",
        "coordinates": [
          [
            [
              14.480018019676208,
              35.92452724204206
            ],
            [
              14.480093121528625,
              35.92457502663301
            ]
          ],
          [
            [
              14.48000192642212,
              35.92380178152386
            ],
            [
              14.479926824569702,
              35.92380178152386
            ],
            [
              14.479926824569702,
              35.92378874923814
            ],
            [
              14.480028748512268,
              35.92378874923814
            ]
          ],
          [
            [
              14.480039477348328,
              35.923584576481346
            ],
            [
              14.47996973991394,
              35.923584576481346
            ],
            [
              14.47996973991394,
              35.9235715441598
            ],
            [
              14.480039477348328,
              35.923567200052176
            ],
            [
              14.480039477348328,
              35.92354982361918
            ],
            [
              14.47996973991394,
              35.92355416772779
            ],
            [
              14.47996973991394,
              35.92354113540124
            ],
            [
              14.480071663856506,
              35.92353679129192
            ]
          ],
          [
            [
              14.480318427085876,
              35.92369752317791
            ],
            [
              14.48024332523346,
              35.92369752317791
            ],
            [
              14.48024332523346,
              35.923680146773535
            ],
            [
              14.480334520339966,
              35.923680146773535
            ],
            [
              14.480334520339966,
              35.92366277036537
            ],
            [
              14.48022723197937,
              35.92366277036537
            ],
            [
              14.4802325963974,
              35.92387997519313
            ]
          ],
          [
            [
              14.481262564659119,
              35.92415365242671
            ],
            [
              14.481262564659119,
              35.92393210426302
            ],
            [
              14.481305480003357,
              35.923871287011465
            ],
            [
              14.481300115585327,
              35.923845222460784
            ]
          ],
          [
            [
              14.480441808700562,
              35.92194248705688
            ],
            [
              14.480361342430115,
              35.92199896159792
            ]
          ],
          [
            [
              14.480393528938293,
              35.92182519365046
            ],
            [
              14.480318427085876,
              35.92169921164981
            ]
          ],
          [
            [
              14.480339884757996,
              35.92185125886692
            ],
            [
              14.48024332523346,
              35.921951175450445
            ],
            [
              14.480361342430115,
              35.92199896159792
            ],
            [
              14.480570554733276,
              35.92210756637124
            ],
            [
              14.480586647987366,
              35.921790440015144
            ],
            [
              14.48050081729889,
              35.92179478422038
            ],
            [
              14.480393528938293,
              35.92182519365046
            ],
            [
              14.480339884757996,
              35.92185125886692
            ],
            [
              14.480441808700562,
              35.92194248705688
            ],
            [
              14.480570554733276,
              35.92210756637124
            ]
          ],
          [
            [
              14.486664533615112,
              35.92490951796104
            ],
            [
              14.48670208454132,
              35.924774852791344
            ],
            [
              14.486691355705261,
              35.92470100405251
            ],
            [
              14.486632347106934,
              35.924609779044644
            ]
          ],
          [
            [
              14.486648440361023,
              35.92492255006208
            ],
            [
              14.486664533615112,
              35.92490951796104
            ],
            [
              14.486771821975708,
              35.92486173357223
            ],
            [
              14.486948847770691,
              35.92482698127132
            ],
            [
              14.487029314041138,
              35.92485304549842
            ],
            [
              14.487056136131287,
              35.92490517392689
            ],
            [
              14.487056136131287,
              35.92492255006208
            ]
          ],
          [
            [
              14.486943483352661,
              35.92492255006208
            ],
            [
              14.487029314041138,
              35.92485304549842
            ]
          ],
          [
            [
              14.487624764442444,
              35.92460543499401
            ],
            [
              14.487651586532593,
              35.92468797191495
            ]
          ],
          [
            [
              14.490628838539124,
              35.92424922203118
            ],
            [
              14.490500092506409,
              35.92447076930645
            ]
          ],
          [
            [
              14.489609599113464,
              35.92374965236807
            ],
            [
              14.489910006523132,
              35.92421446946109
            ],
            [
              14.48997974395752,
              35.924231845748054
            ],
            [
              14.491530060768127,
              35.92428397458599
            ],
            [
              14.491589069366455,
              35.92435782371426
            ],
            [
              14.491674900054932,
              35.924392576221365
            ]
          ],
          [
            [
              14.489824175834656,
              35.92281132168773
            ],
            [
              14.489749073982239,
              35.92277222433444
            ]
          ],
          [
            [
              14.489566683769226,
              35.922680997101594
            ],
            [
              14.489169716835022,
              35.922680997101594
            ]
          ],
          [
            [
              14.49069857597351,
              35.921134462284115
            ],
            [
              14.490623474121094,
              35.92113880652539
            ]
          ],
          [
            [
              14.490929245948792,
              35.91862345089538
            ],
            [
              14.490779042243958,
              35.918501808180864
            ],
            [
              14.490773677825928,
              35.91844533114268
            ]
          ],
          [
            [
              14.48996365070343,
              35.91819770057607
            ],
            [
              14.489829540252686,
              35.918032613101005
            ],
            [
              14.48972761631012,
              35.91805433515687
            ],
            [
              14.489566683769226,
              35.91804130192406
            ],
            [
              14.48945939540863,
              35.91798916897136
            ]
          ],
          [
            [
              14.489389657974243,
              35.91797179131282
            ],
            [
              14.489400386810303,
              35.917915313896174
            ],
            [
              14.489325284957886,
              35.91778063681684
            ],
            [
              14.489330649375916,
              35.91773284812068
            ]
          ],
          [
            [
              14.489545226097107,
              35.91665976706746
            ],
            [
              14.489341378211975,
              35.916420819912005
            ]
          ],
          [
            [
              14.489309191703796,
              35.91666411155451
            ],
            [
              14.489593505859375,
              35.91665542258016
            ]
          ],
          [
            [
              14.485881328582764,
              35.91722454838377
            ],
            [
              14.485865235328674,
              35.91719848164256
            ],
            [
              14.485892057418823,
              35.91712028136736
            ],
            [
              14.485827684402466,
              35.917094214591785
            ],
            [
              14.485822319984436,
              35.91706814780761
            ],
            [
              14.485843777656555,
              35.91705511441231
            ],
            [
              14.485811591148376,
              35.91695953611443
            ],
            [
              14.485682845115662,
              35.91679879053484
            ]
          ],
          [
            [
              14.479637145996094,
              35.91030787181937
            ],
            [
              14.480098485946655,
              35.91040780298442
            ]
          ],
          [
            [
              14.479685425758362,
              35.91045994093348
            ],
            [
              14.479771256446838,
              35.91018621631764
            ]
          ],
          [
            [
              14.486449956893921,
              35.90956490137387
            ],
            [
              14.48646068572998,
              35.90954317698686
            ],
            [
              14.487678408622742,
              35.909786489780686
            ],
            [
              14.487694501876831,
              35.9097430411224
            ]
          ],
          [
            [
              14.489518404006958,
              35.90871330093712
            ],
            [
              14.489609599113464,
              35.908643782129474
            ],
            [
              14.489673972129822,
              35.90866550676341
            ],
            [
              14.489695429801941,
              35.90869157631627
            ]
          ],
          [
            [
              14.490585923194885,
              35.907179528052254
            ],
            [
              14.490602016448975,
              35.90708393782313
            ]
          ],
          [
            [
              14.489781260490417,
              35.908743715396255
            ],
            [
              14.489808082580566,
              35.90870026616534
            ],
            [
              14.489877820014954,
              35.90866550676341
            ],
            [
              14.489872455596924,
              35.90865247198374
            ],
            [
              14.489797353744507,
              35.908682886466266
            ],
            [
              14.489759802818298,
              35.90873068062949
            ],
            [
              14.48973298072815,
              35.90872199078379
            ],
            [
              14.489791989326477,
              35.90867854154092
            ],
            [
              14.489867091178894,
              35.908643782129474
            ],
            [
              14.489861726760864,
              35.908635092274224
            ],
            [
              14.489765167236328,
              35.90867419661532
            ],
            [
              14.48972225189209,
              35.90871330093712
            ],
            [
              14.48971152305603,
              35.908704611089505
            ],
            [
              14.489791989326477,
              35.90863943720197
            ],
            [
              14.489942193031311,
              35.90860033284366
            ],
            [
              14.489931464195251,
              35.908591642983666
            ],
            [
              14.489775896072388,
              35.90863074734624
            ],
            [
              14.489695429801941,
              35.90869157631627
            ],
            [
              14.489684700965881,
              35.90870895601343
            ]
          ],
          [
            [
              14.489647150039673,
              35.90941717542458
            ],
            [
              14.491047263145447,
              35.90975607572237
            ]
          ],
          [
            [
              14.490038752555847,
              35.90911737779727
            ],
            [
              14.490011930465698,
              35.90902613481566
            ],
            [
              14.490081667900085,
              35.90898268573983
            ],
            [
              14.490188956260681,
              35.908900132430006
            ],
            [
              14.490146040916443,
              35.908874062945856
            ]
          ],
          [
            [
              14.488091468811035,
              35.91304072646898
            ],
            [
              14.487925171852112,
              35.91299727959775
            ],
            [
              14.487656950950623,
              35.91298424553172
            ]
          ],
          [
            [
              14.487538933753967,
              35.91405737644436
            ],
            [
              14.487496018409729,
              35.914131235121545
            ]
          ],
          [
            [
              14.488365054130554,
              35.91394441598116
            ],
            [
              14.488568902015686,
              35.91380538749735
            ],
            [
              14.488649368286133,
              35.91383145535667
            ],
            [
              14.488692283630371,
              35.913796698208984
            ],
            [
              14.488762021064758,
              35.91381842142806
            ],
            [
              14.488804936408997,
              35.913783664274675
            ],
            [
              14.488874673843384,
              35.91383579999905
            ],
            [
              14.488933682441711,
              35.91380538749735
            ],
            [
              14.48897659778595,
              35.91380973214115
            ],
            [
              14.489014148712158,
              35.913792353564446
            ]
          ],
          [
            [
              14.491497874259949,
              35.91526517439155
            ],
            [
              14.49169635772705,
              35.91546067951944
            ]
          ],
          [
            [
              14.491610527038574,
              35.91546502407236
            ],
            [
              14.491690993309021,
              35.91540420030991
            ]
          ],
          [
            [
              14.491562247276306,
              35.91547371317748
            ],
            [
              14.491567611694336,
              35.91549109138481
            ],
            [
              14.491583704948425,
              35.91549543593604
            ],
            [
              14.491599798202515,
              35.91549543593604
            ],
            [
              14.491615891456604,
              35.91547805772964
            ],
            [
              14.491594433784485,
              35.915456334966294
            ],
            [
              14.491572976112366,
              35.91546067951944
            ],
            [
              14.491562247276306,
              35.91547371317748
            ]
          ],
          [
            [
              14.495666027069092,
              35.915286897207395
            ],
            [
              14.495741128921509,
              35.91528255264471
            ],
            [
              14.49571967124939,
              35.915234762439354
            ],
            [
              14.496266841888428,
              35.91509573622319
            ],
            [
              14.496594071388245,
              35.91503056760028
            ],
            [
              14.49695348739624,
              35.91497408808365
            ],
            [
              14.497071504592896,
              35.9149306422742
            ],
            [
              14.497361183166504,
              35.91496105434332
            ],
            [
              14.497404098510742,
              35.91498712182184
            ],
            [
              14.49747383594513,
              35.91507835792899
            ]
          ],
          [
            [
              14.495129585266113,
              35.912536741295725
            ],
            [
              14.495140314102173,
              35.91252370715385
            ]
          ],
          [
            [
              14.492527842521667,
              35.90968655783091
            ],
            [
              14.492549300193787,
              35.90966917834851
            ],
            [
              14.492576122283936,
              35.90966483347731
            ],
            [
              14.492608308792114,
              35.90968655783091
            ],
            [
              14.492613673210144,
              35.909708282178556
            ],
            [
              14.492586851119995,
              35.909734351387854
            ],
            [
              14.492543935775757,
              35.90973000652025
            ],
            [
              14.492527842521667,
              35.909708282178556
            ],
            [
              14.492527842521667,
              35.90968655783091
            ],
            [
              14.492388367652893,
              35.90966917834851
            ]
          ],
          [
            [
              14.492592215538025,
              35.90967352321947
            ],
            [
              14.492629766464233,
              35.909586625754926
            ]
          ],
          [
            [
              14.492661952972412,
              35.90984297300082
            ],
            [
              14.492597579956055,
              35.90973000652025
            ]
          ],
          [
            [
              14.49098289012909,
              35.908930546817345
            ],
            [
              14.49098825454712,
              35.90860467777334
            ]
          ],
          [
            [
              14.496266841888428,
              35.90772699713986
            ],
            [
              14.495993256568909,
              35.90776610192975
            ]
          ],
          [
            [
              14.49796736240387,
              35.91015580241299
            ],
            [
              14.497919082641602,
              35.910081940024426
            ]
          ],
          [
            [
              14.498160481452942,
              35.906984002460135
            ],
            [
              14.498267769813538,
              35.90692751719915
            ]
          ],
          [
            [
              14.497489929199219,
              35.914965398923655
            ],
            [
              14.497484564781189,
              35.91501753386926
            ],
            [
              14.497506022453308,
              35.91508704707658
            ]
          ],
          [
            [
              14.498578906059265,
              35.91799351338537
            ],
            [
              14.498525261878967,
              35.918015235452
            ]
          ],
          [
            [
              14.498503804206848,
              35.91783711432964
            ],
            [
              14.4984769821167,
              35.91786318086041
            ]
          ],
          [
            [
              14.498568177223206,
              35.917771947965136
            ],
            [
              14.498525261878967,
              35.91781104779028
            ]
          ],
          [
            [
              14.497833251953125,
              35.916003746783986
            ],
            [
              14.49795126914978,
              35.91603850296198
            ]
          ],
          [
            [
              14.497897624969482,
              35.915803898464176
            ],
            [
              14.497929811477661,
              35.91588210004076
            ],
            [
              14.498037099838257,
              35.91585168832573
            ]
          ],
          [
            [
              14.493160843849182,
              35.92013962474671
            ],
            [
              14.49322521686554,
              35.92022651061987
            ],
            [
              14.493305683135986,
              35.920269953520645
            ],
            [
              14.493429064750671,
              35.920248232073234
            ],
            [
              14.493509531021118,
              35.92021782203685
            ],
            [
              14.493579268455505,
              35.92021782203685
            ]
          ],
          [
            [
              14.49346125125885,
              35.920096181774326
            ],
            [
              14.493525624275208,
              35.920044050176
            ],
            [
              14.493552446365356,
              35.919948475489775
            ],
            [
              14.493541717529297,
              35.919852900688085
            ],
            [
              14.493557810783386,
              35.919752981453726
            ],
            [
              14.493541717529297,
              35.919626996152246
            ]
          ],
          [
            [
              14.494603872299194,
              35.92033946211228
            ],
            [
              14.494603872299194,
              35.92018741198875
            ]
          ],
          [
            [
              14.493525624275208,
              35.92035249496641
            ],
            [
              14.493493437767029,
              35.920152657633764
            ],
            [
              14.49346125125885,
              35.920096181774326
            ],
            [
              14.493348598480225,
              35.920000607151124
            ]
          ],
          [
            [
              14.49148714542389,
              35.921043233162095
            ],
            [
              14.491379857063293,
              35.92107364288111
            ]
          ],
          [
            [
              14.491680264472961,
              35.92119528164032
            ],
            [
              14.491809010505676,
              35.92107798712574
            ]
          ],
          [
            [
              14.491792917251587,
              35.92149937771988
            ],
            [
              14.491857290267944,
              35.921451591270525
            ]
          ],
          [
            [
              14.492012858390808,
              35.922059780289345
            ],
            [
              14.492023587226868,
              35.922007649985304
            ],
            [
              14.492125511169434,
              35.921903389274064
            ],
            [
              14.492050409317017,
              35.921838226259766
            ],
            [
              14.492050409317017,
              35.921803472630174
            ],
            [
              14.49220061302185,
              35.92182519365046
            ],
            [
              14.49245810508728,
              35.92191207767192
            ],
            [
              14.492763876914978,
              35.92210756637124
            ],
            [
              14.492860436439514,
              35.92212494312113
            ],
            [
              14.492940902709961,
              35.92210322218317
            ],
            [
              14.493037462234497,
              35.92205543609866
            ],
            [
              14.493080377578735,
              35.9219685522347
            ],
            [
              14.493064284324646,
              35.921859947270505
            ],
            [
              14.49294626712799,
              35.92177306319179
            ],
            [
              14.492855072021484,
              35.92176871898532
            ],
            [
              14.492855072021484,
              35.92158191788258
            ],
            [
              14.492908716201782,
              35.92154281992153
            ]
          ],
          [
            [
              14.49245810508728,
              35.92191207767192
            ],
            [
              14.492554664611816,
              35.92175568636456
            ]
          ],
          [
            [
              14.493128657341003,
              35.923341306125465
            ],
            [
              14.493176937103271,
              35.923410812017806
            ]
          ],
          [
            [
              14.493037462234497,
              35.923258767798984
            ],
            [
              14.493096470832825,
              35.923306553156394
            ]
          ],
          [
            [
              14.492860436439514,
              35.9234238443658
            ],
            [
              14.49297308921814,
              35.92344556494105
            ],
            [
              14.493032097816467,
              35.92336737084226
            ],
            [
              14.493091106414795,
              35.92332827376386
            ],
            [
              14.493101835250854,
              35.92334565024552
            ],
            [
              14.493042826652527,
              35.92338909143301
            ],
            [
              14.492999911308289,
              35.92345425316948
            ],
            [
              14.493101835250854,
              35.923497694297296
            ],
            [
              14.493337869644165,
              35.92349335018558
            ],
            [
              14.493541717529297,
              35.923471629623464
            ],
            [
              14.49371874332428,
              35.92352375896252
            ],
            [
              14.49397087097168,
              35.92349335018558
            ],
            [
              14.494426846504211,
              35.92339343555044
            ],
            [
              14.494619965553284,
              35.92325442367415
            ],
            [
              14.494770169258118,
              35.92321967066691
            ],
            [
              14.49495792388916,
              35.92314582047578
            ],
            [
              14.495118856430054,
              35.92304156126505
            ],
            [
              14.49522614479065,
              35.92285910731549
            ],
            [
              14.495269060134888,
              35.92262452304759
            ],
            [
              14.495177865028381,
              35.92248550981972
            ],
            [
              14.495124220848083,
              35.922420347285055
            ],
            [
              14.495252966880798,
              35.922281333698294
            ],
            [
              14.4951993227005,
              35.92182953785381
            ],
            [
              14.49522614479065,
              35.921746997949555
            ],
            [
              14.4951993227005,
              35.92170355586006
            ]
          ],
          [
            [
              14.502296447753906,
              35.90937807145065
            ],
            [
              14.499630331993103,
              35.90966483347731
            ],
            [
              14.499399662017822,
              35.909703937309516
            ],
            [
              14.49895441532135,
              35.90975607572237
            ],
            [
              14.498852491378784,
              35.909786489780686
            ],
            [
              14.498015642166138,
              35.91008628487273
            ],
            [
              14.497994184494019,
              35.91009497456861
            ],
            [
              14.49796736240387,
              35.91015580241299
            ],
            [
              14.497919082641602,
              35.91022531989218
            ]
          ],
          [
            [
              14.481005072593689,
              35.906571224623576
            ],
            [
              14.481005072593689,
              35.90658425974608
            ],
            [
              14.481090903282166,
              35.906636400214595
            ],
            [
              14.481278657913208,
              35.9066798505788
            ],
            [
              14.481439590454102,
              35.90668854064876
            ],
            [
              14.48148787021637,
              35.90671895588618
            ]
          ]
        ]
      },
      "properties": {
        "subclass": "footway",
        "class": "path",
        "source_layer": "transportation",
        "source_tile": "https://tiles.openfreemap.org/planet/20261004_113936_pt/14/8851/6438.pbf"
      }
    },
    {
      "type": "Feature",
      "id": "transportation:325945610-0",
      "geometry": {
        "type": "MultiLineString",
        "coordinates": [
          [
            [
              14.490435719490051,
              35.92431438305893
            ],
            [
              14.490612745285034,
              35.924197093170335
            ]
          ],
          [
            [
              14.489260911941528,
              35.9180717127973
            ],
            [
              14.489604234695435,
              35.91867992780642
            ]
          ],
          [
            [
              14.486192464828491,
              35.90950841795524
            ],
            [
              14.486696720123291,
              35.9096126950043
            ]
          ],
          [
            [
              14.486439228057861,
              35.90966048860588
            ],
            [
              14.486691355705261,
              35.90971697191594
            ]
          ],
          [
            [
              14.501631259918213,
              35.91592120080006
            ],
            [
              14.501239657402039,
              35.91605588104525
            ]
          ],
          [
            [
              14.501164555549622,
              35.91621228362287
            ],
            [
              14.501314759254456,
              35.91588210004076
            ],
            [
              14.501631259918213,
              35.915777831254815
            ],
            [
              14.501609802246094,
              35.91562577236229
            ],
            [
              14.501298666000366,
              35.91573438588678
            ]
          ],
          [
            [
              14.498509168624878,
              35.91790228064045
            ],
            [
              14.49871301651001,
              35.91801089103916
            ],
            [
              14.49869155883789,
              35.918141223320745
            ],
            [
              14.498509168624878,
              35.91790228064045
            ]
          ],
          [
            [
              14.492291808128357,
              35.92382784608887
            ],
            [
              14.492661952972412,
              35.924010297803434
            ]
          ],
          [
            [
              14.49219524860382,
              35.923901695643096
            ],
            [
              14.492656588554382,
              35.92411021165921
            ]
          ],
          [
            [
              14.492651224136353,
              35.92422750167668
            ],
            [
              14.492383003234863,
              35.92409283534553
            ],
            [
              14.492141604423523,
              35.923988577383284
            ]
          ],
          [
            [
              14.492635130882263,
              35.92384956655316
            ],
            [
              14.492415189743042,
              35.92374096417208
            ]
          ]
        ]
      },
      "properties": {
        "surface": "paved",
        "class": "service",
        "service": "parking_aisle",
        "source_layer": "transportation",
        "source_tile": "https://tiles.openfreemap.org/planet/20261004_113936_pt/14/8851/6438.pbf"
      }
    },
    {
      "type": "Feature",
      "id": "transportation:422844800-0",
      "geometry": {
        "type": "MultiLineString",
        "coordinates": [
          [
            [
              14.486943483352661,
              35.92344990905538
            ],
            [
              14.487002491950989,
              35.92337171496088
            ],
            [
              14.487034678459167,
              35.92335868260426
            ],
            [
              14.48721706867218,
              35.92335868260426
            ]
          ],
          [
            [
              14.488257765769958,
              35.92452289798692
            ],
            [
              14.488161206245422,
              35.9245446182603
            ]
          ],
          [
            [
              14.488874673843384,
              35.92480960511514
            ],
            [
              14.488772749900818,
              35.92492255006208
            ]
          ],
          [
            [
              14.488627910614014,
              35.924305694924996
            ],
            [
              14.488847851753235,
              35.92450986582
            ]
          ],
          [
            [
              14.48897123336792,
              35.92410586758115
            ],
            [
              14.488767385482788,
              35.92421012538877
            ],
            [
              14.488627910614014,
              35.924305694924996
            ],
            [
              14.48848843574524,
              35.92438823215879
            ],
            [
              14.488322138786316,
              35.92447076930645
            ]
          ],
          [
            [
              14.490821957588196,
              35.92021782203685
            ],
            [
              14.490768313407898,
              35.91983552343899
            ],
            [
              14.490773677825928,
              35.919700849629166
            ]
          ],
          [
            [
              14.488939046859741,
              35.91814556772644
            ],
            [
              14.488783478736877,
              35.91820638938103
            ]
          ],
          [
            [
              14.488027095794678,
              35.917611204036504
            ],
            [
              14.488064646720886,
              35.91758079298623
            ],
            [
              14.488112926483154,
              35.917611204036504
            ],
            [
              14.488129019737244,
              35.91759817073067
            ],
            [
              14.488091468811035,
              35.91757210411258
            ],
            [
              14.488118290901184,
              35.91755038192427
            ]
          ],
          [
            [
              14.485575556755066,
              35.91655549930657
            ],
            [
              14.485548734664917,
              35.91677706813418
            ]
          ],
          [
            [
              14.482367634773254,
              35.91804130192406
            ],
            [
              14.48246419429779,
              35.917528659729996
            ]
          ],
          [
            [
              14.48072612285614,
              35.918110812474254
            ],
            [
              14.48047399520874,
              35.91806302397757
            ]
          ],
          [
            [
              14.485183954238892,
              35.91084228484341
            ],
            [
              14.485124945640564,
              35.91095959453625
            ]
          ],
          [
            [
              14.487769603729248,
              35.91104649049289
            ],
            [
              14.487689137458801,
              35.91104214569735
            ],
            [
              14.48769986629486,
              35.91098566333328
            ]
          ],
          [
            [
              14.488611817359924,
              35.91131586735199
            ],
            [
              14.488622546195984,
              35.91094656013453
            ]
          ],
          [
            [
              14.4862300157547,
              35.91304072646898
            ],
            [
              14.48622465133667,
              35.91310155204863
            ]
          ],
          [
            [
              14.493278861045837,
              35.91493933143799
            ],
            [
              14.492855072021484,
              35.914891541025284
            ]
          ],
          [
            [
              14.494603872299194,
              35.914848095170484
            ],
            [
              14.494577050209045,
              35.91475685879776
            ],
            [
              14.494614601135254,
              35.91474382502162
            ]
          ],
          [
            [
              14.495569467544556,
              35.915013189291756
            ],
            [
              14.495671391487122,
              35.91521738417569
            ],
            [
              14.495741128921509,
              35.91519566134073
            ],
            [
              14.495751857757568,
              35.91523041787379
            ]
          ],
          [
            [
              14.494759440422058,
              35.91421378297328
            ],
            [
              14.494668245315552,
              35.91424853993772
            ],
            [
              14.494400024414062,
              35.91429633073888
            ]
          ],
          [
            [
              14.494936466217041,
              35.912706184944994
            ],
            [
              14.495000839233398,
              35.91275832137944
            ],
            [
              14.494866728782654,
              35.91288866231527
            ]
          ],
          [
            [
              14.49596107006073,
              35.91171558616237
            ],
            [
              14.49598252773285,
              35.91169820712567
            ],
            [
              14.495993256568909,
              35.911706896644475
            ],
            [
              14.49597179889679,
              35.91172427567932
            ],
            [
              14.496003985404968,
              35.9117416547103
            ]
          ],
          [
            [
              14.4972163438797,
              35.91494367601953
            ],
            [
              14.497253894805908,
              35.9147090682748
            ]
          ],
          [
            [
              14.497897624969482,
              35.91527820808177
            ],
            [
              14.497854709625244,
              35.915286897207395
            ],
            [
              14.497822523117065,
              35.915308620017285
            ],
            [
              14.497811794281006,
              35.915347721060044
            ],
            [
              14.497854709625244,
              35.915443301305416
            ],
            [
              14.497881531715393,
              35.91546936862504
            ],
            [
              14.497902989387512,
              35.91547805772964
            ],
            [
              14.49796736240387,
              35.91546067951944
            ]
          ],
          [
            [
              14.499608874320984,
              35.91769374825688
            ],
            [
              14.499635696411133,
              35.91775022583171
            ],
            [
              14.499539136886597,
              35.91779367009259
            ]
          ],
          [
            [
              14.501502513885498,
              35.91690740244873
            ],
            [
              14.501298666000366,
              35.916981258465
            ]
          ],
          [
            [
              14.498096108436584,
              35.917585137422705
            ],
            [
              14.4982248544693,
              35.917524315290436
            ]
          ],
          [
            [
              14.499040246009827,
              35.917763259112476
            ],
            [
              14.498997330665588,
              35.917767603538934
            ]
          ],
          [
            [
              14.498654007911682,
              35.91763727064172
            ],
            [
              14.49871838092804,
              35.91768940382637
            ]
          ],
          [
            [
              14.498562812805176,
              35.91726799293339
            ],
            [
              14.498509168624878,
              35.91727233738703
            ],
            [
              14.4984769821167,
              35.917263648479505
            ],
            [
              14.49846088886261,
              35.917254959571025
            ],
            [
              14.49845016002655,
              35.91722454838377
            ],
            [
              14.49845552444458,
              35.91720717055725
            ],
            [
              14.4984769821167,
              35.917185448268725
            ],
            [
              14.49844479560852,
              35.917163725974234
            ],
            [
              14.498428702354431,
              35.917133314751936
            ],
            [
              14.498434066772461,
              35.91711593690535
            ],
            [
              14.49845552444458,
              35.917089870128336
            ],
            [
              14.498509168624878,
              35.91707683673661
            ]
          ],
          [
            [
              14.483279585838318,
              35.906571224623576
            ],
            [
              14.483156204223633,
              35.90664943532637
            ]
          ],
          [
            [
              14.48071002960205,
              35.906610329984645
            ],
            [
              14.48072612285614,
              35.9066798505788
            ]
          ]
        ]
      },
      "properties": {
        "subclass": "steps",
        "surface": "paved",
        "class": "path",
        "source_layer": "transportation",
        "source_tile": "https://tiles.openfreemap.org/planet/20261004_113936_pt/14/8851/6438.pbf"
      }
    },
    {
      "type": "Feature",
      "id": "transportation:1726474530-0",
      "geometry": {
        "type": "MultiLineString",
        "coordinates": [
          [
            [
              14.500772953033447,
              35.90850039939579
            ],
            [
              14.500901699066162,
              35.9081658386735
            ],
            [
              14.50096607208252,
              35.907970315518526
            ]
          ],
          [
            [
              14.49747383594513,
              35.91507835792899
            ],
            [
              14.497527480125427,
              35.915147871082894
            ],
            [
              14.497570395469666,
              35.915173938499834
            ],
            [
              14.497666954994202,
              35.9152695189552
            ],
            [
              14.49771523475647,
              35.915482402281626
            ],
            [
              14.497731328010559,
              35.915738730424664
            ],
            [
              14.497833251953125,
              35.916003746783986
            ],
            [
              14.497849345207214,
              35.91613842688865
            ],
            [
              14.497747421264648,
              35.91657287727628
            ],
            [
              14.497768878936768,
              35.916811823972395
            ],
            [
              14.497892260551453,
              35.91679444605519
            ]
          ],
          [
            [
              14.49869155883789,
              35.918141223320745
            ],
            [
              14.498745203018188,
              35.918175978559574
            ],
            [
              14.499480128288269,
              35.918015235452
            ],
            [
              14.499871730804443,
              35.917819736637696
            ],
            [
              14.50020968914032,
              35.917611204036504
            ],
            [
              14.500494003295898,
              35.91737660420304
            ],
            [
              14.501293301582336,
              35.91702470314824
            ],
            [
              14.501588344573975,
              35.916924780341105
            ],
            [
              14.502296447753906,
              35.9167640346909
            ]
          ],
          [
            [
              14.49795663356781,
              35.91731143745915
            ],
            [
              14.497988820075989,
              35.917446115337356
            ],
            [
              14.498139023780823,
              35.91763727064172
            ],
            [
              14.498299956321716,
              35.91787621412257
            ],
            [
              14.49843943119049,
              35.9180499907462
            ]
          ]
        ]
      },
      "properties": {
        "subclass": "footway",
        "surface": "paved",
        "class": "path",
        "foot": "yes",
        "source_layer": "transportation",
        "source_tile": "https://tiles.openfreemap.org/planet/20261004_113936_pt/14/8851/6438.pbf"
      }
    },
    {
      "type": "Feature",
      "id": "transportation:175216252-0",
      "geometry": {
        "type": "LineString",
        "coordinates": [
          [
            14.500070214271545,
            35.91523041787379
          ],
          [
            14.501631259918213,
            35.91482637223413
          ]
        ]
      },
      "properties": {
        "surface": "paved",
        "class": "minor",
        "oneway": 1,
        "source_layer": "transportation",
        "source_tile": "https://tiles.openfreemap.org/planet/20261004_113936_pt/14/8851/6438.pbf"
      }
    },
    {
      "type": "Feature",
      "id": "transportation:227788002-0",
      "geometry": {
        "type": "LineString",
        "coordinates": [
          [
            14.502022862434387,
            35.91335354323752
          ],
          [
            14.50222134590149,
            35.91467865610879
          ],
          [
            14.502296447753906,
            35.91543026764241
          ]
        ]
      },
      "properties": {
        "surface": "paved",
        "class": "minor",
        "oneway": 1,
        "source_layer": "transportation",
        "source_tile": "https://tiles.openfreemap.org/planet/20261004_113936_pt/14/8851/6438.pbf"
      }
    },
    {
      "type": "Feature",
      "id": "transportation:227788142-0",
      "geometry": {
        "type": "LineString",
        "coordinates": [
          [
            14.500177502632141,
            35.915039256753104
          ],
          [
            14.497286081314087,
            35.91403130865946
          ]
        ]
      },
      "properties": {
        "surface": "paved",
        "class": "minor",
        "oneway": 1,
        "source_layer": "transportation",
        "source_tile": "https://tiles.openfreemap.org/planet/20261004_113936_pt/14/8851/6438.pbf"
      }
    },
    {
      "type": "Feature",
      "id": "transportation:227788152-0",
      "geometry": {
        "type": "LineString",
        "coordinates": [
          [
            14.499496221542358,
            35.914800304702666
          ],
          [
            14.500284790992737,
            35.91339698991311
          ],
          [
            14.500504732131958,
            35.91304072646898
          ],
          [
            14.500654935836792,
            35.912732253166524
          ]
        ]
      },
      "properties": {
        "surface": "paved",
        "class": "minor",
        "oneway": 1,
        "source_layer": "transportation",
        "source_tile": "https://tiles.openfreemap.org/planet/20261004_113936_pt/14/8851/6438.pbf"
      }
    },
    {
      "type": "Feature",
      "id": "transportation:227788452-0",
      "geometry": {
        "type": "LineString",
        "coordinates": [
          [
            14.497801065444946,
            35.913748907106
          ],
          [
            14.498755931854248,
            35.914044342552984
          ],
          [
            14.500397443771362,
            35.91463086553861
          ]
        ]
      },
      "properties": {
        "surface": "paved",
        "class": "minor",
        "oneway": 1,
        "source_layer": "transportation",
        "source_tile": "https://tiles.openfreemap.org/planet/20261004_113936_pt/14/8851/6438.pbf"
      }
    },
    {
      "type": "Feature",
      "id": "transportation:227788482-0",
      "geometry": {
        "type": "LineString",
        "coordinates": [
          [
            14.5014488697052,
            35.91681616845109
          ],
          [
            14.50144350528717,
            35.916785757095155
          ],
          [
            14.501164555549622,
            35.91621228362287
          ],
          [
            14.500890970230103,
            35.91554322598395
          ],
          [
            14.500526189804077,
            35.91476120338932
          ],
          [
            14.500483274459839,
            35.914691689895676
          ]
        ]
      },
      "properties": {
        "surface": "paved",
        "class": "minor",
        "oneway": 1,
        "source_layer": "transportation",
        "source_tile": "https://tiles.openfreemap.org/planet/20261004_113936_pt/14/8851/6438.pbf"
      }
    },
    {
      "type": "Feature",
      "id": "transportation:227788522-0",
      "geometry": {
        "type": "LineString",
        "coordinates": [
          [
            14.49970543384552,
            35.91583431019758
          ],
          [
            14.499528408050537,
            35.91535206561916
          ]
        ]
      },
      "properties": {
        "surface": "paved",
        "class": "minor",
        "oneway": 1,
        "source_layer": "transportation",
        "source_tile": "https://tiles.openfreemap.org/planet/20261004_113936_pt/14/8851/6438.pbf"
      }
    },
    {
      "type": "Feature",
      "id": "transportation:227789012-0",
      "geometry": {
        "type": "LineString",
        "coordinates": [
          [
            14.498632550239563,
            35.915039256753104
          ],
          [
            14.499431848526001,
            35.914848095170484
          ],
          [
            14.499496221542358,
            35.914800304702666
          ]
        ]
      },
      "properties": {
        "surface": "paved",
        "class": "minor",
        "oneway": 1,
        "source_layer": "transportation",
        "source_tile": "https://tiles.openfreemap.org/planet/20261004_113936_pt/14/8851/6438.pbf"
      }
    },
    {
      "type": "Feature",
      "id": "transportation:228872202-0",
      "geometry": {
        "type": "LineString",
        "coordinates": [
          [
            14.502296447753906,
            35.91588210004076
          ],
          [
            14.501743912696838,
            35.91601678035252
          ]
        ]
      },
      "properties": {
        "surface": "paved",
        "class": "minor",
        "oneway": 1,
        "source_layer": "transportation",
        "source_tile": "https://tiles.openfreemap.org/planet/20261004_113936_pt/14/8851/6438.pbf"
      }
    },
    {
      "type": "Feature",
      "id": "transportation:228875262-0",
      "geometry": {
        "type": "LineString",
        "coordinates": [
          [
            14.498369693756104,
            35.91617752752123
          ],
          [
            14.49970543384552,
            35.91583431019758
          ]
        ]
      },
      "properties": {
        "surface": "paved",
        "class": "minor",
        "oneway": 1,
        "source_layer": "transportation",
        "source_tile": "https://tiles.openfreemap.org/planet/20261004_113936_pt/14/8851/6438.pbf"
      }
    },
    {
      "type": "Feature",
      "id": "transportation:228875292-0",
      "geometry": {
        "type": "LineString",
        "coordinates": [
          [
            14.50121819972992,
            35.9132666498148
          ],
          [
            14.50120210647583,
            35.91339698991311
          ],
          [
            14.501271843910217,
            35.913488227854174
          ],
          [
            14.501293301582336,
            35.91374021781144
          ],
          [
            14.50121819972992,
            35.9140877888492
          ],
          [
            14.500976800918579,
            35.914370189192965
          ],
          [
            14.500483274459839,
            35.914691689895676
          ]
        ]
      },
      "properties": {
        "surface": "paved",
        "class": "minor",
        "oneway": 1,
        "source_layer": "transportation",
        "source_tile": "https://tiles.openfreemap.org/planet/20261004_113936_pt/14/8851/6438.pbf"
      }
    },
    {
      "type": "Feature",
      "id": "transportation:228875322-0",
      "geometry": {
        "type": "LineString",
        "coordinates": [
          [
            14.501631259918213,
            35.91482637223413
          ],
          [
            14.501647353172302,
            35.91490457477708
          ],
          [
            14.501743912696838,
            35.91601678035252
          ]
        ]
      },
      "properties": {
        "surface": "paved",
        "class": "minor",
        "oneway": 1,
        "source_layer": "transportation",
        "source_tile": "https://tiles.openfreemap.org/planet/20261004_113936_pt/14/8851/6438.pbf"
      }
    },
    {
      "type": "Feature",
      "id": "transportation:1486205242-0",
      "geometry": {
        "type": "LineString",
        "coordinates": [
          [
            14.500644207000732,
            35.91420509372976
          ],
          [
            14.499979019165039,
            35.91393138207118
          ],
          [
            14.499002695083618,
            35.913579465690034
          ],
          [
            14.497913718223572,
            35.91321016903882
          ],
          [
            14.49745237827301,
            35.91304072646898
          ],
          [
            14.496867656707764,
            35.912845215360534
          ],
          [
            14.496411681175232,
            35.912706184944994
          ]
        ]
      },
      "properties": {
        "surface": "paved",
        "class": "minor",
        "oneway": 1,
        "source_layer": "transportation",
        "source_tile": "https://tiles.openfreemap.org/planet/20261004_113936_pt/14/8851/6438.pbf"
      }
    },
    {
      "type": "Feature",
      "id": "transportation:1486205312-0",
      "geometry": {
        "type": "LineString",
        "coordinates": [
          [
            14.500070214271545,
            35.91523041787379
          ],
          [
            14.499528408050537,
            35.91535206561916
          ]
        ]
      },
      "properties": {
        "surface": "paved",
        "class": "minor",
        "oneway": 1,
        "source_layer": "transportation",
        "source_tile": "https://tiles.openfreemap.org/planet/20261004_113936_pt/14/8851/6438.pbf"
      }
    },
    {
      "type": "Feature",
      "id": "transportation:4520100422-0",
      "geometry": {
        "type": "LineString",
        "coordinates": [
          [
            14.501631259918213,
            35.91482637223413
          ],
          [
            14.502296447753906,
            35.91466127772297
          ]
        ]
      },
      "properties": {
        "surface": "paved",
        "class": "minor",
        "oneway": 1,
        "source_layer": "transportation",
        "source_tile": "https://tiles.openfreemap.org/planet/20261004_113936_pt/14/8851/6438.pbf"
      }
    },
    {
      "type": "Feature",
      "id": "transportation:4758470982-0",
      "geometry": {
        "type": "LineString",
        "coordinates": [
          [
            14.499490857124329,
            35.912606256682935
          ],
          [
            14.499362111091614,
            35.91289300700943
          ],
          [
            14.498165845870972,
            35.91516524936182
          ]
        ]
      },
      "properties": {
        "surface": "paved",
        "class": "minor",
        "oneway": 1,
        "source_layer": "transportation",
        "source_tile": "https://tiles.openfreemap.org/planet/20261004_113936_pt/14/8851/6438.pbf"
      }
    },
    {
      "type": "Feature",
      "id": "transportation:4758471052-0",
      "geometry": {
        "type": "LineString",
        "coordinates": [
          [
            14.49970543384552,
            35.91583431019758
          ],
          [
            14.499785900115967,
            35.915986368689275
          ],
          [
            14.500359892845154,
            35.9172202039275
          ]
        ]
      },
      "properties": {
        "surface": "paved",
        "class": "minor",
        "oneway": 1,
        "source_layer": "transportation",
        "source_tile": "https://tiles.openfreemap.org/planet/20261004_113936_pt/14/8851/6438.pbf"
      }
    },
    {
      "type": "Feature",
      "id": "transportation:4758471062-0",
      "geometry": {
        "type": "LineString",
        "coordinates": [
          [
            14.49970543384552,
            35.91583431019758
          ],
          [
            14.500890970230103,
            35.91554322598395
          ]
        ]
      },
      "properties": {
        "surface": "paved",
        "class": "minor",
        "oneway": 1,
        "source_layer": "transportation",
        "source_tile": "https://tiles.openfreemap.org/planet/20261004_113936_pt/14/8851/6438.pbf"
      }
    },
    {
      "type": "Feature",
      "id": "transportation:8240900812-0",
      "geometry": {
        "type": "LineString",
        "coordinates": [
          [
            14.500644207000732,
            35.91420509372976
          ],
          [
            14.500976800918579,
            35.914370189192965
          ],
          [
            14.501631259918213,
            35.91482637223413
          ]
        ]
      },
      "properties": {
        "surface": "paved",
        "class": "minor",
        "oneway": 1,
        "source_layer": "transportation",
        "source_tile": "https://tiles.openfreemap.org/planet/20261004_113936_pt/14/8851/6438.pbf"
      }
    },
    {
      "type": "Feature",
      "id": "transportation:12643282832-0",
      "geometry": {
        "type": "LineString",
        "coordinates": [
          [
            14.499528408050537,
            35.91535206561916
          ],
          [
            14.498798847198486,
            35.91553019233737
          ]
        ]
      },
      "properties": {
        "surface": "paved",
        "class": "minor",
        "oneway": 1,
        "source_layer": "transportation",
        "source_tile": "https://tiles.openfreemap.org/planet/20261004_113936_pt/14/8851/6438.pbf"
      }
    },
    {
      "type": "Feature",
      "id": "transportation:13033560482-0",
      "geometry": {
        "type": "LineString",
        "coordinates": [
          [
            14.500483274459839,
            35.914691689895676
          ],
          [
            14.500397443771362,
            35.91463086553861
          ]
        ]
      },
      "properties": {
        "surface": "paved",
        "class": "minor",
        "oneway": 1,
        "source_layer": "transportation",
        "source_tile": "https://tiles.openfreemap.org/planet/20261004_113936_pt/14/8851/6438.pbf"
      }
    },
    {
      "type": "Feature",
      "id": "transportation:13498533952-0",
      "geometry": {
        "type": "LineString",
        "coordinates": [
          [
            14.499533772468567,
            35.91755907080031
          ],
          [
            14.49921727180481,
            35.9167901015753
          ]
        ]
      },
      "properties": {
        "surface": "paved",
        "class": "minor",
        "oneway": 1,
        "source_layer": "transportation",
        "source_tile": "https://tiles.openfreemap.org/planet/20261004_113936_pt/14/8851/6438.pbf"
      }
    },
    {
      "type": "Feature",
      "id": "transportation:13758771662-0",
      "geometry": {
        "type": "LineString",
        "coordinates": [
          [
            14.501743912696838,
            35.91601678035252
          ],
          [
            14.500070214271545,
            35.91659025524214
          ],
          [
            14.499281644821167,
            35.91678141261478
          ],
          [
            14.49921727180481,
            35.9167901015753
          ]
        ]
      },
      "properties": {
        "surface": "paved",
        "class": "minor",
        "oneway": 1,
        "source_layer": "transportation",
        "source_tile": "https://tiles.openfreemap.org/planet/20261004_113936_pt/14/8851/6438.pbf"
      }
    },
    {
      "type": "Feature",
      "id": "transportation:152210960-0",
      "geometry": {
        "type": "MultiLineString",
        "coordinates": [
          [
            [
              14.479637145996094,
              35.92027864209794
            ],
            [
              14.479798078536987,
              35.919974541324734
            ],
            [
              14.480189681053162,
              35.919188218190854
            ]
          ],
          [
            [
              14.480334520339966,
              35.91890149068327
            ],
            [
              14.480296969413757,
              35.91862779527459
            ],
            [
              14.480350613594055,
              35.918354098918854
            ],
            [
              14.48047399520874,
              35.91806302397757
            ],
            [
              14.48050081729889,
              35.91787621412257
            ],
            [
              14.480393528938293,
              35.91748521532354
            ],
            [
              14.480366706848145,
              35.9171897927269
            ],
            [
              14.480066299438477,
              35.91673362331494
            ],
            [
              14.479637145996094,
              35.91638606390201
            ]
          ],
          [
            [
              14.481954574584961,
              35.90779217177894
            ],
            [
              14.482035040855408,
              35.907944245728046
            ],
            [
              14.482190608978271,
              35.90831356695904
            ],
            [
              14.482356905937195,
              35.90875240523957
            ],
            [
              14.482592940330505,
              35.909265104306314
            ],
            [
              14.482764601707458,
              35.909725661652374
            ],
            [
              14.482866525650024,
              35.909903801038965
            ]
          ],
          [
            [
              14.494276642799377,
              35.91333616456062
            ],
            [
              14.494099617004395,
              35.91345347055571
            ]
          ],
          [
            [
              14.49593961238861,
              35.911793791780354
            ],
            [
              14.495762586593628,
              35.91196758176581
            ],
            [
              14.495381712913513,
              35.91231081586554
            ]
          ],
          [
            [
              14.49321985244751,
              35.91188068682082
            ],
            [
              14.493434429168701,
              35.911963237020814
            ],
            [
              14.493606090545654,
              35.91205447661537
            ]
          ],
          [
            [
              14.494668245315552,
              35.90981255896422
            ],
            [
              14.494770169258118,
              35.90987773188549
            ],
            [
              14.495826959609985,
              35.90991249075486
            ],
            [
              14.497511386871338,
              35.91015580241299
            ],
            [
              14.497634768486023,
              35.91019490600256
            ]
          ],
          [
            [
              14.501733183860779,
              35.9121326818984
            ],
            [
              14.501749277114868,
              35.912332539492624
            ],
            [
              14.501819014549255,
              35.912393365616765
            ],
            [
              14.501904845237732,
              35.912406399780124
            ],
            [
              14.502296447753906,
              35.91231081586554
            ]
          ],
          [
            [
              14.501679539680481,
              35.91257584370855
            ],
            [
              14.50147569179535,
              35.91286259414527
            ],
            [
              14.50095534324646,
              35.91367070342065
            ],
            [
              14.500397443771362,
              35.91463086553861
            ],
            [
              14.500070214271545,
              35.91523041787379
            ],
            [
              14.49970543384552,
              35.91583431019758
            ],
            [
              14.499555230140686,
              35.91603415844058
            ],
            [
              14.499008059501648,
              35.91692043586836
            ]
          ],
          [
            [
              14.480693936347961,
              35.906571224623576
            ],
            [
              14.48071002960205,
              35.906610329984645
            ],
            [
              14.481128454208374,
              35.906697230717796
            ],
            [
              14.481300115585327,
              35.906792821414044
            ],
            [
              14.481412768363953,
              35.90689275701848
            ],
            [
              14.48149859905243,
              35.90707524779657
            ]
          ]
        ]
      },
      "properties": {
        "surface": "paved",
        "class": "tertiary",
        "source_layer": "transportation",
        "source_tile": "https://tiles.openfreemap.org/planet/20261004_113936_pt/14/8851/6438.pbf"
      }
    },
    {
      "type": "Feature",
      "id": "transportation:148692200-0",
      "geometry": {
        "type": "MultiLineString",
        "coordinates": [
          [
            [
              14.488928318023682,
              35.92227264534101
            ],
            [
              14.489395022392273,
              35.92218576171567
            ],
            [
              14.490113854408264,
              35.92214231986719
            ],
            [
              14.49048399925232,
              35.921612327394485
            ],
            [
              14.490602016448975,
              35.921421181696815
            ],
            [
              14.490628838539124,
              35.92132126444372
            ],
            [
              14.490580558776855,
              35.92040028207984
            ],
            [
              14.490312337875366,
              35.92003101727103
            ],
            [
              14.490253329277039,
              35.9199050324124
            ],
            [
              14.489915370941162,
              35.919262072077515
            ]
          ],
          [
            [
              14.487560391426086,
              35.922290022054625
            ],
            [
              14.488370418548584,
              35.922290022054625
            ],
            [
              14.488617181777954,
              35.922311742941275
            ]
          ],
          [
            [
              14.487415552139282,
              35.922268301162006
            ],
            [
              14.487361907958984,
              35.9222509244436
            ],
            [
              14.487335085868835,
              35.92225526862359
            ],
            [
              14.487297534942627,
              35.92227698951977
            ],
            [
              14.487276077270508,
              35.922324775470415
            ],
            [
              14.487281441688538,
              35.92235084052221
            ],
            [
              14.487318992614746,
              35.92238559391126
            ],
            [
              14.487378001213074,
              35.922389938083825
            ],
            [
              14.487404823303223,
              35.92238559391126
            ],
            [
              14.487426280975342,
              35.92236821721866
            ],
            [
              14.487447738647461,
              35.92232911964629
            ],
            [
              14.487437009811401,
              35.92228567787659
            ],
            [
              14.487415552139282,
              35.922268301162006
            ]
          ],
          [
            [
              14.48971688747406,
              35.91863213965357
            ],
            [
              14.4894540309906,
              35.91816728975131
            ],
            [
              14.489164352416992,
              35.917589481858926
            ],
            [
              14.489008784294128,
              35.917320126361446
            ],
            [
              14.488627910614014,
              35.91695519164361
            ],
            [
              14.488493800163269,
              35.916785757095155
            ],
            [
              14.48822557926178,
              35.91653812133305
            ],
            [
              14.488161206245422,
              35.91652943234487
            ],
            [
              14.487764239311218,
              35.91629048479574
            ],
            [
              14.487544298171997,
              35.916181872034784
            ],
            [
              14.487259984016418,
              35.91607760364397
            ],
            [
              14.487056136131287,
              35.91601678035252
            ],
            [
              14.486863017082214,
              35.91597333511572
            ],
            [
              14.486594796180725,
              35.915929889855036
            ],
            [
              14.486342668533325,
              35.9159038226872
            ],
            [
              14.48595106601715,
              35.91589947815838
            ],
            [
              14.485639929771423,
              35.91592554532768
            ],
            [
              14.485339522361755,
              35.91596899059071
            ]
          ],
          [
            [
              14.488021731376648,
              35.91126807475037
            ],
            [
              14.488611817359924,
              35.91131586735199
            ],
            [
              14.488815665245056,
              35.91129848822746
            ],
            [
              14.489164352416992,
              35.91132021213252
            ],
            [
              14.489518404006958,
              35.9113593151466
            ],
            [
              14.490376710891724,
              35.911472279300924
            ],
            [
              14.491256475448608,
              35.91162000141318
            ],
            [
              14.491653442382812,
              35.9116113118848
            ],
            [
              14.492345452308655,
              35.91168951760585
            ]
          ],
          [
            [
              14.49447512626648,
              35.90873937047425
            ],
            [
              14.49447512626648,
              35.90902613481566
            ],
            [
              14.494378566741943,
              35.90929986344483
            ],
            [
              14.494373202323914,
              35.90939545099698
            ],
            [
              14.494668245315552,
              35.90981255896422
            ],
            [
              14.494571685791016,
              35.909990698155156
            ],
            [
              14.494383931159973,
              35.910273113123694
            ],
            [
              14.494104981422424,
              35.91065545793644
            ],
            [
              14.493826031684875,
              35.91089442250613
            ],
            [
              14.49323058128357,
              35.9112115925476
            ],
            [
              14.493091106414795,
              35.91127241953353
            ],
            [
              14.49295163154602,
              35.91135497036822
            ]
          ],
          [
            [
              14.498659372329712,
              35.917320126361446
            ],
            [
              14.498503804206848,
              35.91659894422365
            ],
            [
              14.49820339679718,
              35.91568659595437
            ],
            [
              14.498080015182495,
              35.91539116664043
            ],
            [
              14.497988820075989,
              35.91521738417569
            ],
            [
              14.497865438461304,
              35.91500884471404
            ],
            [
              14.497811794281006,
              35.914934986856224
            ],
            [
              14.49770987033844,
              35.91484375058367
            ],
            [
              14.497618675231934,
              35.91479596011324
            ],
            [
              14.497318267822266,
              35.91466996691638
            ],
            [
              14.49720025062561,
              35.91463521013709
            ],
            [
              14.497092962265015,
              35.91461783174174
            ],
            [
              14.496921300888062,
              35.91460479794269
            ],
            [
              14.496808648109436,
              35.9146091425426
            ],
            [
              14.49669063091278,
              35.91463521013709
            ],
            [
              14.496164917945862,
              35.91479596011324
            ],
            [
              14.495521187782288,
              35.91497408808365
            ],
            [
              14.495129585266113,
              35.91510442536887
            ],
            [
              14.495038390159607,
              35.91512180365734
            ],
            [
              14.49495255947113,
              35.91512614822885
            ],
            [
              14.494893550872803,
              35.91510008079615
            ],
            [
              14.494571685791016,
              35.91454831812209
            ],
            [
              14.494400024414062,
              35.91429633073888
            ],
            [
              14.494314193725586,
              35.914252884557186
            ],
            [
              14.494142532348633,
              35.91421378297328
            ],
            [
              14.49397087097168,
              35.91422681683672
            ],
            [
              14.493836760520935,
              35.91426157379543
            ],
            [
              14.493675827980042,
              35.914322398436425
            ],
            [
              14.493321776390076,
              35.91485678434336
            ],
            [
              14.493278861045837,
              35.91493933143799
            ],
            [
              14.49320375919342,
              35.91552150323848
            ],
            [
              14.49322521686554,
              35.91560839418453
            ],
            [
              14.493289589881897,
              35.915695285035156
            ],
            [
              14.493573904037476,
              35.9159125117441
            ],
            [
              14.49369728565216,
              35.916060225565474
            ],
            [
              14.493767023086548,
              35.916207939111004
            ],
            [
              14.493788480758667,
              35.91629048479574
            ],
            [
              14.493756294250488,
              35.9165641882919
            ],
            [
              14.493665099143982,
              35.91675534572754
            ],
            [
              14.493525624275208,
              35.916963880585016
            ],
            [
              14.493085741996765,
              35.9174157042236
            ],
            [
              14.492109417915344,
              35.91832368815422
            ],
            [
              14.491637349128723,
              35.91866255029963
            ],
            [
              14.491181373596191,
              35.91891452377435
            ],
            [
              14.49096143245697,
              35.919010099709936
            ],
            [
              14.490821957588196,
              35.91904051021069
            ],
            [
              14.49070930480957,
              35.9190318214974
            ],
            [
              14.490596652030945,
              35.91900575535175
            ],
            [
              14.49046790599823,
              35.91896231175659
            ],
            [
              14.490376710891724,
              35.918940589950054
            ]
          ],
          [
            [
              14.502296447753906,
              35.91657287727628
            ],
            [
              14.5014488697052,
              35.91681616845109
            ],
            [
              14.500992894172668,
              35.91695953611443
            ],
            [
              14.499533772468567,
              35.91755907080031
            ]
          ]
        ]
      },
      "properties": {
        "surface": "paved",
        "class": "secondary",
        "source_layer": "transportation",
        "source_tile": "https://tiles.openfreemap.org/planet/20261004_113936_pt/14/8851/6438.pbf"
      }
    },
    {
      "type": "Feature",
      "id": "transportation_name:175216250-0",
      "geometry": {
        "type": "LineString",
        "coordinates": [
          [
            14.502639770507812,
            35.91457873033819
          ],
          [
            14.501631259918213,
            35.91482637223413
          ],
          [
            14.500070214271545,
            35.91523041787379
          ],
          [
            14.499528408050537,
            35.91535206561916
          ],
          [
            14.498798847198486,
            35.91553019233737
          ],
          [
            14.49820339679718,
            35.91568659595437
          ]
        ]
      },
      "properties": {
        "name_int": "Triq Ġużè Howard",
        "name:mt": "Triq Ġużè Howard",
        "name_de": "Triq Ġużè Howard",
        "name": "Triq Ġużè Howard",
        "class": "minor",
        "name:latin": "Triq Ġużè Howard",
        "name_en": "Triq Ġużè Howard",
        "source_layer": "transportation_name",
        "source_tile": "https://tiles.openfreemap.org/planet/20261004_113936_pt/14/8851/6438.pbf"
      }
    },
    {
      "type": "Feature",
      "id": "transportation_name:227787952-0",
      "geometry": {
        "type": "LineString",
        "coordinates": [
          [
            14.502639770507812,
            35.91429198612177
          ],
          [
            14.502478837966919,
            35.91381842142806
          ],
          [
            14.502344727516174,
            35.91337526657831
          ]
        ]
      },
      "properties": {
        "name": "Triq Sir Luigi Camilleri",
        "name_int": "Triq Sir Luigi Camilleri",
        "class": "minor",
        "name:latin": "Triq Sir Luigi Camilleri",
        "name_de": "Triq Sir Luigi Camilleri",
        "name_en": "Triq Sir Luigi Camilleri",
        "source_layer": "transportation_name",
        "source_tile": "https://tiles.openfreemap.org/planet/20261004_113936_pt/14/8851/6438.pbf"
      }
    },
    {
      "type": "Feature",
      "id": "transportation_name:227788002-0",
      "geometry": {
        "type": "LineString",
        "coordinates": [
          [
            14.502022862434387,
            35.91335354323752
          ],
          [
            14.50222134590149,
            35.91467865610879
          ],
          [
            14.502344727516174,
            35.91587341098051
          ],
          [
            14.50243592262268,
            35.91653377683909
          ]
        ]
      },
      "properties": {
        "name": "Triq Sir Arturo Mercieca",
        "name_int": "Triq Sir Arturo Mercieca",
        "class": "minor",
        "name:latin": "Triq Sir Arturo Mercieca",
        "name_de": "Triq Sir Arturo Mercieca",
        "name_en": "Triq Sir Arturo Mercieca",
        "source_layer": "transportation_name",
        "source_tile": "https://tiles.openfreemap.org/planet/20261004_113936_pt/14/8851/6438.pbf"
      }
    },
    {
      "type": "Feature",
      "id": "transportation_name:227788030-0",
      "geometry": {
        "type": "LineString",
        "coordinates": [
          [
            14.49994146823883,
            35.91175034422436
          ],
          [
            14.499490857124329,
            35.912606256682935
          ],
          [
            14.499362111091614,
            35.91289300700943
          ],
          [
            14.498165845870972,
            35.91516524936182
          ],
          [
            14.497988820075989,
            35.91521738417569
          ]
        ]
      },
      "properties": {
        "name": "Triq Nicolò Isouard",
        "name_int": "Triq Nicolò Isouard",
        "class": "minor",
        "name:latin": "Triq Nicolò Isouard",
        "name_de": "Triq Nicolò Isouard",
        "name_en": "Triq Nicolò Isouard",
        "source_layer": "transportation_name",
        "source_tile": "https://tiles.openfreemap.org/planet/20261004_113936_pt/14/8851/6438.pbf"
      }
    },
    {
      "type": "Feature",
      "id": "transportation_name:227788140-0",
      "geometry": {
        "type": "MultiLineString",
        "coordinates": [
          [
            [
              14.479293823242188,
              35.91037304433263
            ],
            [
              14.479685425758362,
              35.91045994093348
            ],
            [
              14.479776620864868,
              35.91049035472125
            ],
            [
              14.480355978012085,
              35.91062938903063
            ],
            [
              14.481037259101868,
              35.91094656013453
            ],
            [
              14.481391310691833,
              35.91108993843544
            ]
          ],
          [
            [
              14.500177502632141,
              35.915039256753104
            ],
            [
              14.497286081314087,
              35.91403130865946
            ]
          ]
        ]
      },
      "properties": {
        "name": "Triq Santa Margerita",
        "name_int": "Triq Santa Margerita",
        "class": "minor",
        "name:latin": "Triq Santa Margerita",
        "name_de": "Triq Santa Margerita",
        "name_en": "Triq Santa Margerita",
        "source_layer": "transportation_name",
        "source_tile": "https://tiles.openfreemap.org/planet/20261004_113936_pt/14/8851/6438.pbf"
      }
    },
    {
      "type": "Feature",
      "id": "transportation_name:227788152-0",
      "geometry": {
        "type": "LineString",
        "coordinates": [
          [
            14.499496221542358,
            35.914800304702666
          ],
          [
            14.500284790992737,
            35.91339698991311
          ],
          [
            14.500504732131958,
            35.91304072646898
          ],
          [
            14.500654935836792,
            35.912732253166524
          ]
        ]
      },
      "properties": {
        "name_int": "Triq Melita",
        "name:mt": "Triq Melita",
        "name_de": "Triq Melita",
        "name": "Triq Melita",
        "class": "minor",
        "name:latin": "Triq Melita",
        "name_en": "Triq Melita",
        "source_layer": "transportation_name",
        "source_tile": "https://tiles.openfreemap.org/planet/20261004_113936_pt/14/8851/6438.pbf"
      }
    },
    {
      "type": "Feature",
      "id": "transportation_name:227788452-0",
      "geometry": {
        "type": "LineString",
        "coordinates": [
          [
            14.497801065444946,
            35.913748907106
          ],
          [
            14.498755931854248,
            35.914044342552984
          ],
          [
            14.500397443771362,
            35.91463086553861
          ]
        ]
      },
      "properties": {
        "name": "Triq Norfolk",
        "name_int": "Triq Norfolk",
        "class": "minor",
        "name:latin": "Triq Norfolk",
        "name_de": "Triq Norfolk",
        "name_en": "Triq Norfolk",
        "source_layer": "transportation_name",
        "source_tile": "https://tiles.openfreemap.org/planet/20261004_113936_pt/14/8851/6438.pbf"
      }
    },
    {
      "type": "Feature",
      "id": "transportation_name:227788480-0",
      "geometry": {
        "type": "LineString",
        "coordinates": [
          [
            14.5014488697052,
            35.91681616845109
          ],
          [
            14.50144350528717,
            35.916785757095155
          ],
          [
            14.501164555549622,
            35.91621228362287
          ],
          [
            14.500890970230103,
            35.91554322598395
          ],
          [
            14.500526189804077,
            35.91476120338932
          ],
          [
            14.500483274459839,
            35.914691689895676
          ],
          [
            14.500397443771362,
            35.91463086553861
          ]
        ]
      },
      "properties": {
        "name_int": "Saint John Bosco Street",
        "name:mt": "Triq San Ġwann Bosco",
        "name_de": "Triq San Ġwann Bosco",
        "name": "Triq San Ġwann Bosco",
        "name:en": "Saint John Bosco Street",
        "class": "minor",
        "name:latin": "Triq San Ġwann Bosco",
        "name_en": "Saint John Bosco Street",
        "source_layer": "transportation_name",
        "source_tile": "https://tiles.openfreemap.org/planet/20261004_113936_pt/14/8851/6438.pbf"
      }
    },
    {
      "type": "Feature",
      "id": "transportation_name:227788520-0",
      "geometry": {
        "type": "LineString",
        "coordinates": [
          [
            14.500359892845154,
            35.9172202039275
          ],
          [
            14.499785900115967,
            35.915986368689275
          ],
          [
            14.49970543384552,
            35.91583431019758
          ],
          [
            14.499528408050537,
            35.91535206561916
          ]
        ]
      },
      "properties": {
        "name_int": "Triq Creche",
        "name:mt": "Triq Creche",
        "name_de": "Triq Creche",
        "name": "Triq Creche",
        "class": "minor",
        "name:latin": "Triq Creche",
        "name_en": "Triq Creche",
        "source_layer": "transportation_name",
        "source_tile": "https://tiles.openfreemap.org/planet/20261004_113936_pt/14/8851/6438.pbf"
      }
    },
    {
      "type": "Feature",
      "id": "transportation_name:227788580-0",
      "geometry": {
        "type": "MultiLineString",
        "coordinates": [
          [
            [
              14.498632550239563,
              35.915039256753104
            ],
            [
              14.49918508529663,
              35.91662066667324
            ]
          ],
          [
            [
              14.499533772468567,
              35.91755907080031
            ],
            [
              14.49921727180481,
              35.9167901015753
            ]
          ]
        ]
      },
      "properties": {
        "name_int": "Triq Sir George Borg",
        "name:mt": "Triq Sir George Borg",
        "name_de": "Triq Sir George Borg",
        "name": "Triq Sir George Borg",
        "class": "minor",
        "name:latin": "Triq Sir George Borg",
        "name_en": "Triq Sir George Borg",
        "source_layer": "transportation_name",
        "source_tile": "https://tiles.openfreemap.org/planet/20261004_113936_pt/14/8851/6438.pbf"
      }
    },
    {
      "type": "Feature",
      "id": "transportation_name:227789010-0",
      "geometry": {
        "type": "LineString",
        "coordinates": [
          [
            14.498165845870972,
            35.91516524936182
          ],
          [
            14.498632550239563,
            35.915039256753104
          ],
          [
            14.499431848526001,
            35.914848095170484
          ],
          [
            14.499496221542358,
            35.914800304702666
          ]
        ]
      },
      "properties": {
        "name": "Triq Dun Karm Psaila",
        "name_int": "Triq Dun Karm Psaila",
        "class": "minor",
        "name:latin": "Triq Dun Karm Psaila",
        "name_de": "Triq Dun Karm Psaila",
        "name_en": "Triq Dun Karm Psaila",
        "source_layer": "transportation_name",
        "source_tile": "https://tiles.openfreemap.org/planet/20261004_113936_pt/14/8851/6438.pbf"
      }
    },
    {
      "type": "Feature",
      "id": "transportation_name:228872130-0",
      "geometry": {
        "type": "MultiLineString",
        "coordinates": [
          [
            [
              14.500890970230103,
              35.91036869950008
            ],
            [
              14.500976800918579,
              35.91089442250613
            ],
            [
              14.500810503959656,
              35.91091180171941
            ],
            [
              14.500633478164673,
              35.910933525730655
            ],
            [
              14.500542283058167,
              35.91039911332291
            ]
          ],
          [
            [
              14.501019716262817,
              35.912154405574384
            ],
            [
              14.500810503959656,
              35.91091180171941
            ]
          ],
          [
            [
              14.49145495891571,
              35.921225691300904
            ],
            [
              14.491422772407532,
              35.92119528164032
            ],
            [
              14.491288661956787,
              35.92076520090308
            ],
            [
              14.49123501777649,
              35.92066093855395
            ],
            [
              14.491047263145447,
              35.920161346223935
            ]
          ],
          [
            [
              14.492168426513672,
              35.92339777966764
            ],
            [
              14.492028951644897,
              35.92295467848443
            ],
            [
              14.491857290267944,
              35.92251157481856
            ],
            [
              14.491744637489319,
              35.922164040794414
            ],
            [
              14.491750001907349,
              35.92212494312113
            ],
            [
              14.491605162620544,
              35.92176871898532
            ],
            [
              14.491530060768127,
              35.92150806616212
            ],
            [
              14.491599798202515,
              35.92137339520022
            ]
          ]
        ]
      },
      "properties": {
        "name_int": "Church Street",
        "name:mt": "Triq il-Knisja",
        "name_de": "Triq il-Knisja",
        "name": "Triq il-Knisja",
        "name:en": "Church Street",
        "class": "minor",
        "name:latin": "Triq il-Knisja",
        "name_en": "Church Street",
        "source_layer": "transportation_name",
        "source_tile": "https://tiles.openfreemap.org/planet/20261004_113936_pt/14/8851/6438.pbf"
      }
    },
    {
      "type": "Feature",
      "id": "transportation_name:228872200-0",
      "geometry": {
        "type": "MultiLineString",
        "coordinates": [
          [
            [
              14.499008059501648,
              35.91692043586836
            ],
            [
              14.498594999313354,
              35.91703339208202
            ]
          ],
          [
            [
              14.502639770507812,
              35.915777831254815
            ],
            [
              14.502344727516174,
              35.91587341098051
            ],
            [
              14.501743912696838,
              35.91601678035252
            ],
            [
              14.500070214271545,
              35.91659025524214
            ],
            [
              14.499281644821167,
              35.91678141261478
            ],
            [
              14.49921727180481,
              35.9167901015753
            ],
            [
              14.499109983444214,
              35.91674665676321
            ]
          ]
        ]
      },
      "properties": {
        "name_int": "Triq Windsor",
        "name:mt": "Triq Windsor",
        "name_de": "Triq Windsor",
        "name": "Triq Windsor",
        "class": "minor",
        "name:latin": "Triq Windsor",
        "name_en": "Triq Windsor",
        "source_layer": "transportation_name",
        "source_tile": "https://tiles.openfreemap.org/planet/20261004_113936_pt/14/8851/6438.pbf"
      }
    },
    {
      "type": "Feature",
      "id": "transportation_name:228875260-0",
      "geometry": {
        "type": "LineString",
        "coordinates": [
          [
            14.498369693756104,
            35.91617752752123
          ],
          [
            14.499523043632507,
            35.91587775551075
          ],
          [
            14.500890970230103,
            35.91554322598395
          ]
        ]
      },
      "properties": {
        "name": "Triq Karm Galea",
        "name_int": "Triq Karm Galea",
        "class": "minor",
        "name:latin": "Triq Karm Galea",
        "name_de": "Triq Karm Galea",
        "name_en": "Triq Karm Galea",
        "source_layer": "transportation_name",
        "source_tile": "https://tiles.openfreemap.org/planet/20261004_113936_pt/14/8851/6438.pbf"
      }
    },
    {
      "type": "Feature",
      "id": "transportation_name:228875292-0",
      "geometry": {
        "type": "LineString",
        "coordinates": [
          [
            14.50121819972992,
            35.9132666498148
          ],
          [
            14.50120210647583,
            35.91339698991311
          ],
          [
            14.501271843910217,
            35.913488227854174
          ],
          [
            14.501293301582336,
            35.91374021781144
          ],
          [
            14.50121819972992,
            35.9140877888492
          ],
          [
            14.500976800918579,
            35.914370189192965
          ],
          [
            14.500483274459839,
            35.914691689895676
          ]
        ]
      },
      "properties": {
        "name_int": "Triq Nathalie Poutiatin Tabone",
        "name:mt": "Triq Nathalie Poutiatin Tabone",
        "name_de": "Triq Nathalie Poutiatin Tabone",
        "name": "Triq Nathalie Poutiatin Tabone",
        "class": "minor",
        "name:latin": "Triq Nathalie Poutiatin Tabone",
        "name_en": "Triq Nathalie Poutiatin Tabone",
        "source_layer": "transportation_name",
        "source_tile": "https://tiles.openfreemap.org/planet/20261004_113936_pt/14/8851/6438.pbf"
      }
    },
    {
      "type": "Feature",
      "id": "transportation_name:228875322-0",
      "geometry": {
        "type": "LineString",
        "coordinates": [
          [
            14.501631259918213,
            35.91482637223413
          ],
          [
            14.501647353172302,
            35.91490457477708
          ],
          [
            14.501743912696838,
            35.91601678035252
          ]
        ]
      },
      "properties": {
        "name_int": "Triq Don Mikiel Rua",
        "name:mt": "Triq Don Mikiel Rua",
        "name_de": "Triq Don Mikiel Rua",
        "name": "Triq Don Mikiel Rua",
        "class": "minor",
        "name:latin": "Triq Don Mikiel Rua",
        "name_en": "Triq Don Mikiel Rua",
        "source_layer": "transportation_name",
        "source_tile": "https://tiles.openfreemap.org/planet/20261004_113936_pt/14/8851/6438.pbf"
      }
    },
    {
      "type": "Feature",
      "id": "transportation_name:1486205240-0",
      "geometry": {
        "type": "LineString",
        "coordinates": [
          [
            14.501631259918213,
            35.91482637223413
          ],
          [
            14.500976800918579,
            35.914370189192965
          ],
          [
            14.500644207000732,
            35.91420509372976
          ],
          [
            14.499979019165039,
            35.91393138207118
          ],
          [
            14.499002695083618,
            35.913579465690034
          ],
          [
            14.497913718223572,
            35.91321016903882
          ],
          [
            14.49745237827301,
            35.91304072646898
          ],
          [
            14.496867656707764,
            35.912845215360534
          ],
          [
            14.496411681175232,
            35.912706184944994
          ],
          [
            14.495381712913513,
            35.91231081586554
          ]
        ]
      },
      "properties": {
        "name_int": "Triq il-Monsinjur Ġużeppi De Piro",
        "name:mt": "Triq il-Monsinjur Ġużeppi De Piro",
        "name_de": "Triq il-Monsinjur Ġużeppi De Piro",
        "name": "Triq il-Monsinjur Ġużeppi De Piro",
        "class": "minor",
        "name:latin": "Triq il-Monsinjur Ġużeppi De Piro",
        "name_en": "Triq il-Monsinjur Ġużeppi De Piro",
        "source_layer": "transportation_name",
        "source_tile": "https://tiles.openfreemap.org/planet/20261004_113936_pt/14/8851/6438.pbf"
      }
    },
    {
      "type": "Feature",
      "id": "transportation_name:152211360-0",
      "geometry": {
        "type": "MultiLineString",
        "coordinates": [
          [
            [
              14.498766660690308,
              35.917459148668215
            ],
            [
              14.498739838600159,
              35.91735053751192
            ],
            [
              14.498761296272278,
              35.91730709300765
            ],
            [
              14.498906135559082,
              35.91711593690535
            ],
            [
              14.499008059501648,
              35.91692043586836
            ],
            [
              14.499555230140686,
              35.91603415844058
            ],
            [
              14.49970543384552,
              35.91583431019758
            ],
            [
              14.500070214271545,
              35.91523041787379
            ],
            [
              14.500397443771362,
              35.91463086553861
            ],
            [
              14.50095534324646,
              35.91367070342065
            ],
            [
              14.50147569179535,
              35.91286259414527
            ],
            [
              14.501679539680481,
              35.91257584370855
            ]
          ],
          [
            [
              14.498659372329712,
              35.917320126361446
            ],
            [
              14.498761296272278,
              35.91730709300765
            ]
          ],
          [
            [
              14.498632550239563,
              35.917185448268725
            ],
            [
              14.49871838092804,
              35.917215859471
            ],
            [
              14.498809576034546,
              35.917194137184865
            ],
            [
              14.498906135559082,
              35.91711593690535
            ]
          ]
        ]
      },
      "properties": {
        "name_int": "Sir Adrian Dingli Street",
        "name:mt": "Triq Sir Adrian Dingli",
        "name_de": "Triq Sir Adrian Dingli",
        "name": "Triq Sir Adrian Dingli",
        "name:en": "Sir Adrian Dingli Street",
        "class": "tertiary",
        "name:latin": "Triq Sir Adrian Dingli",
        "name_en": "Sir Adrian Dingli Street",
        "source_layer": "transportation_name",
        "source_tile": "https://tiles.openfreemap.org/planet/20261004_113936_pt/14/8851/6438.pbf"
      }
    },
    {
      "type": "Feature",
      "id": "transportation_name:228872230-0",
      "geometry": {
        "type": "MultiLineString",
        "coordinates": [
          [
            [
              14.499533772468567,
              35.91755907080031
            ],
            [
              14.49919581413269,
              35.91762423734019
            ],
            [
              14.499013423919678,
              35.91762423734019
            ],
            [
              14.498900771141052,
              35.91757644854951
            ],
            [
              14.498766660690308,
              35.917459148668215
            ],
            [
              14.498659372329712,
              35.917320126361446
            ]
          ],
          [
            [
              14.498594999313354,
              35.91703339208202
            ],
            [
              14.498503804206848,
              35.91659894422365
            ],
            [
              14.49820339679718,
              35.91568659595437
            ],
            [
              14.498080015182495,
              35.91539116664043
            ],
            [
              14.497988820075989,
              35.91521738417569
            ],
            [
              14.497865438461304,
              35.91500884471404
            ],
            [
              14.497811794281006,
              35.914934986856224
            ],
            [
              14.49770987033844,
              35.91484375058367
            ],
            [
              14.497618675231934,
              35.91479596011324
            ],
            [
              14.497318267822266,
              35.91466996691638
            ],
            [
              14.49720025062561,
              35.91463521013709
            ],
            [
              14.497092962265015,
              35.91461783174174
            ],
            [
              14.496921300888062,
              35.91460479794269
            ],
            [
              14.496808648109436,
              35.9146091425426
            ],
            [
              14.49669063091278,
              35.91463521013709
            ],
            [
              14.496164917945862,
              35.91479596011324
            ],
            [
              14.495521187782288,
              35.91497408808365
            ]
          ],
          [
            [
              14.502639770507812,
              35.91647729839572
            ],
            [
              14.5014488697052,
              35.91681616845109
            ],
            [
              14.500992894172668,
              35.91695953611443
            ],
            [
              14.499533772468567,
              35.91755907080031
            ],
            [
              14.499265551567078,
              35.917632926208114
            ],
            [
              14.499083161354065,
              35.91767202610198
            ],
            [
              14.498991966247559,
              35.91767202610198
            ],
            [
              14.498916864395142,
              35.91765899280615
            ],
            [
              14.498847126960754,
              35.917632926208114
            ],
            [
              14.498782753944397,
              35.917589481858926
            ],
            [
              14.498734474182129,
              35.917528659729996
            ],
            [
              14.498664736747742,
              35.91737660420304
            ],
            [
              14.498659372329712,
              35.917320126361446
            ],
            [
              14.498632550239563,
              35.917185448268725
            ]
          ]
        ]
      },
      "properties": {
        "name_int": "Tower Road",
        "ref": "127",
        "name:mt": "Triq it-Torri",
        "name_de": "Triq it-Torri",
        "name": "Triq it-Torri",
        "ref_length": 3,
        "name:en": "Tower Road",
        "class": "secondary",
        "name:latin": "Triq it-Torri",
        "name_en": "Tower Road",
        "network": "road",
        "source_layer": "transportation_name",
        "source_tile": "https://tiles.openfreemap.org/planet/20261004_113936_pt/14/8851/6438.pbf"
      }
    },
    {
      "type": "Feature",
      "id": "poi:21524815351-0",
      "geometry": {
        "type": "Point",
        "coordinates": [
          14.499635696411133,
          35.91603850296198
        ]
      },
      "properties": {
        "name_int": "Tas-Sliema - Howard",
        "name_de": "Tas-Sliema - Howard",
        "name": "Tas-Sliema - Howard",
        "subclass": "bus_stop",
        "rank": 2,
        "class": "bus",
        "name:latin": "Tas-Sliema - Howard",
        "name_en": "Tas-Sliema - Howard",
        "source_layer": "poi",
        "source_tile": "https://tiles.openfreemap.org/planet/20261004_113936_pt/14/8851/6438.pbf"
      }
    },
    {
      "type": "Feature",
      "id": "poi:21524815341-0",
      "geometry": {
        "type": "Point",
        "coordinates": [
          14.499780535697937,
          35.91560839418453
        ]
      },
      "properties": {
        "name_int": "Tas-Sliema - Howard",
        "name_de": "Tas-Sliema - Howard",
        "name": "Tas-Sliema - Howard",
        "subclass": "bus_stop",
        "rank": 1,
        "class": "bus",
        "name:latin": "Tas-Sliema - Howard",
        "name_en": "Tas-Sliema - Howard",
        "source_layer": "poi",
        "source_tile": "https://tiles.openfreemap.org/planet/20261004_113936_pt/14/8851/6438.pbf"
      }
    },
    {
      "type": "Feature",
      "id": "poi:325945582-0",
      "geometry": {
        "type": "Point",
        "coordinates": [
          14.50118601322174,
          35.915438956751316
        ]
      },
      "properties": {
        "name_int": "St Patrick's Salesian School",
        "name_de": "St Patrick's Salesian School",
        "name": "St Patrick's Salesian School",
        "subclass": "school",
        "rank": 8,
        "class": "school",
        "name:latin": "St Patrick's Salesian School",
        "name_en": "St Patrick's Salesian School",
        "source_layer": "poi",
        "source_tile": "https://tiles.openfreemap.org/planet/20261004_113936_pt/14/8851/6438.pbf"
      }
    },
    {
      "type": "Feature",
      "id": "poi:4520100442-0",
      "geometry": {
        "type": "Point",
        "coordinates": [
          14.501314759254456,
          35.91555191508046
        ]
      },
      "properties": {
        "name_int": "St Patrick's Salesian School",
        "name_de": "St Patrick's Salesian School",
        "name": "St Patrick's Salesian School",
        "subclass": "school",
        "rank": 10,
        "class": "school",
        "name:latin": "St Patrick's Salesian School",
        "name_en": "St Patrick's Salesian School",
        "source_layer": "poi",
        "source_tile": "https://tiles.openfreemap.org/planet/20261004_113936_pt/14/8851/6438.pbf"
      }
    },
    {
      "type": "Feature",
      "id": "poi:33361164951-0",
      "geometry": {
        "type": "Point",
        "coordinates": [
          14.499887824058533,
          35.915356410178035
        ]
      },
      "properties": {
        "name_int": "MaltaPost",
        "name_de": "MaltaPost",
        "name": "MaltaPost",
        "subclass": "post_office",
        "rank": 13,
        "class": "post",
        "name:latin": "MaltaPost",
        "name_en": "MaltaPost",
        "source_layer": "poi",
        "source_tile": "https://tiles.openfreemap.org/planet/20261004_113936_pt/14/8851/6438.pbf"
      }
    },
    {
      "type": "Feature",
      "id": "poi:140947562181-0",
      "geometry": {
        "type": "Point",
        "coordinates": [
          14.500054121017456,
          35.91546936862504
        ]
      },
      "properties": {
        "name_int": "Maypole Sliema",
        "name_de": "Maypole Sliema",
        "name": "Maypole Sliema",
        "subclass": "convenience",
        "rank": 21,
        "class": "shop",
        "name:latin": "Maypole Sliema",
        "name_en": "Maypole Sliema",
        "source_layer": "poi",
        "source_tile": "https://tiles.openfreemap.org/planet/20261004_113936_pt/14/8851/6438.pbf"
      }
    },
    {
      "type": "Feature",
      "id": "poi:45477084781-0",
      "geometry": {
        "type": "Point",
        "coordinates": [
          14.499796628952026,
          35.916155804949966
        ]
      },
      "properties": {
        "name_int": "Gerald's Fruit and Vegetables",
        "name_de": "Gerald's Fruit and Vegetables",
        "name": "Gerald's Fruit and Vegetables",
        "subclass": "supermarket",
        "rank": 12,
        "class": "grocery",
        "name:latin": "Gerald's Fruit and Vegetables",
        "name_en": "Gerald's Fruit and Vegetables",
        "source_layer": "poi",
        "source_tile": "https://tiles.openfreemap.org/planet/20261004_113936_pt/14/8851/6438.pbf"
      }
    },
    {
      "type": "Feature",
      "id": "poi:12097890112-0",
      "geometry": {
        "type": "Point",
        "coordinates": [
          14.500477910041809,
          35.915803898464176
        ]
      },
      "properties": {
        "name_int": "Sacrae Familiae Jesu",
        "name_de": "Sacrae Familiae Jesu",
        "name": "Sacrae Familiae Jesu",
        "subclass": "christian",
        "rank": 16,
        "class": "place_of_worship",
        "name:latin": "Sacrae Familiae Jesu",
        "name_en": "Sacrae Familiae Jesu",
        "source_layer": "poi",
        "source_tile": "https://tiles.openfreemap.org/planet/20261004_113936_pt/14/8851/6438.pbf"
      }
    },
    {
      "type": "Feature",
      "id": "poi:89689100431-0",
      "geometry": {
        "type": "Point",
        "coordinates": [
          14.499528408050537,
          35.916394752905944
        ]
      },
      "properties": {
        "name_int": "High Commission of Ghana",
        "name_de": "High Commission of Ghana",
        "name": "High Commission of Ghana",
        "subclass": "diplomatic",
        "name:fr": "Haut-commissariat du Ghana",
        "rank": 24,
        "name:en": "high commission of Ghana in Malta",
        "class": "office",
        "name:latin": "High Commission of Ghana",
        "name_en": "High Commission of Ghana",
        "source_layer": "poi",
        "source_tile": "https://tiles.openfreemap.org/planet/20261004_113936_pt/14/8851/6438.pbf"
      }
    },
    {
      "type": "Feature",
      "id": "poi:112080523811-0",
      "geometry": {
        "type": "Point",
        "coordinates": [
          14.50046181678772,
          35.91577348671909
        ]
      },
      "properties": {
        "name_int": "Church of the Holy Family of Jesus",
        "name_de": "Church of the Holy Family of Jesus",
        "name": "Church of the Holy Family of Jesus",
        "subclass": "christian",
        "rank": 25,
        "class": "place_of_worship",
        "name:latin": "Church of the Holy Family of Jesus",
        "name_en": "Church of the Holy Family of Jesus",
        "source_layer": "poi",
        "source_tile": "https://tiles.openfreemap.org/planet/20261004_113936_pt/14/8851/6438.pbf"
      }
    },
    {
      "type": "Feature",
      "id": "poi:16130768361-0",
      "geometry": {
        "type": "Point",
        "coordinates": [
          14.49972689151764,
          35.91521738417569
        ]
      },
      "properties": {
        "name_int": "Howard Hotel",
        "name_de": "Howard Hotel",
        "name": "Howard Hotel",
        "subclass": "hotel",
        "rank": 33,
        "class": "lodging",
        "name:latin": "Howard Hotel",
        "name_en": "Howard Hotel",
        "source_layer": "poi",
        "source_tile": "https://tiles.openfreemap.org/planet/20261004_113936_pt/14/8851/6438.pbf"
      }
    },
    {
      "type": "Feature",
      "id": "poi:16180762461-0",
      "geometry": {
        "type": "Point",
        "coordinates": [
          14.500531554222107,
          35.915147871082894
        ]
      },
      "properties": {
        "name_int": "Teatru Salesjan",
        "name_de": "Teatru Salesjan",
        "name": "Teatru Salesjan",
        "subclass": "theatre",
        "rank": 34,
        "class": "theatre",
        "name:latin": "Teatru Salesjan",
        "name_en": "Teatru Salesjan",
        "source_layer": "poi",
        "source_tile": "https://tiles.openfreemap.org/planet/20261004_113936_pt/14/8851/6438.pbf"
      }
    },
    {
      "type": "Feature",
      "id": "poi:19076561591-0",
      "geometry": {
        "type": "Point",
        "coordinates": [
          14.499517679214478,
          35.91479161552358
        ]
      },
      "properties": {
        "name_int": "Corner Hostel",
        "name_de": "Corner Hostel",
        "name": "Corner Hostel",
        "subclass": "hostel",
        "rank": 35,
        "name:en": "Corner Hostel Malta",
        "class": "lodging",
        "name:latin": "Corner Hostel",
        "name_en": "Corner Hostel",
        "source_layer": "poi",
        "source_tile": "https://tiles.openfreemap.org/planet/20261004_113936_pt/14/8851/6438.pbf"
      }
    },
    {
      "type": "Feature",
      "id": "poi:24480050391-0",
      "geometry": {
        "type": "Point",
        "coordinates": [
          14.501073360443115,
          35.91549543593604
        ]
      },
      "properties": {
        "name_int": "Saint Patrick's Salesian Church",
        "name:mt": "Il-Knisja ta' San Patrizju (Tas-Salesjani)",
        "name_de": "Il-Knisja ta' San Patrizju (Tas-Salesjani)",
        "name": "Il-Knisja ta' San Patrizju (Tas-Salesjani)",
        "subclass": "christian",
        "rank": 38,
        "name:en": "Saint Patrick's Salesian Church",
        "class": "place_of_worship",
        "name:latin": "Il-Knisja ta' San Patrizju (Tas-Salesjani)",
        "name_en": "Saint Patrick's Salesian Church",
        "source_layer": "poi",
        "source_tile": "https://tiles.openfreemap.org/planet/20261004_113936_pt/14/8851/6438.pbf"
      }
    },
    {
      "type": "Feature",
      "id": "poi:33361164941-0",
      "geometry": {
        "type": "Point",
        "coordinates": [
          14.499925374984741,
          35.91568659595437
        ]
      },
      "properties": {
        "name_int": "Meats and Eats Gourmet Butcher",
        "name_de": "Meats and Eats Gourmet Butcher",
        "name": "Meats and Eats Gourmet Butcher",
        "subclass": "butcher",
        "rank": 41,
        "class": "butcher",
        "name:latin": "Meats and Eats Gourmet Butcher",
        "name_en": "Meats and Eats Gourmet Butcher",
        "source_layer": "poi",
        "source_tile": "https://tiles.openfreemap.org/planet/20261004_113936_pt/14/8851/6438.pbf"
      }
    },
    {
      "type": "Feature",
      "id": "poi:100593638881-0",
      "geometry": {
        "type": "Point",
        "coordinates": [
          14.500901699066162,
          35.91566052870634
        ]
      },
      "properties": {
        "name_int": "Michel Demajo (1893–1973)",
        "name_de": "Michel Demajo (1893–1973)",
        "name": "Michel Demajo (1893–1973)",
        "subclass": "artwork",
        "rank": 49,
        "class": "art_gallery",
        "name:latin": "Michel Demajo (1893–1973)",
        "name_en": "Michel Demajo (1893–1973)",
        "source_layer": "poi",
        "source_tile": "https://tiles.openfreemap.org/planet/20261004_113936_pt/14/8851/6438.pbf"
      }
    },
    {
      "type": "Feature",
      "id": "poi:112080523801-0",
      "geometry": {
        "type": "Point",
        "coordinates": [
          14.50047254562378,
          35.91570397411496
        ]
      },
      "properties": {
        "name_int": "Monsinjur Isidor Formosa D. D.",
        "name_de": "Monsinjur Isidor Formosa D. D.",
        "name": "Monsinjur Isidor Formosa D. D.",
        "subclass": "artwork",
        "rank": 51,
        "class": "art_gallery",
        "name:latin": "Monsinjur Isidor Formosa D. D.",
        "name_en": "Monsinjur Isidor Formosa D. D.",
        "source_layer": "poi",
        "source_tile": "https://tiles.openfreemap.org/planet/20261004_113936_pt/14/8851/6438.pbf"
      }
    },
    {
      "type": "Feature",
      "id": "poi:16170056001-0",
      "geometry": {
        "type": "Point",
        "coordinates": [
          14.502087235450745,
          35.915986368689275
        ]
      },
      "properties": {
        "name_int": "Windsor Hotel",
        "name_de": "Windsor Hotel",
        "name": "Windsor Hotel",
        "subclass": "hotel",
        "rank": 2,
        "name:en": "The Windsor Hotel",
        "class": "lodging",
        "name:latin": "Windsor Hotel",
        "name_en": "Windsor Hotel",
        "source_layer": "poi",
        "source_tile": "https://tiles.openfreemap.org/planet/20261004_113936_pt/14/8851/6438.pbf"
      }
    },
    {
      "type": "Feature",
      "id": "poi:42449687911-0",
      "geometry": {
        "type": "Point",
        "coordinates": [
          14.502521753311157,
          35.91643385341182
        ]
      },
      "properties": {
        "name_int": "The Diplomat Hotel",
        "name_de": "The Diplomat Hotel",
        "name": "The Diplomat Hotel",
        "subclass": "hotel",
        "rank": 3,
        "name:en": "The Diplomat Hotel",
        "class": "lodging",
        "name:latin": "The Diplomat Hotel",
        "name_en": "The Diplomat Hotel",
        "source_layer": "poi",
        "source_tile": "https://tiles.openfreemap.org/planet/20261004_113936_pt/14/8851/6438.pbf"
      }
    },
    {
      "type": "Feature",
      "id": "poi:116980916641-0",
      "geometry": {
        "type": "Point",
        "coordinates": [
          14.499587416648865,
          35.91573438588678
        ]
      },
      "properties": {
        "subclass": "post_box",
        "class": "post",
        "rank": 55,
        "source_layer": "poi",
        "source_tile": "https://tiles.openfreemap.org/planet/20261004_113936_pt/14/8851/6438.pbf"
      }
    },
    {
      "type": "Feature",
      "id": "poi:3404531942-0",
      "geometry": {
        "type": "Point",
        "coordinates": [
          14.500810503959656,
          35.915916856272204
        ]
      },
      "properties": {
        "subclass": "soccer;basketball",
        "class": "pitch",
        "rank": 32,
        "source_layer": "poi",
        "source_tile": "https://tiles.openfreemap.org/planet/20261004_113936_pt/14/8851/6438.pbf"
      }
    },
    {
      "type": "Feature",
      "id": "poi:23130511781-0",
      "geometry": {
        "type": "Point",
        "coordinates": [
          14.499571323394775,
          35.91576914218312
        ]
      },
      "properties": {
        "subclass": "telephone",
        "class": "telephone",
        "rank": 40,
        "source_layer": "poi",
        "source_tile": "https://tiles.openfreemap.org/planet/20261004_113936_pt/14/8851/6438.pbf"
      }
    },
    {
      "type": "Feature",
      "id": "poi:51033803221-0",
      "geometry": {
        "type": "Point",
        "coordinates": [
          14.499807357788086,
          35.91684657979532
        ]
      },
      "properties": {
        "subclass": "bicycle_parking",
        "class": "bicycle_parking",
        "rank": 43,
        "source_layer": "poi",
        "source_tile": "https://tiles.openfreemap.org/planet/20261004_113936_pt/14/8851/6438.pbf"
      }
    },
    {
      "type": "Feature",
      "id": "poi:325945592-0",
      "geometry": {
        "type": "Point",
        "coordinates": [
          14.50143277645111,
          35.915747419499695
        ]
      },
      "properties": {
        "subclass": "parking",
        "class": "parking",
        "rank": 58,
        "source_layer": "poi",
        "source_tile": "https://tiles.openfreemap.org/planet/20261004_113936_pt/14/8851/6438.pbf"
      }
    },
    {
      "type": "Feature",
      "id": "poi:1481998192-0",
      "geometry": {
        "type": "Point",
        "coordinates": [
          14.501352310180664,
          35.91524779613458
        ]
      },
      "properties": {
        "subclass": "soccer",
        "class": "pitch",
        "rank": 60,
        "source_layer": "poi",
        "source_tile": "https://tiles.openfreemap.org/planet/20261004_113936_pt/14/8851/6438.pbf"
      }
    },
    {
      "type": "Feature",
      "id": "poi:13394252992-0",
      "geometry": {
        "type": "Point",
        "coordinates": [
          14.501089453697205,
          35.91471341286899
        ]
      },
      "properties": {
        "subclass": "garden",
        "class": "garden",
        "rank": 68,
        "source_layer": "poi",
        "source_tile": "https://tiles.openfreemap.org/planet/20261004_113936_pt/14/8851/6438.pbf"
      }
    },
    {
      "type": "Feature",
      "id": "poi:35151901171-0",
      "geometry": {
        "type": "Point",
        "coordinates": [
          14.49971616268158,
          35.91428764150443
        ]
      },
      "properties": {
        "subclass": "butcher",
        "class": "butcher",
        "rank": 79,
        "source_layer": "poi",
        "source_tile": "https://tiles.openfreemap.org/planet/20261004_113936_pt/14/8851/6438.pbf"
      }
    },
    {
      "type": "Feature",
      "id": "poi:37302287371-0",
      "geometry": {
        "type": "Point",
        "coordinates": [
          14.50046181678772,
          35.91480464929184
        ]
      },
      "properties": {
        "subclass": "pharmacy",
        "class": "pharmacy",
        "rank": 80,
        "source_layer": "poi",
        "source_tile": "https://tiles.openfreemap.org/planet/20261004_113936_pt/14/8851/6438.pbf"
      }
    },
    {
      "type": "Feature",
      "id": "poi:51263924231-0",
      "geometry": {
        "type": "Point",
        "coordinates": [
          14.50043499469757,
          35.91427460765101
        ]
      },
      "properties": {
        "subclass": "picnic_site",
        "class": "picnic_site",
        "rank": 84,
        "source_layer": "poi",
        "source_tile": "https://tiles.openfreemap.org/planet/20261004_113936_pt/14/8851/6438.pbf"
      }
    },
    {
      "type": "Feature",
      "id": "poi:139213635011-0",
      "geometry": {
        "type": "Point",
        "coordinates": [
          14.499533772468567,
          35.91539116664043
        ]
      },
      "properties": {
        "subclass": "bicycle_rental",
        "class": "bicycle_rental",
        "rank": 97,
        "source_layer": "poi",
        "source_tile": "https://tiles.openfreemap.org/planet/20261004_113936_pt/14/8851/6438.pbf"
      }
    },
    {
      "type": "Feature",
      "id": "poi:4520100392-0",
      "geometry": {
        "type": "Point",
        "coordinates": [
          14.502274990081787,
          35.91603850296198
        ]
      },
      "properties": {
        "subclass": "swimming_pool",
        "class": "swimming_pool",
        "rank": 6,
        "source_layer": "poi",
        "source_tile": "https://tiles.openfreemap.org/planet/20261004_113936_pt/14/8851/6438.pbf"
      }
    },
    {
      "type": "Feature",
      "id": "poi:4520100402-0",
      "geometry": {
        "type": "Point",
        "coordinates": [
          14.502516388893127,
          35.91630351831702
        ]
      },
      "properties": {
        "subclass": "swimming_pool",
        "class": "swimming_pool",
        "rank": 7,
        "source_layer": "poi",
        "source_tile": "https://tiles.openfreemap.org/planet/20261004_113936_pt/14/8851/6438.pbf"
      }
    },
    {
      "type": "Feature",
      "id": "poi:63666904871-0",
      "geometry": {
        "type": "Point",
        "coordinates": [
          14.50244128704071,
          35.91606891460519
        ]
      },
      "properties": {
        "subclass": "wine",
        "rank": 9,
        "name:ja": "ワインショップ",
        "class": "alcohol_shop",
        "source_layer": "poi",
        "source_tile": "https://tiles.openfreemap.org/planet/20261004_113936_pt/14/8851/6438.pbf"
      }
    },
    {
      "type": "Feature",
      "id": "poi:4632311272-0",
      "geometry": {
        "type": "Point",
        "coordinates": [
          14.502414464950562,
          35.914231161457394
        ]
      },
      "properties": {
        "subclass": "swimming_pool",
        "class": "swimming_pool",
        "rank": 79,
        "source_layer": "poi",
        "source_tile": "https://tiles.openfreemap.org/planet/20261004_113936_pt/14/8851/6438.pbf"
      }
    },
    {
      "type": "Feature",
      "id": "poi:4632311282-0",
      "geometry": {
        "type": "Point",
        "coordinates": [
          14.502645134925842,
          35.91413557974745
        ]
      },
      "properties": {
        "subclass": "swimming_pool",
        "class": "swimming_pool",
        "rank": 80,
        "source_layer": "poi",
        "source_tile": "https://tiles.openfreemap.org/planet/20261004_113936_pt/14/8851/6438.pbf"
      }
    },
    {
      "type": "Feature",
      "id": "poi:13397826742-0",
      "geometry": {
        "type": "Point",
        "coordinates": [
          14.502489566802979,
          35.91426157379543
        ]
      },
      "properties": {
        "subclass": "garden",
        "class": "garden",
        "rank": 105,
        "source_layer": "poi",
        "source_tile": "https://tiles.openfreemap.org/planet/20261004_113936_pt/14/8851/6438.pbf"
      }
    },
    {
      "type": "Feature",
      "id": "landuse:325945582-0",
      "geometry": {
        "type": "Polygon",
        "coordinates": [
          [
            [
              14.501175284385681,
              35.91596464606549
            ],
            [
              14.501282572746277,
              35.915929889855036
            ],
            [
              14.501116275787354,
              35.91556060417601
            ],
            [
              14.5014488697052,
              35.915443301305416
            ],
            [
              14.501400589942932,
              35.91533034282121
            ],
            [
              14.501110911369324,
              35.91541288942169
            ],
            [
              14.501089453697205,
              35.91536075473667
            ],
            [
              14.501057267189026,
              35.91536944385321
            ],
            [
              14.500992894172668,
              35.915226073308006
            ],
            [
              14.501094818115234,
              35.915200005908204
            ],
            [
              14.501078724861145,
              35.91516524936182
            ],
            [
              14.501271843910217,
              35.915113114513574
            ],
            [
              14.501282572746277,
              35.915130492800145
            ],
            [
              14.501631259918213,
              35.915056635055876
            ],
            [
              14.501604437828064,
              35.91491326394372
            ],
            [
              14.500789046287537,
              35.91512180365734
            ],
            [
              14.5009446144104,
              35.91543026764241
            ],
            [
              14.500923156738281,
              35.915438956751316
            ],
            [
              14.501030445098877,
              35.91566052870634
            ],
            [
              14.501051902770996,
              35.91565618416416
            ],
            [
              14.501175284385681,
              35.91596464606549
            ]
          ]
        ]
      },
      "properties": {
        "class": "school",
        "source_layer": "landuse",
        "source_tile": "https://tiles.openfreemap.org/planet/20261004_113936_pt/14/8851/6438.pbf"
      }
    },
    {
      "type": "Feature",
      "id": "landuse:1481998192-0",
      "geometry": {
        "type": "Polygon",
        "coordinates": [
          [
            [
              14.501180648803711,
              35.91539551119716
            ],
            [
              14.501588344573975,
              35.9152695189552
            ],
            [
              14.501529335975647,
              35.91510008079615
            ],
            [
              14.501110911369324,
              35.915221728741955
            ],
            [
              14.501180648803711,
              35.91539551119716
            ]
          ]
        ]
      },
      "properties": {
        "class": "pitch",
        "source_layer": "landuse",
        "source_tile": "https://tiles.openfreemap.org/planet/20261004_113936_pt/14/8851/6438.pbf"
      }
    },
    {
      "type": "Feature",
      "id": "landuse:3404531942-0",
      "geometry": {
        "type": "Polygon",
        "coordinates": [
          [
            [
              14.50070858001709,
              35.9160732591247
            ],
            [
              14.501003623008728,
              35.915986368689275
            ],
            [
              14.500880241394043,
              35.91570831865451
            ],
            [
              14.500601291656494,
              35.9157821757903
            ],
            [
              14.50070858001709,
              35.9160732591247
            ]
          ]
        ]
      },
      "properties": {
        "class": "pitch",
        "source_layer": "landuse",
        "source_tile": "https://tiles.openfreemap.org/planet/20261004_113936_pt/14/8851/6438.pbf"
      }
    },
    {
      "type": "Feature",
      "id": "landuse:4520100442-0",
      "geometry": {
        "type": "Polygon",
        "coordinates": [
          [
            [
              14.500789046287537,
              35.91512180365734
            ],
            [
              14.5009446144104,
              35.91543026764241
            ],
            [
              14.500923156738281,
              35.915438956751316
            ],
            [
              14.501030445098877,
              35.91566052870634
            ],
            [
              14.501035809516907,
              35.91580824299824
            ],
            [
              14.501175284385681,
              35.91612539334014
            ],
            [
              14.50120747089386,
              35.91606457008545
            ],
            [
              14.50121283531189,
              35.91615146043499
            ],
            [
              14.501668810844421,
              35.916003746783986
            ],
            [
              14.50168490409851,
              35.915986368689275
            ],
            [
              14.501647353172302,
              35.91538682208346
            ],
            [
              14.501631259918213,
              35.915056635055876
            ],
            [
              14.501604437828064,
              35.91491326394372
            ],
            [
              14.500789046287537,
              35.91512180365734
            ]
          ]
        ]
      },
      "properties": {
        "class": "school",
        "source_layer": "landuse",
        "source_tile": "https://tiles.openfreemap.org/planet/20261004_113936_pt/14/8851/6438.pbf"
      }
    },
    {
      "type": "Feature",
      "id": "landuse:19986560-116",
      "geometry": {
        "type": "Polygon",
        "coordinates": [
          [
            [
              14.496486783027649,
              35.91276701078186
            ],
            [
              14.49644386768341,
              35.91278004488366
            ],
            [
              14.496132731437683,
              35.91337526657831
            ],
            [
              14.496052265167236,
              35.91354470843163
            ],
            [
              14.495853781700134,
              35.91363594620235
            ],
            [
              14.495499730110168,
              35.913340509230196
            ],
            [
              14.49547290802002,
              35.91335354323752
            ],
            [
              14.495333433151245,
              35.91324927111877
            ],
            [
              14.495317339897156,
              35.9131797562966
            ],
            [
              14.494813084602356,
              35.91292341986188
            ],
            [
              14.494571685791016,
              35.91314065418227
            ],
            [
              14.49422836303711,
              35.91342305790701
            ],
            [
              14.494110345840454,
              35.91354905308977
            ],
            [
              14.494507312774658,
              35.91424419531798
            ],
            [
              14.495011568069458,
              35.915091391649995
            ],
            [
              14.495413899421692,
              35.9149306422742
            ],
            [
              14.495419263839722,
              35.91494802060083
            ],
            [
              14.495741128921509,
              35.914848095170484
            ],
            [
              14.496132731437683,
              35.91477423716256
            ],
            [
              14.496261477470398,
              35.91473079124336
            ],
            [
              14.496347308158875,
              35.91471341286899
            ],
            [
              14.496851563453674,
              35.914557007327886
            ],
            [
              14.497023224830627,
              35.914526595103425
            ],
            [
              14.497168064117432,
              35.914591764141505
            ],
            [
              14.497827887535095,
              35.91483071682188
            ],
            [
              14.498122930526733,
              35.915147871082894
            ],
            [
              14.49943721294403,
              35.91481333846947
            ],
            [
              14.4999361038208,
              35.9139531052533
            ],
            [
              14.49894905090332,
              35.913596844313474
            ],
            [
              14.497355818748474,
              35.9130754839488
            ],
            [
              14.496851563453674,
              35.91288866231527
            ],
            [
              14.496486783027649,
              35.91276701078186
            ]
          ]
        ]
      },
      "properties": {
        "class": "residential",
        "source_layer": "landuse",
        "source_tile": "https://tiles.openfreemap.org/planet/20261004_113936_pt/14/8851/6438.pbf"
      }
    },
    {
      "type": "Feature",
      "id": "landuse:19986560-117",
      "geometry": {
        "type": "Polygon",
        "coordinates": [
          [
            [
              14.498578906059265,
              35.914448392186856
            ],
            [
              14.49946939945221,
              35.91475685879776
            ],
            [
              14.499662518501282,
              35.91442666914074
            ],
            [
              14.498766660690308,
              35.91410951198836
            ],
            [
              14.498578906059265,
              35.914448392186856
            ]
          ]
        ]
      },
      "properties": {
        "class": "residential",
        "source_layer": "landuse",
        "source_tile": "https://tiles.openfreemap.org/planet/20261004_113936_pt/14/8851/6438.pbf"
      }
    },
    {
      "type": "Feature",
      "id": "landuse:19986560-123",
      "geometry": {
        "type": "Polygon",
        "coordinates": [
          [
            [
              14.498831033706665,
              35.91547805772964
            ],
            [
              14.500000476837158,
              35.91519566134073
            ],
            [
              14.500091671943665,
              35.91504794590496
            ],
            [
              14.499565958976746,
              35.91485678434336
            ],
            [
              14.498680830001831,
              35.91507401335487
            ],
            [
              14.498831033706665,
              35.91547805772964
            ]
          ]
        ]
      },
      "properties": {
        "class": "residential",
        "source_layer": "landuse",
        "source_tile": "https://tiles.openfreemap.org/planet/20261004_113936_pt/14/8851/6438.pbf"
      }
    },
    {
      "type": "Feature",
      "id": "landuse:19986560-125",
      "geometry": {
        "type": "Polygon",
        "coordinates": [
          [
            [
              14.499866366386414,
              35.9157256968103
            ],
            [
              14.499898552894592,
              35.9157647976469
            ],
            [
              14.500799775123596,
              35.91553019233737
            ],
            [
              14.500617384910583,
              35.91512614822885
            ],
            [
              14.500161409378052,
              35.915234762439354
            ],
            [
              14.499866366386414,
              35.9157256968103
            ]
          ]
        ]
      },
      "properties": {
        "class": "residential",
        "source_layer": "landuse",
        "source_tile": "https://tiles.openfreemap.org/planet/20261004_113936_pt/14/8851/6438.pbf"
      }
    },
    {
      "type": "Feature",
      "id": "landuse:19986560-126",
      "geometry": {
        "type": "Polygon",
        "coordinates": [
          [
            [
              14.499544501304626,
              35.9147872709337
            ],
            [
              14.500129222869873,
              35.91498712182184
            ],
            [
              14.500333070755005,
              35.91463955473533
            ],
            [
              14.499742984771729,
              35.914422324530804
            ],
            [
              14.499544501304626,
              35.9147872709337
            ]
          ]
        ]
      },
      "properties": {
        "class": "residential",
        "source_layer": "landuse",
        "source_tile": "https://tiles.openfreemap.org/planet/20261004_113936_pt/14/8851/6438.pbf"
      }
    },
    {
      "type": "Feature",
      "id": "landuse:19986560-127",
      "geometry": {
        "type": "Polygon",
        "coordinates": [
          [
            [
              14.501486420631409,
              35.916772723653324
            ],
            [
              14.502296447753906,
              35.91652943234487
            ],
            [
              14.502296447753906,
              35.915916856272204
            ],
            [
              14.501754641532898,
              35.91606457008545
            ],
            [
              14.501250386238098,
              35.91625138421895
            ],
            [
              14.501486420631409,
              35.916772723653324
            ]
          ]
        ]
      },
      "properties": {
        "class": "residential",
        "source_layer": "landuse",
        "source_tile": "https://tiles.openfreemap.org/planet/20261004_113936_pt/14/8851/6438.pbf"
      }
    },
    {
      "type": "Feature",
      "id": "landuse:19986560-128",
      "geometry": {
        "type": "Polygon",
        "coordinates": [
          [
            [
              14.500386714935303,
              35.9162383506891
            ],
            [
              14.500735402107239,
              35.91613408237271
            ],
            [
              14.500628113746643,
              35.91584299926214
            ],
            [
              14.50046181678772,
              35.91588644457053
            ],
            [
              14.50045645236969,
              35.91587341098051
            ],
            [
              14.500279426574707,
              35.91592120080006
            ],
            [
              14.500386714935303,
              35.9162383506891
            ]
          ]
        ]
      },
      "properties": {
        "class": "residential",
        "source_layer": "landuse",
        "source_tile": "https://tiles.openfreemap.org/planet/20261004_113936_pt/14/8851/6438.pbf"
      }
    },
    {
      "type": "Feature",
      "id": "landuse:19986560-129",
      "geometry": {
        "type": "Polygon",
        "coordinates": [
          [
            [
              14.500070214271545,
              35.91577348671909
            ],
            [
              14.500139951705933,
              35.91595595701432
            ],
            [
              14.500375986099243,
              35.915895133629334
            ],
            [
              14.500300884246826,
              35.91571700773288
            ],
            [
              14.500070214271545,
              35.91577348671909
            ]
          ]
        ]
      },
      "properties": {
        "class": "residential",
        "source_layer": "landuse",
        "source_tile": "https://tiles.openfreemap.org/planet/20261004_113936_pt/14/8851/6438.pbf"
      }
    },
    {
      "type": "Feature",
      "id": "landuse:19986560-130",
      "geometry": {
        "type": "Polygon",
        "coordinates": [
          [
            [
              14.499249458312988,
              35.91675969020933
            ],
            [
              14.500011205673218,
              35.91657287727628
            ],
            [
              14.499742984771729,
              35.915995057737106
            ],
            [
              14.499641060829163,
              35.915995057737106
            ],
            [
              14.49922263622284,
              35.91669886744238
            ],
            [
              14.499249458312988,
              35.91675969020933
            ]
          ]
        ]
      },
      "properties": {
        "class": "residential",
        "source_layer": "landuse",
        "source_tile": "https://tiles.openfreemap.org/planet/20261004_113936_pt/14/8851/6438.pbf"
      }
    },
    {
      "type": "Feature",
      "id": "landuse:19986560-131",
      "geometry": {
        "type": "Polygon",
        "coordinates": [
          [
            [
              14.500311613082886,
              35.91647295389839
            ],
            [
              14.50096070766449,
              35.916268762255456
            ],
            [
              14.500901699066162,
              35.91613408237271
            ],
            [
              14.500746130943298,
              35.91617318300747
            ],
            [
              14.500735402107239,
              35.91613408237271
            ],
            [
              14.500386714935303,
              35.9162383506891
            ],
            [
              14.50019896030426,
              35.916281795780336
            ],
            [
              14.500311613082886,
              35.91647295389839
            ]
          ]
        ]
      },
      "properties": {
        "class": "residential",
        "source_layer": "landuse",
        "source_tile": "https://tiles.openfreemap.org/planet/20261004_113936_pt/14/8851/6438.pbf"
      }
    },
    {
      "type": "Feature",
      "id": "landuse:19986560-132",
      "geometry": {
        "type": "Polygon",
        "coordinates": [
          [
            [
              14.500354528427124,
              35.91715938151462
            ],
            [
              14.50144350528717,
              35.916785757095155
            ],
            [
              14.502296447753906,
              35.91652943234487
            ],
            [
              14.502296447753906,
              35.90860033284366
            ],
            [
              14.501776099205017,
              35.9084308804011
            ],
            [
              14.501615166664124,
              35.90839177593975
            ],
            [
              14.50145423412323,
              35.90835701640232
            ],
            [
              14.501282572746277,
              35.908309222013415
            ],
            [
              14.500113129615784,
              35.9080354899572
            ],
            [
              14.49922800064087,
              35.9078052067003
            ],
            [
              14.498922228813171,
              35.90767920237042
            ],
            [
              14.498852491378784,
              35.907705272248236
            ],
            [
              14.498766660690308,
              35.90798769537409
            ],
            [
              14.498825669288635,
              35.908039834917886
            ],
            [
              14.499281644821167,
              35.90815714876575
            ],
            [
              14.499270915985107,
              35.90820928819787
            ],
            [
              14.499297738075256,
              35.90823535790105
            ],
            [
              14.499233365058899,
              35.9085134342005
            ],
            [
              14.49971079826355,
              35.90860467777334
            ],
            [
              14.499785900115967,
              35.9084308804011
            ],
            [
              14.499823451042175,
              35.90854819366923
            ],
            [
              14.499828815460205,
              35.90863943720197
            ],
            [
              14.49968934059143,
              35.90883495870352
            ],
            [
              14.499313831329346,
              35.908843648536816
            ],
            [
              14.499319195747375,
              35.90902613481566
            ],
            [
              14.499287009239197,
              35.90902613481566
            ],
            [
              14.499356746673584,
              35.90936503678837
            ],
            [
              14.499067068099976,
              35.90940848565427
            ],
            [
              14.499050974845886,
              35.909438899846194
            ],
            [
              14.498895406723022,
              35.90934331234648
            ],
            [
              14.498605728149414,
              35.909226000257235
            ],
            [
              14.498884677886963,
              35.909725661652374
            ],
            [
              14.49897050857544,
              35.909703937309516
            ],
            [
              14.498991966247559,
              35.90976476545451
            ],
            [
              14.498932957649231,
              35.91052945814545
            ],
            [
              14.49945330619812,
              35.911441865890595
            ],
            [
              14.499544501304626,
              35.911550485159395
            ],
            [
              14.499598145484924,
              35.91158089852793
            ],
            [
              14.499989748001099,
              35.9117373099529
            ],
            [
              14.499523043632507,
              35.9126670825966
            ],
            [
              14.499378204345703,
              35.91293210924614
            ],
            [
              14.499356746673584,
              35.91297990084257
            ],
            [
              14.500365257263184,
              35.913392645246645
            ],
            [
              14.500054121017456,
              35.91391834815906
            ],
            [
              14.500011205673218,
              35.9139835176982
            ],
            [
              14.499780535697937,
              35.91437887841833
            ],
            [
              14.499565958976746,
              35.91485678434336
            ],
            [
              14.498160481452942,
              35.91520435047545
            ],
            [
              14.498283863067627,
              35.91569962957517
            ],
            [
              14.49843943119049,
              35.91619925008655
            ],
            [
              14.49869155883789,
              35.91697691399537
            ],
            [
              14.498745203018188,
              35.917163725974234
            ],
            [
              14.498863220214844,
              35.91742004866913
            ],
            [
              14.498879313468933,
              35.91751997085062
            ],
            [
              14.49895977973938,
              35.91757644854951
            ],
            [
              14.499061703681946,
              35.91759382629493
            ],
            [
              14.49919044971466,
              35.917589481858926
            ],
            [
              14.49945330619812,
              35.91751997085062
            ],
            [
              14.500354528427124,
              35.91715938151462
            ]
          ]
        ]
      },
      "properties": {
        "class": "residential",
        "source_layer": "landuse",
        "source_tile": "https://tiles.openfreemap.org/planet/20261004_113936_pt/14/8851/6438.pbf"
      }
    },
    {
      "type": "Feature",
      "id": "landuse:19986560-133",
      "geometry": {
        "type": "Polygon",
        "coordinates": [
          [
            [
              14.500354528427124,
              35.91715938151462
            ],
            [
              14.501400589942932,
              35.91679879053484
            ],
            [
              14.501148462295532,
              35.91624269519929
            ],
            [
              14.500102400779724,
              35.91659025524214
            ],
            [
              14.500354528427124,
              35.91715938151462
            ]
          ]
        ]
      },
      "properties": {
        "class": "residential",
        "source_layer": "landuse",
        "source_tile": "https://tiles.openfreemap.org/planet/20261004_113936_pt/14/8851/6438.pbf"
      }
    },
    {
      "type": "Feature",
      "id": "landuse:19986560-134",
      "geometry": {
        "type": "Polygon",
        "coordinates": [
          [
            [
              14.499560594558716,
              35.91747652643937
            ],
            [
              14.500300884246826,
              35.917185448268725
            ],
            [
              14.500048756599426,
              35.916633700140125
            ],
            [
              14.499324560165405,
              35.91686395770108
            ],
            [
              14.499560594558716,
              35.91747652643937
            ]
          ],
          [
            [
              14.499490857124329,
              35.91702035868097
            ],
            [
              14.499512314796448,
              35.9170160142135
            ],
            [
              14.499506950378418,
              35.91699863634115
            ],
            [
              14.499742984771729,
              35.91692912481362
            ],
            [
              14.499759078025818,
              35.91695953611443
            ],
            [
              14.499839544296265,
              35.916933469285865
            ],
            [
              14.499823451042175,
              35.91689436902695
            ],
            [
              14.499871730804443,
              35.91687699112788
            ],
            [
              14.499882459640503,
              35.91689436902695
            ],
            [
              14.49994146823883,
              35.91687699112788
            ],
            [
              14.499930739402771,
              35.916859613224986
            ],
            [
              14.500097036361694,
              35.91680747949346
            ],
            [
              14.500118494033813,
              35.91686830217691
            ],
            [
              14.500021934509277,
              35.91690305797505
            ],
            [
              14.500021934509277,
              35.9169378137579
            ],
            [
              14.499979019165039,
              35.916950847172544
            ],
            [
              14.49996292591095,
              35.91692043586836
            ],
            [
              14.499898552894592,
              35.91694650270124
            ],
            [
              14.499903917312622,
              35.91695953611443
            ],
            [
              14.499855637550354,
              35.916981258465
            ],
            [
              14.499839544296265,
              35.916963880585016
            ],
            [
              14.499506950378418,
              35.91705945887763
            ],
            [
              14.499490857124329,
              35.91702035868097
            ]
          ]
        ]
      },
      "properties": {
        "class": "residential",
        "source_layer": "landuse",
        "source_tile": "https://tiles.openfreemap.org/planet/20261004_113936_pt/14/8851/6438.pbf"
      }
    },
    {
      "type": "Feature",
      "id": "landuse:19986560-137",
      "geometry": {
        "type": "Polygon",
        "coordinates": [
          [
            [
              14.499002695083618,
              35.91596899059071
            ],
            [
              14.499480128288269,
              35.91584734379404
            ],
            [
              14.499480128288269,
              35.9157821757903
            ],
            [
              14.499512314796448,
              35.9157213522717
            ],
            [
              14.499549865722656,
              35.91568659595437
            ],
            [
              14.499587416648865,
              35.91567356233145
            ],
            [
              14.499490857124329,
              35.91539551119716
            ],
            [
              14.498847126960754,
              35.91554757053231
            ],
            [
              14.499002695083618,
              35.91596899059071
            ]
          ]
        ]
      },
      "properties": {
        "class": "residential",
        "source_layer": "landuse",
        "source_tile": "https://tiles.openfreemap.org/planet/20261004_113936_pt/14/8851/6438.pbf"
      }
    },
    {
      "type": "Feature",
      "id": "building:56596410-4",
      "geometry": {
        "type": "Polygon",
        "coordinates": [
          [
            [
              14.502881169319153,
              35.91597333511572
            ],
            [
              14.503144025802612,
              35.915895133629334
            ],
            [
              14.503085017204285,
              35.91573438588678
            ],
            [
              14.503042101860046,
              35.91570831865451
            ],
            [
              14.502784609794617,
              35.91578652032557
            ],
            [
              14.502881169319153,
              35.91597333511572
            ]
          ]
        ]
      },
      "properties": {
        "render_height": 5,
        "render_min_height": 0,
        "source_layer": "building",
        "source_tile": "https://tiles.openfreemap.org/planet/20261004_113936_pt/14/8852/6438.pbf"
      }
    },
    {
      "type": "Feature",
      "id": "building:56596410-6",
      "geometry": {
        "type": "Polygon",
        "coordinates": [
          [
            [
              14.503283500671387,
              35.91625572872846
            ],
            [
              14.503144025802612,
              35.915895133629334
            ],
            [
              14.502881169319153,
              35.91597333511572
            ],
            [
              14.503042101860046,
              35.91632089634207
            ],
            [
              14.503283500671387,
              35.91625572872846
            ]
          ]
        ]
      },
      "properties": {
        "render_height": 5,
        "render_min_height": 0,
        "source_layer": "building",
        "source_tile": "https://tiles.openfreemap.org/planet/20261004_113936_pt/14/8852/6438.pbf"
      }
    },
    {
      "type": "Feature",
      "id": "building:56596410-7",
      "geometry": {
        "type": "Polygon",
        "coordinates": [
          [
            [
              14.503042101860046,
              35.91632089634207
            ],
            [
              14.502897262573242,
              35.91600809130708
            ],
            [
              14.50270414352417,
              35.91606457008545
            ],
            [
              14.502843618392944,
              35.916377374897124
            ],
            [
              14.503042101860046,
              35.91632089634207
            ]
          ]
        ]
      },
      "properties": {
        "render_height": 5,
        "render_min_height": 0,
        "source_layer": "building",
        "source_tile": "https://tiles.openfreemap.org/planet/20261004_113936_pt/14/8852/6438.pbf"
      }
    },
    {
      "type": "Feature",
      "id": "building:56596410-8",
      "geometry": {
        "type": "Polygon",
        "coordinates": [
          [
            [
              14.502843618392944,
              35.916377374897124
            ],
            [
              14.50270414352417,
              35.91606457008545
            ],
            [
              14.50247347354889,
              35.916147115919784
            ],
            [
              14.502602219581604,
              35.91644254241051
            ],
            [
              14.502843618392944,
              35.916377374897124
            ]
          ]
        ]
      },
      "properties": {
        "render_height": 5,
        "render_min_height": 0,
        "source_layer": "building",
        "source_tile": "https://tiles.openfreemap.org/planet/20261004_113936_pt/14/8852/6438.pbf"
      }
    },
    {
      "type": "Feature",
      "id": "building:56596410-9",
      "geometry": {
        "type": "Polygon",
        "coordinates": [
          [
            [
              14.502602219581604,
              35.91644254241051
            ],
            [
              14.50247347354889,
              35.916147115919784
            ],
            [
              14.50243055820465,
              35.9161601494647
            ],
            [
              14.50247347354889,
              35.91647729839572
            ],
            [
              14.502602219581604,
              35.91644254241051
            ]
          ]
        ]
      },
      "properties": {
        "render_height": 5,
        "render_min_height": 0,
        "source_layer": "building",
        "source_tile": "https://tiles.openfreemap.org/planet/20261004_113936_pt/14/8852/6438.pbf"
      }
    },
    {
      "type": "Feature",
      "id": "building:56596410-10",
      "geometry": {
        "type": "Polygon",
        "coordinates": [
          [
            [
              14.502553939819336,
              35.91611670430662
            ],
            [
              14.502897262573242,
              35.91600809130708
            ],
            [
              14.502784609794617,
              35.91578652032557
            ],
            [
              14.5024573802948,
              35.91588644457053
            ],
            [
              14.502553939819336,
              35.91611670430662
            ]
          ]
        ]
      },
      "properties": {
        "render_height": 5,
        "render_min_height": 0,
        "source_layer": "building",
        "source_tile": "https://tiles.openfreemap.org/planet/20261004_113936_pt/14/8852/6438.pbf"
      }
    },
    {
      "type": "Feature",
      "id": "building:56596410-11",
      "geometry": {
        "type": "Polygon",
        "coordinates": [
          [
            [
              14.50243055820465,
              35.9161601494647
            ],
            [
              14.502553939819336,
              35.91611670430662
            ],
            [
              14.5024573802948,
              35.91588644457053
            ],
            [
              14.502393007278442,
              35.91590816721579
            ],
            [
              14.50243055820465,
              35.9161601494647
            ]
          ]
        ]
      },
      "properties": {
        "render_height": 5,
        "render_min_height": 0,
        "source_layer": "building",
        "source_tile": "https://tiles.openfreemap.org/planet/20261004_113936_pt/14/8852/6438.pbf"
      }
    },
    {
      "type": "Feature",
      "id": "building:56596410-12",
      "geometry": {
        "type": "Polygon",
        "coordinates": [
          [
            [
              14.502382278442383,
              35.91582127659899
            ],
            [
              14.502634406089783,
              35.915738730424664
            ],
            [
              14.502575397491455,
              35.915604049639484
            ],
            [
              14.502484202384949,
              35.91562142781821
            ],
            [
              14.50246274471283,
              35.91555191508046
            ],
            [
              14.502344727516174,
              35.91555625962836
            ],
            [
              14.502382278442383,
              35.91582127659899
            ]
          ]
        ]
      },
      "properties": {
        "render_height": 5,
        "render_min_height": 0,
        "source_layer": "building",
        "source_tile": "https://tiles.openfreemap.org/planet/20261004_113936_pt/14/8852/6438.pbf"
      }
    },
    {
      "type": "Feature",
      "id": "building:56596410-23",
      "geometry": {
        "type": "Polygon",
        "coordinates": [
          [
            [
              14.502317905426025,
              35.915356410178035
            ],
            [
              14.50268805027008,
              35.91533034282121
            ],
            [
              14.50268268585205,
              35.91515656022284
            ],
            [
              14.502618312835693,
              35.915147871082894
            ],
            [
              14.502612948417664,
              35.91507835792899
            ],
            [
              14.502580761909485,
              35.91507835792899
            ],
            [
              14.502559304237366,
              35.914934986856224
            ],
            [
              14.502505660057068,
              35.914934986856224
            ],
            [
              14.502494931221008,
              35.91481768305793
            ],
            [
              14.50246274471283,
              35.91482202764615
            ],
            [
              14.50244665145874,
              35.91477423716256
            ],
            [
              14.502258896827698,
              35.9147872709337
            ],
            [
              14.502317905426025,
              35.915356410178035
            ]
          ]
        ]
      },
      "properties": {
        "render_height": 5,
        "render_min_height": 0,
        "source_layer": "building",
        "source_tile": "https://tiles.openfreemap.org/planet/20261004_113936_pt/14/8852/6438.pbf"
      }
    },
    {
      "type": "Feature",
      "id": "building:56596410-24",
      "geometry": {
        "type": "Polygon",
        "coordinates": [
          [
            [
              14.502317905426025,
              35.915356410178035
            ],
            [
              14.502344727516174,
              35.91555625962836
            ],
            [
              14.50270414352417,
              35.91553453688647
            ],
            [
              14.50268805027008,
              35.91533034282121
            ],
            [
              14.502317905426025,
              35.915356410178035
            ]
          ]
        ]
      },
      "properties": {
        "render_height": 5,
        "render_min_height": 0,
        "source_layer": "building",
        "source_tile": "https://tiles.openfreemap.org/planet/20261004_113936_pt/14/8852/6438.pbf"
      }
    },
    {
      "type": "Feature",
      "id": "building:56596410-25",
      "geometry": {
        "type": "Polygon",
        "coordinates": [
          [
            [
              14.502634406089783,
              35.915738730424664
            ],
            [
              14.502741694450378,
              35.91570831865451
            ],
            [
              14.502671957015991,
              35.91556929327062
            ],
            [
              14.502575397491455,
              35.915604049639484
            ],
            [
              14.502634406089783,
              35.915738730424664
            ]
          ]
        ]
      },
      "properties": {
        "render_height": 5,
        "render_min_height": 0,
        "source_layer": "building",
        "source_tile": "https://tiles.openfreemap.org/planet/20261004_113936_pt/14/8852/6438.pbf"
      }
    },
    {
      "type": "Feature",
      "id": "building:56596410-26",
      "geometry": {
        "type": "Polygon",
        "coordinates": [
          [
            [
              14.502741694450378,
              35.91570831865451
            ],
            [
              14.503047466278076,
              35.91561273872932
            ],
            [
              14.50294017791748,
              35.915334687381275
            ],
            [
              14.502827525138855,
              35.915356410178035
            ],
            [
              14.502827525138855,
              35.91538247752628
            ],
            [
              14.50272023677826,
              35.91541288942169
            ],
            [
              14.502752423286438,
              35.91552584778805
            ],
            [
              14.502671957015991,
              35.91556929327062
            ],
            [
              14.502741694450378,
              35.91570831865451
            ]
          ]
        ]
      },
      "properties": {
        "render_height": 5,
        "render_min_height": 0,
        "source_layer": "building",
        "source_tile": "https://tiles.openfreemap.org/planet/20261004_113936_pt/14/8852/6438.pbf"
      }
    },
    {
      "type": "Feature",
      "id": "building:56596410-28",
      "geometry": {
        "type": "Polygon",
        "coordinates": [
          [
            [
              14.503047466278076,
              35.91534337650069
            ],
            [
              14.503412246704102,
              35.91526517439155
            ],
            [
              14.503353238105774,
              35.91509573622319
            ],
            [
              14.502988457679749,
              35.91516959393094
            ],
            [
              14.503047466278076,
              35.91534337650069
            ]
          ]
        ]
      },
      "properties": {
        "render_height": 5,
        "render_min_height": 0,
        "source_layer": "building",
        "source_tile": "https://tiles.openfreemap.org/planet/20261004_113936_pt/14/8852/6438.pbf"
      }
    },
    {
      "type": "Feature",
      "id": "building:56596410-30",
      "geometry": {
        "type": "Polygon",
        "coordinates": [
          [
            [
              14.502827525138855,
              35.915356410178035
            ],
            [
              14.50294017791748,
              35.915334687381275
            ],
            [
              14.502881169319153,
              35.91511745908558
            ],
            [
              14.502741694450378,
              35.915147871082894
            ],
            [
              14.502773880958557,
              35.915234762439354
            ],
            [
              14.502741694450378,
              35.91524345156974
            ],
            [
              14.502752423286438,
              35.91528255264471
            ],
            [
              14.502789974212646,
              35.91527386351861
            ],
            [
              14.502827525138855,
              35.915356410178035
            ]
          ]
        ]
      },
      "properties": {
        "render_height": 5,
        "render_min_height": 0,
        "source_layer": "building",
        "source_tile": "https://tiles.openfreemap.org/planet/20261004_113936_pt/14/8852/6438.pbf"
      }
    },
    {
      "type": "Feature",
      "id": "building:56596410-31",
      "geometry": {
        "type": "Polygon",
        "coordinates": [
          [
            [
              14.502741694450378,
              35.915147871082894
            ],
            [
              14.502881169319153,
              35.91511745908558
            ],
            [
              14.502848982810974,
              35.91504794590496
            ],
            [
              14.50271487236023,
              35.91507835792899
            ],
            [
              14.502741694450378,
              35.915147871082894
            ]
          ]
        ]
      },
      "properties": {
        "render_height": 5,
        "render_min_height": 0,
        "source_layer": "building",
        "source_tile": "https://tiles.openfreemap.org/planet/20261004_113936_pt/14/8852/6438.pbf"
      }
    },
    {
      "type": "Feature",
      "id": "building:56596410-32",
      "geometry": {
        "type": "Polygon",
        "coordinates": [
          [
            [
              14.502666592597961,
              35.91508704707658
            ],
            [
              14.502848982810974,
              35.91504794590496
            ],
            [
              14.502795338630676,
              35.91487416268623
            ],
            [
              14.502602219581604,
              35.91491760852671
            ],
            [
              14.502666592597961,
              35.91508704707658
            ]
          ]
        ]
      },
      "properties": {
        "render_height": 5,
        "render_min_height": 0,
        "source_layer": "building",
        "source_tile": "https://tiles.openfreemap.org/planet/20261004_113936_pt/14/8852/6438.pbf"
      }
    },
    {
      "type": "Feature",
      "id": "building:56596410-33",
      "geometry": {
        "type": "Polygon",
        "coordinates": [
          [
            [
              14.502988457679749,
              35.91516959393094
            ],
            [
              14.503353238105774,
              35.91509573622319
            ],
            [
              14.503272771835327,
              35.91490023019337
            ],
            [
              14.502907991409302,
              35.91497843266329
            ],
            [
              14.502988457679749,
              35.91516959393094
            ]
          ]
        ]
      },
      "properties": {
        "render_height": 5,
        "render_min_height": 0,
        "source_layer": "building",
        "source_tile": "https://tiles.openfreemap.org/planet/20261004_113936_pt/14/8852/6438.pbf"
      }
    },
    {
      "type": "Feature",
      "id": "building:56596410-35",
      "geometry": {
        "type": "Polygon",
        "coordinates": [
          [
            [
              14.502924084663391,
              35.91465693312594
            ],
            [
              14.503015279769897,
              35.91463521013709
            ],
            [
              14.502977728843689,
              35.91453093970763
            ],
            [
              14.502886533737183,
              35.914552662725114
            ],
            [
              14.502924084663391,
              35.91465693312594
            ]
          ]
        ]
      },
      "properties": {
        "render_height": 5,
        "render_min_height": 0,
        "source_layer": "building",
        "source_tile": "https://tiles.openfreemap.org/planet/20261004_113936_pt/14/8852/6438.pbf"
      }
    },
    {
      "type": "Feature",
      "id": "building:56596410-36",
      "geometry": {
        "type": "Polygon",
        "coordinates": [
          [
            [
              14.502886533737183,
              35.91490891936053
            ],
            [
              14.503004550933838,
              35.914878507271354
            ],
            [
              14.502886533737183,
              35.914552662725114
            ],
            [
              14.502773880958557,
              35.91457873033819
            ],
            [
              14.502886533737183,
              35.91490891936053
            ]
          ]
        ]
      },
      "properties": {
        "render_height": 5,
        "render_min_height": 0,
        "source_layer": "building",
        "source_tile": "https://tiles.openfreemap.org/planet/20261004_113936_pt/14/8852/6438.pbf"
      }
    },
    {
      "type": "Feature",
      "id": "building:56596410-37",
      "geometry": {
        "type": "Polygon",
        "coordinates": [
          [
            [
              14.502484202384949,
              35.9146482439311
            ],
            [
              14.502532482147217,
              35.91477858175318
            ],
            [
              14.502741694450378,
              35.91473513583635
            ],
            [
              14.50269341468811,
              35.91460479794269
            ],
            [
              14.502484202384949,
              35.9146482439311
            ]
          ]
        ]
      },
      "properties": {
        "render_height": 5,
        "render_min_height": 0,
        "source_layer": "building",
        "source_tile": "https://tiles.openfreemap.org/planet/20261004_113936_pt/14/8852/6438.pbf"
      }
    },
    {
      "type": "Feature",
      "id": "building:56596410-38",
      "geometry": {
        "type": "Polygon",
        "coordinates": [
          [
            [
              14.502602219581604,
              35.91491760852671
            ],
            [
              14.502795338630676,
              35.91487416268623
            ],
            [
              14.502741694450378,
              35.91473513583635
            ],
            [
              14.502591490745544,
              35.914765547980636
            ],
            [
              14.502623677253723,
              35.914848095170484
            ],
            [
              14.502586126327515,
              35.91486112892942
            ],
            [
              14.502602219581604,
              35.91491760852671
            ]
          ]
        ]
      },
      "properties": {
        "render_height": 5,
        "render_min_height": 0,
        "source_layer": "building",
        "source_tile": "https://tiles.openfreemap.org/planet/20261004_113936_pt/14/8852/6438.pbf"
      }
    },
    {
      "type": "Feature",
      "id": "building:56596410-40",
      "geometry": {
        "type": "Polygon",
        "coordinates": [
          [
            [
              14.501609802246094,
              35.91506097963098
            ],
            [
              14.501631259918213,
              35.915056635055876
            ],
            [
              14.501609802246094,
              35.914934986856224
            ],
            [
              14.501609802246094,
              35.91506097963098
            ]
          ]
        ]
      },
      "properties": {
        "render_height": 5,
        "render_min_height": 0,
        "source_layer": "building",
        "source_tile": "https://tiles.openfreemap.org/planet/20261004_113936_pt/14/8852/6438.pbf"
      }
    },
    {
      "type": "Feature",
      "id": "building:56596410-43",
      "geometry": {
        "type": "Polygon",
        "coordinates": [
          [
            [
              14.501609802246094,
              35.91477858175318
            ],
            [
              14.501652717590332,
              35.9147872709337
            ],
            [
              14.501797556877136,
              35.91474816961389
            ],
            [
              14.501727819442749,
              35.91459610874216
            ],
            [
              14.501636624336243,
              35.91463521013709
            ],
            [
              14.501663446426392,
              35.91467865610879
            ],
            [
              14.501636624336243,
              35.914687345300266
            ],
            [
              14.501609802246094,
              35.914643899333356
            ],
            [
              14.501609802246094,
              35.91477858175318
            ]
          ]
        ]
      },
      "properties": {
        "render_height": 5,
        "render_min_height": 0,
        "source_layer": "building",
        "source_tile": "https://tiles.openfreemap.org/planet/20261004_113936_pt/14/8852/6438.pbf"
      }
    },
    {
      "type": "Feature",
      "id": "building:56596410-44",
      "geometry": {
        "type": "Polygon",
        "coordinates": [
          [
            [
              14.502258896827698,
              35.9147872709337
            ],
            [
              14.50244665145874,
              35.91477423716256
            ],
            [
              14.502527117729187,
              35.91475685879776
            ],
            [
              14.502484202384949,
              35.9146482439311
            ],
            [
              14.502242803573608,
              35.91470472368036
            ],
            [
              14.502258896827698,
              35.9147872709337
            ]
          ]
        ]
      },
      "properties": {
        "render_height": 5,
        "render_min_height": 0,
        "source_layer": "building",
        "source_tile": "https://tiles.openfreemap.org/planet/20261004_113936_pt/14/8852/6438.pbf"
      }
    },
    {
      "type": "Feature",
      "id": "building:56596410-50",
      "geometry": {
        "type": "Polygon",
        "coordinates": [
          [
            [
              14.501609802246094,
              35.91449618286728
            ],
            [
              14.501819014549255,
              35.91454397351883
            ],
            [
              14.501835107803345,
              35.91449183826117
            ],
            [
              14.501609802246094,
              35.914435358359896
            ],
            [
              14.501609802246094,
              35.91449618286728
            ]
          ]
        ]
      },
      "properties": {
        "render_height": 5,
        "render_min_height": 0,
        "source_layer": "building",
        "source_tile": "https://tiles.openfreemap.org/planet/20261004_113936_pt/14/8852/6438.pbf"
      }
    },
    {
      "type": "Feature",
      "id": "building:56596410-51",
      "geometry": {
        "type": "Polygon",
        "coordinates": [
          [
            [
              14.501609802246094,
              35.91437887841833
            ],
            [
              14.501641988754272,
              35.91427460765101
            ],
            [
              14.501609802246094,
              35.9142659184142
            ],
            [
              14.501609802246094,
              35.91437887841833
            ]
          ]
        ]
      },
      "properties": {
        "render_height": 5,
        "render_min_height": 0,
        "source_layer": "building",
        "source_tile": "https://tiles.openfreemap.org/planet/20261004_113936_pt/14/8852/6438.pbf"
      }
    },
    {
      "type": "Feature",
      "id": "building:56596410-52",
      "geometry": {
        "type": "Polygon",
        "coordinates": [
          [
            [
              14.502258896827698,
              35.914626520939876
            ],
            [
              14.502393007278442,
              35.91458741954065
            ],
            [
              14.502366185188293,
              35.91427460765101
            ],
            [
              14.50219988822937,
              35.914283296886865
            ],
            [
              14.502258896827698,
              35.914626520939876
            ]
          ]
        ]
      },
      "properties": {
        "render_height": 5,
        "render_min_height": 0,
        "source_layer": "building",
        "source_tile": "https://tiles.openfreemap.org/planet/20261004_113936_pt/14/8852/6438.pbf"
      }
    },
    {
      "type": "Feature",
      "id": "building:56596410-53",
      "geometry": {
        "type": "Polygon",
        "coordinates": [
          [
            [
              14.502393007278442,
              35.91458741954065
            ],
            [
              14.502655863761902,
              35.914517905894286
            ],
            [
              14.502596855163574,
              35.91435281073937
            ],
            [
              14.502376914024353,
              35.91439625686618
            ],
            [
              14.502393007278442,
              35.91458741954065
            ]
          ]
        ]
      },
      "properties": {
        "render_height": 5,
        "render_min_height": 0,
        "source_layer": "building",
        "source_tile": "https://tiles.openfreemap.org/planet/20261004_113936_pt/14/8852/6438.pbf"
      }
    },
    {
      "type": "Feature",
      "id": "building:56596410-54",
      "geometry": {
        "type": "Polygon",
        "coordinates": [
          [
            [
              14.502634406089783,
              35.914200749107664
            ],
            [
              14.50268805027008,
              35.91435281073937
            ],
            [
              14.502838253974915,
              35.91431370920485
            ],
            [
              14.502752423286438,
              35.91417468137003
            ],
            [
              14.502634406089783,
              35.914200749107664
            ]
          ]
        ]
      },
      "properties": {
        "render_height": 5,
        "render_min_height": 0,
        "source_layer": "building",
        "source_tile": "https://tiles.openfreemap.org/planet/20261004_113936_pt/14/8852/6438.pbf"
      }
    },
    {
      "type": "Feature",
      "id": "building:56596410-55",
      "geometry": {
        "type": "Polygon",
        "coordinates": [
          [
            [
              14.502602219581604,
              35.91409647810558
            ],
            [
              14.502757787704468,
              35.91405737644436
            ],
            [
              14.5027095079422,
              35.91394007134474
            ],
            [
              14.502559304237366,
              35.913979173063936
            ],
            [
              14.502602219581604,
              35.91409647810558
            ]
          ]
        ]
      },
      "properties": {
        "render_height": 5,
        "render_min_height": 0,
        "source_layer": "building",
        "source_tile": "https://tiles.openfreemap.org/planet/20261004_113936_pt/14/8852/6438.pbf"
      }
    },
    {
      "type": "Feature",
      "id": "building:56596410-56",
      "geometry": {
        "type": "Polygon",
        "coordinates": [
          [
            [
              14.502167701721191,
              35.9140877888492
            ],
            [
              14.502344727516174,
              35.914074754962826
            ],
            [
              14.502323269844055,
              35.91383145535667
            ],
            [
              14.502124786376953,
              35.913853178566214
            ],
            [
              14.502167701721191,
              35.9140877888492
            ]
          ]
        ]
      },
      "properties": {
        "render_height": 5,
        "render_min_height": 0,
        "source_layer": "building",
        "source_tile": "https://tiles.openfreemap.org/planet/20261004_113936_pt/14/8852/6438.pbf"
      }
    },
    {
      "type": "Feature",
      "id": "building:56596410-57",
      "geometry": {
        "type": "Polygon",
        "coordinates": [
          [
            [
              14.501609802246094,
              35.91415730287352
            ],
            [
              14.501641988754272,
              35.914165992122236
            ],
            [
              14.501674175262451,
              35.91396613915968
            ],
            [
              14.501609802246094,
              35.913961794524454
            ],
            [
              14.501609802246094,
              35.91415730287352
            ]
          ]
        ]
      },
      "properties": {
        "render_height": 5,
        "render_min_height": 0,
        "source_layer": "building",
        "source_tile": "https://tiles.openfreemap.org/planet/20261004_113936_pt/14/8852/6438.pbf"
      }
    },
    {
      "type": "Feature",
      "id": "building:56596410-58",
      "geometry": {
        "type": "Polygon",
        "coordinates": [
          [
            [
              14.50219988822937,
              35.914283296886865
            ],
            [
              14.502366185188293,
              35.91427460765101
            ],
            [
              14.502344727516174,
              35.914074754962826
            ],
            [
              14.502167701721191,
              35.9140877888492
            ],
            [
              14.50219988822937,
              35.914283296886865
            ]
          ]
        ]
      },
      "properties": {
        "render_height": 5,
        "render_min_height": 0,
        "source_layer": "building",
        "source_tile": "https://tiles.openfreemap.org/planet/20261004_113936_pt/14/8852/6438.pbf"
      }
    },
    {
      "type": "Feature",
      "id": "building:56596410-70",
      "geometry": {
        "type": "Polygon",
        "coordinates": [
          [
            [
              14.502382278442383,
              35.91366201411749
            ],
            [
              14.502333998680115,
              35.91366635876919
            ],
            [
              14.502382278442383,
              35.91406172107432
            ],
            [
              14.50243592262268,
              35.914165992122236
            ],
            [
              14.502516388893127,
              35.91413557974745
            ],
            [
              14.502382278442383,
              35.91366201411749
            ]
          ]
        ]
      },
      "properties": {
        "render_height": 5,
        "render_min_height": 0,
        "source_layer": "building",
        "source_tile": "https://tiles.openfreemap.org/planet/20261004_113936_pt/14/8852/6438.pbf"
      }
    },
    {
      "type": "Feature",
      "id": "building:56596410-75",
      "geometry": {
        "type": "Polygon",
        "coordinates": [
          [
            [
              14.502521753311157,
              35.913848833924774
            ],
            [
              14.502559304237366,
              35.913979173063936
            ],
            [
              14.5027095079422,
              35.91394007134474
            ],
            [
              14.502747058868408,
              35.91401393013143
            ],
            [
              14.50295090675354,
              35.9139531052533
            ],
            [
              14.502881169319153,
              35.913757596399606
            ],
            [
              14.502521753311157,
              35.913848833924774
            ]
          ]
        ]
      },
      "properties": {
        "render_height": 5,
        "render_min_height": 0,
        "source_layer": "building",
        "source_tile": "https://tiles.openfreemap.org/planet/20261004_113936_pt/14/8852/6438.pbf"
      }
    },
    {
      "type": "Feature",
      "id": "building:56596410-82",
      "geometry": {
        "type": "Polygon",
        "coordinates": [
          [
            [
              14.503063559532166,
              35.91430501997233
            ],
            [
              14.503026008605957,
              35.91419205986274
            ],
            [
              14.502811431884766,
              35.914239850698024
            ],
            [
              14.502859711647034,
              35.91436149996666
            ],
            [
              14.503063559532166,
              35.91430501997233
            ]
          ]
        ]
      },
      "properties": {
        "render_height": 5,
        "render_min_height": 0,
        "source_layer": "building",
        "source_tile": "https://tiles.openfreemap.org/planet/20261004_113936_pt/14/8852/6438.pbf"
      }
    },
    {
      "type": "Feature",
      "id": "building:56596410-84",
      "geometry": {
        "type": "Polygon",
        "coordinates": [
          [
            [
              14.502838253974915,
              35.914165992122236
            ],
            [
              14.503004550933838,
              35.91412254586898
            ],
            [
              14.50295090675354,
              35.9139531052533
            ],
            [
              14.502747058868408,
              35.91401393013143
            ],
            [
              14.502757787704468,
              35.91405737644436
            ],
            [
              14.50270414352417,
              35.91407041033358
            ],
            [
              14.502752423286438,
              35.91417468137003
            ],
            [
              14.502838253974915,
              35.914165992122236
            ]
          ]
        ]
      },
      "properties": {
        "render_height": 5,
        "render_min_height": 0,
        "source_layer": "building",
        "source_tile": "https://tiles.openfreemap.org/planet/20261004_113936_pt/14/8852/6438.pbf"
      }
    },
    {
      "type": "Feature",
      "id": "building:56596410-85",
      "geometry": {
        "type": "Polygon",
        "coordinates": [
          [
            [
              14.50268805027008,
              35.91435281073937
            ],
            [
              14.502747058868408,
              35.914509216684195
            ],
            [
              14.502907991409302,
              35.914465770619444
            ],
            [
              14.502838253974915,
              35.91431370920485
            ],
            [
              14.50268805027008,
              35.91435281073937
            ]
          ]
        ]
      },
      "properties": {
        "render_height": 5,
        "render_min_height": 0,
        "source_layer": "building",
        "source_tile": "https://tiles.openfreemap.org/planet/20261004_113936_pt/14/8852/6438.pbf"
      }
    },
    {
      "type": "Feature",
      "id": "building:56596410-86",
      "geometry": {
        "type": "Polygon",
        "coordinates": [
          [
            [
              14.502848982810974,
              35.914231161457394
            ],
            [
              14.503026008605957,
              35.91419205986274
            ],
            [
              14.503004550933838,
              35.91412254586898
            ],
            [
              14.502838253974915,
              35.914165992122236
            ],
            [
              14.502848982810974,
              35.914231161457394
            ]
          ]
        ]
      },
      "properties": {
        "render_height": 5,
        "render_min_height": 0,
        "source_layer": "building",
        "source_tile": "https://tiles.openfreemap.org/planet/20261004_113936_pt/14/8852/6438.pbf"
      }
    },
    {
      "type": "Feature",
      "id": "building:56596410-87",
      "geometry": {
        "type": "Polygon",
        "coordinates": [
          [
            [
              14.502897262573242,
              35.914448392186856
            ],
            [
              14.503095746040344,
              35.91439191225457
            ],
            [
              14.503063559532166,
              35.91430501997233
            ],
            [
              14.502859711647034,
              35.91436149996666
            ],
            [
              14.502897262573242,
              35.914448392186856
            ]
          ]
        ]
      },
      "properties": {
        "render_height": 5,
        "render_min_height": 0,
        "source_layer": "building",
        "source_tile": "https://tiles.openfreemap.org/planet/20261004_113936_pt/14/8852/6438.pbf"
      }
    },
    {
      "type": "Feature",
      "id": "building:56596410-88",
      "geometry": {
        "type": "Polygon",
        "coordinates": [
          [
            [
              14.503015279769897,
              35.91463521013709
            ],
            [
              14.503176212310791,
              35.91460479794269
            ],
            [
              14.503149390220642,
              35.914509216684195
            ],
            [
              14.503117203712463,
              35.91449618286728
            ],
            [
              14.502977728843689,
              35.91453093970763
            ],
            [
              14.503015279769897,
              35.91463521013709
            ]
          ]
        ]
      },
      "properties": {
        "render_height": 5,
        "render_min_height": 0,
        "source_layer": "building",
        "source_tile": "https://tiles.openfreemap.org/planet/20261004_113936_pt/14/8852/6438.pbf"
      }
    },
    {
      "type": "Feature",
      "id": "transportation:11308667992-0",
      "geometry": {
        "type": "Polygon",
        "coordinates": [
          [
            [
              14.505375623703003,
              35.915113114513574
            ],
            [
              14.50471043586731,
              35.915200005908204
            ],
            [
              14.504517316818237,
              35.91525214069917
            ],
            [
              14.504399299621582,
              35.915334687381275
            ],
            [
              14.504136443138123,
              35.91559970509422
            ],
            [
              14.503911137580872,
              35.91596464606549
            ],
            [
              14.503771662712097,
              35.916103670754566
            ],
            [
              14.503540992736816,
              35.91624703970925
            ],
            [
              14.501609802246094,
              35.91680313501428
            ],
            [
              14.501609802246094,
              35.91688568007788
            ],
            [
              14.501765370368958,
              35.91683789084102
            ],
            [
              14.501776099205017,
              35.91680313501428
            ],
            [
              14.502038955688477,
              35.91673362331494
            ],
            [
              14.502065777778625,
              35.91675534572754
            ],
            [
              14.502296447753906,
              35.91669017847184
            ],
            [
              14.502296447753906,
              35.91665976706746
            ],
            [
              14.502570033073425,
              35.91659025524214
            ],
            [
              14.502602219581604,
              35.9166119776941
            ],
            [
              14.502827525138855,
              35.91655115481356
            ],
            [
              14.502838253974915,
              35.916512054365654
            ],
            [
              14.503090381622314,
              35.9164468869095
            ],
            [
              14.503117203712463,
              35.91646426490304
            ],
            [
              14.503353238105774,
              35.91639909740755
            ],
            [
              14.503363966941833,
              35.91636434138799
            ],
            [
              14.503546357154846,
              35.91630351831702
            ],
            [
              14.50369656085968,
              35.91623400617864
            ],
            [
              14.503771662712097,
              35.9162035945989
            ],
            [
              14.503846764564514,
              35.91615146043499
            ],
            [
              14.504002332687378,
              35.91601678035252
            ],
            [
              14.503986239433289,
              35.915995057737106
            ],
            [
              14.50417935848236,
              35.9157821757903
            ],
            [
              14.50445830821991,
              35.91556929327062
            ],
            [
              14.504640698432922,
              35.915443301305416
            ],
            [
              14.504849910736084,
              35.9153259982609
            ],
            [
              14.50520932674408,
              35.91519566134073
            ],
            [
              14.505225419998169,
              35.91523041787379
            ],
            [
              14.505262970924377,
              35.91526082982767
            ],
            [
              14.505327343940735,
              35.91525648526354
            ],
            [
              14.505364894866943,
              35.91523041787379
            ],
            [
              14.505380988121033,
              35.91518697220509
            ],
            [
              14.505375623703003,
              35.915113114513574
            ]
          ]
        ]
      },
      "properties": {
        "subclass": "pedestrian",
        "class": "path",
        "source_layer": "transportation",
        "source_tile": "https://tiles.openfreemap.org/planet/20261004_113936_pt/14/8852/6438.pbf"
      }
    },
    {
      "type": "Feature",
      "id": "transportation:325945610-0",
      "geometry": {
        "type": "MultiLineString",
        "coordinates": [
          [
            [
              14.501609802246094,
              35.9157821757903
            ],
            [
              14.501631259918213,
              35.915777831254815
            ],
            [
              14.501609802246094,
              35.91562577236229
            ]
          ],
          [
            [
              14.501631259918213,
              35.91592120080006
            ],
            [
              14.501609802246094,
              35.915929889855036
            ]
          ],
          [
            [
              14.505139589309692,
              35.90902613481566
            ],
            [
              14.505123496055603,
              35.90897834083094
            ],
            [
              14.504758715629578,
              35.909000065373036
            ],
            [
              14.504764080047607,
              35.90905220424972
            ],
            [
              14.504790902137756,
              35.909073928771534
            ],
            [
              14.505037665367126,
              35.90905220424972
            ],
            [
              14.505139589309692,
              35.90902613481566
            ],
            [
              14.505568742752075,
              35.90883495870352
            ],
            [
              14.505751132965088,
              35.908769784923365
            ],
            [
              14.505788683891296,
              35.90873502555198
            ],
            [
              14.505783319473267,
              35.90871330093712
            ],
            [
              14.505767226219177,
              35.908695921240934
            ],
            [
              14.505735039710999,
              35.90869157631627
            ],
            [
              14.50570821762085,
              35.90870026616534
            ],
            [
              14.50545072555542,
              35.90885668328498
            ],
            [
              14.505295157432556,
              35.90892185699357
            ],
            [
              14.505144953727722,
              35.908960961192975
            ],
            [
              14.50495719909668,
              35.90897834083094
            ],
            [
              14.50471043586731,
              35.908987030648504
            ],
            [
              14.504672884941101,
              35.90903047972195
            ],
            [
              14.50469434261322,
              35.90907827367518
            ],
            [
              14.504790902137756,
              35.909073928771534
            ]
          ]
        ]
      },
      "properties": {
        "surface": "paved",
        "class": "service",
        "service": "parking_aisle",
        "source_layer": "transportation",
        "source_tile": "https://tiles.openfreemap.org/planet/20261004_113936_pt/14/8852/6438.pbf"
      }
    },
    {
      "type": "Feature",
      "id": "transportation:389918220-0",
      "geometry": {
        "type": "MultiLineString",
        "coordinates": [
          [
            [
              14.501996040344238,
              35.92492255006208
            ],
            [
              14.505380988121033,
              35.92131257598095
            ],
            [
              14.512156248092651,
              35.91465693312594
            ],
            [
              14.516066908836365,
              35.910590285655815
            ],
            [
              14.51720416545868,
              35.90907827367518
            ],
            [
              14.517611861228943,
              35.908191908391004
            ],
            [
              14.517611861228943,
              35.90746195305455
            ],
            [
              14.516994953155518,
              35.906571224623576
            ]
          ],
          [
            [
              14.505633115768433,
              35.92492255006208
            ],
            [
              14.508851766586304,
              35.92245510064356
            ],
            [
              14.520315527915955,
              35.91138538381189
            ],
            [
              14.524269104003906,
              35.90744457308351
            ]
          ],
          [
            [
              14.504045248031616,
              35.90873937047425
            ],
            [
              14.504173994064331,
              35.90831356695904
            ],
            [
              14.50443148612976,
              35.90791817592894
            ],
            [
              14.504984021186829,
              35.90739677814348
            ],
            [
              14.506528973579407,
              35.906571224623576
            ]
          ],
          [
            [
              14.517504572868347,
              35.906571224623576
            ],
            [
              14.518137574195862,
              35.90737939815814
            ],
            [
              14.518271684646606,
              35.908183218486116
            ],
            [
              14.517740607261658,
              35.909226000257235
            ],
            [
              14.504404664039612,
              35.92315885286746
            ],
            [
              14.502532482147217,
              35.92492255006208
            ]
          ],
          [
            [
              14.507483839988708,
              35.906571224623576
            ],
            [
              14.506582617759705,
              35.90694055226294
            ],
            [
              14.505321979522705,
              35.907609682654225
            ],
            [
              14.504908919334412,
              35.90785734636434
            ],
            [
              14.50443148612976,
              35.90838308605683
            ],
            [
              14.504243731498718,
              35.908769784923365
            ]
          ],
          [
            [
              14.506035447120667,
              35.906571224623576
            ],
            [
              14.505858421325684,
              35.90674502608036
            ],
            [
              14.505643844604492,
              35.90831356695904
            ],
            [
              14.505477547645569,
              35.907939900762116
            ],
            [
              14.50545072555542,
              35.90771396220559
            ],
            [
              14.50545608997345,
              35.90729684317559
            ],
            [
              14.505525827407837,
              35.90687972194681
            ],
            [
              14.505670666694641,
              35.906571224623576
            ]
          ],
          [
            [
              14.504925012588501,
              35.906571224623576
            ],
            [
              14.504495859146118,
              35.90671461085297
            ],
            [
              14.503841400146484,
              35.90707959280995
            ],
            [
              14.50343370437622,
              35.90738808815129
            ],
            [
              14.503154754638672,
              35.90774437704887
            ],
            [
              14.50294554233551,
              35.908078939553164
            ],
            [
              14.50269877910614,
              35.9083874309984
            ],
            [
              14.502725601196289,
              35.908039834917886
            ],
            [
              14.502763152122498,
              35.90783127653661
            ],
            [
              14.502897262573242,
              35.90757926775919
            ],
            [
              14.503009915351868,
              35.907405468134726
            ],
            [
              14.503149390220642,
              35.907214288106914
            ],
            [
              14.503337144851685,
              35.90701007256699
            ],
            [
              14.503605365753174,
              35.90679716644294
            ],
            [
              14.50393259525299,
              35.906610329984645
            ],
            [
              14.504034519195557,
              35.906571224623576
            ]
          ]
        ]
      },
      "properties": {
        "class": "ferry",
        "source_layer": "transportation",
        "source_tile": "https://tiles.openfreemap.org/planet/20261004_113936_pt/14/8852/6438.pbf"
      }
    },
    {
      "type": "Feature",
      "id": "transportation:1530302750-0",
      "geometry": {
        "type": "MultiLineString",
        "coordinates": [
          [
            [
              14.502291083335876,
              35.916577221768094
            ],
            [
              14.502301812171936,
              35.91660328871404
            ]
          ],
          [
            [
              14.504109621047974,
              35.91563011690613
            ],
            [
              14.503980875015259,
              35.91556494872343
            ]
          ],
          [
            [
              14.504544138908386,
              35.915508469588346
            ],
            [
              14.504560232162476,
              35.91552150323848
            ]
          ],
          [
            [
              14.506856203079224,
              35.91413557974745
            ],
            [
              14.506915211677551,
              35.914131235121545
            ]
          ],
          [
            [
              14.50269877910614,
              35.9083874309984
            ],
            [
              14.502661228179932,
              35.90848301965286
            ]
          ],
          [
            [
              14.502527117729187,
              35.9084308804011
            ],
            [
              14.50244128704071,
              35.908582953122675
            ]
          ],
          [
            [
              14.501609802246094,
              35.90813976894741
            ],
            [
              14.502103328704834,
              35.90827011749191
            ],
            [
              14.502757787704468,
              35.90852212406912
            ],
            [
              14.502881169319153,
              35.90855688353402
            ],
            [
              14.504275918006897,
              35.90879585444186
            ],
            [
              14.504479765892029,
              35.9088088891979
            ],
            [
              14.505096673965454,
              35.90877412984369
            ],
            [
              14.505332708358765,
              35.90868723139138
            ],
            [
              14.505820870399475,
              35.90835701640232
            ],
            [
              14.50596570968628,
              35.90829184222848
            ],
            [
              14.506373405456543,
              35.908148458857056
            ],
            [
              14.50671672821045,
              35.90793555579596
            ],
            [
              14.50795590877533,
              35.907014417583966
            ],
            [
              14.508267045021057,
              35.90688406697093
            ],
            [
              14.509897828102112,
              35.906588604786435
            ],
            [
              14.50994074344635,
              35.906571224623576
            ]
          ],
          [
            [
              14.503905773162842,
              35.90889578751657
            ],
            [
              14.504297375679016,
              35.90895661628288
            ]
          ],
          [
            [
              14.503873586654663,
              35.90904785934465
            ],
            [
              14.504292011260986,
              35.909104343092054
            ]
          ],
          [
            [
              14.504039883613586,
              35.90875675016086
            ],
            [
              14.503980875015259,
              35.908904477343185
            ]
          ],
          [
            [
              14.505332708358765,
              35.90868723139138
            ],
            [
              14.505166411399841,
              35.9084526050935
            ],
            [
              14.505112767219543,
              35.908474329779935
            ],
            [
              14.505026936531067,
              35.90835701640232
            ],
            [
              14.505128860473633,
              35.908309222013415
            ],
            [
              14.505257606506348,
              35.90848736458895
            ],
            [
              14.505316615104675,
              35.908504744330926
            ],
            [
              14.505659937858582,
              35.90833963662787
            ],
            [
              14.505643844604492,
              35.90831356695904
            ]
          ],
          [
            [
              14.506362676620483,
              35.90841350064288
            ],
            [
              14.506319761276245,
              35.90837005123065
            ],
            [
              14.506319761276245,
              35.908287497281634
            ],
            [
              14.506373405456543,
              35.90823535790105
            ],
            [
              14.506325125694275,
              35.9081658386735
            ]
          ],
          [
            [
              14.506266117095947,
              35.91052945814545
            ],
            [
              14.506298303604126,
              35.91045125127769
            ],
            [
              14.506389498710632,
              35.9103165614909
            ],
            [
              14.506373405456543,
              35.910286147636356
            ],
            [
              14.506110548973083,
              35.91011235395749
            ],
            [
              14.505917429924011,
              35.90994290475304
            ],
            [
              14.505665302276611,
              35.909699592440234
            ],
            [
              14.505284428596497,
              35.90926075941293
            ],
            [
              14.505225419998169,
              35.90920427577716
            ],
            [
              14.505150318145752,
              35.90919124108626
            ],
            [
              14.505016207695007,
              35.90921296556991
            ],
            [
              14.504828453063965,
              35.90925641451929
            ],
            [
              14.504640698432922,
              35.90927379409237
            ],
            [
              14.504275918006897,
              35.909265104306314
            ],
            [
              14.5039701461792,
              35.90921296556991
            ],
            [
              14.503841400146484,
              35.90916951659666
            ],
            [
              14.503766298294067,
              35.909165171698035
            ],
            [
              14.50370192527771,
              35.90917820639322
            ],
            [
              14.503648281097412,
              35.90920427577716
            ]
          ],
          [
            [
              14.50869619846344,
              35.91094221533346
            ],
            [
              14.509028792381287,
              35.91076842309572
            ],
            [
              14.50920045375824,
              35.91069021646416
            ],
            [
              14.509758353233337,
              35.91017752663181
            ],
            [
              14.509989023208618,
              35.90999938786152
            ],
            [
              14.510064125061035,
              35.90996028417534
            ],
            [
              14.51017141342163,
              35.90996028417534
            ],
            [
              14.510235786437988,
              35.90999938786152
            ],
            [
              14.510251879692078,
              35.91004283637906
            ],
            [
              14.510219693183899,
              35.91018187147485
            ],
            [
              14.510149955749512,
              35.91035566500102
            ],
            [
              14.50994074344635,
              35.91059463047618
            ],
            [
              14.50971007347107,
              35.910798836764855
            ],
            [
              14.509575963020325,
              35.9108640088737
            ],
            [
              14.509398937225342,
              35.910929180928875
            ],
            [
              14.508728384971619,
              35.91099435293037
            ]
          ],
          [
            [
              14.509318470954895,
              35.910755388662466
            ],
            [
              14.509286284446716,
              35.91077276790631
            ],
            [
              14.509275555610657,
              35.9108031815738
            ],
            [
              14.509291648864746,
              35.910833595229604
            ],
            [
              14.509339928627014,
              35.91084662964995
            ],
            [
              14.509372115135193,
              35.910833595229604
            ],
            [
              14.509388208389282,
              35.91080752638247
            ],
            [
              14.509388208389282,
              35.9107901471463
            ],
            [
              14.509372115135193,
              35.91076407828487
            ],
            [
              14.509356021881104,
              35.910755388662466
            ],
            [
              14.509318470954895,
              35.910755388662466
            ]
          ],
          [
            [
              14.509280920028687,
              35.910820560807124
            ],
            [
              14.509125351905823,
              35.910855319262296
            ],
            [
              14.509001970291138,
              35.91086835367908
            ],
            [
              14.508867859840393,
              35.91085966406813
            ]
          ],
          [
            [
              14.509361386299133,
              35.91084228484341
            ],
            [
              14.509382843971252,
              35.91089442250613
            ]
          ],
          [
            [
              14.509382843971252,
              35.91077711271667
            ],
            [
              14.50942575931549,
              35.910755388662466
            ]
          ],
          [
            [
              14.509527683258057,
              35.91078145752678
            ],
            [
              14.509559869766235,
              35.910833595229604
            ]
          ],
          [
            [
              14.509554505348206,
              35.910698906093714
            ],
            [
              14.509565234184265,
              35.910716285349935
            ],
            [
              14.509559869766235,
              35.910755388662466
            ],
            [
              14.509527683258057,
              35.91078145752678
            ],
            [
              14.509506225585938,
              35.9107901471463
            ],
            [
              14.50945794582367,
              35.91078580233665
            ],
            [
              14.50942575931549,
              35.910755388662466
            ],
            [
              14.509420394897461,
              35.910716285349935
            ],
            [
              14.50944721698761,
              35.91068587164902
            ],
            [
              14.509490132331848,
              35.91067283720221
            ],
            [
              14.509538412094116,
              35.91068152683367
            ],
            [
              14.509554505348206,
              35.910698906093714
            ],
            [
              14.509597420692444,
              35.91066849238612
            ]
          ],
          [
            [
              14.509661793708801,
              35.910538147792636
            ],
            [
              14.509602785110474,
              35.91055987190647
            ],
            [
              14.509581327438354,
              35.91058159601434
            ],
            [
              14.509570598602295,
              35.91060766493588
            ],
            [
              14.509586691856384,
              35.910659802753244
            ],
            [
              14.509640336036682,
              35.91069021646416
            ],
            [
              14.50969934463501,
              35.91069021646416
            ],
            [
              14.509726166725159,
              35.91067718201806
            ],
            [
              14.509758353233337,
              35.91063807866685
            ],
            [
              14.509763717651367,
              35.910616354574486
            ],
            [
              14.509742259979248,
              35.91056856155032
            ],
            [
              14.50969398021698,
              35.9105424926159
            ]
          ],
          [
            [
              14.50993537902832,
              35.910342630499784
            ],
            [
              14.509903192520142,
              35.91038173399701
            ]
          ],
          [
            [
              14.510037302970886,
              35.91021228536947
            ],
            [
              14.510058760643005,
              35.91017752663181
            ]
          ],
          [
            [
              14.510010480880737,
              35.91020359568648
            ],
            [
              14.510037302970886,
              35.91021228536947
            ],
            [
              14.510080218315125,
              35.91025138893113
            ],
            [
              14.510085582733154,
              35.9102991821469
            ],
            [
              14.510069489479065,
              35.910325251161495
            ],
            [
              14.510021209716797,
              35.91035566500102
            ],
            [
              14.50996220111847,
              35.91035566500102
            ],
            [
              14.50993537902832,
              35.910342630499784
            ],
            [
              14.509908556938171,
              35.910320906326334
            ],
            [
              14.509897828102112,
              35.9102991821469
            ],
            [
              14.509897828102112,
              35.910273113123694
            ],
            [
              14.50992465019226,
              35.91022531989218
            ],
            [
              14.509978294372559,
              35.91020359568648
            ]
          ],
          [
            [
              14.509838819503784,
              35.91036435466731
            ],
            [
              14.509801268577576,
              35.91036869950008
            ],
            [
              14.509769082069397,
              35.91038173399701
            ],
            [
              14.509742259979248,
              35.91040345815378
            ],
            [
              14.509726166725159,
              35.91042952713404
            ],
            [
              14.509720802307129,
              35.91045559610572
            ],
            [
              14.509742259979248,
              35.910512078848186
            ],
            [
              14.509795904159546,
              35.91054683743887
            ],
            [
              14.509871006011963,
              35.91054683743887
            ],
            [
              14.509903192520142,
              35.91053380296917
            ],
            [
              14.50993001461029,
              35.910512078848186
            ],
            [
              14.50995147228241,
              35.91045994093348
            ],
            [
              14.50994610786438,
              35.91042952713404
            ],
            [
              14.50993001461029,
              35.91040345815378
            ],
            [
              14.509903192520142,
              35.91038173399701
            ],
            [
              14.509871006011963,
              35.91036869950008
            ]
          ],
          [
            [
              14.509742259979248,
              35.91040780298442
            ],
            [
              14.50968325138092,
              35.91037738916495
            ]
          ],
          [
            [
              14.510139226913452,
              35.910160147257244
            ],
            [
              14.510112404823303,
              35.91017752663181
            ],
            [
              14.510058760643005,
              35.91017752663181
            ],
            [
              14.510042667388916,
              35.910168836944976
            ],
            [
              14.510031938552856,
              35.91013842303366
            ],
            [
              14.510042667388916,
              35.91010800911063
            ],
            [
              14.510074853897095,
              35.9100906297208
            ],
            [
              14.510112404823303,
              35.91009497456861
            ],
            [
              14.510139226913452,
              35.91011669880413
            ],
            [
              14.510139226913452,
              35.910160147257244
            ],
            [
              14.510219693183899,
              35.91018621631764
            ]
          ],
          [
            [
              14.510868787765503,
              35.9088088891979
            ],
            [
              14.510600566864014,
              35.908543848736485
            ],
            [
              14.51046109199524,
              35.90843957027879
            ],
            [
              14.510482549667358,
              35.90827011749191
            ],
            [
              14.5109224319458,
              35.907931210829574
            ],
            [
              14.510911703109741,
              35.90791817592894
            ]
          ],
          [
            [
              14.511866569519043,
              35.906571224623576
            ],
            [
              14.511566162109375,
              35.90692751719915
            ]
          ]
        ]
      },
      "properties": {
        "subclass": "footway",
        "surface": "paved",
        "class": "path",
        "source_layer": "transportation",
        "source_tile": "https://tiles.openfreemap.org/planet/20261004_113936_pt/14/8852/6438.pbf"
      }
    },
    {
      "type": "Feature",
      "id": "transportation:1726474532-0",
      "geometry": {
        "type": "LineString",
        "coordinates": [
          [
            14.501609802246094,
            35.91692043586836
          ],
          [
            14.503079652786255,
            35.916585910751024
          ],
          [
            14.503873586654663,
            35.91644254241051
          ],
          [
            14.504066705703735,
            35.91638606390201
          ]
        ]
      },
      "properties": {
        "subclass": "footway",
        "surface": "paved",
        "class": "path",
        "foot": "yes",
        "source_layer": "transportation",
        "source_tile": "https://tiles.openfreemap.org/planet/20261004_113936_pt/14/8852/6438.pbf"
      }
    },
    {
      "type": "Feature",
      "id": "transportation:3291680690-0",
      "geometry": {
        "type": "MultiLineString",
        "coordinates": [
          [
            [
              14.504023790359497,
              35.916273106763995
            ],
            [
              14.504066705703735,
              35.91638606390201
            ]
          ],
          [
            [
              14.50396478176117,
              35.91622531715707
            ],
            [
              14.503996968269348,
              35.9162209726459
            ],
            [
              14.504013061523438,
              35.91624269519929
            ]
          ],
          [
            [
              14.506813287734985,
              35.91437453380577
            ],
            [
              14.506818652153015,
              35.91432674305186
            ]
          ],
          [
            [
              14.506866931915283,
              35.91394441598116
            ],
            [
              14.507167339324951,
              35.91389228032837
            ]
          ],
          [
            [
              14.507156610488892,
              35.91383145535667
            ],
            [
              14.507172703742981,
              35.91391834815906
            ]
          ],
          [
            [
              14.5071941614151,
              35.911502692699514
            ],
            [
              14.507167339324951,
              35.91145924498365
            ]
          ],
          [
            [
              14.503648281097412,
              35.90920427577716
            ],
            [
              14.503074288368225,
              35.90928682876968
            ],
            [
              14.502124786376953,
              35.90939979588299
            ],
            [
              14.501609802246094,
              35.909451934496275
            ]
          ],
          [
            [
              14.504039883613586,
              35.90875675016086
            ],
            [
              14.504045248031616,
              35.90873937047425
            ]
          ],
          [
            [
              14.504233002662659,
              35.9087915095227
            ],
            [
              14.504243731498718,
              35.908769784923365
            ]
          ],
          [
            [
              14.508095383644104,
              35.91119855818738
            ],
            [
              14.508106112480164,
              35.91122028211987
            ],
            [
              14.50846016407013,
              35.911081248848845
            ],
            [
              14.50846552848816,
              35.91110297281355
            ],
            [
              14.50793445110321,
              35.91131152257121
            ]
          ],
          [
            [
              14.509731531143188,
              35.91055987190647
            ],
            [
              14.509763717651367,
              35.91052945814545
            ]
          ],
          [
            [
              14.510112404823303,
              35.91060332011624
            ],
            [
              14.510353803634644,
              35.91021228536947
            ],
            [
              14.510477185249329,
              35.90987773188549
            ],
            [
              14.510530829429626,
              35.90983428327728
            ]
          ],
          [
            [
              14.509731531143188,
              35.910055870929654
            ],
            [
              14.509833455085754,
              35.91011235395749
            ]
          ],
          [
            [
              14.510112404823303,
              35.91009497456861
            ],
            [
              14.51017141342163,
              35.90996028417534
            ]
          ],
          [
            [
              14.5089590549469,
              35.909239034942416
            ],
            [
              14.508905410766602,
              35.90877847476379
            ],
            [
              14.508572816848755,
              35.908530813936764
            ]
          ],
          [
            [
              14.50971007347107,
              35.90848736458895
            ],
            [
              14.509828090667725,
              35.90853515887025
            ],
            [
              14.510048031806946,
              35.90870026616534
            ]
          ],
          [
            [
              14.511533975601196,
              35.90766182244708
            ],
            [
              14.51142132282257,
              35.90755319783986
            ]
          ],
          [
            [
              14.511861205101013,
              35.90720994310091
            ],
            [
              14.512354731559753,
              35.907370708164024
            ],
            [
              14.512590765953064,
              35.90738374315484
            ]
          ],
          [
            [
              14.510225057601929,
              35.910168836944976
            ],
            [
              14.510257244110107,
              35.91017752663181
            ],
            [
              14.510251879692078,
              35.91019490600256
            ]
          ],
          [
            [
              14.51342225074768,
              35.90730987817855
            ],
            [
              14.513368606567383,
              35.907370708164024
            ],
            [
              14.513127207756042,
              35.90754450786483
            ],
            [
              14.512494206428528,
              35.90781824161954
            ]
          ],
          [
            [
              14.51070249080658,
              35.9067406810486
            ],
            [
              14.510799050331116,
              35.906671160507855
            ],
            [
              14.510761499404907,
              35.90663205517687
            ],
            [
              14.510868787765503,
              35.906571224623576
            ]
          ],
          [
            [
              14.509254097938538,
              35.90670157575197
            ],
            [
              14.509270191192627,
              35.90674937111187
            ]
          ]
        ]
      },
      "properties": {
        "subclass": "footway",
        "class": "path",
        "source_layer": "transportation",
        "source_tile": "https://tiles.openfreemap.org/planet/20261004_113936_pt/14/8852/6438.pbf"
      }
    },
    {
      "type": "Feature",
      "id": "transportation:3325153770-0",
      "geometry": {
        "type": "MultiLineString",
        "coordinates": [
          [
            [
              14.501824378967285,
              35.91447011522699
            ],
            [
              14.501615166664124,
              35.914413635310225
            ],
            [
              14.501674175262451,
              35.91425722917644
            ],
            [
              14.501609802246094,
              35.91424419531798
            ]
          ],
          [
            [
              14.501609802246094,
              35.91417468137003
            ],
            [
              14.501674175262451,
              35.91418771523993
            ],
            [
              14.50170636177063,
              35.91403565329087
            ]
          ],
          [
            [
              14.501663446426392,
              35.91427895226906
            ],
            [
              14.501872658729553,
              35.91433108766704
            ]
          ],
          [
            [
              14.506974220275879,
              35.91381407678472
            ],
            [
              14.506990313529968,
              35.913748907106
            ],
            [
              14.507017135620117,
              35.91371414992204
            ],
            [
              14.507033228874207,
              35.91371414992204
            ],
            [
              14.507328271865845,
              35.913848833924774
            ]
          ],
          [
            [
              14.50670063495636,
              35.91382276607118
            ],
            [
              14.507054686546326,
              35.91381842142806
            ],
            [
              14.507156610488892,
              35.91383145535667
            ],
            [
              14.507355093955994,
              35.91387924640978
            ],
            [
              14.507376551628113,
              35.91389228032837
            ],
            [
              14.507387280464172,
              35.913909658883114
            ],
            [
              14.50743019580841,
              35.91418771523993
            ],
            [
              14.507419466972351,
              35.91422681683672
            ],
            [
              14.507392644882202,
              35.9142659184142
            ],
            [
              14.507317543029785,
              35.91432674305186
            ]
          ],
          [
            [
              14.509613513946533,
              35.907770446905204
            ],
            [
              14.509790539741516,
              35.90788341618348
            ],
            [
              14.510058760643005,
              35.90809197442729
            ]
          ],
          [
            [
              14.510632753372192,
              35.9085134342005
            ],
            [
              14.510900974273682,
              35.90876544000278
            ]
          ]
        ]
      },
      "properties": {
        "class": "service",
        "source_layer": "transportation",
        "source_tile": "https://tiles.openfreemap.org/planet/20261004_113936_pt/14/8852/6438.pbf"
      }
    },
    {
      "type": "Feature",
      "id": "transportation:175216252-0",
      "geometry": {
        "type": "LineString",
        "coordinates": [
          [
            14.501609802246094,
            35.91483071682188
          ],
          [
            14.501631259918213,
            35.91482637223413
          ]
        ]
      },
      "properties": {
        "surface": "paved",
        "class": "minor",
        "oneway": 1,
        "source_layer": "transportation",
        "source_tile": "https://tiles.openfreemap.org/planet/20261004_113936_pt/14/8852/6438.pbf"
      }
    },
    {
      "type": "Feature",
      "id": "transportation:227787952-0",
      "geometry": {
        "type": "LineString",
        "coordinates": [
          [
            14.503353238105774,
            35.916273106763995
          ],
          [
            14.503111839294434,
            35.91562577236229
          ],
          [
            14.502730965614319,
            35.914557007327886
          ],
          [
            14.502478837966919,
            35.91381842142806
          ],
          [
            14.502344727516174,
            35.91337526657831
          ]
        ]
      },
      "properties": {
        "surface": "paved",
        "class": "minor",
        "oneway": 1,
        "source_layer": "transportation",
        "source_tile": "https://tiles.openfreemap.org/planet/20261004_113936_pt/14/8852/6438.pbf"
      }
    },
    {
      "type": "Feature",
      "id": "transportation:227788002-0",
      "geometry": {
        "type": "LineString",
        "coordinates": [
          [
            14.502022862434387,
            35.91335354323752
          ],
          [
            14.50222134590149,
            35.91467865610879
          ],
          [
            14.502344727516174,
            35.91587341098051
          ],
          [
            14.50243592262268,
            35.91653377683909
          ]
        ]
      },
      "properties": {
        "surface": "paved",
        "class": "minor",
        "oneway": 1,
        "source_layer": "transportation",
        "source_tile": "https://tiles.openfreemap.org/planet/20261004_113936_pt/14/8852/6438.pbf"
      }
    },
    {
      "type": "Feature",
      "id": "transportation:228872202-0",
      "geometry": {
        "type": "LineString",
        "coordinates": [
          [
            14.50443685054779,
            35.91524779613458
          ],
          [
            14.504318833351135,
            35.915234762439354
          ],
          [
            14.504152536392212,
            35.91526082982767
          ],
          [
            14.503562450408936,
            35.91546067951944
          ],
          [
            14.503111839294434,
            35.91562577236229
          ],
          [
            14.502344727516174,
            35.91587341098051
          ],
          [
            14.501743912696838,
            35.91601678035252
          ]
        ]
      },
      "properties": {
        "surface": "paved",
        "class": "minor",
        "oneway": 1,
        "source_layer": "transportation",
        "source_tile": "https://tiles.openfreemap.org/planet/20261004_113936_pt/14/8852/6438.pbf"
      }
    },
    {
      "type": "Feature",
      "id": "transportation:4300014022-0",
      "geometry": {
        "type": "LineString",
        "coordinates": [
          [
            14.50318694114685,
            35.91445273679534
          ],
          [
            14.502918720245361,
            35.913705460623675
          ]
        ]
      },
      "properties": {
        "surface": "paved",
        "class": "minor",
        "oneway": 1,
        "source_layer": "transportation",
        "source_tile": "https://tiles.openfreemap.org/planet/20261004_113936_pt/14/8852/6438.pbf"
      }
    },
    {
      "type": "Feature",
      "id": "transportation:4520100422-0",
      "geometry": {
        "type": "LineString",
        "coordinates": [
          [
            14.501631259918213,
            35.91482637223413
          ],
          [
            14.502730965614319,
            35.914557007327886
          ],
          [
            14.50318694114685,
            35.91445273679534
          ]
        ]
      },
      "properties": {
        "surface": "paved",
        "class": "minor",
        "oneway": 1,
        "source_layer": "transportation",
        "source_tile": "https://tiles.openfreemap.org/planet/20261004_113936_pt/14/8852/6438.pbf"
      }
    },
    {
      "type": "Feature",
      "id": "transportation:8240900812-0",
      "geometry": {
        "type": "LineString",
        "coordinates": [
          [
            14.501609802246094,
            35.91481333846947
          ],
          [
            14.501631259918213,
            35.91482637223413
          ]
        ]
      },
      "properties": {
        "surface": "paved",
        "class": "minor",
        "oneway": 1,
        "source_layer": "transportation",
        "source_tile": "https://tiles.openfreemap.org/planet/20261004_113936_pt/14/8852/6438.pbf"
      }
    },
    {
      "type": "Feature",
      "id": "transportation:13758771662-0",
      "geometry": {
        "type": "LineString",
        "coordinates": [
          [
            14.501743912696838,
            35.91601678035252
          ],
          [
            14.501609802246094,
            35.91606457008545
          ]
        ]
      },
      "properties": {
        "surface": "paved",
        "class": "minor",
        "oneway": 1,
        "source_layer": "transportation",
        "source_tile": "https://tiles.openfreemap.org/planet/20261004_113936_pt/14/8852/6438.pbf"
      }
    },
    {
      "type": "Feature",
      "id": "transportation:2190613830-0",
      "geometry": {
        "type": "LineString",
        "coordinates": [
          [
            14.506507515907288,
            35.9105424926159
          ],
          [
            14.506587982177734,
            35.911155110304506
          ],
          [
            14.506636261940002,
            35.91168951760585
          ],
          [
            14.506781101226807,
            35.912614946102025
          ],
          [
            14.506722092628479,
            35.91314934354267
          ],
          [
            14.50670063495636,
            35.91382276607118
          ],
          [
            14.50671672821045,
            35.913905314244786
          ],
          [
            14.50670599937439,
            35.914161647498005
          ],
          [
            14.5066899061203,
            35.91433108766704
          ],
          [
            14.506566524505615,
            35.91451356128937
          ],
          [
            14.506346583366394,
            35.91472644665012
          ],
          [
            14.506142735481262,
            35.914878507271354
          ],
          [
            14.505820870399475,
            35.91498712182184
          ],
          [
            14.504656791687012,
            35.91516524936182
          ],
          [
            14.50443685054779,
            35.91524779613458
          ],
          [
            14.504351019859314,
            35.915286897207395
          ],
          [
            14.504249095916748,
            35.91537813296884
          ],
          [
            14.503814578056335,
            35.91597767964046
          ],
          [
            14.5034658908844,
            35.91623400617864
          ],
          [
            14.503353238105774,
            35.916273106763995
          ],
          [
            14.501609802246094,
            35.91676837917224
          ]
        ]
      },
      "properties": {
        "surface": "paved",
        "class": "secondary",
        "source_layer": "transportation",
        "source_tile": "https://tiles.openfreemap.org/planet/20261004_113936_pt/14/8852/6438.pbf"
      }
    },
    {
      "type": "Feature",
      "id": "transportation_name:5911325692-0",
      "geometry": {
        "type": "MultiLineString",
        "coordinates": [
          [
            [
              14.501738548278809,
              35.92520056770573
            ],
            [
              14.505380988121033,
              35.92131257598095
            ],
            [
              14.512156248092651,
              35.91465693312594
            ],
            [
              14.516066908836365,
              35.910590285655815
            ],
            [
              14.51720416545868,
              35.90907827367518
            ],
            [
              14.517611861228943,
              35.908191908391004
            ],
            [
              14.517611861228943,
              35.90746195305455
            ],
            [
              14.516989588737488,
              35.90655818949894
            ],
            [
              14.516721367835999,
              35.906293141498736
            ]
          ],
          [
            [
              14.505756497383118,
              35.906293141498736
            ],
            [
              14.504495859146118,
              35.90671461085297
            ],
            [
              14.503841400146484,
              35.90707959280995
            ],
            [
              14.50343370437622,
              35.90738808815129
            ],
            [
              14.503154754638672,
              35.90774437704887
            ],
            [
              14.50294554233551,
              35.908078939553164
            ],
            [
              14.50269877910614,
              35.9083874309984
            ]
          ]
        ]
      },
      "properties": {
        "name_int": "Sliema - Buġibba (Saint Paul's Bay) - Blue Lagoon (Comino) - Mġarr (Gozo)",
        "name_de": "Tas-Sliema - Buġibba (San Pawl il-Baħar) - Bejn il-Kmiemen (Kemmuna) - L-Imġarr (Għawdex)",
        "name": "Tas-Sliema - Buġibba (San Pawl il-Baħar) - Bejn il-Kmiemen (Kemmuna) - L-Imġarr (Għawdex)",
        "name:en": "Sliema - Buġibba (Saint Paul's Bay) - Blue Lagoon (Comino) - Mġarr (Gozo)",
        "class": "ferry",
        "name:latin": "Tas-Sliema - Buġibba (San Pawl il-Baħar) - Bejn il-Kmiemen (Kemmuna) - L-Imġarr (Għawdex)",
        "name_en": "Sliema - Buġibba (Saint Paul's Bay) - Blue Lagoon (Comino) - Mġarr (Gozo)",
        "source_layer": "transportation_name",
        "source_tile": "https://tiles.openfreemap.org/planet/20261004_113936_pt/14/8852/6438.pbf"
      }
    },
    {
      "type": "Feature",
      "id": "transportation_name:14132149532-0",
      "geometry": {
        "type": "MultiLineString",
        "coordinates": [
          [
            [
              14.505643844604492,
              35.90831356695904
            ],
            [
              14.505858421325684,
              35.90674502608036
            ],
            [
              14.506325125694275,
              35.906293141498736
            ]
          ],
          [
            [
              14.517241716384888,
              35.906293141498736
            ],
            [
              14.517391920089722,
              35.9064321831833
            ],
            [
              14.518137574195862,
              35.90737939815814
            ],
            [
              14.518271684646606,
              35.908183218486116
            ],
            [
              14.517740607261658,
              35.909226000257235
            ],
            [
              14.504404664039612,
              35.92315885286746
            ],
            [
              14.502237439155579,
              35.92520056770573
            ]
          ]
        ]
      },
      "properties": {
        "name_int": "Sliema - Buġibba (Saint Paul's Bay) - Mġarr (Gozo)",
        "name_de": "Tas-Sliema - Buġibba (San Pawl il-Baħar) - L-Imġarr (Għawdex)",
        "name": "Tas-Sliema - Buġibba (San Pawl il-Baħar) - L-Imġarr (Għawdex)",
        "name:en": "Sliema - Buġibba (Saint Paul's Bay) - Mġarr (Gozo)",
        "class": "ferry",
        "name:latin": "Tas-Sliema - Buġibba (San Pawl il-Baħar) - L-Imġarr (Għawdex)",
        "name_en": "Sliema - Buġibba (Saint Paul's Bay) - Mġarr (Gozo)",
        "source_layer": "transportation_name",
        "source_tile": "https://tiles.openfreemap.org/planet/20261004_113936_pt/14/8852/6438.pbf"
      }
    },
    {
      "type": "Feature",
      "id": "transportation_name:175216250-0",
      "geometry": {
        "type": "LineString",
        "coordinates": [
          [
            14.501266479492188,
            35.91492195310944
          ],
          [
            14.501631259918213,
            35.91482637223413
          ],
          [
            14.502730965614319,
            35.914557007327886
          ],
          [
            14.50318694114685,
            35.91445273679534
          ],
          [
            14.503508806228638,
            35.914370189192965
          ],
          [
            14.503830671310425,
            35.91430067535573
          ],
          [
            14.504002332687378,
            35.914231161457394
          ],
          [
            14.505531191825867,
            35.91341436857667
          ],
          [
            14.506400227546692,
            35.91293210924614
          ]
        ]
      },
      "properties": {
        "name_int": "Triq Ġużè Howard",
        "name:mt": "Triq Ġużè Howard",
        "name_de": "Triq Ġużè Howard",
        "name": "Triq Ġużè Howard",
        "class": "minor",
        "name:latin": "Triq Ġużè Howard",
        "name_en": "Triq Ġużè Howard",
        "source_layer": "transportation_name",
        "source_tile": "https://tiles.openfreemap.org/planet/20261004_113936_pt/14/8852/6438.pbf"
      }
    },
    {
      "type": "Feature",
      "id": "transportation_name:227787860-0",
      "geometry": {
        "type": "LineString",
        "coordinates": [
          [
            14.503562450408936,
            35.91546067951944
          ],
          [
            14.502747058868408,
            35.91325361579314
          ],
          [
            14.502505660057068,
            35.91254108600923
          ],
          [
            14.502403736114502,
            35.912284747505154
          ]
        ]
      },
      "properties": {
        "name_int": "George Borg Olivier Street",
        "name:mt": "Triq Ġorġ Borg Olivier",
        "name_de": "Triq Ġorġ Borg Olivier",
        "name": "Triq Ġorġ Borg Olivier",
        "name:en": "George Borg Olivier Street",
        "class": "minor",
        "name:latin": "Triq Ġorġ Borg Olivier",
        "name_en": "George Borg Olivier Street",
        "source_layer": "transportation_name",
        "source_tile": "https://tiles.openfreemap.org/planet/20261004_113936_pt/14/8852/6438.pbf"
      }
    },
    {
      "type": "Feature",
      "id": "transportation_name:227787952-0",
      "geometry": {
        "type": "LineString",
        "coordinates": [
          [
            14.503353238105774,
            35.916273106763995
          ],
          [
            14.503111839294434,
            35.91562577236229
          ],
          [
            14.502730965614319,
            35.914557007327886
          ],
          [
            14.502478837966919,
            35.91381842142806
          ],
          [
            14.502344727516174,
            35.91337526657831
          ]
        ]
      },
      "properties": {
        "name": "Triq Sir Luigi Camilleri",
        "name_int": "Triq Sir Luigi Camilleri",
        "class": "minor",
        "name:latin": "Triq Sir Luigi Camilleri",
        "name_de": "Triq Sir Luigi Camilleri",
        "name_en": "Triq Sir Luigi Camilleri",
        "source_layer": "transportation_name",
        "source_tile": "https://tiles.openfreemap.org/planet/20261004_113936_pt/14/8852/6438.pbf"
      }
    },
    {
      "type": "Feature",
      "id": "transportation_name:227788482-0",
      "geometry": {
        "type": "LineString",
        "coordinates": [
          [
            14.5014488697052,
            35.91681616845109
          ],
          [
            14.50144350528717,
            35.916785757095155
          ],
          [
            14.501266479492188,
            35.9164251644122
          ]
        ]
      },
      "properties": {
        "name_int": "Saint John Bosco Street",
        "name:mt": "Triq San Ġwann Bosco",
        "name_de": "Triq San Ġwann Bosco",
        "name": "Triq San Ġwann Bosco",
        "name:en": "Saint John Bosco Street",
        "class": "minor",
        "name:latin": "Triq San Ġwann Bosco",
        "name_en": "Saint John Bosco Street",
        "source_layer": "transportation_name",
        "source_tile": "https://tiles.openfreemap.org/planet/20261004_113936_pt/14/8852/6438.pbf"
      }
    },
    {
      "type": "Feature",
      "id": "transportation_name:228872200-0",
      "geometry": {
        "type": "LineString",
        "coordinates": [
          [
            14.50443685054779,
            35.91524779613458
          ],
          [
            14.504318833351135,
            35.915234762439354
          ],
          [
            14.504152536392212,
            35.91526082982767
          ],
          [
            14.503562450408936,
            35.91546067951944
          ],
          [
            14.503111839294434,
            35.91562577236229
          ],
          [
            14.502344727516174,
            35.91587341098051
          ],
          [
            14.501743912696838,
            35.91601678035252
          ],
          [
            14.501266479492188,
            35.916181872034784
          ]
        ]
      },
      "properties": {
        "name_int": "Triq Windsor",
        "name:mt": "Triq Windsor",
        "name_de": "Triq Windsor",
        "name": "Triq Windsor",
        "class": "minor",
        "name:latin": "Triq Windsor",
        "name_en": "Triq Windsor",
        "source_layer": "transportation_name",
        "source_tile": "https://tiles.openfreemap.org/planet/20261004_113936_pt/14/8852/6438.pbf"
      }
    },
    {
      "type": "Feature",
      "id": "transportation_name:8240900812-0",
      "geometry": {
        "type": "LineString",
        "coordinates": [
          [
            14.501266479492188,
            35.9145743857366
          ],
          [
            14.501631259918213,
            35.91482637223413
          ]
        ]
      },
      "properties": {
        "name_int": "Triq il-Monsinjur Ġużeppi De Piro",
        "name:mt": "Triq il-Monsinjur Ġużeppi De Piro",
        "name_de": "Triq il-Monsinjur Ġużeppi De Piro",
        "name": "Triq il-Monsinjur Ġużeppi De Piro",
        "class": "minor",
        "name:latin": "Triq il-Monsinjur Ġużeppi De Piro",
        "name_en": "Triq il-Monsinjur Ġużeppi De Piro",
        "source_layer": "transportation_name",
        "source_tile": "https://tiles.openfreemap.org/planet/20261004_113936_pt/14/8852/6438.pbf"
      }
    },
    {
      "type": "Feature",
      "id": "transportation_name:85901210-0",
      "geometry": {
        "type": "LineString",
        "coordinates": [
          [
            14.505268335342407,
            35.909152137000675
          ],
          [
            14.5056813955307,
            35.909621384752185
          ],
          [
            14.50594961643219,
            35.90991249075486
          ],
          [
            14.506174921989441,
            35.91010800911063
          ],
          [
            14.506233930587769,
            35.91014711272379
          ],
          [
            14.506373405456543,
            35.910220975051516
          ],
          [
            14.50644850730896,
            35.91025138893113
          ],
          [
            14.506469964981079,
            35.910303526983256
          ],
          [
            14.506587982177734,
            35.911155110304506
          ],
          [
            14.506636261940002,
            35.91168951760585
          ],
          [
            14.506781101226807,
            35.912614946102025
          ],
          [
            14.506722092628479,
            35.91314934354267
          ],
          [
            14.50670063495636,
            35.91382276607118
          ],
          [
            14.50671672821045,
            35.913905314244786
          ],
          [
            14.50670599937439,
            35.914161647498005
          ],
          [
            14.5066899061203,
            35.91433108766704
          ],
          [
            14.506566524505615,
            35.91451356128937
          ],
          [
            14.506346583366394,
            35.91472644665012
          ],
          [
            14.506142735481262,
            35.914878507271354
          ],
          [
            14.505820870399475,
            35.91498712182184
          ],
          [
            14.504656791687012,
            35.91516524936182
          ],
          [
            14.50443685054779,
            35.91524779613458
          ],
          [
            14.504351019859314,
            35.915286897207395
          ],
          [
            14.504249095916748,
            35.91537813296884
          ],
          [
            14.503814578056335,
            35.91597767964046
          ],
          [
            14.5034658908844,
            35.91623400617864
          ],
          [
            14.503353238105774,
            35.916273106763995
          ],
          [
            14.501266479492188,
            35.91687264665252
          ]
        ]
      },
      "properties": {
        "name_int": "Tower Road",
        "ref": "127",
        "name:mt": "Triq it-Torri",
        "name_de": "Triq it-Torri",
        "name": "Triq it-Torri",
        "ref_length": 3,
        "name:en": "Tower Road",
        "class": "secondary",
        "name:latin": "Triq it-Torri",
        "name_en": "Tower Road",
        "network": "road",
        "source_layer": "transportation_name",
        "source_tile": "https://tiles.openfreemap.org/planet/20261004_113936_pt/14/8852/6438.pbf"
      }
    },
    {
      "type": "Feature",
      "id": "landuse:325945582-0",
      "geometry": {
        "type": "Polygon",
        "coordinates": [
          [
            [
              14.501609802246094,
              35.91506097963098
            ],
            [
              14.501631259918213,
              35.915056635055876
            ],
            [
              14.501609802246094,
              35.914934986856224
            ],
            [
              14.501609802246094,
              35.91506097963098
            ]
          ]
        ]
      },
      "properties": {
        "class": "school",
        "source_layer": "landuse",
        "source_tile": "https://tiles.openfreemap.org/planet/20261004_113936_pt/14/8852/6438.pbf"
      }
    },
    {
      "type": "Feature",
      "id": "landuse:4520100442-0",
      "geometry": {
        "type": "Polygon",
        "coordinates": [
          [
            [
              14.501609802246094,
              35.9160211248749
            ],
            [
              14.501668810844421,
              35.916003746783986
            ],
            [
              14.50168490409851,
              35.915986368689275
            ],
            [
              14.501647353172302,
              35.91538682208346
            ],
            [
              14.501631259918213,
              35.915056635055876
            ],
            [
              14.501609802246094,
              35.914934986856224
            ],
            [
              14.501609802246094,
              35.9160211248749
            ]
          ]
        ]
      },
      "properties": {
        "class": "school",
        "source_layer": "landuse",
        "source_tile": "https://tiles.openfreemap.org/planet/20261004_113936_pt/14/8852/6438.pbf"
      }
    },
    {
      "type": "Feature",
      "id": "landuse:160135650-0",
      "geometry": {
        "type": "Polygon",
        "coordinates": [
          [
            [
              14.501609802246094,
              35.91673362331494
            ],
            [
              14.502382278442383,
              35.91650336537458
            ],
            [
              14.50343906879425,
              35.91621228362287
            ],
            [
              14.503787755966187,
              35.91592554532768
            ],
            [
              14.503921866416931,
              35.91547805772964
            ],
            [
              14.503825306892395,
              35.915339031941116
            ],
            [
              14.503996968269348,
              35.9152695189552
            ],
            [
              14.504104256629944,
              35.91523041787379
            ],
            [
              14.504141807556152,
              35.91512614822885
            ],
            [
              14.50417935848236,
              35.91514352651254
            ],
            [
              14.50419545173645,
              35.91514352651254
            ],
            [
              14.504270553588867,
              35.915108769941355
            ],
            [
              14.504297375679016,
              35.91511745908558
            ],
            [
              14.504324197769165,
              35.91519131677303
            ],
            [
              14.50494647026062,
              35.91507835792899
            ],
            [
              14.50569748878479,
              35.91492629769192
            ],
            [
              14.505895972251892,
              35.91490023019337
            ],
            [
              14.506067633628845,
              35.91478292634356
            ],
            [
              14.5061856508255,
              35.914691689895676
            ],
            [
              14.506292939186096,
              35.91460479794269
            ],
            [
              14.50644850730896,
              35.914457081403626
            ],
            [
              14.506593346595764,
              35.91430067535573
            ],
            [
              14.506620168685913,
              35.91422681683672
            ],
            [
              14.506636261940002,
              35.91412689049537
            ],
            [
              14.506620168685913,
              35.9138401446412
            ],
            [
              14.506620168685913,
              35.91316672226064
            ],
            [
              14.506539702415466,
              35.91297990084257
            ],
            [
              14.506668448448181,
              35.91284087066373
            ],
            [
              14.5066899061203,
              35.912710529649175
            ],
            [
              14.50667917728424,
              35.912410744500775
            ],
            [
              14.506561160087585,
              35.91223261075861
            ],
            [
              14.506067633628845,
              35.911980615999326
            ],
            [
              14.506110548973083,
              35.911928479052364
            ],
            [
              14.506555795669556,
              35.911606967120235
            ],
            [
              14.506523609161377,
              35.911368004702666
            ],
            [
              14.506469964981079,
              35.91085097445624
            ],
            [
              14.50644314289093,
              35.91064676830213
            ],
            [
              14.506271481513977,
              35.91062069939345
            ],
            [
              14.506223201751709,
              35.91057725119323
            ],
            [
              14.506276845932007,
              35.91044690644945
            ],
            [
              14.506368041038513,
              35.910294837310275
            ],
            [
              14.506078362464905,
              35.91011669880413
            ],
            [
              14.506046175956726,
              35.910081940024426
            ],
            [
              14.505847692489624,
              35.90991249075486
            ],
            [
              14.505820870399475,
              35.909873387025726
            ],
            [
              14.50568675994873,
              35.90973869625523
            ],
            [
              14.505627751350403,
              35.90968655783091
            ],
            [
              14.50520932674408,
              35.909247724731316
            ],
            [
              14.505123496055603,
              35.90923469004757
            ],
            [
              14.50496256351471,
              35.90926075941293
            ],
            [
              14.504860639572144,
              35.90929986344483
            ],
            [
              14.504640698432922,
              35.909317243008346
            ],
            [
              14.504308104515076,
              35.90929986344483
            ],
            [
              14.503771662712097,
              35.90920427577716
            ],
            [
              14.50343906879425,
              35.90926075941293
            ],
            [
              14.503422975540161,
              35.90918255129114
            ],
            [
              14.50345516204834,
              35.90912172269853
            ],
            [
              14.50345516204834,
              35.90908696348177
            ],
            [
              14.502993822097778,
              35.90888709768902
            ],
            [
              14.50246274471283,
              35.90867854154092
            ],
            [
              14.502328634262085,
              35.90860902270272
            ],
            [
              14.501776099205017,
              35.9084308804011
            ],
            [
              14.501615166664124,
              35.90839177593975
            ],
            [
              14.501609802246094,
              35.9083874309984
            ],
            [
              14.501609802246094,
              35.91673362331494
            ]
          ]
        ]
      },
      "properties": {
        "class": "residential",
        "source_layer": "landuse",
        "source_tile": "https://tiles.openfreemap.org/planet/20261004_113936_pt/14/8852/6438.pbf"
      }
    },
    {
      "type": "Feature",
      "id": "landuse:160135650-1",
      "geometry": {
        "type": "Polygon",
        "coordinates": [
          [
            [
              14.501609802246094,
              35.91673362331494
            ],
            [
              14.502382278442383,
              35.91650336537458
            ],
            [
              14.502307176589966,
              35.9159125117441
            ],
            [
              14.501754641532898,
              35.91606457008545
            ],
            [
              14.501609802246094,
              35.91611670430662
            ],
            [
              14.501609802246094,
              35.91673362331494
            ]
          ]
        ]
      },
      "properties": {
        "class": "residential",
        "source_layer": "landuse",
        "source_tile": "https://tiles.openfreemap.org/planet/20261004_113936_pt/14/8852/6438.pbf"
      }
    }
  ]
}
