{
  "type": "FeatureCollection",
  "source": "https://tiles.openfreemap.org/planet/20261004_113936_pt/14/8852/6439.pbf",
  "sources": [
    "https://tiles.openfreemap.org/planet/20261004_113936_pt/14/8852/6439.pbf"
  ],
  "fetched_at": "2026-10-09T09:15:15.705Z",
  "attribution": "Map data © OpenStreetMap contributors, ODbL: https://www.openstreetmap.org/copyright",
  "description": "OpenFreeMap vector-tile features intersecting a query box extending 160 m from the centre in each direction. Complete intersecting features are retained. Tile/component IDs are not OSM way IDs.",
  "church_id": "0006",
  "context_center": [
    14.51262,
    35.8977
  ],
  "context_bbox": [
    14.510845700945419,
    35.89626270212001,
    14.514394299054581,
    35.89913729787999
  ],
  "features": [
    {
      "type": "Feature",
      "id": "building:35098320-59",
      "geometry": {
        "type": "Polygon",
        "coordinates": [
          [
            [
              14.510729312896729,
              35.899084364519965
            ],
            [
              14.510568380355835,
              35.89925383697623
            ],
            [
              14.510804414749146,
              35.89935812753822
            ],
            [
              14.51093852519989,
              35.899214727980066
            ],
            [
              14.510729312896729,
              35.899084364519965
            ]
          ]
        ]
      },
      "properties": {
        "render_height": 5,
        "render_min_height": 0,
        "source_layer": "building",
        "source_tile": "https://tiles.openfreemap.org/planet/20261004_113936_pt/14/8852/6439.pbf"
      }
    },
    {
      "type": "Feature",
      "id": "building:35098320-64",
      "geometry": {
        "type": "Polygon",
        "coordinates": [
          [
            [
              14.51246201992035,
              35.89885840068047
            ],
            [
              14.51267659664154,
              35.89864112714959
            ],
            [
              14.5124351978302,
              35.898489035323095
            ],
            [
              14.512220621109009,
              35.89870630927146
            ],
            [
              14.51246201992035,
              35.89885840068047
            ]
          ]
        ]
      },
      "properties": {
        "render_height": 5,
        "render_min_height": 0,
        "source_layer": "building",
        "source_tile": "https://tiles.openfreemap.org/planet/20261004_113936_pt/14/8852/6439.pbf"
      }
    },
    {
      "type": "Feature",
      "id": "building:35098320-65",
      "geometry": {
        "type": "Polygon",
        "coordinates": [
          [
            [
              14.512730240821838,
              35.89878018227806
            ],
            [
              14.51269268989563,
              35.89875410946007
            ],
            [
              14.512660503387451,
              35.89878887321548
            ],
            [
              14.512628316879272,
              35.89876714587015
            ],
            [
              14.512655138969421,
              35.89873672757666
            ],
            [
              14.512612223625183,
              35.89871065474438
            ],
            [
              14.51246201992035,
              35.89885840068047
            ],
            [
              14.512580037117004,
              35.89893661900561
            ],
            [
              14.512730240821838,
              35.89878018227806
            ]
          ]
        ]
      },
      "properties": {
        "render_height": 5,
        "render_min_height": 0,
        "source_layer": "building",
        "source_tile": "https://tiles.openfreemap.org/planet/20261004_113936_pt/14/8852/6439.pbf"
      }
    },
    {
      "type": "Feature",
      "id": "building:35098320-66",
      "geometry": {
        "type": "Polygon",
        "coordinates": [
          [
            [
              14.512842893600464,
              35.898662854529505
            ],
            [
              14.512810707092285,
              35.89864112714959
            ],
            [
              14.512789249420166,
              35.898658509054
            ],
            [
              14.512735605239868,
              35.898619399763675
            ],
            [
              14.51269805431366,
              35.89865416357827
            ],
            [
              14.51267659664154,
              35.89864112714959
            ],
            [
              14.512612223625183,
              35.89871065474438
            ],
            [
              14.512649774551392,
              35.89873238210521
            ],
            [
              14.51268196105957,
              35.89869761832499
            ],
            [
              14.512724876403809,
              35.89872369116158
            ],
            [
              14.51269268989563,
              35.89875410946007
            ],
            [
              14.512730240821838,
              35.89878018227806
            ],
            [
              14.512842893600464,
              35.898662854529505
            ]
          ]
        ]
      },
      "properties": {
        "render_height": 5,
        "render_min_height": 0,
        "source_layer": "building",
        "source_tile": "https://tiles.openfreemap.org/planet/20261004_113936_pt/14/8852/6439.pbf"
      }
    },
    {
      "type": "Feature",
      "id": "building:35098320-67",
      "geometry": {
        "type": "Polygon",
        "coordinates": [
          [
            [
              14.512537121772766,
              35.89854987208875
            ],
            [
              14.512569308280945,
              35.89851945371177
            ],
            [
              14.512521028518677,
              35.89849338080792
            ],
            [
              14.512537121772766,
              35.89847599886723
            ],
            [
              14.512483477592468,
              35.89844123497441
            ],
            [
              14.5124351978302,
              35.898489035323095
            ],
            [
              14.512537121772766,
              35.89854987208875
            ]
          ]
        ]
      },
      "properties": {
        "render_height": 5,
        "render_min_height": 0,
        "source_layer": "building",
        "source_tile": "https://tiles.openfreemap.org/planet/20261004_113936_pt/14/8852/6439.pbf"
      }
    },
    {
      "type": "Feature",
      "id": "building:35098320-68",
      "geometry": {
        "type": "Polygon",
        "coordinates": [
          [
            [
              14.512537121772766,
              35.89847599886723
            ],
            [
              14.512558579444885,
              35.89845427143602
            ],
            [
              14.512606859207153,
              35.89848034435275
            ],
            [
              14.51269268989563,
              35.89838908910657
            ],
            [
              14.512596130371094,
              35.89832390672346
            ],
            [
              14.512483477592468,
              35.89844123497441
            ],
            [
              14.512537121772766,
              35.89847599886723
            ]
          ]
        ]
      },
      "properties": {
        "render_height": 5,
        "render_min_height": 0,
        "source_layer": "building",
        "source_tile": "https://tiles.openfreemap.org/planet/20261004_113936_pt/14/8852/6439.pbf"
      }
    },
    {
      "type": "Feature",
      "id": "building:35098320-69",
      "geometry": {
        "type": "Polygon",
        "coordinates": [
          [
            [
              14.512617588043213,
              35.89846730789546
            ],
            [
              14.512537121772766,
              35.89854987208875
            ],
            [
              14.512585401535034,
              35.898584635933844
            ],
            [
              14.512617588043213,
              35.89854987208875
            ],
            [
              14.512665867805481,
              35.89858029045406
            ],
            [
              14.512628316879272,
              35.89861070880765
            ],
            [
              14.51269805431366,
              35.89865416357827
            ],
            [
              14.512735605239868,
              35.898619399763675
            ],
            [
              14.5126873254776,
              35.89859332689274
            ],
            [
              14.512735605239868,
              35.89854552660704
            ],
            [
              14.512617588043213,
              35.89846730789546
            ]
          ]
        ]
      },
      "properties": {
        "render_height": 5,
        "render_min_height": 0,
        "source_layer": "building",
        "source_tile": "https://tiles.openfreemap.org/planet/20261004_113936_pt/14/8852/6439.pbf"
      }
    },
    {
      "type": "Feature",
      "id": "building:35098320-70",
      "geometry": {
        "type": "Polygon",
        "coordinates": [
          [
            [
              14.512655138969421,
              35.89843254399884
            ],
            [
              14.51269805431366,
              35.89845861692274
            ],
            [
              14.512660503387451,
              35.898497726292476
            ],
            [
              14.512762427330017,
              35.898562908532455
            ],
            [
              14.512799978256226,
              35.898528144677826
            ],
            [
              14.512778520584106,
              35.89851945371177
            ],
            [
              14.512826800346375,
              35.89847165338146
            ],
            [
              14.51269268989563,
              35.89838908910657
            ],
            [
              14.512655138969421,
              35.89843254399884
            ]
          ]
        ]
      },
      "properties": {
        "render_height": 5,
        "render_min_height": 0,
        "source_layer": "building",
        "source_tile": "https://tiles.openfreemap.org/planet/20261004_113936_pt/14/8852/6439.pbf"
      }
    },
    {
      "type": "Feature",
      "id": "building:35098320-71",
      "geometry": {
        "type": "Polygon",
        "coordinates": [
          [
            [
              14.512826800346375,
              35.89847165338146
            ],
            [
              14.512778520584106,
              35.89851945371177
            ],
            [
              14.512799978256226,
              35.898528144677826
            ],
            [
              14.512762427330017,
              35.898562908532455
            ],
            [
              14.512735605239868,
              35.89854552660704
            ],
            [
              14.5126873254776,
              35.89859332689274
            ],
            [
              14.512751698493958,
              35.89863243619594
            ],
            [
              14.512778520584106,
              35.89860201785068
            ],
            [
              14.512821435928345,
              35.89862809071876
            ],
            [
              14.512810707092285,
              35.89864112714959
            ],
            [
              14.512842893600464,
              35.898662854529505
            ],
            [
              14.51295018196106,
              35.89854987208875
            ],
            [
              14.512826800346375,
              35.89847165338146
            ]
          ]
        ]
      },
      "properties": {
        "render_height": 5,
        "render_min_height": 0,
        "source_layer": "building",
        "source_tile": "https://tiles.openfreemap.org/planet/20261004_113936_pt/14/8852/6439.pbf"
      }
    },
    {
      "type": "Feature",
      "id": "building:35098320-72",
      "geometry": {
        "type": "Polygon",
        "coordinates": [
          [
            [
              14.511512517929077,
              35.89814139576518
            ],
            [
              14.51144278049469,
              35.89809794071307
            ],
            [
              14.511367678642273,
              35.898176159789685
            ],
            [
              14.51143205165863,
              35.89821961479882
            ],
            [
              14.511512517929077,
              35.89814139576518
            ]
          ]
        ]
      },
      "properties": {
        "render_height": 5,
        "render_min_height": 0,
        "source_layer": "building",
        "source_tile": "https://tiles.openfreemap.org/planet/20261004_113936_pt/14/8852/6439.pbf"
      }
    },
    {
      "type": "Feature",
      "id": "building:35098320-73",
      "geometry": {
        "type": "Polygon",
        "coordinates": [
          [
            [
              14.511367678642273,
              35.898176159789685
            ],
            [
              14.51144278049469,
              35.89809794071307
            ],
            [
              14.511351585388184,
              35.89804144910971
            ],
            [
              14.511276483535767,
              35.89811966824212
            ],
            [
              14.511367678642273,
              35.898176159789685
            ]
          ]
        ]
      },
      "properties": {
        "render_height": 5,
        "render_min_height": 0,
        "source_layer": "building",
        "source_tile": "https://tiles.openfreemap.org/planet/20261004_113936_pt/14/8852/6439.pbf"
      }
    },
    {
      "type": "Feature",
      "id": "building:35098320-74",
      "geometry": {
        "type": "Polygon",
        "coordinates": [
          [
            [
              14.511228203773499,
              35.898176159789685
            ],
            [
              14.511142373085022,
              35.898128359252055
            ],
            [
              14.511061906814575,
              35.89821961479882
            ],
            [
              14.511142373085022,
              35.89826741528134
            ],
            [
              14.511228203773499,
              35.898176159789685
            ]
          ]
        ]
      },
      "properties": {
        "render_height": 5,
        "render_min_height": 0,
        "source_layer": "building",
        "source_tile": "https://tiles.openfreemap.org/planet/20261004_113936_pt/14/8852/6439.pbf"
      }
    },
    {
      "type": "Feature",
      "id": "building:35098320-75",
      "geometry": {
        "type": "Polygon",
        "coordinates": [
          [
            [
              14.511276483535767,
              35.89811966824212
            ],
            [
              14.511351585388184,
              35.89804144910971
            ],
            [
              14.511217474937439,
              35.897950193357545
            ],
            [
              14.511137008666992,
              35.898032758090224
            ],
            [
              14.511276483535767,
              35.89811966824212
            ]
          ]
        ]
      },
      "properties": {
        "render_height": 5,
        "render_min_height": 0,
        "source_layer": "building",
        "source_tile": "https://tiles.openfreemap.org/planet/20261004_113936_pt/14/8852/6439.pbf"
      }
    },
    {
      "type": "Feature",
      "id": "building:35098320-76",
      "geometry": {
        "type": "Polygon",
        "coordinates": [
          [
            [
              14.511056542396545,
              35.898071867670396
            ],
            [
              14.510997533798218,
              35.89803710360009
            ],
            [
              14.510911703109741,
              35.89813270475666
            ],
            [
              14.510965347290039,
              35.89816746878499
            ],
            [
              14.511056542396545,
              35.898071867670396
            ]
          ]
        ]
      },
      "properties": {
        "render_height": 5,
        "render_min_height": 0,
        "source_layer": "building",
        "source_tile": "https://tiles.openfreemap.org/planet/20261004_113936_pt/14/8852/6439.pbf"
      }
    },
    {
      "type": "Feature",
      "id": "building:35098320-77",
      "geometry": {
        "type": "Polygon",
        "coordinates": [
          [
            [
              14.511056542396545,
              35.89821961479882
            ],
            [
              14.511142373085022,
              35.898128359252055
            ],
            [
              14.511056542396545,
              35.898071867670396
            ],
            [
              14.510965347290039,
              35.89816746878499
            ],
            [
              14.511056542396545,
              35.89821961479882
            ]
          ]
        ]
      },
      "properties": {
        "render_height": 5,
        "render_min_height": 0,
        "source_layer": "building",
        "source_tile": "https://tiles.openfreemap.org/planet/20261004_113936_pt/14/8852/6439.pbf"
      }
    },
    {
      "type": "Feature",
      "id": "building:35098320-78",
      "geometry": {
        "type": "Polygon",
        "coordinates": [
          [
            [
              14.511485695838928,
              35.89824134229444
            ],
            [
              14.5121830701828,
              35.898662854529505
            ],
            [
              14.512537121772766,
              35.898280451771555
            ],
            [
              14.511839747428894,
              35.897858937500175
            ],
            [
              14.511485695838928,
              35.89824134229444
            ]
          ]
        ]
      },
      "properties": {
        "render_height": 5,
        "render_min_height": 0,
        "source_layer": "building",
        "source_tile": "https://tiles.openfreemap.org/planet/20261004_113936_pt/14/8852/6439.pbf"
      }
    },
    {
      "type": "Feature",
      "id": "building:35098320-79",
      "geometry": {
        "type": "Polygon",
        "coordinates": [
          [
            [
              14.511078000068665,
              35.89862809071876
            ],
            [
              14.510852694511414,
              35.89848468983806
            ],
            [
              14.510579109191895,
              35.898775836808994
            ],
            [
              14.510809779167175,
              35.89891489170083
            ],
            [
              14.511078000068665,
              35.89862809071876
            ]
          ]
        ]
      },
      "properties": {
        "render_height": 5,
        "render_min_height": 0,
        "source_layer": "building",
        "source_tile": "https://tiles.openfreemap.org/planet/20261004_113936_pt/14/8852/6439.pbf"
      }
    },
    {
      "type": "Feature",
      "id": "building:35098320-81",
      "geometry": {
        "type": "Polygon",
        "coordinates": [
          [
            [
              14.510278701782227,
              35.8985672540132
            ],
            [
              14.510573744773865,
              35.89872369116158
            ],
            [
              14.510546922683716,
              35.89875410946007
            ],
            [
              14.510579109191895,
              35.898775836808994
            ],
            [
              14.510852694511414,
              35.89848468983806
            ],
            [
              14.510799050331116,
              35.89845427143602
            ],
            [
              14.510622024536133,
              35.89864547262604
            ],
            [
              14.510359168052673,
              35.89848468983806
            ],
            [
              14.510278701782227,
              35.8985672540132
            ]
          ]
        ]
      },
      "properties": {
        "render_height": 5,
        "render_min_height": 0,
        "source_layer": "building",
        "source_tile": "https://tiles.openfreemap.org/planet/20261004_113936_pt/14/8852/6439.pbf"
      }
    },
    {
      "type": "Feature",
      "id": "building:35098320-273",
      "geometry": {
        "type": "Polygon",
        "coordinates": [
          [
            [
              14.510729312896729,
              35.89778506363382
            ],
            [
              14.510836601257324,
              35.89785459198053
            ],
            [
              14.51094388961792,
              35.89774160838613
            ],
            [
              14.510836601257324,
              35.89767207994018
            ],
            [
              14.510729312896729,
              35.89778506363382
            ]
          ]
        ]
      },
      "properties": {
        "render_height": 5,
        "render_min_height": 0,
        "source_layer": "building",
        "source_tile": "https://tiles.openfreemap.org/planet/20261004_113936_pt/14/8852/6439.pbf"
      }
    },
    {
      "type": "Feature",
      "id": "building:35098320-274",
      "geometry": {
        "type": "Polygon",
        "coordinates": [
          [
            [
              14.510836601257324,
              35.89785459198053
            ],
            [
              14.51094388961792,
              35.89791977475012
            ],
            [
              14.511051177978516,
              35.897811136771
            ],
            [
              14.51094388961792,
              35.89774160838613
            ],
            [
              14.510836601257324,
              35.89785459198053
            ]
          ]
        ]
      },
      "properties": {
        "render_height": 5,
        "render_min_height": 0,
        "source_layer": "building",
        "source_tile": "https://tiles.openfreemap.org/planet/20261004_113936_pt/14/8852/6439.pbf"
      }
    },
    {
      "type": "Feature",
      "id": "building:35098320-275",
      "geometry": {
        "type": "Polygon",
        "coordinates": [
          [
            [
              14.51094388961792,
              35.89791977475012
            ],
            [
              14.511083364486694,
              35.89801103053735
            ],
            [
              14.51119065284729,
              35.89789804716622
            ],
            [
              14.511051177978516,
              35.897811136771
            ],
            [
              14.51094388961792,
              35.89791977475012
            ]
          ]
        ]
      },
      "properties": {
        "render_height": 5,
        "render_min_height": 0,
        "source_layer": "building",
        "source_tile": "https://tiles.openfreemap.org/planet/20261004_113936_pt/14/8852/6439.pbf"
      }
    },
    {
      "type": "Feature",
      "id": "building:35098320-276",
      "geometry": {
        "type": "Polygon",
        "coordinates": [
          [
            [
              14.511056542396545,
              35.89781548229301
            ],
            [
              14.51119065284729,
              35.89789804716622
            ],
            [
              14.511249661445618,
              35.89783720989959
            ],
            [
              14.511115550994873,
              35.89775464496293
            ],
            [
              14.511056542396545,
              35.89781548229301
            ]
          ]
        ]
      },
      "properties": {
        "render_height": 5,
        "render_min_height": 0,
        "source_layer": "building",
        "source_tile": "https://tiles.openfreemap.org/planet/20261004_113936_pt/14/8852/6439.pbf"
      }
    },
    {
      "type": "Feature",
      "id": "building:35098320-277",
      "geometry": {
        "type": "Polygon",
        "coordinates": [
          [
            [
              14.511217474937439,
              35.897950193357545
            ],
            [
              14.511512517929077,
              35.89814139576518
            ],
            [
              14.511791467666626,
              35.89783286437874
            ],
            [
              14.511491060256958,
              35.897650352288295
            ],
            [
              14.511217474937439,
              35.897950193357545
            ]
          ]
        ]
      },
      "properties": {
        "render_height": 5,
        "render_min_height": 0,
        "source_layer": "building",
        "source_tile": "https://tiles.openfreemap.org/planet/20261004_113936_pt/14/8852/6439.pbf"
      }
    },
    {
      "type": "Feature",
      "id": "building:35098320-278",
      "geometry": {
        "type": "Polygon",
        "coordinates": [
          [
            [
              14.510879516601562,
              35.89754171393939
            ],
            [
              14.51095998287201,
              35.89745914869452
            ],
            [
              14.510906338691711,
              35.89742438435515
            ],
            [
              14.510825872421265,
              35.897506949636266
            ],
            [
              14.510879516601562,
              35.89754171393939
            ]
          ]
        ]
      },
      "properties": {
        "render_height": 5,
        "render_min_height": 0,
        "source_layer": "building",
        "source_tile": "https://tiles.openfreemap.org/planet/20261004_113936_pt/14/8852/6439.pbf"
      }
    },
    {
      "type": "Feature",
      "id": "building:35098320-279",
      "geometry": {
        "type": "Polygon",
        "coordinates": [
          [
            [
              14.51095998287201,
              35.89745914869452
            ],
            [
              14.510879516601562,
              35.89754171393939
            ],
            [
              14.510825872421265,
              35.897506949636266
            ],
            [
              14.510729312896729,
              35.89760689696661
            ],
            [
              14.511056542396545,
              35.89781548229301
            ],
            [
              14.511115550994873,
              35.89775464496293
            ],
            [
              14.511249661445618,
              35.89783720989959
            ],
            [
              14.51144814491272,
              35.89762862463043
            ],
            [
              14.511405229568481,
              35.89760255143314
            ],
            [
              14.511324763298035,
              35.89768946205737
            ],
            [
              14.51095998287201,
              35.89745914869452
            ]
          ]
        ]
      },
      "properties": {
        "render_height": 5,
        "render_min_height": 0,
        "source_layer": "building",
        "source_tile": "https://tiles.openfreemap.org/planet/20261004_113936_pt/14/8852/6439.pbf"
      }
    },
    {
      "type": "Feature",
      "id": "building:35098320-280",
      "geometry": {
        "type": "Polygon",
        "coordinates": [
          [
            [
              14.510906338691711,
              35.89742438435515
            ],
            [
              14.511324763298035,
              35.89768946205737
            ],
            [
              14.511405229568481,
              35.89760255143314
            ],
            [
              14.510986804962158,
              35.897337473439876
            ],
            [
              14.510906338691711,
              35.89742438435515
            ]
          ]
        ]
      },
      "properties": {
        "render_height": 5,
        "render_min_height": 0,
        "source_layer": "building",
        "source_tile": "https://tiles.openfreemap.org/planet/20261004_113936_pt/14/8852/6439.pbf"
      }
    },
    {
      "type": "Feature",
      "id": "building:35098320-281",
      "geometry": {
        "type": "Polygon",
        "coordinates": [
          [
            [
              14.510900974273682,
              35.897280981293775
            ],
            [
              14.510815143585205,
              35.897224489107344
            ],
            [
              14.510546922683716,
              35.897506949636266
            ],
            [
              14.510627388954163,
              35.89756778715673
            ],
            [
              14.510900974273682,
              35.897280981293775
            ]
          ]
        ]
      },
      "properties": {
        "render_height": 5,
        "render_min_height": 0,
        "source_layer": "building",
        "source_tile": "https://tiles.openfreemap.org/planet/20261004_113936_pt/14/8852/6439.pbf"
      }
    },
    {
      "type": "Feature",
      "id": "building:35098320-282",
      "geometry": {
        "type": "Polygon",
        "coordinates": [
          [
            [
              14.511287212371826,
              35.897393965545646
            ],
            [
              14.511415958404541,
              35.89725490798196
            ],
            [
              14.511351585388184,
              35.89721579799817
            ],
            [
              14.51121211051941,
              35.89734616453569
            ],
            [
              14.511287212371826,
              35.897393965545646
            ]
          ]
        ]
      },
      "properties": {
        "render_height": 5,
        "render_min_height": 0,
        "source_layer": "building",
        "source_tile": "https://tiles.openfreemap.org/planet/20261004_113936_pt/14/8852/6439.pbf"
      }
    },
    {
      "type": "Feature",
      "id": "building:35098320-283",
      "geometry": {
        "type": "Polygon",
        "coordinates": [
          [
            [
              14.511544704437256,
              35.8973331278916
            ],
            [
              14.511469602584839,
              35.897285326844894
            ],
            [
              14.511340856552124,
              35.89742872989841
            ],
            [
              14.511415958404541,
              35.89747218531788
            ],
            [
              14.511544704437256,
              35.8973331278916
            ]
          ]
        ]
      },
      "properties": {
        "render_height": 5,
        "render_min_height": 0,
        "source_layer": "building",
        "source_tile": "https://tiles.openfreemap.org/planet/20261004_113936_pt/14/8852/6439.pbf"
      }
    },
    {
      "type": "Feature",
      "id": "building:35098320-284",
      "geometry": {
        "type": "Polygon",
        "coordinates": [
          [
            [
              14.511469602584839,
              35.897285326844894
            ],
            [
              14.511415958404541,
              35.89725490798196
            ],
            [
              14.511287212371826,
              35.897393965545646
            ],
            [
              14.511340856552124,
              35.89742872989841
            ],
            [
              14.511469602584839,
              35.897285326844894
            ]
          ]
        ]
      },
      "properties": {
        "render_height": 5,
        "render_min_height": 0,
        "source_layer": "building",
        "source_tile": "https://tiles.openfreemap.org/planet/20261004_113936_pt/14/8852/6439.pbf"
      }
    },
    {
      "type": "Feature",
      "id": "building:35098320-285",
      "geometry": {
        "type": "Polygon",
        "coordinates": [
          [
            [
              14.51142132282257,
              35.897224489107344
            ],
            [
              14.511555433273315,
              35.89730270904704
            ],
            [
              14.511727094650269,
              35.89711585017402
            ],
            [
              14.511598348617554,
              35.89703328448495
            ],
            [
              14.51142132282257,
              35.897224489107344
            ]
          ]
        ]
      },
      "properties": {
        "render_height": 5,
        "render_min_height": 0,
        "source_layer": "building",
        "source_tile": "https://tiles.openfreemap.org/planet/20261004_113936_pt/14/8852/6439.pbf"
      }
    },
    {
      "type": "Feature",
      "id": "building:35098320-286",
      "geometry": {
        "type": "Polygon",
        "coordinates": [
          [
            [
              14.5114266872406,
              35.89721579799817
            ],
            [
              14.511598348617554,
              35.89703328448495
            ],
            [
              14.511512517929077,
              35.89698548325718
            ],
            [
              14.511346220970154,
              35.897163651323055
            ],
            [
              14.5114266872406,
              35.89721579799817
            ]
          ]
        ]
      },
      "properties": {
        "render_height": 5,
        "render_min_height": 0,
        "source_layer": "building",
        "source_tile": "https://tiles.openfreemap.org/planet/20261004_113936_pt/14/8852/6439.pbf"
      }
    },
    {
      "type": "Feature",
      "id": "building:35098320-287",
      "geometry": {
        "type": "Polygon",
        "coordinates": [
          [
            [
              14.511238932609558,
              35.89693768200057
            ],
            [
              14.511265754699707,
              35.89691595414712
            ],
            [
              14.51121211051941,
              35.89688118956916
            ],
            [
              14.51119601726532,
              35.89689857186005
            ],
            [
              14.51120674610138,
              35.89690726300405
            ],
            [
              14.51120138168335,
              35.89691595414712
            ],
            [
              14.511238932609558,
              35.89693768200057
            ]
          ]
        ]
      },
      "properties": {
        "render_height": 5,
        "render_min_height": 0,
        "source_layer": "building",
        "source_tile": "https://tiles.openfreemap.org/planet/20261004_113936_pt/14/8852/6439.pbf"
      }
    },
    {
      "type": "Feature",
      "id": "building:35098320-288",
      "geometry": {
        "type": "Polygon",
        "coordinates": [
          [
            [
              14.511137008666992,
              35.89704197561417
            ],
            [
              14.511238932609558,
              35.89693768200057
            ],
            [
              14.51120138168335,
              35.89691595414712
            ],
            [
              14.51119065284729,
              35.896924645289204
            ],
            [
              14.511142373085022,
              35.89689857186005
            ],
            [
              14.511056542396545,
              35.896989828824545
            ],
            [
              14.511137008666992,
              35.89704197561417
            ]
          ]
        ]
      },
      "properties": {
        "render_height": 5,
        "render_min_height": 0,
        "source_layer": "building",
        "source_tile": "https://tiles.openfreemap.org/planet/20261004_113936_pt/14/8852/6439.pbf"
      }
    },
    {
      "type": "Feature",
      "id": "building:35098320-289",
      "geometry": {
        "type": "Polygon",
        "coordinates": [
          [
            [
              14.510992169380188,
              35.89697244655372
            ],
            [
              14.511029720306396,
              35.89699417439168
            ],
            [
              14.511045813560486,
              35.89698113768959
            ],
            [
              14.511056542396545,
              35.896989828824545
            ],
            [
              14.511142373085022,
              35.89689857186005
            ],
            [
              14.51119065284729,
              35.896924645289204
            ],
            [
              14.51120674610138,
              35.89690726300405
            ],
            [
              14.51119601726532,
              35.89689857186005
            ],
            [
              14.51121211051941,
              35.89688118956916
            ],
            [
              14.511083364486694,
              35.896802969212956
            ],
            [
              14.510965347290039,
              35.896933336430365
            ],
            [
              14.511002898216248,
              35.89695506427904
            ],
            [
              14.510992169380188,
              35.89697244655372
            ]
          ]
        ]
      },
      "properties": {
        "render_height": 5,
        "render_min_height": 0,
        "source_layer": "building",
        "source_tile": "https://tiles.openfreemap.org/planet/20261004_113936_pt/14/8852/6439.pbf"
      }
    },
    {
      "type": "Feature",
      "id": "building:35098320-290",
      "geometry": {
        "type": "Polygon",
        "coordinates": [
          [
            [
              14.510868787765503,
              35.89685946170019
            ],
            [
              14.51092779636383,
              35.89689857186005
            ],
            [
              14.5109224319458,
              35.89690726300405
            ],
            [
              14.510965347290039,
              35.896933336430365
            ],
            [
              14.511142373085022,
              35.89674647668542
            ],
            [
              14.511067271232605,
              35.896698675284455
            ],
            [
              14.510917067527771,
              35.89685946170019
            ],
            [
              14.510890245437622,
              35.89684207940073
            ],
            [
              14.510868787765503,
              35.89685946170019
            ]
          ]
        ]
      },
      "properties": {
        "render_height": 5,
        "render_min_height": 0,
        "source_layer": "building",
        "source_tile": "https://tiles.openfreemap.org/planet/20261004_113936_pt/14/8852/6439.pbf"
      }
    },
    {
      "type": "Feature",
      "id": "building:35098320-294",
      "geometry": {
        "type": "Polygon",
        "coordinates": [
          [
            [
              14.510664939880371,
              35.89700286552517
            ],
            [
              14.51069712638855,
              35.897024593354786
            ],
            [
              14.51069176197052,
              35.89702893891997
            ],
            [
              14.510756134986877,
              35.897059357869765
            ],
            [
              14.510900974273682,
              35.89689857186005
            ],
            [
              14.510820508003235,
              35.89685077055094
            ],
            [
              14.510664939880371,
              35.89700286552517
            ]
          ]
        ]
      },
      "properties": {
        "render_height": 5,
        "render_min_height": 0,
        "source_layer": "building",
        "source_tile": "https://tiles.openfreemap.org/planet/20261004_113936_pt/14/8852/6439.pbf"
      }
    },
    {
      "type": "Feature",
      "id": "building:35098320-295",
      "geometry": {
        "type": "Polygon",
        "coordinates": [
          [
            [
              14.510756134986877,
              35.897059357869765
            ],
            [
              14.510799050331116,
              35.89708543124597
            ],
            [
              14.510852694511414,
              35.89702893891997
            ],
            [
              14.510858058929443,
              35.89703328448495
            ],
            [
              14.51095461845398,
              35.896928990859905
            ],
            [
              14.510900974273682,
              35.89689857186005
            ],
            [
              14.510756134986877,
              35.897059357869765
            ]
          ]
        ]
      },
      "properties": {
        "render_height": 5,
        "render_min_height": 0,
        "source_layer": "building",
        "source_tile": "https://tiles.openfreemap.org/planet/20261004_113936_pt/14/8852/6439.pbf"
      }
    },
    {
      "type": "Feature",
      "id": "building:35098320-296",
      "geometry": {
        "type": "Polygon",
        "coordinates": [
          [
            [
              14.510799050331116,
              35.89708543124597
            ],
            [
              14.510852694511414,
              35.8971201957342
            ],
            [
              14.511002898216248,
              35.89695506427904
            ],
            [
              14.51095461845398,
              35.896928990859905
            ],
            [
              14.510858058929443,
              35.89703328448495
            ],
            [
              14.510852694511414,
              35.89702893891997
            ],
            [
              14.510799050331116,
              35.89708543124597
            ]
          ]
        ]
      },
      "properties": {
        "render_height": 5,
        "render_min_height": 0,
        "source_layer": "building",
        "source_tile": "https://tiles.openfreemap.org/planet/20261004_113936_pt/14/8852/6439.pbf"
      }
    },
    {
      "type": "Feature",
      "id": "building:35098320-297",
      "geometry": {
        "type": "Polygon",
        "coordinates": [
          [
            [
              14.510852694511414,
              35.8971201957342
            ],
            [
              14.510976076126099,
              35.89720710688805
            ],
            [
              14.511137008666992,
              35.89704197561417
            ],
            [
              14.511045813560486,
              35.89698113768959
            ],
            [
              14.511029720306396,
              35.89699417439168
            ],
            [
              14.510992169380188,
              35.89697244655372
            ],
            [
              14.510852694511414,
              35.8971201957342
            ]
          ]
        ]
      },
      "properties": {
        "render_height": 5,
        "render_min_height": 0,
        "source_layer": "building",
        "source_tile": "https://tiles.openfreemap.org/planet/20261004_113936_pt/14/8852/6439.pbf"
      }
    },
    {
      "type": "Feature",
      "id": "building:35098320-307",
      "geometry": {
        "type": "Polygon",
        "coordinates": [
          [
            [
              14.510761499404907,
              35.89677689574371
            ],
            [
              14.510799050331116,
              35.89679862363535
            ],
            [
              14.510809779167175,
              35.896785586901075
            ],
            [
              14.510841965675354,
              35.896802969212956
            ],
            [
              14.510992169380188,
              35.89665087385464
            ],
            [
              14.51092779636383,
              35.89660307239595
            ],
            [
              14.510761499404907,
              35.89677689574371
            ]
          ]
        ]
      },
      "properties": {
        "render_height": 5,
        "render_min_height": 0,
        "source_layer": "building",
        "source_tile": "https://tiles.openfreemap.org/planet/20261004_113936_pt/14/8852/6439.pbf"
      }
    },
    {
      "type": "Feature",
      "id": "building:35098320-308",
      "geometry": {
        "type": "Polygon",
        "coordinates": [
          [
            [
              14.510820508003235,
              35.896829042673616
            ],
            [
              14.510868787765503,
              35.89685946170019
            ],
            [
              14.510890245437622,
              35.89684207940073
            ],
            [
              14.510917067527771,
              35.89685946170019
            ],
            [
              14.51094925403595,
              35.896829042673616
            ],
            [
              14.510917067527771,
              35.89680731479031
            ],
            [
              14.51094925403595,
              35.896772550164684
            ],
            [
              14.510981440544128,
              35.89678993247941
            ],
            [
              14.511067271232605,
              35.896698675284455
            ],
            [
              14.510992169380188,
              35.89665087385464
            ],
            [
              14.510820508003235,
              35.896829042673616
            ]
          ]
        ]
      },
      "properties": {
        "render_height": 5,
        "render_min_height": 0,
        "source_layer": "building",
        "source_tile": "https://tiles.openfreemap.org/planet/20261004_113936_pt/14/8852/6439.pbf"
      }
    },
    {
      "type": "Feature",
      "id": "building:35098320-312",
      "geometry": {
        "type": "Polygon",
        "coordinates": [
          [
            [
              14.510841965675354,
              35.89654657972575
            ],
            [
              14.510788321495056,
              35.89660307239595
            ],
            [
              14.510804414749146,
              35.8966074179843
            ],
            [
              14.51068639755249,
              35.89672909436112
            ],
            [
              14.510723948478699,
              35.896750822265886
            ],
            [
              14.510756134986877,
              35.89671605761542
            ],
            [
              14.510777592658997,
              35.89673343994255
            ],
            [
              14.510745406150818,
              35.896768204585385
            ],
            [
              14.510761499404907,
              35.89677689574371
            ],
            [
              14.51092779636383,
              35.89660307239595
            ],
            [
              14.510841965675354,
              35.89654657972575
            ]
          ]
        ]
      },
      "properties": {
        "render_height": 5,
        "render_min_height": 0,
        "source_layer": "building",
        "source_tile": "https://tiles.openfreemap.org/planet/20261004_113936_pt/14/8852/6439.pbf"
      }
    },
    {
      "type": "Feature",
      "id": "building:35098320-316",
      "geometry": {
        "type": "Polygon",
        "coordinates": [
          [
            [
              14.510879516601562,
              35.89623804212326
            ],
            [
              14.511072635650635,
              35.896364064669555
            ],
            [
              14.51120138168335,
              35.89624238773166
            ],
            [
              14.510997533798218,
              35.896112019376346
            ],
            [
              14.510879516601562,
              35.89623804212326
            ]
          ]
        ]
      },
      "properties": {
        "render_height": 5,
        "render_min_height": 0,
        "source_layer": "building",
        "source_tile": "https://tiles.openfreemap.org/planet/20261004_113936_pt/14/8852/6439.pbf"
      }
    },
    {
      "type": "Feature",
      "id": "building:35098320-317",
      "geometry": {
        "type": "Polygon",
        "coordinates": [
          [
            [
              14.51120138168335,
              35.89624238773166
            ],
            [
              14.511153101921082,
              35.89628149819637
            ],
            [
              14.511501789093018,
              35.896503123798155
            ],
            [
              14.511351585388184,
              35.89665956502584
            ],
            [
              14.51145350933075,
              35.89672474877946
            ],
            [
              14.511630535125732,
              35.89651181498559
            ],
            [
              14.51120138168335,
              35.89624238773166
            ]
          ]
        ]
      },
      "properties": {
        "render_height": 5,
        "render_min_height": 0,
        "source_layer": "building",
        "source_tile": "https://tiles.openfreemap.org/planet/20261004_113936_pt/14/8852/6439.pbf"
      }
    },
    {
      "type": "Feature",
      "id": "building:35098320-318",
      "geometry": {
        "type": "Polygon",
        "coordinates": [
          [
            [
              14.51145887374878,
              35.89654657972575
            ],
            [
              14.511501789093018,
              35.896503123798155
            ],
            [
              14.511265754699707,
              35.89635102786373
            ],
            [
              14.511217474937439,
              35.896398829474606
            ],
            [
              14.51145887374878,
              35.89654657972575
            ]
          ]
        ]
      },
      "properties": {
        "render_height": 5,
        "render_min_height": 0,
        "source_layer": "building",
        "source_tile": "https://tiles.openfreemap.org/planet/20261004_113936_pt/14/8852/6439.pbf"
      }
    },
    {
      "type": "Feature",
      "id": "building:35098320-319",
      "geometry": {
        "type": "Polygon",
        "coordinates": [
          [
            [
              14.510917067527771,
              35.8965509253172
            ],
            [
              14.511002898216248,
              35.8966074179843
            ],
            [
              14.511051177978516,
              35.896559616499374
            ],
            [
              14.510965347290039,
              35.896503123798155
            ],
            [
              14.510917067527771,
              35.8965509253172
            ]
          ]
        ]
      },
      "properties": {
        "render_height": 5,
        "render_min_height": 0,
        "source_layer": "building",
        "source_tile": "https://tiles.openfreemap.org/planet/20261004_113936_pt/14/8852/6439.pbf"
      }
    },
    {
      "type": "Feature",
      "id": "building:35098320-320",
      "geometry": {
        "type": "Polygon",
        "coordinates": [
          [
            [
              14.510965347290039,
              35.896503123798155
            ],
            [
              14.511051177978516,
              35.896559616499374
            ],
            [
              14.511088728904724,
              35.89652485176494
            ],
            [
              14.510986804962158,
              35.89645966784671
            ],
            [
              14.510970711708069,
              35.89647270463463
            ],
            [
              14.510986804962158,
              35.896481395825404
            ],
            [
              14.510965347290039,
              35.896503123798155
            ]
          ]
        ]
      },
      "properties": {
        "render_height": 5,
        "render_min_height": 0,
        "source_layer": "building",
        "source_tile": "https://tiles.openfreemap.org/planet/20261004_113936_pt/14/8852/6439.pbf"
      }
    },
    {
      "type": "Feature",
      "id": "building:35098320-321",
      "geometry": {
        "type": "Polygon",
        "coordinates": [
          [
            [
              14.511088728904724,
              35.89652485176494
            ],
            [
              14.511265754699707,
              35.89635102786373
            ],
            [
              14.511153101921082,
              35.89628149819637
            ],
            [
              14.510986804962158,
              35.89645966784671
            ],
            [
              14.511088728904724,
              35.89652485176494
            ]
          ]
        ]
      },
      "properties": {
        "render_height": 5,
        "render_min_height": 0,
        "source_layer": "building",
        "source_tile": "https://tiles.openfreemap.org/planet/20261004_113936_pt/14/8852/6439.pbf"
      }
    },
    {
      "type": "Feature",
      "id": "building:35098320-322",
      "geometry": {
        "type": "Polygon",
        "coordinates": [
          [
            [
              14.511137008666992,
              35.896559616499374
            ],
            [
              14.511271119117737,
              35.89642924866651
            ],
            [
              14.511217474937439,
              35.896398829474606
            ],
            [
              14.511088728904724,
              35.89652485176494
            ],
            [
              14.511137008666992,
              35.896559616499374
            ]
          ]
        ]
      },
      "properties": {
        "render_height": 5,
        "render_min_height": 0,
        "source_layer": "building",
        "source_tile": "https://tiles.openfreemap.org/planet/20261004_113936_pt/14/8852/6439.pbf"
      }
    },
    {
      "type": "Feature",
      "id": "building:35098320-323",
      "geometry": {
        "type": "Polygon",
        "coordinates": [
          [
            [
              14.511147737503052,
              35.8966248003353
            ],
            [
              14.51117992401123,
              35.89658569004018
            ],
            [
              14.511088728904724,
              35.89652485176494
            ],
            [
              14.511051177978516,
              35.896559616499374
            ],
            [
              14.511147737503052,
              35.8966248003353
            ]
          ]
        ]
      },
      "properties": {
        "render_height": 5,
        "render_min_height": 0,
        "source_layer": "building",
        "source_tile": "https://tiles.openfreemap.org/planet/20261004_113936_pt/14/8852/6439.pbf"
      }
    },
    {
      "type": "Feature",
      "id": "building:35098320-324",
      "geometry": {
        "type": "Polygon",
        "coordinates": [
          [
            [
              14.511104822158813,
              35.89667694736538
            ],
            [
              14.511244297027588,
              35.89676385900587
            ],
            [
              14.511324763298035,
              35.89668129294968
            ],
            [
              14.51117992401123,
              35.89658569004018
            ],
            [
              14.511147737503052,
              35.8966248003353
            ],
            [
              14.511153101921082,
              35.89662914592246
            ],
            [
              14.511104822158813,
              35.89667694736538
            ]
          ]
        ]
      },
      "properties": {
        "render_height": 5,
        "render_min_height": 0,
        "source_layer": "building",
        "source_tile": "https://tiles.openfreemap.org/planet/20261004_113936_pt/14/8852/6439.pbf"
      }
    },
    {
      "type": "Feature",
      "id": "building:35098320-325",
      "geometry": {
        "type": "Polygon",
        "coordinates": [
          [
            [
              14.511051177978516,
              35.89663783709602
            ],
            [
              14.511104822158813,
              35.89667694736538
            ],
            [
              14.511153101921082,
              35.89662914592246
            ],
            [
              14.511099457740784,
              35.89659003562947
            ],
            [
              14.511051177978516,
              35.89663783709602
            ]
          ]
        ]
      },
      "properties": {
        "render_height": 5,
        "render_min_height": 0,
        "source_layer": "building",
        "source_tile": "https://tiles.openfreemap.org/planet/20261004_113936_pt/14/8852/6439.pbf"
      }
    },
    {
      "type": "Feature",
      "id": "building:35098320-326",
      "geometry": {
        "type": "Polygon",
        "coordinates": [
          [
            [
              14.511002898216248,
              35.8966074179843
            ],
            [
              14.511051177978516,
              35.89663783709602
            ],
            [
              14.511099457740784,
              35.89659003562947
            ],
            [
              14.511051177978516,
              35.896559616499374
            ],
            [
              14.511002898216248,
              35.8966074179843
            ]
          ]
        ]
      },
      "properties": {
        "render_height": 5,
        "render_min_height": 0,
        "source_layer": "building",
        "source_tile": "https://tiles.openfreemap.org/planet/20261004_113936_pt/14/8852/6439.pbf"
      }
    },
    {
      "type": "Feature",
      "id": "building:35098320-327",
      "geometry": {
        "type": "Polygon",
        "coordinates": [
          [
            [
              14.511083364486694,
              35.896802969212956
            ],
            [
              14.511265754699707,
              35.89691595414712
            ],
            [
              14.511314034461975,
              35.89686380727447
            ],
            [
              14.511142373085022,
              35.89674647668542
            ],
            [
              14.511083364486694,
              35.896802969212956
            ]
          ]
        ]
      },
      "properties": {
        "render_height": 5,
        "render_min_height": 0,
        "source_layer": "building",
        "source_tile": "https://tiles.openfreemap.org/planet/20261004_113936_pt/14/8852/6439.pbf"
      }
    },
    {
      "type": "Feature",
      "id": "building:35098320-328",
      "geometry": {
        "type": "Polygon",
        "coordinates": [
          [
            [
              14.511244297027588,
              35.89676385900587
            ],
            [
              14.511346220970154,
              35.896829042673616
            ],
            [
              14.51145350933075,
              35.89672474877946
            ],
            [
              14.511351585388184,
              35.89665956502584
            ],
            [
              14.511244297027588,
              35.89676385900587
            ]
          ]
        ]
      },
      "properties": {
        "render_height": 5,
        "render_min_height": 0,
        "source_layer": "building",
        "source_tile": "https://tiles.openfreemap.org/planet/20261004_113936_pt/14/8852/6439.pbf"
      }
    },
    {
      "type": "Feature",
      "id": "building:35098320-329",
      "geometry": {
        "type": "Polygon",
        "coordinates": [
          [
            [
              14.51168954372406,
              35.896802969212956
            ],
            [
              14.511861205101013,
              35.8966248003353
            ],
            [
              14.51170563697815,
              35.89652919735758
            ],
            [
              14.511539340019226,
              35.89671171203304
            ],
            [
              14.51168954372406,
              35.896802969212956
            ]
          ]
        ]
      },
      "properties": {
        "render_height": 5,
        "render_min_height": 0,
        "source_layer": "building",
        "source_tile": "https://tiles.openfreemap.org/planet/20261004_113936_pt/14/8852/6439.pbf"
      }
    },
    {
      "type": "Feature",
      "id": "building:35098320-330",
      "geometry": {
        "type": "Polygon",
        "coordinates": [
          [
            [
              14.511732459068298,
              35.89642490306839
            ],
            [
              14.512075781822205,
              35.896051180737075
            ],
            [
              14.511764645576477,
              35.8958643189098
            ],
            [
              14.51142132282257,
              35.8962293509058
            ],
            [
              14.51142132282257,
              35.89623804212326
            ],
            [
              14.511732459068298,
              35.89642490306839
            ]
          ],
          [
            [
              14.511603713035583,
              35.89619893163707
            ],
            [
              14.51167345046997,
              35.89612071060674
            ],
            [
              14.511775374412537,
              35.896181549192576
            ],
            [
              14.51170027256012,
              35.896259770162814
            ],
            [
              14.511603713035583,
              35.89619893163707
            ]
          ]
        ]
      },
      "properties": {
        "render_height": 5,
        "render_min_height": 0,
        "source_layer": "building",
        "source_tile": "https://tiles.openfreemap.org/planet/20261004_113936_pt/14/8852/6439.pbf"
      }
    },
    {
      "type": "Feature",
      "id": "building:35098320-333",
      "geometry": {
        "type": "Polygon",
        "coordinates": [
          [
            [
              14.512129426002502,
              35.89612071060674
            ],
            [
              14.511775374412537,
              35.89648574142045
            ],
            [
              14.512590765953064,
              35.89700286552517
            ],
            [
              14.512799978256226,
              35.896785586901075
            ],
            [
              14.512714147567749,
              35.89673343994255
            ],
            [
              14.512735605239868,
              35.896707366450414
            ],
            [
              14.512799978256226,
              35.896750822265886
            ],
            [
              14.51292335987091,
              35.8966248003353
            ],
            [
              14.512129426002502,
              35.89612071060674
            ]
          ]
        ]
      },
      "properties": {
        "render_height": 5,
        "render_min_height": 0,
        "source_layer": "building",
        "source_tile": "https://tiles.openfreemap.org/planet/20261004_113936_pt/14/8852/6439.pbf"
      }
    },
    {
      "type": "Feature",
      "id": "building:35098320-341",
      "geometry": {
        "type": "Polygon",
        "coordinates": [
          [
            [
              14.512799978256226,
              35.896750822265886
            ],
            [
              14.512735605239868,
              35.896707366450414
            ],
            [
              14.512714147567749,
              35.89673343994255
            ],
            [
              14.512778520584106,
              35.896772550164684
            ],
            [
              14.512799978256226,
              35.896750822265886
            ]
          ]
        ]
      },
      "properties": {
        "render_height": 5,
        "render_min_height": 0,
        "source_layer": "building",
        "source_tile": "https://tiles.openfreemap.org/planet/20261004_113936_pt/14/8852/6439.pbf"
      }
    },
    {
      "type": "Feature",
      "id": "building:35098320-342",
      "geometry": {
        "type": "Polygon",
        "coordinates": [
          [
            [
              14.512644410133362,
              35.897011556657716
            ],
            [
              14.513341784477234,
              35.89745480315294
            ],
            [
              14.5136958360672,
              35.89708977680783
            ],
            [
              14.512998461723328,
              35.89664652826869
            ],
            [
              14.512644410133362,
              35.897011556657716
            ]
          ]
        ]
      },
      "properties": {
        "render_height": 5,
        "render_min_height": 0,
        "source_layer": "building",
        "source_tile": "https://tiles.openfreemap.org/planet/20261004_113936_pt/14/8852/6439.pbf"
      }
    },
    {
      "type": "Feature",
      "id": "building:35098320-343",
      "geometry": {
        "type": "Polygon",
        "coordinates": [
          [
            [
              14.511625170707703,
              35.89738092890944
            ],
            [
              14.511544704437256,
              35.8973331278916
            ],
            [
              14.511415958404541,
              35.89747218531788
            ],
            [
              14.511496424674988,
              35.89751998625174
            ],
            [
              14.511625170707703,
              35.89738092890944
            ]
          ]
        ]
      },
      "properties": {
        "render_height": 5,
        "render_min_height": 0,
        "source_layer": "building",
        "source_tile": "https://tiles.openfreemap.org/planet/20261004_113936_pt/14/8852/6439.pbf"
      }
    },
    {
      "type": "Feature",
      "id": "building:35098320-344",
      "geometry": {
        "type": "Polygon",
        "coordinates": [
          [
            [
              14.51169490814209,
              35.89742438435515
            ],
            [
              14.511625170707703,
              35.89738092890944
            ],
            [
              14.511496424674988,
              35.89751998625174
            ],
            [
              14.511566162109375,
              35.8975634416211
            ],
            [
              14.51169490814209,
              35.89742438435515
            ]
          ]
        ]
      },
      "properties": {
        "render_height": 5,
        "render_min_height": 0,
        "source_layer": "building",
        "source_tile": "https://tiles.openfreemap.org/planet/20261004_113936_pt/14/8852/6439.pbf"
      }
    },
    {
      "type": "Feature",
      "id": "building:35098320-345",
      "geometry": {
        "type": "Polygon",
        "coordinates": [
          [
            [
              14.511973857879639,
              35.8978198278148
            ],
            [
              14.511995315551758,
              35.8978198278148
            ],
            [
              14.512011408805847,
              35.897798100203474
            ],
            [
              14.512006044387817,
              35.89778071811013
            ],
            [
              14.511984586715698,
              35.8977676815376
            ],
            [
              14.51195776462555,
              35.89777637258619
            ],
            [
              14.51194703578949,
              35.89779375468049
            ],
            [
              14.51195240020752,
              35.897811136771
            ],
            [
              14.511973857879639,
              35.8978198278148
            ]
          ]
        ]
      },
      "properties": {
        "render_height": 5,
        "render_min_height": 0,
        "source_layer": "building",
        "source_tile": "https://tiles.openfreemap.org/planet/20261004_113936_pt/14/8852/6439.pbf"
      }
    },
    {
      "type": "Feature",
      "id": "building:35098320-346",
      "geometry": {
        "type": "Polygon",
        "coordinates": [
          [
            [
              14.512327909469604,
              35.89774160838613
            ],
            [
              14.512386918067932,
              35.897650352288295
            ],
            [
              14.512279629707336,
              35.89759820589941
            ],
            [
              14.51218843460083,
              35.89766773441028
            ],
            [
              14.512327909469604,
              35.89774160838613
            ]
          ]
        ]
      },
      "properties": {
        "render_height": 5,
        "render_min_height": 0,
        "source_layer": "building",
        "source_tile": "https://tiles.openfreemap.org/planet/20261004_113936_pt/14/8852/6439.pbf"
      }
    },
    {
      "type": "Feature",
      "id": "building:35098320-347",
      "geometry": {
        "type": "Polygon",
        "coordinates": [
          [
            [
              14.512467384338379,
              35.89743307544141
            ],
            [
              14.512542486190796,
              35.8974765308585
            ],
            [
              14.512590765953064,
              35.89742003881166
            ],
            [
              14.512521028518677,
              35.89737658336357
            ],
            [
              14.512467384338379,
              35.89743307544141
            ]
          ]
        ]
      },
      "properties": {
        "render_height": 5,
        "render_min_height": 0,
        "source_layer": "building",
        "source_tile": "https://tiles.openfreemap.org/planet/20261004_113936_pt/14/8852/6439.pbf"
      }
    },
    {
      "type": "Feature",
      "id": "building:35098320-348",
      "geometry": {
        "type": "Polygon",
        "coordinates": [
          [
            [
              14.51269268989563,
              35.89748956747897
            ],
            [
              14.512853622436523,
              35.897320091245376
            ],
            [
              14.512998461723328,
              35.89741134772393
            ],
            [
              14.513036012649536,
              35.89737223781742
            ],
            [
              14.51270878314972,
              35.897172342437955
            ],
            [
              14.512521028518677,
              35.89737658336357
            ],
            [
              14.51269268989563,
              35.89748956747897
            ]
          ]
        ]
      },
      "properties": {
        "render_height": 5,
        "render_min_height": 0,
        "source_layer": "building",
        "source_tile": "https://tiles.openfreemap.org/planet/20261004_113936_pt/14/8852/6439.pbf"
      }
    },
    {
      "type": "Feature",
      "id": "building:35098320-349",
      "geometry": {
        "type": "Polygon",
        "coordinates": [
          [
            [
              14.513062834739685,
              35.897724226280346
            ],
            [
              14.513272047042847,
              35.89751564071348
            ],
            [
              14.51318085193634,
              35.89745914869452
            ],
            [
              14.513025283813477,
              35.89761558803285
            ],
            [
              14.512740969657898,
              35.89743742098419
            ],
            [
              14.51269268989563,
              35.89748956747897
            ],
            [
              14.513062834739685,
              35.897724226280346
            ]
          ]
        ]
      },
      "properties": {
        "render_height": 5,
        "render_min_height": 0,
        "source_layer": "building",
        "source_tile": "https://tiles.openfreemap.org/planet/20261004_113936_pt/14/8852/6439.pbf"
      }
    },
    {
      "type": "Feature",
      "id": "building:35098320-350",
      "geometry": {
        "type": "Polygon",
        "coordinates": [
          [
            [
              14.51420545578003,
              35.89782417333636
            ],
            [
              14.513905048370361,
              35.89763297016246
            ],
            [
              14.513813853263855,
              35.89772857180715
            ],
            [
              14.514114260673523,
              35.89791977475012
            ],
            [
              14.51420545578003,
              35.89782417333636
            ]
          ]
        ]
      },
      "properties": {
        "render_height": 5,
        "render_min_height": 0,
        "source_layer": "building",
        "source_tile": "https://tiles.openfreemap.org/planet/20261004_113936_pt/14/8852/6439.pbf"
      }
    },
    {
      "type": "Feature",
      "id": "building:35098320-351",
      "geometry": {
        "type": "Polygon",
        "coordinates": [
          [
            [
              14.514221549034119,
              35.89787197405768
            ],
            [
              14.514559507369995,
              35.89808490419283
            ],
            [
              14.514843821525574,
              35.89778071811013
            ],
            [
              14.514500498771667,
              35.89758082376217
            ],
            [
              14.514221549034119,
              35.89787197405768
            ]
          ]
        ]
      },
      "properties": {
        "render_height": 5,
        "render_min_height": 0,
        "source_layer": "building",
        "source_tile": "https://tiles.openfreemap.org/planet/20261004_113936_pt/14/8852/6439.pbf"
      }
    },
    {
      "type": "Feature",
      "id": "building:35098320-352",
      "geometry": {
        "type": "Polygon",
        "coordinates": [
          [
            [
              14.514291286468506,
              35.89773291733371
            ],
            [
              14.514151811599731,
              35.897646006757185
            ],
            [
              14.514065980911255,
              35.89773726286003
            ],
            [
              14.51420545578003,
              35.89782417333636
            ],
            [
              14.514291286468506,
              35.89773291733371
            ]
          ]
        ]
      },
      "properties": {
        "render_height": 5,
        "render_min_height": 0,
        "source_layer": "building",
        "source_tile": "https://tiles.openfreemap.org/planet/20261004_113936_pt/14/8852/6439.pbf"
      }
    },
    {
      "type": "Feature",
      "id": "building:35098320-353",
      "geometry": {
        "type": "Polygon",
        "coordinates": [
          [
            [
              14.513964056968689,
              35.89716799688061
            ],
            [
              14.514033794403076,
              35.89708977680783
            ],
            [
              14.51394259929657,
              35.89703763004968
            ],
            [
              14.513872861862183,
              35.89711150461358
            ],
            [
              14.513964056968689,
              35.89716799688061
            ]
          ]
        ]
      },
      "properties": {
        "render_height": 5,
        "render_min_height": 0,
        "source_layer": "building",
        "source_tile": "https://tiles.openfreemap.org/planet/20261004_113936_pt/14/8852/6439.pbf"
      }
    },
    {
      "type": "Feature",
      "id": "building:35098320-354",
      "geometry": {
        "type": "Polygon",
        "coordinates": [
          [
            [
              14.513915777206421,
              35.89720710688805
            ],
            [
              14.513840675354004,
              35.8972896723958
            ],
            [
              14.513765573501587,
              35.89724187132286
            ],
            [
              14.51370656490326,
              35.89730270904704
            ],
            [
              14.513620734214783,
              35.89725056242919
            ],
            [
              14.513593912124634,
              35.8972766357424
            ],
            [
              14.51369047164917,
              35.897337473439876
            ],
            [
              14.513610005378723,
              35.89742438435515
            ],
            [
              14.513878226280212,
              35.89758951483127
            ],
            [
              14.514119625091553,
              35.897328782343095
            ],
            [
              14.513915777206421,
              35.89720710688805
            ]
          ]
        ]
      },
      "properties": {
        "render_height": 5,
        "render_min_height": 0,
        "source_layer": "building",
        "source_tile": "https://tiles.openfreemap.org/planet/20261004_113936_pt/14/8852/6439.pbf"
      }
    },
    {
      "type": "Feature",
      "id": "building:35098320-355",
      "geometry": {
        "type": "Polygon",
        "coordinates": [
          [
            [
              14.514130353927612,
              35.897272290190784
            ],
            [
              14.51419472694397,
              35.89719407022105
            ],
            [
              14.514108896255493,
              35.897137577972615
            ],
            [
              14.514039158821106,
              35.89721579799817
            ],
            [
              14.514130353927612,
              35.897272290190784
            ]
          ]
        ]
      },
      "properties": {
        "render_height": 5,
        "render_min_height": 0,
        "source_layer": "building",
        "source_tile": "https://tiles.openfreemap.org/planet/20261004_113936_pt/14/8852/6439.pbf"
      }
    },
    {
      "type": "Feature",
      "id": "building:35098320-356",
      "geometry": {
        "type": "Polygon",
        "coordinates": [
          [
            [
              14.514280557632446,
              35.89737658336357
            ],
            [
              14.514366388320923,
              35.897285326844894
            ],
            [
              14.514318108558655,
              35.89725925353454
            ],
            [
              14.514237642288208,
              35.8973418189879
            ],
            [
              14.514280557632446,
              35.89737658336357
            ]
          ]
        ]
      },
      "properties": {
        "render_height": 5,
        "render_min_height": 0,
        "source_layer": "building",
        "source_tile": "https://tiles.openfreemap.org/planet/20261004_113936_pt/14/8852/6439.pbf"
      }
    },
    {
      "type": "Feature",
      "id": "building:35098320-357",
      "geometry": {
        "type": "Polygon",
        "coordinates": [
          [
            [
              14.514237642288208,
              35.8973418189879
            ],
            [
              14.514318108558655,
              35.89725925353454
            ],
            [
              14.514264464378357,
              35.897224489107344
            ],
            [
              14.51418399810791,
              35.89730705459699
            ],
            [
              14.514237642288208,
              35.8973418189879
            ]
          ]
        ]
      },
      "properties": {
        "render_height": 5,
        "render_min_height": 0,
        "source_layer": "building",
        "source_tile": "https://tiles.openfreemap.org/planet/20261004_113936_pt/14/8852/6439.pbf"
      }
    },
    {
      "type": "Feature",
      "id": "building:35098320-358",
      "geometry": {
        "type": "Polygon",
        "coordinates": [
          [
            [
              14.51418399810791,
              35.89730705459699
            ],
            [
              14.514296650886536,
              35.89717668799506
            ],
            [
              14.514237642288208,
              35.897141923531606
            ],
            [
              14.514130353927612,
              35.897272290190784
            ],
            [
              14.51418399810791,
              35.89730705459699
            ]
          ]
        ]
      },
      "properties": {
        "render_height": 5,
        "render_min_height": 0,
        "source_layer": "building",
        "source_tile": "https://tiles.openfreemap.org/planet/20261004_113936_pt/14/8852/6439.pbf"
      }
    },
    {
      "type": "Feature",
      "id": "building:35098320-359",
      "geometry": {
        "type": "Polygon",
        "coordinates": [
          [
            [
              14.514039158821106,
              35.89721579799817
            ],
            [
              14.514108896255493,
              35.897137577972615
            ],
            [
              14.514033794403076,
              35.89708977680783
            ],
            [
              14.513964056968689,
              35.89716799688061
            ],
            [
              14.514039158821106,
              35.89721579799817
            ]
          ]
        ]
      },
      "properties": {
        "render_height": 5,
        "render_min_height": 0,
        "source_layer": "building",
        "source_tile": "https://tiles.openfreemap.org/planet/20261004_113936_pt/14/8852/6439.pbf"
      }
    },
    {
      "type": "Feature",
      "id": "building:35098320-360",
      "geometry": {
        "type": "Polygon",
        "coordinates": [
          [
            [
              14.513872861862183,
              35.89711150461358
            ],
            [
              14.51394259929657,
              35.89703763004968
            ],
            [
              14.513856768608093,
              35.89698113768959
            ],
            [
              14.513781666755676,
              35.897059357869765
            ],
            [
              14.513872861862183,
              35.89711150461358
            ]
          ]
        ]
      },
      "properties": {
        "render_height": 5,
        "render_min_height": 0,
        "source_layer": "building",
        "source_tile": "https://tiles.openfreemap.org/planet/20261004_113936_pt/14/8852/6439.pbf"
      }
    },
    {
      "type": "Feature",
      "id": "building:35098320-361",
      "geometry": {
        "type": "Polygon",
        "coordinates": [
          [
            [
              14.51345443725586,
              35.896503123798155
            ],
            [
              14.513561725616455,
              35.896372755872264
            ],
            [
              14.513368606567383,
              35.89625542455538
            ],
            [
              14.513250589370728,
              35.896372755872264
            ],
            [
              14.51345443725586,
              35.896503123798155
            ]
          ]
        ]
      },
      "properties": {
        "render_height": 5,
        "render_min_height": 0,
        "source_layer": "building",
        "source_tile": "https://tiles.openfreemap.org/planet/20261004_113936_pt/14/8852/6439.pbf"
      }
    },
    {
      "type": "Feature",
      "id": "building:35098320-362",
      "geometry": {
        "type": "Polygon",
        "coordinates": [
          [
            [
              14.513234496116638,
              35.89632060864179
            ],
            [
              14.513068199157715,
              35.896216314077776
            ],
            [
              14.512993097305298,
              35.89629888061896
            ],
            [
              14.513154029846191,
              35.89640317507417
            ],
            [
              14.513234496116638,
              35.89632060864179
            ]
          ]
        ]
      },
      "properties": {
        "render_height": 5,
        "render_min_height": 0,
        "source_layer": "building",
        "source_tile": "https://tiles.openfreemap.org/planet/20261004_113936_pt/14/8852/6439.pbf"
      }
    },
    {
      "type": "Feature",
      "id": "building:35098320-363",
      "geometry": {
        "type": "Polygon",
        "coordinates": [
          [
            [
              14.513234496116638,
              35.89632060864179
            ],
            [
              14.513331055641174,
              35.896216314077776
            ],
            [
              14.51317012310028,
              35.896112019376346
            ],
            [
              14.513068199157715,
              35.896216314077776
            ],
            [
              14.513234496116638,
              35.89632060864179
            ]
          ]
        ]
      },
      "properties": {
        "render_height": 5,
        "render_min_height": 0,
        "source_layer": "building",
        "source_tile": "https://tiles.openfreemap.org/planet/20261004_113936_pt/14/8852/6439.pbf"
      }
    },
    {
      "type": "Feature",
      "id": "building:35098320-364",
      "geometry": {
        "type": "Polygon",
        "coordinates": [
          [
            [
              14.513154029846191,
              35.89640317507417
            ],
            [
              14.513095021247864,
              35.896364064669555
            ],
            [
              14.513046741485596,
              35.89641621187141
            ],
            [
              14.513105750083923,
              35.896450976653554
            ],
            [
              14.513154029846191,
              35.89640317507417
            ]
          ]
        ]
      },
      "properties": {
        "render_height": 5,
        "render_min_height": 0,
        "source_layer": "building",
        "source_tile": "https://tiles.openfreemap.org/planet/20261004_113936_pt/14/8852/6439.pbf"
      }
    },
    {
      "type": "Feature",
      "id": "building:35098320-365",
      "geometry": {
        "type": "Polygon",
        "coordinates": [
          [
            [
              14.513105750083923,
              35.896450976653554
            ],
            [
              14.51296091079712,
              35.89635971906786
            ],
            [
              14.512880444526672,
              35.89644663105662
            ],
            [
              14.513025283813477,
              35.896537888542156
            ],
            [
              14.513105750083923,
              35.896450976653554
            ]
          ]
        ]
      },
      "properties": {
        "render_height": 5,
        "render_min_height": 0,
        "source_layer": "building",
        "source_tile": "https://tiles.openfreemap.org/planet/20261004_113936_pt/14/8852/6439.pbf"
      }
    },
    {
      "type": "Feature",
      "id": "building:35098320-376",
      "geometry": {
        "type": "Polygon",
        "coordinates": [
          [
            [
              14.51419472694397,
              35.89654223413406
            ],
            [
              14.514098167419434,
              35.89648574142045
            ],
            [
              14.513990879058838,
              35.89658569004018
            ],
            [
              14.514087438583374,
              35.89664652826869
            ],
            [
              14.51419472694397,
              35.89654223413406
            ]
          ]
        ]
      },
      "properties": {
        "render_height": 5,
        "render_min_height": 0,
        "source_layer": "building",
        "source_tile": "https://tiles.openfreemap.org/planet/20261004_113936_pt/14/8852/6439.pbf"
      }
    },
    {
      "type": "Feature",
      "id": "building:35098320-377",
      "geometry": {
        "type": "Polygon",
        "coordinates": [
          [
            [
              14.514028429985046,
              35.89644663105662
            ],
            [
              14.51393187046051,
              35.89638579267452
            ],
            [
              14.513840675354004,
              35.89648574142045
            ],
            [
              14.51392114162445,
              35.896537888542156
            ],
            [
              14.514028429985046,
              35.89644663105662
            ]
          ]
        ]
      },
      "properties": {
        "render_height": 5,
        "render_min_height": 0,
        "source_layer": "building",
        "source_tile": "https://tiles.openfreemap.org/planet/20261004_113936_pt/14/8852/6439.pbf"
      }
    },
    {
      "type": "Feature",
      "id": "building:35098320-378",
      "geometry": {
        "type": "Polygon",
        "coordinates": [
          [
            [
              14.513797760009766,
              35.89632060864179
            ],
            [
              14.513593912124634,
              35.89620327724761
            ],
            [
              14.513497352600098,
              35.89627280698366
            ],
            [
              14.51370656490326,
              35.89640317507417
            ],
            [
              14.513797760009766,
              35.89632060864179
            ]
          ]
        ]
      },
      "properties": {
        "render_height": 5,
        "render_min_height": 0,
        "source_layer": "building",
        "source_tile": "https://tiles.openfreemap.org/planet/20261004_113936_pt/14/8852/6439.pbf"
      }
    },
    {
      "type": "Feature",
      "id": "building:35098320-379",
      "geometry": {
        "type": "Polygon",
        "coordinates": [
          [
            [
              14.51370656490326,
              35.89640317507417
            ],
            [
              14.513840675354004,
              35.89648574142045
            ],
            [
              14.51393187046051,
              35.89638579267452
            ],
            [
              14.513797760009766,
              35.89632060864179
            ],
            [
              14.51370656490326,
              35.89640317507417
            ]
          ]
        ]
      },
      "properties": {
        "render_height": 5,
        "render_min_height": 0,
        "source_layer": "building",
        "source_tile": "https://tiles.openfreemap.org/planet/20261004_113936_pt/14/8852/6439.pbf"
      }
    },
    {
      "type": "Feature",
      "id": "building:35098320-380",
      "geometry": {
        "type": "Polygon",
        "coordinates": [
          [
            [
              14.51369047164917,
              35.89645532225025
            ],
            [
              14.513631463050842,
              35.89642490306839
            ],
            [
              14.513567090034485,
              35.896481395825404
            ],
            [
              14.513534903526306,
              35.896537888542156
            ],
            [
              14.513593912124634,
              35.89657265327085
            ],
            [
              14.51369047164917,
              35.89645532225025
            ]
          ]
        ]
      },
      "properties": {
        "render_height": 5,
        "render_min_height": 0,
        "source_layer": "building",
        "source_tile": "https://tiles.openfreemap.org/planet/20261004_113936_pt/14/8852/6439.pbf"
      }
    },
    {
      "type": "Feature",
      "id": "building:35098320-381",
      "geometry": {
        "type": "Polygon",
        "coordinates": [
          [
            [
              14.513631463050842,
              35.89642490306839
            ],
            [
              14.513583183288574,
              35.89638579267452
            ],
            [
              14.513524174690247,
              35.896450976653554
            ],
            [
              14.513567090034485,
              35.896481395825404
            ],
            [
              14.513631463050842,
              35.89642490306839
            ]
          ]
        ]
      },
      "properties": {
        "render_height": 5,
        "render_min_height": 0,
        "source_layer": "building",
        "source_tile": "https://tiles.openfreemap.org/planet/20261004_113936_pt/14/8852/6439.pbf"
      }
    },
    {
      "type": "Feature",
      "id": "building:35098320-382",
      "geometry": {
        "type": "Polygon",
        "coordinates": [
          [
            [
              14.513797760009766,
              35.89652050617205
            ],
            [
              14.51369047164917,
              35.89645532225025
            ],
            [
              14.513658285140991,
              35.89649443260977
            ],
            [
              14.513760209083557,
              35.89656396209011
            ],
            [
              14.513797760009766,
              35.89652050617205
            ]
          ]
        ]
      },
      "properties": {
        "render_height": 5,
        "render_min_height": 0,
        "source_layer": "building",
        "source_tile": "https://tiles.openfreemap.org/planet/20261004_113936_pt/14/8852/6439.pbf"
      }
    },
    {
      "type": "Feature",
      "id": "building:35098320-383",
      "geometry": {
        "type": "Polygon",
        "coordinates": [
          [
            [
              14.513964056968689,
              35.8966248003353
            ],
            [
              14.513797760009766,
              35.89652050617205
            ],
            [
              14.513760209083557,
              35.89656396209011
            ],
            [
              14.513915777206421,
              35.896663910611096
            ],
            [
              14.513964056968689,
              35.8966248003353
            ]
          ]
        ]
      },
      "properties": {
        "render_height": 5,
        "render_min_height": 0,
        "source_layer": "building",
        "source_tile": "https://tiles.openfreemap.org/planet/20261004_113936_pt/14/8852/6439.pbf"
      }
    },
    {
      "type": "Feature",
      "id": "building:35098320-384",
      "geometry": {
        "type": "Polygon",
        "coordinates": [
          [
            [
              14.514049887657166,
              35.896685638533725
            ],
            [
              14.513964056968689,
              35.8966248003353
            ],
            [
              14.513803124427795,
              35.896785586901075
            ],
            [
              14.513888955116272,
              35.89684207940073
            ],
            [
              14.514049887657166,
              35.896685638533725
            ]
          ]
        ]
      },
      "properties": {
        "render_height": 5,
        "render_min_height": 0,
        "source_layer": "building",
        "source_tile": "https://tiles.openfreemap.org/planet/20261004_113936_pt/14/8852/6439.pbf"
      }
    },
    {
      "type": "Feature",
      "id": "building:35098320-385",
      "geometry": {
        "type": "Polygon",
        "coordinates": [
          [
            [
              14.513990879058838,
              35.89658569004018
            ],
            [
              14.514098167419434,
              35.89648574142045
            ],
            [
              14.514028429985046,
              35.89644663105662
            ],
            [
              14.51392114162445,
              35.896537888542156
            ],
            [
              14.513990879058838,
              35.89658569004018
            ]
          ]
        ]
      },
      "properties": {
        "render_height": 5,
        "render_min_height": 0,
        "source_layer": "building",
        "source_tile": "https://tiles.openfreemap.org/planet/20261004_113936_pt/14/8852/6439.pbf"
      }
    },
    {
      "type": "Feature",
      "id": "building:35098320-386",
      "geometry": {
        "type": "Polygon",
        "coordinates": [
          [
            [
              14.51444685459137,
              35.89666825619608
            ],
            [
              14.514226913452148,
              35.896568307680596
            ],
            [
              14.514130353927612,
              35.89666825619608
            ],
            [
              14.514334201812744,
              35.89679862363535
            ],
            [
              14.51444685459137,
              35.89666825619608
            ]
          ]
        ]
      },
      "properties": {
        "render_height": 5,
        "render_min_height": 0,
        "source_layer": "building",
        "source_tile": "https://tiles.openfreemap.org/planet/20261004_113936_pt/14/8852/6439.pbf"
      }
    },
    {
      "type": "Feature",
      "id": "building:35098320-387",
      "geometry": {
        "type": "Polygon",
        "coordinates": [
          [
            [
              14.514607787132263,
              35.896737785523754
            ],
            [
              14.51444685459137,
              35.89666825619608
            ],
            [
              14.514334201812744,
              35.89679862363535
            ],
            [
              14.514462947845459,
              35.896885535142246
            ],
            [
              14.514607787132263,
              35.896737785523754
            ]
          ]
        ]
      },
      "properties": {
        "render_height": 5,
        "render_min_height": 0,
        "source_layer": "building",
        "source_tile": "https://tiles.openfreemap.org/planet/20261004_113936_pt/14/8852/6439.pbf"
      }
    },
    {
      "type": "Feature",
      "id": "building:35098320-398",
      "geometry": {
        "type": "Polygon",
        "coordinates": [
          [
            [
              14.514591693878174,
              35.89741134772393
            ],
            [
              14.514462947845459,
              35.897328782343095
            ],
            [
              14.514366388320923,
              35.89742872989841
            ],
            [
              14.514500498771667,
              35.89751129517501
            ],
            [
              14.514591693878174,
              35.89741134772393
            ]
          ]
        ]
      },
      "properties": {
        "render_height": 5,
        "render_min_height": 0,
        "source_layer": "building",
        "source_tile": "https://tiles.openfreemap.org/planet/20261004_113936_pt/14/8852/6439.pbf"
      }
    },
    {
      "type": "Feature",
      "id": "building:35098320-399",
      "geometry": {
        "type": "Polygon",
        "coordinates": [
          [
            [
              14.514366388320923,
              35.89742872989841
            ],
            [
              14.514479041099548,
              35.89731140014669
            ],
            [
              14.514414668083191,
              35.897272290190784
            ],
            [
              14.514393210411072,
              35.897294017946436
            ],
            [
              14.514371752738953,
              35.897280981293775
            ],
            [
              14.514280557632446,
              35.89737658336357
            ],
            [
              14.514366388320923,
              35.89742872989841
            ]
          ]
        ]
      },
      "properties": {
        "render_height": 5,
        "render_min_height": 0,
        "source_layer": "building",
        "source_tile": "https://tiles.openfreemap.org/planet/20261004_113936_pt/14/8852/6439.pbf"
      }
    },
    {
      "type": "Feature",
      "id": "building:35098320-400",
      "geometry": {
        "type": "Polygon",
        "coordinates": [
          [
            [
              14.514339566230774,
              35.89745914869452
            ],
            [
              14.514264464378357,
              35.89741134772393
            ],
            [
              14.51417326927185,
              35.89749825855809
            ],
            [
              14.514248371124268,
              35.897550405012794
            ],
            [
              14.514339566230774,
              35.89745914869452
            ]
          ]
        ]
      },
      "properties": {
        "render_height": 5,
        "render_min_height": 0,
        "source_layer": "building",
        "source_tile": "https://tiles.openfreemap.org/planet/20261004_113936_pt/14/8852/6439.pbf"
      }
    },
    {
      "type": "Feature",
      "id": "building:35098320-401",
      "geometry": {
        "type": "Polygon",
        "coordinates": [
          [
            [
              14.514409303665161,
              35.897506949636266
            ],
            [
              14.514339566230774,
              35.89745914869452
            ],
            [
              14.514248371124268,
              35.897550405012794
            ],
            [
              14.514318108558655,
              35.89759386036546
            ],
            [
              14.514409303665161,
              35.897506949636266
            ]
          ]
        ]
      },
      "properties": {
        "render_height": 5,
        "render_min_height": 0,
        "source_layer": "building",
        "source_tile": "https://tiles.openfreemap.org/planet/20261004_113936_pt/14/8852/6439.pbf"
      }
    },
    {
      "type": "Feature",
      "id": "building:35098320-523",
      "geometry": {
        "type": "Polygon",
        "coordinates": [
          [
            [
              14.513293504714966,
              35.89820223279803
            ],
            [
              14.513620734214783,
              35.89838908910657
            ],
            [
              14.513760209083557,
              35.89825003329105
            ],
            [
              14.51343834400177,
              35.89805014012825
            ],
            [
              14.513293504714966,
              35.89820223279803
            ]
          ]
        ]
      },
      "properties": {
        "render_height": 5,
        "render_min_height": 0,
        "source_layer": "building",
        "source_tile": "https://tiles.openfreemap.org/planet/20261004_113936_pt/14/8852/6439.pbf"
      }
    },
    {
      "type": "Feature",
      "id": "building:35098320-524",
      "geometry": {
        "type": "Polygon",
        "coordinates": [
          [
            [
              14.513883590698242,
              35.89902787362057
            ],
            [
              14.514119625091553,
              35.89916692806962
            ],
            [
              14.514811635017395,
              35.89847165338146
            ],
            [
              14.514087438583374,
              35.89804144910971
            ],
            [
              14.513406157493591,
              35.89873672757666
            ],
            [
              14.513883590698242,
              35.89902787362057
            ]
          ],
          [
            [
              14.5136958360672,
              35.89851076274476
            ],
            [
              14.513894319534302,
              35.89830217925049
            ],
            [
              14.514124989509583,
              35.89844123497441
            ],
            [
              14.51392650604248,
              35.89864981810226
            ],
            [
              14.5136958360672,
              35.89851076274476
            ]
          ],
          [
            [
              14.5139479637146,
              35.89880625508745
            ],
            [
              14.514216184616089,
              35.89852379919492
            ],
            [
              14.514382481575012,
              35.89862374524135
            ],
            [
              14.514114260673523,
              35.89890620077725
            ],
            [
              14.5139479637146,
              35.89880625508745
            ]
          ]
        ]
      },
      "properties": {
        "render_height": 5,
        "render_min_height": 0,
        "source_layer": "building",
        "source_tile": "https://tiles.openfreemap.org/planet/20261004_113936_pt/14/8852/6439.pbf"
      }
    },
    {
      "type": "Feature",
      "id": "building:35098320-525",
      "geometry": {
        "type": "Polygon",
        "coordinates": [
          [
            [
              14.512977004051208,
              35.899171273517226
            ],
            [
              14.5136958360672,
              35.89961016249568
            ],
            [
              14.513829946517944,
              35.899462417962766
            ],
            [
              14.513400793075562,
              35.899214727980066
            ],
            [
              14.513116478919983,
              35.89903656453079
            ],
            [
              14.512977004051208,
              35.899171273517226
            ]
          ]
        ]
      },
      "properties": {
        "render_height": 5,
        "render_min_height": 0,
        "source_layer": "building",
        "source_tile": "https://tiles.openfreemap.org/planet/20261004_113936_pt/14/8852/6439.pbf"
      }
    },
    {
      "type": "Feature",
      "id": "building:188130910-0",
      "geometry": {
        "type": "Polygon",
        "coordinates": [
          [
            [
              14.512580037117004,
              35.89893661900561
            ],
            [
              14.512912631034851,
              35.89914520082807
            ],
            [
              14.513282775878906,
              35.898758454930345
            ],
            [
              14.51295018196106,
              35.89854987208875
            ],
            [
              14.512580037117004,
              35.89893661900561
            ]
          ]
        ]
      },
      "properties": {
        "render_height": 11,
        "render_min_height": 0,
        "source_layer": "building",
        "source_tile": "https://tiles.openfreemap.org/planet/20261004_113936_pt/14/8852/6439.pbf"
      }
    },
    {
      "type": "Feature",
      "id": "building:188130910-1",
      "geometry": {
        "type": "Polygon",
        "coordinates": [
          [
            [
              14.51219916343689,
              35.89798061195329
            ],
            [
              14.512397646903992,
              35.89777637258619
            ],
            [
              14.51218843460083,
              35.89766773441028
            ],
            [
              14.512016773223877,
              35.897863283019575
            ],
            [
              14.51219916343689,
              35.89798061195329
            ]
          ]
        ]
      },
      "properties": {
        "render_height": 11,
        "render_min_height": 0,
        "source_layer": "building",
        "source_tile": "https://tiles.openfreemap.org/planet/20261004_113936_pt/14/8852/6439.pbf"
      }
    },
    {
      "type": "Feature",
      "id": "building:1395187450-1",
      "geometry": {
        "type": "Polygon",
        "coordinates": [
          [
            [
              14.514339566230774,
              35.897685116528436
            ],
            [
              14.514237642288208,
              35.89761558803285
            ],
            [
              14.51418399810791,
              35.89766773441028
            ],
            [
              14.514291286468506,
              35.89773291733371
            ],
            [
              14.514339566230774,
              35.897685116528436
            ]
          ]
        ]
      },
      "properties": {
        "colour": "#b4a995",
        "render_height": 11,
        "render_min_height": 0,
        "source_layer": "building",
        "source_tile": "https://tiles.openfreemap.org/planet/20261004_113936_pt/14/8852/6439.pbf"
      }
    },
    {
      "type": "Feature",
      "id": "building:57602520-5",
      "geometry": {
        "type": "Polygon",
        "coordinates": [
          [
            [
              14.511035084724426,
              35.89724187132286
            ],
            [
              14.51121211051941,
              35.89734616453569
            ],
            [
              14.511351585388184,
              35.89721579799817
            ],
            [
              14.51169490814209,
              35.89742438435515
            ],
            [
              14.511566162109375,
              35.8975634416211
            ],
            [
              14.511882662773132,
              35.89775899048806
            ],
            [
              14.512124061584473,
              35.89749825855809
            ],
            [
              14.51192557811737,
              35.89737658336357
            ],
            [
              14.512006044387817,
              35.897285326844894
            ],
            [
              14.511727094650269,
              35.89711585017402
            ],
            [
              14.511555433273315,
              35.89730270904704
            ],
            [
              14.51142132282257,
              35.897224489107344
            ],
            [
              14.5114266872406,
              35.89721579799817
            ],
            [
              14.511346220970154,
              35.897163651323055
            ],
            [
              14.511512517929077,
              35.89698548325718
            ],
            [
              14.511362314224243,
              35.89688988071508
            ],
            [
              14.511035084724426,
              35.89724187132286
            ]
          ]
        ]
      },
      "properties": {
        "render_height": 15,
        "render_min_height": 0,
        "source_layer": "building",
        "source_tile": "https://tiles.openfreemap.org/planet/20261004_113936_pt/14/8852/6439.pbf"
      }
    },
    {
      "type": "Feature",
      "id": "building:57602520-7",
      "geometry": {
        "type": "Polygon",
        "coordinates": [
          [
            [
              14.511539340019226,
              35.89671171203304
            ],
            [
              14.511389136314392,
              35.89686380727447
            ],
            [
              14.512016773223877,
              35.89724621687613
            ],
            [
              14.512107968330383,
              35.897141923531606
            ],
            [
              14.512317180633545,
              35.897267944638955
            ],
            [
              14.512510299682617,
              35.897050666742444
            ],
            [
              14.511861205101013,
              35.8966248003353
            ],
            [
              14.51168954372406,
              35.896802969212956
            ],
            [
              14.511539340019226,
              35.89671171203304
            ]
          ]
        ]
      },
      "properties": {
        "render_height": 15,
        "render_min_height": 0,
        "source_layer": "building",
        "source_tile": "https://tiles.openfreemap.org/planet/20261004_113936_pt/14/8852/6439.pbf"
      }
    },
    {
      "type": "Feature",
      "id": "building:57602520-8",
      "geometry": {
        "type": "Polygon",
        "coordinates": [
          [
            [
              14.515262246131897,
              35.896933336430365
            ],
            [
              14.515374898910522,
              35.8967942780575
            ],
            [
              14.5139479637146,
              35.896107673760824
            ],
            [
              14.513867497444153,
              35.89607725444536
            ],
            [
              14.513797760009766,
              35.89607725444536
            ],
            [
              14.513738751411438,
              35.89613374745048
            ],
            [
              14.514216184616089,
              35.89638579267452
            ],
            [
              14.514623880386353,
              35.89659003562947
            ],
            [
              14.515262246131897,
              35.896933336430365
            ]
          ]
        ]
      },
      "properties": {
        "render_height": 15,
        "render_min_height": 0,
        "source_layer": "building",
        "source_tile": "https://tiles.openfreemap.org/planet/20261004_113936_pt/14/8852/6439.pbf"
      }
    },
    {
      "type": "Feature",
      "id": "building:233528292-0",
      "geometry": {
        "type": "Polygon",
        "coordinates": [
          [
            [
              14.512521028518677,
              35.89737658336357
            ],
            [
              14.512392282485962,
              35.897506949636266
            ],
            [
              14.51218843460083,
              35.89766773441028
            ],
            [
              14.512397646903992,
              35.89777637258619
            ],
            [
              14.512773156166077,
              35.89801537604839
            ],
            [
              14.513062834739685,
              35.897724226280346
            ],
            [
              14.512521028518677,
              35.89737658336357
            ]
          ]
        ]
      },
      "properties": {
        "render_height": 19,
        "render_min_height": 0,
        "hide_3d": true,
        "source_layer": "building",
        "source_tile": "https://tiles.openfreemap.org/planet/20261004_113936_pt/14/8852/6439.pbf"
      }
    },
    {
      "type": "Feature",
      "id": "building:12247700032-0",
      "geometry": {
        "type": "Polygon",
        "coordinates": [
          [
            [
              14.514468312263489,
              35.89754605947621
            ],
            [
              14.514409303665161,
              35.897506949636266
            ],
            [
              14.514318108558655,
              35.89759386036546
            ],
            [
              14.514377117156982,
              35.89763297016246
            ],
            [
              14.514468312263489,
              35.89754605947621
            ]
          ]
        ]
      },
      "properties": {
        "colour": "#b4a995",
        "render_height": 22,
        "render_min_height": 0,
        "source_layer": "building",
        "source_tile": "https://tiles.openfreemap.org/planet/20261004_113936_pt/14/8852/6439.pbf"
      }
    },
    {
      "type": "Feature",
      "id": "transportation:80217243-0",
      "geometry": {
        "type": "Polygon",
        "coordinates": [
          [
            [
              14.51319694519043,
              35.89903656453079
            ],
            [
              14.51317012310028,
              35.89907132816215
            ],
            [
              14.513400793075562,
              35.899214727980066
            ],
            [
              14.51342761516571,
              35.89918430985858
            ],
            [
              14.513583183288574,
              35.89927121874611
            ],
            [
              14.513556361198425,
              35.8993059822744
            ],
            [
              14.513829946517944,
              35.899462417962766
            ],
            [
              14.514060616493225,
              35.89922341886978
            ],
            [
              14.51345980167389,
              35.89885405521571
            ],
            [
              14.51343834400177,
              35.89887143707337
            ],
            [
              14.513320326805115,
              35.898801909619834
            ],
            [
              14.513132572174072,
              35.89900180088418
            ],
            [
              14.51319694519043,
              35.89903656453079
            ]
          ],
          [
            [
              14.513491988182068,
              35.899062637255724
            ],
            [
              14.513561725616455,
              35.89898876451275
            ],
            [
              14.513760209083557,
              35.899114782679845
            ],
            [
              14.51369047164917,
              35.899188655305224
            ],
            [
              14.513491988182068,
              35.899062637255724
            ]
          ]
        ]
      },
      "properties": {
        "subclass": "pedestrian",
        "class": "path",
        "source_layer": "transportation",
        "source_tile": "https://tiles.openfreemap.org/planet/20261004_113936_pt/14/8852/6439.pbf"
      }
    },
    {
      "type": "Feature",
      "id": "transportation:312329422-0",
      "geometry": {
        "type": "Polygon",
        "coordinates": [
          [
            [
              14.513014554977417,
              35.89848468983806
            ],
            [
              14.513341784477234,
              35.89868892737755
            ],
            [
              14.513620734214783,
              35.89838908910657
            ],
            [
              14.513293504714966,
              35.89820223279803
            ],
            [
              14.513014554977417,
              35.89848468983806
            ]
          ]
        ]
      },
      "properties": {
        "subclass": "pedestrian",
        "class": "path",
        "source_layer": "transportation",
        "source_tile": "https://tiles.openfreemap.org/planet/20261004_113936_pt/14/8852/6439.pbf"
      }
    },
    {
      "type": "Feature",
      "id": "transportation:312329432-0",
      "geometry": {
        "type": "Polygon",
        "coordinates": [
          [
            [
              14.512220621109009,
              35.89796322990003
            ],
            [
              14.512601494789124,
              35.8982109237989
            ],
            [
              14.512773156166077,
              35.89801537604839
            ],
            [
              14.512397646903992,
              35.89777637258619
            ],
            [
              14.512220621109009,
              35.89796322990003
            ]
          ]
        ]
      },
      "properties": {
        "subclass": "pedestrian",
        "class": "path",
        "source_layer": "transportation",
        "source_tile": "https://tiles.openfreemap.org/planet/20261004_113936_pt/14/8852/6439.pbf"
      }
    },
    {
      "type": "Feature",
      "id": "transportation:312329442-0",
      "geometry": {
        "type": "Polygon",
        "coordinates": [
          [
            [
              14.51270878314972,
              35.897172342437955
            ],
            [
              14.512510299682617,
              35.897050666742444
            ],
            [
              14.512317180633545,
              35.897267944638955
            ],
            [
              14.512107968330383,
              35.897141923531606
            ],
            [
              14.512016773223877,
              35.89724621687613
            ],
            [
              14.512022137641907,
              35.897267944638955
            ],
            [
              14.512006044387817,
              35.897285326844894
            ],
            [
              14.51192557811737,
              35.89737658336357
            ],
            [
              14.512124061584473,
              35.89749825855809
            ],
            [
              14.511893391609192,
              35.8977676815376
            ],
            [
              14.512016773223877,
              35.897863283019575
            ],
            [
              14.51218843460083,
              35.89766773441028
            ],
            [
              14.512392282485962,
              35.897506949636266
            ],
            [
              14.51270878314972,
              35.897172342437955
            ]
          ]
        ]
      },
      "properties": {
        "subclass": "pedestrian",
        "class": "path",
        "source_layer": "transportation",
        "source_tile": "https://tiles.openfreemap.org/planet/20261004_113936_pt/14/8852/6439.pbf"
      }
    },
    {
      "type": "Feature",
      "id": "transportation:1410547162-0",
      "geometry": {
        "type": "Polygon",
        "coordinates": [
          [
            [
              14.514221549034119,
              35.89787197405768
            ],
            [
              14.514082074165344,
              35.897971920927134
            ],
            [
              14.514473676681519,
              35.89820223279803
            ],
            [
              14.514559507369995,
              35.89808490419283
            ],
            [
              14.514221549034119,
              35.89787197405768
            ]
          ]
        ]
      },
      "properties": {
        "subclass": "pedestrian",
        "class": "path",
        "source_layer": "transportation",
        "source_tile": "https://tiles.openfreemap.org/planet/20261004_113936_pt/14/8852/6439.pbf"
      }
    },
    {
      "type": "Feature",
      "id": "transportation:3192891792-0",
      "geometry": {
        "type": "Polygon",
        "coordinates": [
          [
            [
              14.5136958360672,
              35.89851076274476
            ],
            [
              14.51392650604248,
              35.89864981810226
            ],
            [
              14.514124989509583,
              35.89844123497441
            ],
            [
              14.513894319534302,
              35.89830217925049
            ],
            [
              14.5136958360672,
              35.89851076274476
            ]
          ]
        ]
      },
      "properties": {
        "subclass": "pedestrian",
        "class": "path",
        "source_layer": "transportation",
        "source_tile": "https://tiles.openfreemap.org/planet/20261004_113936_pt/14/8852/6439.pbf"
      }
    },
    {
      "type": "Feature",
      "id": "transportation:3192891822-0",
      "geometry": {
        "type": "Polygon",
        "coordinates": [
          [
            [
              14.5139479637146,
              35.89880625508745
            ],
            [
              14.514114260673523,
              35.89890620077725
            ],
            [
              14.514382481575012,
              35.89862374524135
            ],
            [
              14.514216184616089,
              35.89852379919492
            ],
            [
              14.5139479637146,
              35.89880625508745
            ]
          ]
        ]
      },
      "properties": {
        "subclass": "pedestrian",
        "class": "path",
        "source_layer": "transportation",
        "source_tile": "https://tiles.openfreemap.org/planet/20261004_113936_pt/14/8852/6439.pbf"
      }
    },
    {
      "type": "Feature",
      "id": "transportation:4043577762-0",
      "geometry": {
        "type": "Polygon",
        "coordinates": [
          [
            [
              14.510879516601562,
              35.89623804212326
            ],
            [
              14.510997533798218,
              35.896112019376346
            ],
            [
              14.510809779167175,
              35.896007724537526
            ],
            [
              14.51069176197052,
              35.89609463691278
            ],
            [
              14.510595202445984,
              35.896207622857915
            ],
            [
              14.510595202445984,
              35.89623804212326
            ],
            [
              14.510729312896729,
              35.89632495424564
            ],
            [
              14.510659575462341,
              35.89641621187141
            ],
            [
              14.510895609855652,
              35.896559616499374
            ],
            [
              14.511072635650635,
              35.896364064669555
            ],
            [
              14.510879516601562,
              35.89623804212326
            ]
          ]
        ]
      },
      "properties": {
        "subclass": "pedestrian",
        "class": "path",
        "source_layer": "transportation",
        "source_tile": "https://tiles.openfreemap.org/planet/20261004_113936_pt/14/8852/6439.pbf"
      }
    },
    {
      "type": "Feature",
      "id": "transportation:13388419982-0",
      "geometry": {
        "type": "Polygon",
        "coordinates": [
          [
            [
              14.509136080741882,
              35.896159821131576
            ],
            [
              14.509093165397644,
              35.89621196846794
            ],
            [
              14.50917363166809,
              35.896259770162814
            ],
            [
              14.509291648864746,
              35.89634668226131
            ],
            [
              14.509876370429993,
              35.89671171203304
            ],
            [
              14.51019287109375,
              35.89689422628767
            ],
            [
              14.510262608528137,
              35.89690726300405
            ],
            [
              14.510815143585205,
              35.897224489107344
            ],
            [
              14.51144814491272,
              35.89762862463043
            ],
            [
              14.512537121772766,
              35.898280451771555
            ],
            [
              14.512574672698975,
              35.89831087024038
            ],
            [
              14.513282775878906,
              35.898758454930345
            ],
            [
              14.513320326805115,
              35.898801909619834
            ],
            [
              14.51343834400177,
              35.89887143707337
            ],
            [
              14.51345980167389,
              35.89885405521571
            ],
            [
              14.514060616493225,
              35.89922341886978
            ],
            [
              14.514119625091553,
              35.89916692806962
            ],
            [
              14.513406157493591,
              35.89873672757666
            ],
            [
              14.512220621109009,
              35.89796322990003
            ],
            [
              14.51219916343689,
              35.89798061195329
            ],
            [
              14.512016773223877,
              35.897863283019575
            ],
            [
              14.511882662773132,
              35.89775899048806
            ],
            [
              14.510976076126099,
              35.89720710688805
            ],
            [
              14.510799050331116,
              35.89708543124597
            ],
            [
              14.51069176197052,
              35.89702893891997
            ],
            [
              14.51069712638855,
              35.897024593354786
            ],
            [
              14.510375261306763,
              35.89681166036746
            ],
            [
              14.510332345962524,
              35.8967942780575
            ],
            [
              14.510267972946167,
              35.89678124132253
            ],
            [
              14.509972929954529,
              35.8966074179843
            ],
            [
              14.51019287109375,
              35.89635971906786
            ],
            [
              14.510101675987244,
              35.896303226223964
            ],
            [
              14.510085582733154,
              35.89632060864179
            ],
            [
              14.510064125061035,
              35.8963075718288
            ],
            [
              14.509972929954529,
              35.896398829474606
            ],
            [
              14.509801268577576,
              35.896290189408134
            ],
            [
              14.50995147228241,
              35.896233696514656
            ],
            [
              14.50993001461029,
              35.896220659687344
            ],
            [
              14.510031938552856,
              35.89618589480406
            ],
            [
              14.509887099266052,
              35.89607725444536
            ],
            [
              14.509731531143188,
              35.8962293509058
            ],
            [
              14.509592056274414,
              35.89613809306458
            ],
            [
              14.509527683258057,
              35.896220659687344
            ],
            [
              14.509216547012329,
              35.896055526355724
            ],
            [
              14.509136080741882,
              35.896159821131576
            ]
          ]
        ]
      },
      "properties": {
        "subclass": "pedestrian",
        "class": "path",
        "source_layer": "transportation",
        "source_tile": "https://tiles.openfreemap.org/planet/20261004_113936_pt/14/8852/6439.pbf"
      }
    },
    {
      "type": "Feature",
      "id": "transportation:150893100-0",
      "geometry": {
        "type": "MultiLineString",
        "coordinates": [
          [
            [
              14.510042667388916,
              35.892652833926434
            ],
            [
              14.509967565536499,
              35.89274409578525
            ]
          ],
          [
            [
              14.508084654808044,
              35.896364064669555
            ],
            [
              14.507639408111572,
              35.89664218268247
            ]
          ],
          [
            [
              14.51793909072876,
              35.892035727168036
            ],
            [
              14.517853260040283,
              35.891866239258675
            ],
            [
              14.517831802368164,
              35.89174455540767
            ]
          ],
          [
            [
              14.517075419425964,
              35.902199992460936
            ],
            [
              14.517118334770203,
              35.90223040942348
            ]
          ],
          [
            [
              14.507306814193726,
              35.88895446723602
            ],
            [
              14.507339000701904,
              35.88882408687964
            ]
          ]
        ]
      },
      "properties": {
        "class": "service",
        "layer": -1,
        "brunnel": "tunnel",
        "source_layer": "transportation",
        "source_tile": "https://tiles.openfreemap.org/planet/20261004_113936_pt/14/8852/6439.pbf"
      }
    },
    {
      "type": "Feature",
      "id": "transportation:4859411650-0",
      "geometry": {
        "type": "MultiLineString",
        "coordinates": [
          [
            [
              14.511335492134094,
              35.90104413922225
            ],
            [
              14.511094093322754,
              35.90076603667565
            ],
            [
              14.511083364486694,
              35.90069216552244
            ],
            [
              14.511045813560486,
              35.900626985035885
            ],
            [
              14.510981440544128,
              35.90059222208781
            ]
          ],
          [
            [
              14.511260390281677,
              35.899588435375776
            ],
            [
              14.511297941207886,
              35.89961450791894
            ]
          ],
          [
            [
              14.509216547012329,
              35.89592081206689
            ],
            [
              14.509350657463074,
              35.89600337891628
            ],
            [
              14.509302377700806,
              35.896051180737075
            ],
            [
              14.509377479553223,
              35.896103328145045
            ]
          ]
        ]
      },
      "properties": {
        "subclass": "steps",
        "brunnel": "tunnel",
        "class": "path",
        "layer": -1,
        "source_layer": "transportation",
        "source_tile": "https://tiles.openfreemap.org/planet/20261004_113936_pt/14/8852/6439.pbf"
      }
    },
    {
      "type": "Feature",
      "id": "transportation:1543340602-0",
      "geometry": {
        "type": "LineString",
        "coordinates": [
          [
            14.513352513313293,
            35.89814139576518
          ],
          [
            14.513733386993408,
            35.8983543251756
          ]
        ]
      },
      "properties": {
        "subclass": "pedestrian",
        "class": "path",
        "brunnel": "tunnel",
        "source_layer": "transportation",
        "source_tile": "https://tiles.openfreemap.org/planet/20261004_113936_pt/14/8852/6439.pbf"
      }
    },
    {
      "type": "Feature",
      "id": "transportation:12175693300-0",
      "geometry": {
        "type": "MultiLineString",
        "coordinates": [
          [
            [
              14.513588547706604,
              35.89599903329477
            ],
            [
              14.513593912124634,
              35.89595123144248
            ]
          ],
          [
            [
              14.51370656490326,
              35.895964268314145
            ],
            [
              14.5136958360672,
              35.89601641577934
            ]
          ],
          [
            [
              14.519113898277283,
              35.901600341384
            ],
            [
              14.51894760131836,
              35.90165248513627
            ]
          ],
          [
            [
              14.513620734214783,
              35.89887143707337
            ],
            [
              14.513856768608093,
              35.89860636332931
            ]
          ],
          [
            [
              14.513883590698242,
              35.89902787362057
            ],
            [
              14.514039158821106,
              35.89885840068047
            ]
          ]
        ]
      },
      "properties": {
        "subclass": "footway",
        "brunnel": "tunnel",
        "surface": "paved",
        "class": "path",
        "source_layer": "transportation",
        "source_tile": "https://tiles.openfreemap.org/planet/20261004_113936_pt/14/8852/6439.pbf"
      }
    },
    {
      "type": "Feature",
      "id": "transportation:48133090-0",
      "geometry": {
        "type": "MultiLineString",
        "coordinates": [
          [
            [
              14.504613876342773,
              35.90283874621937
            ],
            [
              14.504538774490356,
              35.902747495998085
            ],
            [
              14.50443148612976,
              35.90280398424272
            ]
          ],
          [
            [
              14.504404664039612,
              35.90339928098487
            ],
            [
              14.504351019859314,
              35.903368864471545
            ],
            [
              14.504361748695374,
              35.903351483601554
            ],
            [
              14.50443685054779,
              35.903394935769384
            ],
            [
              14.50445294380188,
              35.903473149611386
            ],
            [
              14.50443148612976,
              35.903473149611386
            ],
            [
              14.504420757293701,
              35.90342100705864
            ]
          ],
          [
            [
              14.505107402801514,
              35.903494875664876
            ],
            [
              14.505144953727722,
              35.90354267296158
            ],
            [
              14.505032300949097,
              35.90359916063866
            ]
          ],
          [
            [
              14.505477547645569,
              35.90260844783951
            ],
            [
              14.505509734153748,
              35.902656245671594
            ]
          ],
          [
            [
              14.505729675292969,
              35.902943032057735
            ],
            [
              14.50569748878479,
              35.90290392488447
            ]
          ],
          [
            [
              14.512644410133362,
              35.90598029681517
            ],
            [
              14.512639045715332,
              35.90594553621844
            ]
          ],
          [
            [
              14.512633681297302,
              35.90592381083772
            ],
            [
              14.512622952461243,
              35.90588905021619
            ]
          ],
          [
            [
              14.512816071510315,
              35.90176111784314
            ],
            [
              14.51295554637909,
              35.901613377325276
            ]
          ],
          [
            [
              14.506856203079224,
              35.898367361651495
            ],
            [
              14.506738185882568,
              35.89846296240921
            ],
            [
              14.506657719612122,
              35.89839343459688
            ]
          ],
          [
            [
              14.506604075431824,
              35.898502071776804
            ],
            [
              14.506636261940002,
              35.8985368356429
            ],
            [
              14.506496787071228,
              35.89864112714959
            ],
            [
              14.506400227546692,
              35.89854552660704
            ]
          ],
          [
            [
              14.503900408744812,
              35.8967421311047
            ],
            [
              14.503782391548157,
              35.89689857186005
            ],
            [
              14.50370728969574,
              35.89688988071508
            ],
            [
              14.503567814826965,
              35.89697679212178
            ],
            [
              14.503519535064697,
              35.89702024778933
            ]
          ],
          [
            [
              14.503288865089417,
              35.892179139731056
            ],
            [
              14.503262042999268,
              35.892200868884615
            ]
          ],
          [
            [
              14.502913355827332,
              35.89193577280385
            ],
            [
              14.50268268585205,
              35.8917662846805
            ]
          ],
          [
            [
              14.502527117729187,
              35.89171848027242
            ],
            [
              14.502382278442383,
              35.89174020955238
            ]
          ],
          [
            [
              14.502623677253723,
              35.89164025481513
            ],
            [
              14.502618312835693,
              35.89151857061681
            ]
          ],
          [
            [
              14.506164193153381,
              35.892083531384586
            ],
            [
              14.506282210350037,
              35.89196619371066
            ]
          ],
          [
            [
              14.51269805431366,
              35.89522985453054
            ],
            [
              14.512724876403809,
              35.8951690152133
            ],
            [
              14.512585401535034,
              35.89506037345906
            ]
          ],
          [
            [
              14.51244592666626,
              35.89522985453054
            ],
            [
              14.512585401535034,
              35.89506037345906
            ],
            [
              14.512644410133362,
              35.895008225364094
            ]
          ],
          [
            [
              14.510622024536133,
              35.895668765362416
            ],
            [
              14.510729312896729,
              35.895612272025446
            ]
          ],
          [
            [
              14.510305523872375,
              35.89469099037949
            ],
            [
              14.510267972946167,
              35.89444328546658
            ]
          ],
          [
            [
              14.51070785522461,
              35.89451281674843
            ],
            [
              14.510718584060669,
              35.894425902636584
            ]
          ],
          [
            [
              14.507794976234436,
              35.89458234796925
            ],
            [
              14.507757425308228,
              35.89461276785913
            ]
          ],
          [
            [
              14.507859349250793,
              35.8945606194693
            ],
            [
              14.507912993431091,
              35.894564965169764
            ]
          ],
          [
            [
              14.507977366447449,
              35.895399335239176
            ],
            [
              14.508068561553955,
              35.8954645200305
            ]
          ],
          [
            [
              14.51370120048523,
              35.89609463691278
            ],
            [
              14.513636827468872,
              35.89609463691278
            ]
          ],
          [
            [
              14.514500498771667,
              35.88938037490412
            ],
            [
              14.514806270599365,
              35.889528138253695
            ]
          ],
          [
            [
              14.514747262001038,
              35.88906311736899
            ],
            [
              14.515042304992676,
              35.88922826528565
            ]
          ],
          [
            [
              14.515530467033386,
              35.88995404283612
            ],
            [
              14.515621662139893,
              35.889919275200995
            ],
            [
              14.515530467033386,
              35.889793242395626
            ]
          ],
          [
            [
              14.522498846054077,
              35.88922826528565
            ],
            [
              14.522488117218018,
              35.88921957329862
            ],
            [
              14.52269732952118,
              35.88910223138038
            ]
          ],
          [
            [
              14.522579312324524,
              35.889328223067835
            ],
            [
              14.52269196510315,
              35.8893586449765
            ]
          ],
          [
            [
              14.51869547367096,
              35.89971445258817
            ],
            [
              14.5186847448349,
              35.89968838007793
            ],
            [
              14.51870083808899,
              35.89968838007793
            ],
            [
              14.518716931343079,
              35.89973183425688
            ]
          ],
          [
            [
              14.5184326171875,
              35.899492835977384
            ],
            [
              14.518459439277649,
              35.89961450791894
            ]
          ],
          [
            [
              14.518073201179504,
              35.89833694320437
            ],
            [
              14.518159031867981,
              35.89857594497401
            ]
          ],
          [
            [
              14.518218040466309,
              35.89881929148892
            ],
            [
              14.518228769302368,
              35.898849709750706
            ],
            [
              14.518255591392517,
              35.89885405521571
            ],
            [
              14.518271684646606,
              35.89888447346411
            ]
          ],
          [
            [
              14.514800906181335,
              35.90089205201316
            ],
            [
              14.5144522190094,
              35.90124402482407
            ]
          ],
          [
            [
              14.514639973640442,
              35.90078341811345
            ],
            [
              14.514307379722595,
              35.901152772764135
            ]
          ],
          [
            [
              14.513529539108276,
              35.90092246947836
            ],
            [
              14.513964056968689,
              35.90120926214696
            ]
          ],
          [
            [
              14.513888955116272,
              35.900900742718676
            ],
            [
              14.513749480247498,
              35.90082252633452
            ]
          ],
          [
            [
              14.514023065567017,
              35.90098330437368
            ],
            [
              14.514366388320923,
              35.90061394893216
            ]
          ],
          [
            [
              14.513347148895264,
              35.90214350378521
            ],
            [
              14.513352513313293,
              35.902199992460936
            ]
          ],
          [
            [
              14.514731168746948,
              35.901661175758306
            ],
            [
              14.514650702476501,
              35.901574269494986
            ]
          ],
          [
            [
              14.517349004745483,
              35.90180457088414
            ],
            [
              14.5174241065979,
              35.90185671450186
            ]
          ],
          [
            [
              14.52041208744049,
              35.9028430914654
            ],
            [
              14.520599842071533,
              35.902864817691864
            ]
          ],
          [
            [
              14.524210095405579,
              35.8921878313932
            ],
            [
              14.524108171463013,
              35.892135681406074
            ]
          ],
          [
            [
              14.524199366569519,
              35.89220521471461
            ],
            [
              14.524092078208923,
              35.89214871890607
            ]
          ],
          [
            [
              14.523877501487732,
              35.88882408687964
            ],
            [
              14.52393651008606,
              35.888793664765586
            ]
          ],
          [
            [
              14.523866772651672,
              35.88877628069517
            ],
            [
              14.523834586143494,
              35.888784972730846
            ]
          ],
          [
            [
              14.517247080802917,
              35.88882408687964
            ],
            [
              14.517214894294739,
              35.88888493107265
            ],
            [
              14.517150521278381,
              35.88896315925216
            ]
          ],
          [
            [
              14.505633115768433,
              35.88893273719151
            ],
            [
              14.505659937858582,
              35.88889796910793
            ],
            [
              14.505853056907654,
              35.88901531132885
            ]
          ]
        ]
      },
      "properties": {
        "subclass": "steps",
        "class": "path",
        "source_layer": "transportation",
        "source_tile": "https://tiles.openfreemap.org/planet/20261004_113936_pt/14/8852/6439.pbf"
      }
    },
    {
      "type": "Feature",
      "id": "transportation:150893090-0",
      "geometry": {
        "type": "MultiLineString",
        "coordinates": [
          [
            [
              14.502258896827698,
              35.904394329045004
            ],
            [
              14.502280354499817,
              35.90428569995248
            ]
          ],
          [
            [
              14.505836963653564,
              35.902495471030804
            ],
            [
              14.506056904792786,
              35.90257368576171
            ]
          ],
          [
            [
              14.506013989448547,
              35.90274315074683
            ],
            [
              14.506056904792786,
              35.90257368576171
            ],
            [
              14.506239295005798,
              35.902473744702945
            ]
          ],
          [
            [
              14.506609439849854,
              35.90317767469162
            ],
            [
              14.506582617759705,
              35.90314725809317
            ]
          ],
          [
            [
              14.506797194480896,
              35.90319940082625
            ],
            [
              14.50669527053833,
              35.90327326963933
            ]
          ],
          [
            [
              14.506824016571045,
              35.903412316629854
            ],
            [
              14.506990313529968,
              35.903416661844346
            ]
          ],
          [
            [
              14.510235786437988,
              35.90646694356627
            ],
            [
              14.510123133659363,
              35.906532119243195
            ]
          ],
          [
            [
              14.51242446899414,
              35.9010484845668
            ],
            [
              14.512075781822205,
              35.901391766031395
            ]
          ],
          [
            [
              14.511480331420898,
              35.90080514490532
            ],
            [
              14.511550068855286,
              35.900726928426664
            ],
            [
              14.511823654174805,
              35.900331499490335
            ]
          ],
          [
            [
              14.509130716323853,
              35.89864981810226
            ],
            [
              14.50945794582367,
              35.898862746145014
            ],
            [
              14.509742259979248,
              35.89903656453079
            ]
          ],
          [
            [
              14.509323835372925,
              35.89947110882527
            ],
            [
              14.509028792381287,
              35.89928860051218
            ]
          ],
          [
            [
              14.509055614471436,
              35.89926252786164
            ],
            [
              14.508814215660095,
              35.89910174632705
            ],
            [
              14.508782029151917,
              35.89914520082807
            ]
          ],
          [
            [
              14.507757425308228,
              35.899053946348374
            ],
            [
              14.507762789726257,
              35.899040909985544
            ]
          ],
          [
            [
              14.505584836006165,
              35.90185236920169
            ],
            [
              14.50571358203888,
              35.901782844366636
            ]
          ],
          [
            [
              14.50546145439148,
              35.897059357869765
            ],
            [
              14.505611658096313,
              35.89658134445067
            ],
            [
              14.5056813955307,
              35.89660307239595
            ],
            [
              14.505772590637207,
              35.89665087385464
            ],
            [
              14.505874514579773,
              35.89650746939199
            ],
            [
              14.505890607833862,
              35.89641621187141
            ]
          ],
          [
            [
              14.502344727516174,
              35.89333512241949
            ],
            [
              14.502291083335876,
              35.89331339357723
            ]
          ],
          [
            [
              14.505225419998169,
              35.88995838878944
            ],
            [
              14.505541920661926,
              35.88964113357028
            ]
          ],
          [
            [
              14.507108330726624,
              35.890484247380456
            ],
            [
              14.50743556022644,
              35.89070588921143
            ]
          ],
          [
            [
              14.508723020553589,
              35.8925963384373
            ],
            [
              14.508835673332214,
              35.892279093788034
            ]
          ],
          [
            [
              14.508497714996338,
              35.89322647814858
            ],
            [
              14.50870156288147,
              35.89268325455774
            ]
          ],
          [
            [
              14.512494206428528,
              35.89565572844208
            ],
            [
              14.513395428657532,
              35.8962293509058
            ],
            [
              14.5134437084198,
              35.896259770162814
            ],
            [
              14.513583183288574,
              35.89616851235667
            ],
            [
              14.513631463050842,
              35.89619893163707
            ]
          ],
          [
            [
              14.511533975601196,
              35.89525158284681
            ],
            [
              14.511571526527405,
              35.895216817537914
            ]
          ],
          [
            [
              14.510847330093384,
              35.89479094126523
            ],
            [
              14.510836601257324,
              35.89483439813269
            ],
            [
              14.510868787765503,
              35.894843089503354
            ],
            [
              14.510868787765503,
              35.89482570676111
            ],
            [
              14.510836601257324,
              35.894821361074975
            ]
          ],
          [
            [
              14.509656429290771,
              35.89578175191538
            ],
            [
              14.509345293045044,
              35.896129401836134
            ]
          ],
          [
            [
              14.5092111825943,
              35.896285843802374
            ],
            [
              14.508851766586304,
              35.89665956502584
            ]
          ],
          [
            [
              14.511523246765137,
              35.89758951483127
            ],
            [
              14.511094093322754,
              35.89804579461911
            ]
          ],
          [
            [
              14.513744115829468,
              35.89707239455893
            ],
            [
              14.513754844665527,
              35.89703763004968
            ],
            [
              14.514092803001404,
              35.896685638533725
            ]
          ],
          [
            [
              14.513014554977417,
              35.89658569004018
            ],
            [
              14.513347148895264,
              35.89624673333981
            ],
            [
              14.513395428657532,
              35.8962293509058
            ]
          ],
          [
            [
              14.513470530509949,
              35.895964268314145
            ],
            [
              14.513046741485596,
              35.89574698683933
            ]
          ],
          [
            [
              14.513620734214783,
              35.89609029129626
            ],
            [
              14.513508081436157,
              35.896020761399896
            ]
          ],
          [
            [
              14.513470530509949,
              35.896055526355724
            ],
            [
              14.513577818870544,
              35.896159821131576
            ]
          ],
          [
            [
              14.51370120048523,
              35.89613809306458
            ],
            [
              14.513754844665527,
              35.896072908827904
            ]
          ],
          [
            [
              14.51467752456665,
              35.896220659687344
            ],
            [
              14.514575600624084,
              35.89624238773166
            ],
            [
              14.513980150222778,
              35.8959555770666
            ]
          ],
          [
            [
              14.514489769935608,
              35.89753736840234
            ],
            [
              14.514865279197693,
              35.89716799688061
            ],
            [
              14.515090584754944,
              35.896885535142246
            ]
          ],
          [
            [
              14.516013264656067,
              35.89720276133262
            ],
            [
              14.515605568885803,
              35.89763297016246
            ]
          ],
          [
            [
              14.516737461090088,
              35.89765904334975
            ],
            [
              14.516796469688416,
              35.89762427909815
            ],
            [
              14.51693594455719,
              35.897485221939064
            ]
          ],
          [
            [
              14.514200091362,
              35.89073631059077
            ],
            [
              14.514548778533936,
              35.89037559919748
            ],
            [
              14.51469361782074,
              35.890453825904245
            ],
            [
              14.514736533164978,
              35.89041471256051
            ]
          ],
          [
            [
              14.514366388320923,
              35.89012788078284
            ],
            [
              14.514511227607727,
              35.89021479961309
            ]
          ],
          [
            [
              14.515557289123535,
              35.88912830737725
            ],
            [
              14.515047669410706,
              35.88888058506042
            ]
          ],
          [
            [
              14.51567530632019,
              35.88958463593215
            ],
            [
              14.516018629074097,
              35.88981062624276
            ]
          ],
          [
            [
              14.515530467033386,
              35.88995404283612
            ],
            [
              14.51545000076294,
              35.88998446450435
            ],
            [
              14.515321254730225,
              35.889867123719654
            ]
          ],
          [
            [
              14.51469361782074,
              35.89037125326706
            ],
            [
              14.514650702476501,
              35.89037125326706
            ],
            [
              14.514613151550293,
              35.890358215474365
            ]
          ],
          [
            [
              14.51692521572113,
              35.88922391929225
            ],
            [
              14.516624808311462,
              35.88902834934267
            ],
            [
              14.516356587409973,
              35.88883712492492
            ]
          ],
          [
            [
              14.516721367835999,
              35.88944121866969
            ],
            [
              14.51620638370514,
              35.889123961378374
            ]
          ],
          [
            [
              14.5164155960083,
              35.88966286342037
            ],
            [
              14.515911340713501,
              35.889328223067835
            ]
          ],
          [
            [
              14.51966106891632,
              35.890545090297806
            ],
            [
              14.519805908203125,
              35.89062331683709
            ]
          ],
          [
            [
              14.519467949867249,
              35.890332139882545
            ],
            [
              14.519730806350708,
              35.890406020703736
            ]
          ],
          [
            [
              14.520455002784729,
              35.889845393925626
            ],
            [
              14.52043890953064,
              35.889884507550576
            ]
          ],
          [
            [
              14.520776867866516,
              35.88954986813479
            ],
            [
              14.520900249481201,
              35.88931083911477
            ],
            [
              14.52093780040741,
              35.889276071197216
            ]
          ],
          [
            [
              14.520540833473206,
              35.88942383474145
            ],
            [
              14.520594477653503,
              35.88931083911477
            ]
          ],
          [
            [
              14.520857334136963,
              35.889119615379244
            ],
            [
              14.520476460456848,
              35.888993581301065
            ]
          ],
          [
            [
              14.521136283874512,
              35.889341261030125
            ],
            [
              14.520986080169678,
              35.889632441628564
            ]
          ],
          [
            [
              14.521452784538269,
              35.889341261030125
            ],
            [
              14.521608352661133,
              35.88941948875879
            ],
            [
              14.521608352661133,
              35.889428180723854
            ],
            [
              14.521538615226746,
              35.88944991063239
            ]
          ],
          [
            [
              14.521286487579346,
              35.88938906687349
            ],
            [
              14.521238207817078,
              35.88954117618309
            ],
            [
              14.521243572235107,
              35.889545522159054
            ],
            [
              14.521307945251465,
              35.88952379227679
            ]
          ],
          [
            [
              14.521817564964294,
              35.88955856008556
            ],
            [
              14.521892666816711,
              35.88954986813479
            ],
            [
              14.52193021774292,
              35.88958898190573
            ]
          ],
          [
            [
              14.522123336791992,
              35.88939775884191
            ],
            [
              14.521865844726562,
              35.889254341240985
            ]
          ],
          [
            [
              14.52194631099701,
              35.88915438336551
            ],
            [
              14.521704912185669,
              35.88904573335775
            ]
          ],
          [
            [
              14.52194631099701,
              35.88965851745081
            ],
            [
              14.521898031234741,
              35.88962809565736
            ],
            [
              14.521812200546265,
              35.88962809565736
            ]
          ],
          [
            [
              14.518384337425232,
              35.899684034658705
            ],
            [
              14.518770575523376,
              35.89959278080025
            ]
          ],
          [
            [
              14.517563581466675,
              35.89933640034914
            ],
            [
              14.517477750778198,
              35.89942330906965
            ]
          ],
          [
            [
              14.517048597335815,
              35.89846730789546
            ],
            [
              14.517011046409607,
              35.89851510822838
            ]
          ],
          [
            [
              14.515600204467773,
              35.90060091282625
            ],
            [
              14.515407085418701,
              35.90048358777656
            ]
          ],
          [
            [
              14.51495110988617,
              35.900435788632365
            ],
            [
              14.51542317867279,
              35.900726928426664
            ]
          ],
          [
            [
              14.516817927360535,
              35.900913778775205
            ],
            [
              14.516538977622986,
              35.901248370157646
            ]
          ],
          [
            [
              14.517161250114441,
              35.90113104606769
            ],
            [
              14.516994953155518,
              35.90131355013246
            ],
            [
              14.51693594455719,
              35.90129182348015
            ],
            [
              14.516796469688416,
              35.90143087395188
            ]
          ],
          [
            [
              14.51344907283783,
              35.90566310580391
            ],
            [
              14.513373970985413,
              35.905810838761866
            ]
          ],
          [
            [
              14.523249864578247,
              35.88877193467697
            ],
            [
              14.523276686668396,
              35.88887623904793
            ]
          ],
          [
            [
              14.52140986919403,
              35.88882408687964
            ],
            [
              14.521484971046448,
              35.88885450898198
            ]
          ],
          [
            [
              14.520991444587708,
              35.888871893035216
            ],
            [
              14.52069640159607,
              35.88877193467697
            ]
          ],
          [
            [
              14.517289996147156,
              35.88904138735434
            ],
            [
              14.516839385032654,
              35.88877193467697
            ]
          ],
          [
            [
              14.517080783843994,
              35.88877193467697
            ],
            [
              14.517005681991577,
              35.88887623904793
            ]
          ]
        ]
      },
      "properties": {
        "subclass": "steps",
        "surface": "paved",
        "class": "path",
        "source_layer": "transportation",
        "source_tile": "https://tiles.openfreemap.org/planet/20261004_113936_pt/14/8852/6439.pbf"
      }
    },
    {
      "type": "Feature",
      "id": "transportation:156847930-0",
      "geometry": {
        "type": "MultiLineString",
        "coordinates": [
          [
            [
              14.510568380355835,
              35.906888411994814
            ],
            [
              14.510391354560852,
              35.90674502608036
            ],
            [
              14.51019823551178,
              35.90668854064876
            ],
            [
              14.509919285774231,
              35.906623365100685
            ]
          ],
          [
            [
              14.512601494789124,
              35.90080514490532
            ],
            [
              14.512392282485962,
              35.90100937645737
            ],
            [
              14.512220621109009,
              35.90090508807111
            ],
            [
              14.512397646903992,
              35.900739964511814
            ],
            [
              14.51242983341217,
              35.900700856249955
            ]
          ],
          [
            [
              14.510284066200256,
              35.900448824765476
            ],
            [
              14.510359168052673,
              35.90040971635976
            ],
            [
              14.51042890548706,
              35.90034888102355
            ]
          ],
          [
            [
              14.508900046348572,
              35.90015768394822
            ],
            [
              14.509484767913818,
              35.89995345019851
            ],
            [
              14.509608149528503,
              35.8998926145116
            ],
            [
              14.50967252254486,
              35.89984481501055
            ]
          ],
          [
            [
              14.508090019226074,
              35.90006643063582
            ],
            [
              14.508159756660461,
              35.90016637473438
            ],
            [
              14.50819194316864,
              35.900192447087164
            ],
            [
              14.508315324783325,
              35.90018375630386
            ],
            [
              14.508728384971619,
              35.90017941091186
            ]
          ],
          [
            [
              14.507408738136292,
              35.89801537604839
            ],
            [
              14.507542848587036,
              35.89803710360009
            ],
            [
              14.507601857185364,
              35.89801537604839
            ],
            [
              14.507644772529602,
              35.897976266440324
            ],
            [
              14.507671594619751,
              35.89784590094054
            ],
            [
              14.507671594619751,
              35.89775464496293
            ]
          ],
          [
            [
              14.501609802246094,
              35.902360767701964
            ],
            [
              14.501926302909851,
              35.902195647179624
            ]
          ],
          [
            [
              14.501609802246094,
              35.90211743207513
            ],
            [
              14.503068923950195,
              35.90131789546221
            ]
          ],
          [
            [
              14.505059123039246,
              35.89664652826869
            ],
            [
              14.5051771402359,
              35.89672040319756
            ]
          ],
          [
            [
              14.506078362464905,
              35.89534284170993
            ],
            [
              14.506153464317322,
              35.89532111341873
            ],
            [
              14.50621247291565,
              35.89528200247953
            ],
            [
              14.506250023841858,
              35.89523420019425
            ],
            [
              14.506287574768066,
              35.89516032387843
            ],
            [
              14.506373405456543,
              35.89473444730183
            ]
          ],
          [
            [
              14.506250023841858,
              35.89523420019425
            ],
            [
              14.506368041038513,
              35.89528200247953
            ]
          ],
          [
            [
              14.507001042366028,
              35.89390441596154
            ],
            [
              14.506641626358032,
              35.89425207412657
            ]
          ],
          [
            [
              14.507172703742981,
              35.89400436784037
            ],
            [
              14.507365822792053,
              35.893969601983784
            ],
            [
              14.507489204406738,
              35.89384357562571
            ],
            [
              14.507510662078857,
              35.89367409158646
            ]
          ],
          [
            [
              14.505016207695007,
              35.89361325107362
            ],
            [
              14.50495719909668,
              35.893643671335894
            ],
            [
              14.504785537719727,
              35.89382184692302
            ],
            [
              14.504769444465637,
              35.89394787331568
            ],
            [
              14.504774808883667,
              35.8939826391818
            ],
            [
              14.504828453063965,
              35.894060862324736
            ],
            [
              14.504833817481995,
              35.894095628141244
            ],
            [
              14.504892826080322,
              35.894134739666555
            ],
            [
              14.504576325416565,
              35.8945215081544
            ],
            [
              14.505359530448914,
              35.89502995374117
            ],
            [
              14.505751132965088,
              35.894591039367555
            ],
            [
              14.50495183467865,
              35.89411301104376
            ],
            [
              14.504833817481995,
              35.894095628141244
            ]
          ],
          [
            [
              14.504072070121765,
              35.89382619266402
            ],
            [
              14.504233002662659,
              35.893921798906064
            ]
          ],
          [
            [
              14.503283500671387,
              35.8946953360728
            ],
            [
              14.501953125,
              35.89391310743429
            ]
          ],
          [
            [
              14.5027095079422,
              35.8951081758493
            ],
            [
              14.502146244049072,
              35.894712718843635
            ],
            [
              14.502274990081787,
              35.894564965169764
            ],
            [
              14.502838253974915,
              35.89487785497633
            ]
          ],
          [
            [
              14.50219452381134,
              35.89074500241132
            ],
            [
              14.501609802246094,
              35.890962297614394
            ]
          ],
          [
            [
              14.502789974212646,
              35.89037559919748
            ],
            [
              14.502816796302795,
              35.89044078812516
            ],
            [
              14.50297236442566,
              35.89044513405176
            ],
            [
              14.503026008605957,
              35.89043644219829
            ],
            [
              14.503068923950195,
              35.89041036663225
            ],
            [
              14.503353238105774,
              35.89013222672662
            ],
            [
              14.503417611122131,
              35.890093113224026
            ],
            [
              14.503524899482727,
              35.89007138349203
            ]
          ],
          [
            [
              14.50221598148346,
              35.89064504641763
            ],
            [
              14.50219452381134,
              35.89074500241132
            ],
            [
              14.50219452381134,
              35.890931876321844
            ],
            [
              14.501609802246094,
              35.890979681204854
            ]
          ],
          [
            [
              14.50368583202362,
              35.88951944629959
            ],
            [
              14.503841400146484,
              35.88945860259412
            ],
            [
              14.503862857818604,
              35.88943252670603
            ],
            [
              14.503846764564514,
              35.88929780114748
            ],
            [
              14.503846764564514,
              35.88910223138038
            ],
            [
              14.503900408744812,
              35.88891100714106
            ],
            [
              14.503916501998901,
              35.88889796910793
            ],
            [
              14.504018425941467,
              35.888889277084644
            ],
            [
              14.504029154777527,
              35.88888058506042
            ],
            [
              14.504039883613586,
              35.88877193467697
            ]
          ],
          [
            [
              14.504098892211914,
              35.8903669073364
            ],
            [
              14.503921866416931,
              35.890449479978116
            ],
            [
              14.503616094589233,
              35.89022349149086
            ],
            [
              14.503524899482727,
              35.89007138349203
            ],
            [
              14.50347125530243,
              35.88998446450435
            ],
            [
              14.503310322761536,
              35.88987581563559
            ]
          ],
          [
            [
              14.505858421325684,
              35.889528138253695
            ],
            [
              14.505659937858582,
              35.88958898190573
            ],
            [
              14.505574107170105,
              35.88964113357028
            ],
            [
              14.505541920661926,
              35.88964113357028
            ],
            [
              14.505391716957092,
              35.88955856008556
            ],
            [
              14.505354166030884,
              35.88955856008556
            ],
            [
              14.505316615104675,
              35.88957159800992
            ],
            [
              14.505268335342407,
              35.88960201982509
            ],
            [
              14.505032300949097,
              35.88985408584395
            ]
          ],
          [
            [
              14.506309032440186,
              35.88924999524903
            ],
            [
              14.50645923614502,
              35.8891152693799
            ]
          ],
          [
            [
              14.506770372390747,
              35.88915438336551
            ],
            [
              14.507092237472534,
              35.88910223138038
            ],
            [
              14.50717806816101,
              35.889071809373206
            ],
            [
              14.507306814193726,
              35.88895446723602
            ]
          ],
          [
            [
              14.50743556022644,
              35.893000497587536
            ],
            [
              14.507800340652466,
              35.89267456294998
            ]
          ],
          [
            [
              14.508723020553589,
              35.8925963384373
            ],
            [
              14.508894681930542,
              35.89264848812101
            ],
            [
              14.50895369052887,
              35.89262675909032
            ],
            [
              14.509028792381287,
              35.89253115128437
            ]
          ],
          [
            [
              14.50993537902832,
              35.89277886218001
            ],
            [
              14.510777592658997,
              35.89335685125576
            ]
          ],
          [
            [
              14.51042890548706,
              35.89438244554485
            ],
            [
              14.51045572757721,
              35.89440417409371
            ],
            [
              14.510498642921448,
              35.894417211220144
            ],
            [
              14.510530829429626,
              35.894417211220144
            ],
            [
              14.510589838027954,
              35.89439548267488
            ],
            [
              14.510605931282043,
              35.894365062701496
            ],
            [
              14.510595202445984,
              35.89430422271964
            ],
            [
              14.510568380355835,
              35.89428249414338
            ],
            [
              14.510530829429626,
              35.89426945699476
            ],
            [
              14.510466456413269,
              35.89428249414338
            ],
            [
              14.51043963432312,
              35.89429987700488
            ],
            [
              14.51042354106903,
              35.89433898842928
            ],
            [
              14.51042890548706,
              35.89438244554485
            ]
          ],
          [
            [
              14.510219693183899,
              35.8943346427164
            ],
            [
              14.510273337364197,
              35.89443024834445
            ]
          ],
          [
            [
              14.510337710380554,
              35.894265111278074
            ],
            [
              14.510230422019958,
              35.89416081400604
            ]
          ],
          [
            [
              14.510627388954163,
              35.89351329870101
            ],
            [
              14.510777592658997,
              35.89335685125576
            ],
            [
              14.510836601257324,
              35.89326993587484
            ]
          ],
          [
            [
              14.50996220111847,
              35.89417385117255
            ],
            [
              14.509849548339844,
              35.89408259096183
            ]
          ],
          [
            [
              14.509865641593933,
              35.89423034553599
            ],
            [
              14.50995683670044,
              35.8943346427164
            ]
          ],
          [
            [
              14.510026574134827,
              35.89428249414338
            ],
            [
              14.510117769241333,
              35.89438244554485
            ]
          ],
          [
            [
              14.51017141342163,
              35.894221654098104
            ],
            [
              14.510064125061035,
              35.894126048218155
            ]
          ],
          [
            [
              14.509763717651367,
              35.89412170249361
            ],
            [
              14.509656429290771,
              35.89403913368166
            ]
          ],
          [
            [
              14.509613513946533,
              35.894091282415005
            ],
            [
              14.509511590003967,
              35.89400871357137
            ]
          ],
          [
            [
              14.509597420692444,
              35.8941521225605
            ],
            [
              14.50969934463501,
              35.89425641984397
            ]
          ],
          [
            [
              14.50944721698761,
              35.89410431959297
            ],
            [
              14.509554505348206,
              35.894212962659225
            ]
          ],
          [
            [
              14.509329199790955,
              35.89407389950772
            ],
            [
              14.50944721698761,
              35.89418254261571
            ]
          ],
          [
            [
              14.509060978889465,
              35.89400436784037
            ],
            [
              14.509141445159912,
              35.89409997386723
            ]
          ],
          [
            [
              14.50920045375824,
              35.89404347941077
            ],
            [
              14.509307742118835,
              35.89414343111402
            ]
          ],
          [
            [
              14.50944721698761,
              35.89405217086822
            ],
            [
              14.509350657463074,
              35.89397394771669
            ]
          ],
          [
            [
              14.508470892906189,
              35.894586693668515
            ],
            [
              14.508615732192993,
              35.89448239682014
            ]
          ],
          [
            [
              14.508470892906189,
              35.8945388909634
            ],
            [
              14.508621096611023,
              35.89443024834445
            ]
          ],
          [
            [
              14.50846552848816,
              35.89448239682014
            ],
            [
              14.508621096611023,
              35.89437375412366
            ]
          ],
          [
            [
              14.50846016407013,
              35.89442155692849
            ],
            [
              14.508615732192993,
              35.89431725986256
            ]
          ],
          [
            [
              14.508336782455444,
              35.89419557977864
            ],
            [
              14.508374333381653,
              35.894239036972934
            ],
            [
              14.50842797756195,
              35.89426945699476
            ],
            [
              14.50846552848816,
              35.89426945699476
            ],
            [
              14.508508443832397,
              35.89425207412657
            ],
            [
              14.508572816848755,
              35.89419557977864
            ],
            [
              14.508556723594666,
              35.89412170249361
            ],
            [
              14.508519172668457,
              35.89408693668855
            ],
            [
              14.50844407081604,
              35.89407824523491
            ],
            [
              14.508395791053772,
              35.89408693668855
            ],
            [
              14.508368968963623,
              35.8941086653185
            ],
            [
              14.508336782455444,
              35.89415646828337
            ],
            [
              14.508336782455444,
              35.89419557977864
            ]
          ],
          [
            [
              14.508476257324219,
              35.89465187912897
            ],
            [
              14.508615732192993,
              35.89454323666506
            ]
          ],
          [
            [
              14.508476257324219,
              35.8947083731513
            ],
            [
              14.508615732192993,
              35.89459538506635
            ]
          ],
          [
            [
              14.508481621742249,
              35.89478224988886
            ],
            [
              14.508615732192993,
              35.89466057051963
            ]
          ],
          [
            [
              14.508476257324219,
              35.89486481792575
            ],
            [
              14.508615732192993,
              35.89473444730183
            ]
          ],
          [
            [
              14.508481621742249,
              35.895142941205876
            ],
            [
              14.508621096611023,
              35.89502126239104
            ]
          ],
          [
            [
              14.508481621742249,
              35.89508210182184
            ],
            [
              14.508621096611023,
              35.8949604229135
            ]
          ],
          [
            [
              14.508481621742249,
              35.89501691671565
            ],
            [
              14.508621096611023,
              35.894899583389204
            ]
          ],
          [
            [
              14.508481621742249,
              35.89495607723474
            ],
            [
              14.508621096611023,
              35.894843089503354
            ]
          ],
          [
            [
              14.508476257324219,
              35.89491262043404
            ],
            [
              14.508626461029053,
              35.89479094126523
            ]
          ],
          [
            [
              14.508481621742249,
              35.89523420019425
            ],
            [
              14.508621096611023,
              35.89512990419895
            ]
          ],
          [
            [
              14.508481621742249,
              35.89519074354625
            ],
            [
              14.508626461029053,
              35.89507341047744
            ]
          ],
          [
            [
              14.507816433906555,
              35.895751332474674
            ],
            [
              14.507864713668823,
              35.89602945264029
            ],
            [
              14.507977366447449,
              35.89609898252901
            ],
            [
              14.508009552955627,
              35.896220659687344
            ],
            [
              14.508170485496521,
              35.8963075718288
            ]
          ],
          [
            [
              14.515825510025024,
              35.89679862363535
            ],
            [
              14.51591670513153,
              35.89659872680737
            ]
          ],
          [
            [
              14.51392650604248,
              35.89089710911607
            ],
            [
              14.51418936252594,
              35.890788461499625
            ],
            [
              14.514200091362,
              35.89073631059077
            ]
          ],
          [
            [
              14.5186847448349,
              35.891627217231374
            ],
            [
              14.518867135047913,
              35.89174455540767
            ],
            [
              14.518496990203857,
              35.89220521471461
            ],
            [
              14.518496990203857,
              35.892383393539006
            ],
            [
              14.518282413482666,
              35.89250073059462
            ],
            [
              14.517499208450317,
              35.892757133185086
            ],
            [
              14.517370462417603,
              35.89278755377629
            ],
            [
              14.517257809638977,
              35.892770170582736
            ],
            [
              14.517102241516113,
              35.892678908753965
            ],
            [
              14.517027139663696,
              35.8925963384373
            ],
            [
              14.517011046409607,
              35.89247465570841
            ],
            [
              14.517037868499756,
              35.892339935326135
            ],
            [
              14.517145156860352,
              35.892200868884615
            ],
            [
              14.51793372631073,
              35.89178801394738
            ],
            [
              14.518083930015564,
              35.891796705652425
            ],
            [
              14.518384337425232,
              35.891605487920415
            ]
          ],
          [
            [
              14.51942503452301,
              35.89033648581511
            ],
            [
              14.520106315612793,
              35.88877193467697
            ]
          ],
          [
            [
              14.519070982933044,
              35.890692851473815
            ],
            [
              14.51870083808899,
              35.89108832855891
            ],
            [
              14.518566727638245,
              35.89105356142184
            ],
            [
              14.51844871044159,
              35.89105790731482
            ],
            [
              14.517965912818909,
              35.891344735723365
            ],
            [
              14.517563581466675,
              35.891601142057496
            ],
            [
              14.517247080802917,
              35.891883622650695
            ]
          ],
          [
            [
              14.518464803695679,
              35.899896959919374
            ],
            [
              14.518287777900696,
              35.90005339443974
            ],
            [
              14.518148303031921,
              35.90015768394822
            ]
          ],
          [
            [
              14.517027139663696,
              35.90200010927343
            ],
            [
              14.517070055007935,
              35.901869750400934
            ]
          ],
          [
            [
              14.517349004745483,
              35.9032906505265
            ],
            [
              14.517123699188232,
              35.90328630530506
            ],
            [
              14.517064690589905,
              35.90326892441692
            ],
            [
              14.517016410827637,
              35.90322112695489
            ],
            [
              14.516576528549194,
              35.90212177736073
            ],
            [
              14.516496062278748,
              35.90200010927343
            ],
            [
              14.516045451164246,
              35.901708974162446
            ],
            [
              14.515889883041382,
              35.901626413264424
            ],
            [
              14.515653848648071,
              35.901526471009475
            ],
            [
              14.51545536518097,
              35.9014786724951
            ],
            [
              14.515342712402344,
              35.90146998185304
            ],
            [
              14.515069127082825,
              35.90151778037266
            ],
            [
              14.514731168746948,
              35.901661175758306
            ],
            [
              14.514350295066833,
              35.901865405101475
            ],
            [
              14.514130353927612,
              35.90204356218324
            ],
            [
              14.514103531837463,
              35.90210439621687
            ],
            [
              14.513631463050842,
              35.90239118460272
            ],
            [
              14.513545632362366,
              35.902417256222606
            ],
            [
              14.513465166091919,
              35.90242160149175
            ],
            [
              14.513368606567383,
              35.90240422041373
            ]
          ],
          [
            [
              14.513754844665527,
              35.90241291095323
            ],
            [
              14.513990879058838,
              35.902256481096344
            ],
            [
              14.514087438583374,
              35.90217392076946
            ],
            [
              14.514130353927612,
              35.90213481321612
            ],
            [
              14.514103531837463,
              35.90210439621687
            ],
            [
              14.514001607894897,
              35.90200010927343
            ]
          ],
          [
            [
              14.51741874217987,
              35.88885016296807
            ],
            [
              14.517354369163513,
              35.88888058506042
            ]
          ],
          [
            [
              14.505976438522339,
              35.88877193467697
            ],
            [
              14.505847692489624,
              35.88898923529479
            ],
            [
              14.505853056907654,
              35.88901531132885
            ],
            [
              14.505874514579773,
              35.88904573335775
            ],
            [
              14.506239295005798,
              35.88919784332688
            ]
          ]
        ]
      },
      "properties": {
        "surface": "paved",
        "class": "service",
        "source_layer": "transportation",
        "source_tile": "https://tiles.openfreemap.org/planet/20261004_113936_pt/14/8852/6439.pbf"
      }
    },
    {
      "type": "Feature",
      "id": "transportation:228206820-0",
      "geometry": {
        "type": "MultiLineString",
        "coordinates": [
          [
            [
              14.510589838027954,
              35.907127387941586
            ],
            [
              14.51071321964264,
              35.9070448326961
            ]
          ],
          [
            [
              14.511877298355103,
              35.89905829180218
            ],
            [
              14.5121830701828,
              35.89871500021701
            ],
            [
              14.512971639633179,
              35.89789370164873
            ],
            [
              14.513325691223145,
              35.89749825855809
            ],
            [
              14.513744115829468,
              35.89707239455893
            ]
          ],
          [
            [
              14.506614804267883,
              35.89239208517871
            ],
            [
              14.50668454170227,
              35.89233558950352
            ]
          ],
          [
            [
              14.506995677947998,
              35.89267021714576
            ],
            [
              14.507081508636475,
              35.892591992628766
            ]
          ],
          [
            [
              14.509130716323853,
              35.89115351689979
            ],
            [
              14.509254097938538,
              35.891027486059
            ],
            [
              14.509103894233704,
              35.890879725507475
            ],
            [
              14.508503079414368,
              35.89051466884496
            ],
            [
              14.50794517993927,
              35.890093113224026
            ],
            [
              14.507532119750977,
              35.88963678759953
            ],
            [
              14.50717806816101,
              35.889071809373206
            ]
          ],
          [
            [
              14.511716365814209,
              35.895338496052176
            ],
            [
              14.511882662773132,
              35.895173360880364
            ]
          ],
          [
            [
              14.509876370429993,
              35.89662045474789
            ],
            [
              14.509490132331848,
              35.897024593354786
            ]
          ],
          [
            [
              14.509345293045044,
              35.896129401836134
            ],
            [
              14.5092111825943,
              35.896285843802374
            ]
          ],
          [
            [
              14.510284066200256,
              35.89684207940073
            ],
            [
              14.510981440544128,
              35.89725925353454
            ],
            [
              14.512038230895996,
              35.897906738200504
            ],
            [
              14.513014554977417,
              35.8985411811251
            ],
            [
              14.513341784477234,
              35.89874541851884
            ],
            [
              14.5136958360672,
              35.89839343459688
            ],
            [
              14.514489769935608,
              35.89753736840234
            ]
          ],
          [
            [
              14.512971639633179,
              35.89789370164873
            ],
            [
              14.513352513313293,
              35.89814139576518
            ]
          ],
          [
            [
              14.513014554977417,
              35.89658569004018
            ],
            [
              14.512585401535034,
              35.89703763004968
            ]
          ],
          [
            [
              14.513491988182068,
              35.89595123144248
            ],
            [
              14.513406157493591,
              35.896033798260106
            ],
            [
              14.513518810272217,
              35.89612071060674
            ],
            [
              14.513395428657532,
              35.8962293509058
            ]
          ],
          [
            [
              14.516737461090088,
              35.89765904334975
            ],
            [
              14.51594352722168,
              35.897272290190784
            ]
          ],
          [
            [
              14.52043354511261,
              35.88968459326446
            ],
            [
              14.520476460456848,
              35.88971066906956
            ],
            [
              14.520497918128967,
              35.88974109083128
            ],
            [
              14.520455002784729,
              35.889845393925626
            ]
          ],
          [
            [
              14.51495110988617,
              35.900435788632365
            ],
            [
              14.514414668083191,
              35.90008381222724
            ],
            [
              14.5121830701828,
              35.89871500021701
            ]
          ]
        ]
      },
      "properties": {
        "subclass": "pedestrian",
        "surface": "paved",
        "class": "path",
        "source_layer": "transportation",
        "source_tile": "https://tiles.openfreemap.org/planet/20261004_113936_pt/14/8852/6439.pbf"
      }
    },
    {
      "type": "Feature",
      "id": "transportation:228207000-0",
      "geometry": {
        "type": "MultiLineString",
        "coordinates": [
          [
            [
              14.50870156288147,
              35.89540802654777
            ],
            [
              14.5087069272995,
              35.89531242210059
            ],
            [
              14.508020281791687,
              35.89536022433862
            ],
            [
              14.507912993431091,
              35.8954645200305
            ],
            [
              14.50796127319336,
              35.89597730518366
            ]
          ],
          [
            [
              14.509060978889465,
              35.89532111341873
            ],
            [
              14.50870156288147,
              35.89540802654777
            ],
            [
              14.508138298988342,
              35.89544279177268
            ],
            [
              14.508068561553955,
              35.8954645200305
            ],
            [
              14.508025646209717,
              35.89550363087952
            ],
            [
              14.508063197135925,
              35.89597295956074
            ]
          ],
          [
            [
              14.508170485496521,
              35.8963075718288
            ],
            [
              14.508782029151917,
              35.89594688581809
            ],
            [
              14.507853984832764,
              35.89598165080636
            ]
          ],
          [
            [
              14.510729312896729,
              35.89632495424564
            ],
            [
              14.510369896888733,
              35.89609898252901
            ],
            [
              14.509876370429993,
              35.89662045474789
            ]
          ],
          [
            [
              14.510884881019592,
              35.896051180737075
            ],
            [
              14.510868787765503,
              35.89612071060674
            ],
            [
              14.510729312896729,
              35.89632495424564
            ],
            [
              14.510659575462341,
              35.89641621187141
            ],
            [
              14.510284066200256,
              35.89684207940073
            ],
            [
              14.509565234184265,
              35.89763297016246
            ]
          ],
          [
            [
              14.515578746795654,
              35.8988975098527
            ],
            [
              14.514473676681519,
              35.89820223279803
            ],
            [
              14.514082074165344,
              35.897971920927134
            ],
            [
              14.511727094650269,
              35.89650746939199
            ],
            [
              14.510900974273682,
              35.89597295956074
            ]
          ]
        ]
      },
      "properties": {
        "subclass": "pedestrian",
        "bicycle": "yes",
        "surface": "paved",
        "class": "path",
        "source_layer": "transportation",
        "source_tile": "https://tiles.openfreemap.org/planet/20261004_113936_pt/14/8852/6439.pbf"
      }
    },
    {
      "type": "Feature",
      "id": "transportation:228881040-0",
      "geometry": {
        "type": "MultiLineString",
        "coordinates": [
          [
            [
              14.50971007347107,
              35.90005339443974
            ],
            [
              14.509876370429993,
              35.90008381222724
            ],
            [
              14.51019823551178,
              35.900257627931566
            ],
            [
              14.510230422019958,
              35.900283700254306
            ],
            [
              14.510257244110107,
              35.90024024637832
            ]
          ],
          [
            [
              14.507564306259155,
              35.89697679212178
            ],
            [
              14.507537484169006,
              35.89683773382525
            ],
            [
              14.507548213005066,
              35.89679862363535
            ],
            [
              14.507601857185364,
              35.896737785523754
            ],
            [
              14.508798122406006,
              35.89602510702021
            ],
            [
              14.508910775184631,
              35.89599468767301
            ],
            [
              14.509012699127197,
              35.89594254019349
            ],
            [
              14.509109258651733,
              35.8958643189098
            ],
            [
              14.509125351905823,
              35.89581651697617
            ],
            [
              14.509109258651733,
              35.895733949931895
            ],
            [
              14.509055614471436,
              35.895668765362416
            ],
            [
              14.509484767913818,
              35.89481266970195
            ],
            [
              14.509533047676086,
              35.89479094126523
            ],
            [
              14.509667158126831,
              35.89480397832797
            ],
            [
              14.50968325138092,
              35.89474313868344
            ]
          ],
          [
            [
              14.516898393630981,
              35.88947598651475
            ],
            [
              14.516866207122803,
              35.889502062388516
            ],
            [
              14.516775012016296,
              35.889545522159054
            ],
            [
              14.51667845249176,
              35.889632441628564
            ]
          ],
          [
            [
              14.517230987548828,
              35.88910223138038
            ],
            [
              14.517365097999573,
              35.88895446723602
            ]
          ],
          [
            [
              14.519467949867249,
              35.89022783742938
            ],
            [
              14.519559144973755,
              35.89025391305556
            ]
          ],
          [
            [
              14.520728588104248,
              35.89028868054376
            ],
            [
              14.520798325538635,
              35.89027564273748
            ],
            [
              14.520857334136963,
              35.89024087524355
            ],
            [
              14.520959258079529,
              35.89014526455652
            ]
          ]
        ]
      },
      "properties": {
        "class": "service",
        "service": "driveway",
        "source_layer": "transportation",
        "source_tile": "https://tiles.openfreemap.org/planet/20261004_113936_pt/14/8852/6439.pbf"
      }
    },
    {
      "type": "Feature",
      "id": "transportation:244135650-0",
      "geometry": {
        "type": "MultiLineString",
        "coordinates": [
          [
            [
              14.51144278049469,
              35.89825872428666
            ],
            [
              14.512252807617188,
              35.89740700217973
            ],
            [
              14.512585401535034,
              35.89703763004968
            ]
          ],
          [
            [
              14.510284066200256,
              35.89684207940073
            ],
            [
              14.509876370429993,
              35.89662045474789
            ],
            [
              14.509259462356567,
              35.8962293509058
            ]
          ]
        ]
      },
      "properties": {
        "subclass": "pedestrian",
        "bicycle": "yes",
        "surface": "paved",
        "class": "path",
        "foot": "yes",
        "source_layer": "transportation",
        "source_tile": "https://tiles.openfreemap.org/planet/20261004_113936_pt/14/8852/6439.pbf"
      }
    },
    {
      "type": "Feature",
      "id": "transportation:274624450-0",
      "geometry": {
        "type": "MultiLineString",
        "coordinates": [
          [
            [
              14.506373405456543,
              35.90289088915574
            ],
            [
              14.506228566169739,
              35.902704043474785
            ],
            [
              14.506158828735352,
              35.902634519387874
            ],
            [
              14.506056904792786,
              35.90257368576171
            ]
          ],
          [
            [
              14.507805705070496,
              35.907127387941586
            ],
            [
              14.50795590877533,
              35.907014417583966
            ],
            [
              14.508267045021057,
              35.90688406697093
            ],
            [
              14.509897828102112,
              35.906588604786435
            ],
            [
              14.510031938552856,
              35.906532119243195
            ],
            [
              14.510369896888733,
              35.906340937105355
            ],
            [
              14.511523246765137,
              35.905623999974765
            ],
            [
              14.511614441871643,
              35.905623999974765
            ],
            [
              14.51170563697815,
              35.90558923922153
            ],
            [
              14.51195776462555,
              35.905615309787876
            ],
            [
              14.512268900871277,
              35.90566745089484
            ],
            [
              14.512504935264587,
              35.905689176345945
            ],
            [
              14.512622952461243,
              35.90564572543779
            ],
            [
              14.512757062911987,
              35.90565876071274
            ],
            [
              14.51291799545288,
              35.90570655670254
            ],
            [
              14.513019919395447,
              35.90574566249089
            ],
            [
              14.513073563575745,
              35.905789113344156
            ],
            [
              14.513132572174072,
              35.90585863465981
            ],
            [
              14.513159394264221,
              35.905932500990744
            ],
            [
              14.512644410133362,
              35.90598029681517
            ],
            [
              14.512301087379456,
              35.90604981796284
            ],
            [
              14.511566162109375,
              35.90692751719915
            ]
          ],
          [
            [
              14.510031938552856,
              35.906532119243195
            ],
            [
              14.510123133659363,
              35.906532119243195
            ]
          ],
          [
            [
              14.510273337364197,
              35.90639742278506
            ],
            [
              14.510305523872375,
              35.90642783813438
            ]
          ],
          [
            [
              14.510981440544128,
              35.90059222208781
            ],
            [
              14.511035084724426,
              35.90052704151894
            ]
          ],
          [
            [
              14.510230422019958,
              35.900283700254306
            ],
            [
              14.510133862495422,
              35.900366262552936
            ],
            [
              14.509978294372559,
              35.900440134010324
            ]
          ],
          [
            [
              14.507752060890198,
              35.899171273517226
            ],
            [
              14.50771450996399,
              35.899114782679845
            ],
            [
              14.507757425308228,
              35.899053946348374
            ]
          ],
          [
            [
              14.508782029151917,
              35.898428198510686
            ],
            [
              14.509130716323853,
              35.89864981810226
            ]
          ],
          [
            [
              14.507365822792053,
              35.89862809071876
            ],
            [
              14.507569670677185,
              35.89870630927146
            ],
            [
              14.507617950439453,
              35.89870196379836
            ],
            [
              14.50768232345581,
              35.89865416357827
            ],
            [
              14.50771450996399,
              35.89848034435275
            ],
            [
              14.508234858512878,
              35.89763731569428
            ],
            [
              14.508299231529236,
              35.89745914869452
            ]
          ],
          [
            [
              14.507129788398743,
              35.89861070880765
            ],
            [
              14.507317543029785,
              35.89871500021701
            ],
            [
              14.507655501365662,
              35.89883232788826
            ],
            [
              14.50770378112793,
              35.89883232788826
            ]
          ],
          [
            [
              14.507001042366028,
              35.898823636955626
            ],
            [
              14.507317543029785,
              35.89871500021701
            ]
          ],
          [
            [
              14.50694739818573,
              35.89878018227806
            ],
            [
              14.507001042366028,
              35.898823636955626
            ],
            [
              14.50718879699707,
              35.89892792808442
            ],
            [
              14.507317543029785,
              35.89871500021701
            ],
            [
              14.507365822792053,
              35.89862809071876
            ],
            [
              14.50745701789856,
              35.89842385302228
            ],
            [
              14.507408738136292,
              35.898410816555696
            ],
            [
              14.507129788398743,
              35.89861070880765
            ],
            [
              14.50694739818573,
              35.89878018227806
            ],
            [
              14.506883025169373,
              35.898793218683835
            ]
          ],
          [
            [
              14.506673812866211,
              35.89574264120375
            ],
            [
              14.506818652153015,
              35.89581651697617
            ],
            [
              14.506765007972717,
              35.8958643189098
            ],
            [
              14.506770372390747,
              35.89594688581809
            ],
            [
              14.50670063495636,
              35.896020761399896
            ],
            [
              14.506475329399109,
              35.8960642175923
            ],
            [
              14.506405591964722,
              35.89601207015858
            ],
            [
              14.506421685218811,
              35.89582520823896
            ],
            [
              14.506507515907288,
              35.89574698683933
            ],
            [
              14.506582617759705,
              35.895599235095816
            ]
          ],
          [
            [
              14.506534337997437,
              35.89595123144248
            ],
            [
              14.506614804267883,
              35.89579478881495
            ],
            [
              14.506587982177734,
              35.89574698683933
            ],
            [
              14.506507515907288,
              35.89574698683933
            ]
          ],
          [
            [
              14.506335854530334,
              35.89628149819637
            ],
            [
              14.506389498710632,
              35.89607725444536
            ],
            [
              14.506534337997437,
              35.89595123144248
            ],
            [
              14.50671672821045,
              35.8958643189098
            ],
            [
              14.506765007972717,
              35.8958643189098
            ]
          ],
          [
            [
              14.505890607833862,
              35.89641621187141
            ],
            [
              14.505895972251892,
              35.89631626303769
            ]
          ],
          [
            [
              14.506003260612488,
              35.895542741709235
            ],
            [
              14.505997896194458,
              35.89546017437942
            ],
            [
              14.506046175956726,
              35.89541237220172
            ],
            [
              14.506105184555054,
              35.89539498958452
            ],
            [
              14.506260752677917,
              35.89531242210059
            ],
            [
              14.506335854530334,
              35.89526896549552
            ],
            [
              14.506410956382751,
              35.89511252151972
            ],
            [
              14.506502151489258,
              35.89479528695304
            ],
            [
              14.506496787071228,
              35.89469099037949
            ],
            [
              14.50644850730896,
              35.89463015064811
            ],
            [
              14.506346583366394,
              35.894551928067656
            ],
            [
              14.506228566169739,
              35.89449108822943
            ],
            [
              14.505767226219177,
              35.89416950545062
            ],
            [
              14.505627751350403,
              35.89410431959297
            ],
            [
              14.505370259284973,
              35.89391745317029
            ],
            [
              14.50495719909668,
              35.893643671335894
            ],
            [
              14.504908919334412,
              35.89357413929068
            ],
            [
              14.504662156105042,
              35.89340900043854
            ],
            [
              14.504554867744446,
              35.89335250548899
            ],
            [
              14.504501223564148,
              35.89330470203866
            ],
            [
              14.504635334014893,
              35.89318736617457
            ],
            [
              14.50470507144928,
              35.893122179508254
            ],
            [
              14.504806995391846,
              35.89302222651567
            ]
          ],
          [
            [
              14.506260752677917,
              35.89531242210059
            ],
            [
              14.506309032440186,
              35.895338496052176
            ],
            [
              14.506378769874573,
              35.89535153302475
            ],
            [
              14.50644850730896,
              35.89539498958452
            ]
          ],
          [
            [
              14.506271481513977,
              35.89445197688016
            ],
            [
              14.506228566169739,
              35.89449108822943
            ]
          ],
          [
            [
              14.506362676620483,
              35.89435637127839
            ],
            [
              14.505777955055237,
              35.89396525625064
            ],
            [
              14.505531191825867,
              35.893787080986286
            ],
            [
              14.50544536113739,
              35.89373058630653
            ],
            [
              14.505080580711365,
              35.89348287838865
            ],
            [
              14.504635334014893,
              35.89318736617457
            ],
            [
              14.504233002662659,
              35.89291358181541
            ],
            [
              14.503793120384216,
              35.892605030053645
            ]
          ],
          [
            [
              14.50717806816101,
              35.89437809983437
            ],
            [
              14.507247805595398,
              35.89439113696511
            ],
            [
              14.507398009300232,
              35.89425641984397
            ],
            [
              14.5074462890625,
              35.89416081400604
            ],
            [
              14.507719874382019,
              35.893978293449365
            ],
            [
              14.507794976234436,
              35.89390876169803
            ],
            [
              14.50771450996399,
              35.89386095858356
            ],
            [
              14.5076984167099,
              35.89383488414535
            ],
            [
              14.50769305229187,
              35.893795772471876
            ],
            [
              14.507725238800049,
              35.89376100652372
            ],
            [
              14.507773518562317,
              35.893747969289194
            ],
            [
              14.507816433906555,
              35.89376100652372
            ],
            [
              14.50793445110321,
              35.89384792136552
            ]
          ],
          [
            [
              14.507349729537964,
              35.89423469125458
            ],
            [
              14.507398009300232,
              35.89425641984397
            ],
            [
              14.507558941841125,
              35.89436071699005
            ],
            [
              14.507601857185364,
              35.89434333414192
            ],
            [
              14.507671594619751,
              35.89429553128984
            ]
          ],
          [
            [
              14.50544536113739,
              35.89373058630653
            ],
            [
              14.505509734153748,
              35.8936697458371
            ]
          ],
          [
            [
              14.505423903465271,
              35.89387834153763
            ],
            [
              14.505531191825867,
              35.893787080986286
            ],
            [
              14.505606293678284,
              35.89373058630653
            ],
            [
              14.505729675292969,
              35.89361325107362
            ]
          ],
          [
            [
              14.505627751350403,
              35.89410431959297
            ],
            [
              14.50569212436676,
              35.89405217086822
            ],
            [
              14.505777955055237,
              35.89396525625064
            ],
            [
              14.505847692489624,
              35.89390441596154
            ],
            [
              14.505976438522339,
              35.89377838949969
            ]
          ],
          [
            [
              14.501609802246094,
              35.89448239682014
            ],
            [
              14.502076506614685,
              35.894712718843635
            ],
            [
              14.502607583999634,
              35.89509948450778
            ]
          ],
          [
            [
              14.502162337303162,
              35.89325255278722
            ],
            [
              14.502564668655396,
              35.89289619864951
            ],
            [
              14.502666592597961,
              35.892822320151936
            ],
            [
              14.502789974212646,
              35.89270498357294
            ],
            [
              14.502929449081421,
              35.89260068424558
            ],
            [
              14.503353238105774,
              35.892222598032205
            ],
            [
              14.503412246704102,
              35.89218348556224
            ]
          ],
          [
            [
              14.502291083335876,
              35.89331339357723
            ],
            [
              14.502162337303162,
              35.89325255278722
            ],
            [
              14.501996040344238,
              35.8931743288456
            ],
            [
              14.502403736114502,
              35.89271802097919
            ]
          ],
          [
            [
              14.50218379497528,
              35.892457272446165
            ],
            [
              14.502403736114502,
              35.89271802097919
            ],
            [
              14.502666592597961,
              35.892822320151936
            ]
          ],
          [
            [
              14.504410028457642,
              35.89274844158544
            ],
            [
              14.504302740097046,
              35.892848394923675
            ],
            [
              14.504233002662659,
              35.89291358181541
            ],
            [
              14.504131078720093,
              35.89301353494514
            ]
          ],
          [
            [
              14.503852128982544,
              35.89255288034133
            ],
            [
              14.504302740097046,
              35.892848394923675
            ],
            [
              14.50470507144928,
              35.893122179508254
            ],
            [
              14.505144953727722,
              35.893422037728854
            ],
            [
              14.505509734153748,
              35.8936697458371
            ],
            [
              14.505606293678284,
              35.89373058630653
            ],
            [
              14.505847692489624,
              35.89390441596154
            ],
            [
              14.50642704963684,
              35.89429553128984
            ]
          ],
          [
            [
              14.50368046760559,
              35.89271367517733
            ],
            [
              14.503793120384216,
              35.892605030053645
            ],
            [
              14.503852128982544,
              35.89255288034133
            ],
            [
              14.50396478176117,
              35.89244423499696
            ]
          ],
          [
            [
              14.502028226852417,
              35.892170448067986
            ],
            [
              14.502226710319519,
              35.89229647708939
            ],
            [
              14.502291083335876,
              35.892361664435555
            ],
            [
              14.502425193786621,
              35.89224432717381
            ],
            [
              14.502280354499817,
              35.8921269897382
            ],
            [
              14.502376914024353,
              35.89198792292265
            ],
            [
              14.502258896827698,
              35.89191838942328
            ],
            [
              14.501770734786987,
              35.891974885396166
            ],
            [
              14.501792192459106,
              35.892513768034505
            ],
            [
              14.50193703174591,
              35.89258764682002
            ],
            [
              14.501990675926208,
              35.89253115128437
            ],
            [
              14.50218379497528,
              35.892457272446165
            ],
            [
              14.502291083335876,
              35.892361664435555
            ]
          ],
          [
            [
              14.50195848941803,
              35.892179139731056
            ],
            [
              14.501781463623047,
              35.89246596407776
            ]
          ],
          [
            [
              14.501953125,
              35.892109606399615
            ],
            [
              14.501770734786987,
              35.891974885396166
            ]
          ],
          [
            [
              14.502028226852417,
              35.892100914728886
            ],
            [
              14.50197458267212,
              35.892083531384586
            ],
            [
              14.50193703174591,
              35.892096568893166
            ],
            [
              14.501926302909851,
              35.892109606399615
            ],
            [
              14.501920938491821,
              35.892140027239634
            ],
            [
              14.50193703174591,
              35.892170448067986
            ],
            [
              14.501953125,
              35.892179139731056
            ],
            [
              14.501996040344238,
              35.89218348556224
            ],
            [
              14.502028226852417,
              35.892166102236075
            ],
            [
              14.502044320106506,
              35.892131335572245
            ],
            [
              14.502028226852417,
              35.892100914728886
            ],
            [
              14.502258896827698,
              35.89191838942328
            ]
          ],
          [
            [
              14.502393007278442,
              35.89072761876929
            ],
            [
              14.50221061706543,
              35.89070154329913
            ],
            [
              14.502081871032715,
              35.8906667759922
            ],
            [
              14.50196921825409,
              35.89061897092027
            ],
            [
              14.501609802246094,
              35.89044078812516
            ]
          ],
          [
            [
              14.501808285713196,
              35.88960201982509
            ],
            [
              14.501990675926208,
              35.88981062624276
            ],
            [
              14.502151608467102,
              35.89024522118112
            ],
            [
              14.502333998680115,
              35.890323448016716
            ],
            [
              14.502634406089783,
              35.8904668636812
            ],
            [
              14.502983093261719,
              35.890545090297806
            ],
            [
              14.504093527793884,
              35.89067546782039
            ],
            [
              14.504157900810242,
              35.89067546782039
            ],
            [
              14.504114985466003,
              35.89081453694118
            ],
            [
              14.50420081615448,
              35.89084061237412
            ],
            [
              14.504147171974182,
              35.89091883862149
            ]
          ],
          [
            [
              14.503015279769897,
              35.890062691597564
            ],
            [
              14.502977728843689,
              35.890040961857196
            ],
            [
              14.503020644187927,
              35.88998446450435
            ],
            [
              14.50296700000763,
              35.88985408584395
            ],
            [
              14.503004550933838,
              35.88981497220398
            ],
            [
              14.50319766998291,
              35.889828010086106
            ],
            [
              14.503251314163208,
              35.88978020450776
            ],
            [
              14.503299593925476,
              35.88981062624276
            ]
          ],
          [
            [
              14.504737257957458,
              35.889914929245535
            ],
            [
              14.505370259284973,
              35.890332139882545
            ]
          ],
          [
            [
              14.50645923614502,
              35.8891152693799
            ],
            [
              14.506657719612122,
              35.88898923529479
            ],
            [
              14.506614804267883,
              35.88877193467697
            ]
          ],
          [
            [
              14.507108330726624,
              35.890484247380456
            ],
            [
              14.506781101226807,
              35.890236529305724
            ]
          ],
          [
            [
              14.505262970924377,
              35.89331773934616
            ],
            [
              14.505144953727722,
              35.893422037728854
            ],
            [
              14.505080580711365,
              35.89348287838865
            ],
            [
              14.504978656768799,
              35.89357848504528
            ]
          ],
          [
            [
              14.506614804267883,
              35.89298311444075
            ],
            [
              14.506636261940002,
              35.892991806014635
            ]
          ],
          [
            [
              14.50645923614502,
              35.89246161826209
            ],
            [
              14.506571888923645,
              35.892361664435555
            ]
          ],
          [
            [
              14.506883025169373,
              35.89276582478375
            ],
            [
              14.506995677947998,
              35.89267021714576
            ]
          ],
          [
            [
              14.50870156288147,
              35.89268325455774
            ],
            [
              14.508723020553589,
              35.8925963384373
            ]
          ],
          [
            [
              14.508894681930542,
              35.89183581831345
            ],
            [
              14.508985877037048,
              35.89159245033093
            ],
            [
              14.5089590549469,
              35.89138384860769
            ],
            [
              14.508771300315857,
              35.89114917101206
            ],
            [
              14.508669376373291,
              35.89124478048683
            ],
            [
              14.508567452430725,
              35.89135777335363
            ],
            [
              14.50844407081604,
              35.89153160821844
            ],
            [
              14.50796127319336,
              35.891948810336785
            ],
            [
              14.50792372226715,
              35.89197923123858
            ],
            [
              14.507752060890198,
              35.89205311052285
            ]
          ],
          [
            [
              14.50892686843872,
              35.89173151784112
            ],
            [
              14.509071707725525,
              35.89171848027242
            ],
            [
              14.509012699127197,
              35.89136646510593
            ],
            [
              14.508985877037048,
              35.89127954753994
            ],
            [
              14.5089590549469,
              35.89123608872117
            ],
            [
              14.508771300315857,
              35.89114917101206
            ],
            [
              14.508658647537231,
              35.891140479235915
            ],
            [
              14.508508443832397,
              35.891196975763876
            ],
            [
              14.50842797756195,
              35.89128823930085
            ],
            [
              14.508240222930908,
              35.89138384860769
            ]
          ],
          [
            [
              14.509028792381287,
              35.891475111929225
            ],
            [
              14.508808851242065,
              35.89148814953802
            ],
            [
              14.50844407081604,
              35.89153160821844
            ]
          ],
          [
            [
              14.508374333381653,
              35.891314314577784
            ],
            [
              14.508218765258789,
              35.89125347225156
            ],
            [
              14.508132934570312,
              35.89123608872117
            ],
            [
              14.507821798324585,
              35.89125347225156
            ]
          ],
          [
            [
              14.508411884307861,
              35.89171413441571
            ],
            [
              14.508309960365295,
              35.89164025481513
            ]
          ],
          [
            [
              14.508492350578308,
              35.89178801394738
            ],
            [
              14.508519172668457,
              35.891761938826406
            ],
            [
              14.508524537086487,
              35.891727171985124
            ],
            [
              14.508497714996338,
              35.891701096844145
            ],
            [
              14.508476257324219,
              35.89169240512858
            ],
            [
              14.50843334197998,
              35.89169675098648
            ],
            [
              14.508406519889832,
              35.89173151784112
            ],
            [
              14.508411884307861,
              35.8917662846805
            ],
            [
              14.50844407081604,
              35.89178801394738
            ],
            [
              14.508492350578308,
              35.89178801394738
            ]
          ],
          [
            [
              14.508605003356934,
              35.891618525507695
            ],
            [
              14.508513808250427,
              35.89170978855876
            ]
          ],
          [
            [
              14.508723020553589,
              35.891701096844145
            ],
            [
              14.508803486824036,
              35.89153595408516
            ],
            [
              14.508808851242065,
              35.89148814953802
            ],
            [
              14.508787393569946,
              35.891375156857265
            ],
            [
              14.508669376373291,
              35.89124478048683
            ],
            [
              14.508508443832397,
              35.891196975763876
            ]
          ],
          [
            [
              14.50796127319336,
              35.891948810336785
            ],
            [
              14.508036375045776,
              35.892040073007124
            ],
            [
              14.508846402168274,
              35.89219217722392
            ],
            [
              14.50893223285675,
              35.89184885586285
            ],
            [
              14.508894681930542,
              35.89183581831345
            ],
            [
              14.508605003356934,
              35.891618525507695
            ],
            [
              14.50844407081604,
              35.89153160821844
            ],
            [
              14.508309960365295,
              35.89142730734534
            ],
            [
              14.508288502693176,
              35.89140123210561
            ],
            [
              14.508240222930908,
              35.89138384860769
            ],
            [
              14.50818657875061,
              35.891331698090994
            ],
            [
              14.508090019226074,
              35.89117090044829
            ],
            [
              14.508009552955627,
              35.89107094499228
            ],
            [
              14.50795590877533,
              35.8910752908843
            ]
          ],
          [
            [
              14.507784247398376,
              35.88991058328982
            ],
            [
              14.507671594619751,
              35.88998011855249
            ]
          ],
          [
            [
              14.507483839988708,
              35.889793242395626
            ],
            [
              14.507601857185364,
              35.88971501503623
            ]
          ],
          [
            [
              14.512569308280945,
              35.89404782513962
            ],
            [
              14.512504935264587,
              35.89411301104376
            ]
          ],
          [
            [
              14.512091875076294,
              35.89448239682014
            ],
            [
              14.512354731559753,
              35.89489089202476
            ],
            [
              14.512392282485962,
              35.89494738587652
            ],
            [
              14.512150883674622,
              35.89529938512155
            ]
          ],
          [
            [
              14.512284994125366,
              35.894217308378785
            ],
            [
              14.512150883674622,
              35.89423469125458
            ],
            [
              14.512081146240234,
              35.89425641984397
            ],
            [
              14.511979222297668,
              35.89431725986256
            ]
          ],
          [
            [
              14.512816071510315,
              35.89489089202476
            ],
            [
              14.51267659664154,
              35.89496476859202
            ],
            [
              14.512644410133362,
              35.895008225364094
            ]
          ],
          [
            [
              14.51267659664154,
              35.89496476859202
            ],
            [
              14.51267123222351,
              35.894951731555764
            ],
            [
              14.512794613838196,
              35.89487350929305
            ]
          ],
          [
            [
              14.51195240020752,
              35.89513859553715
            ],
            [
              14.51195776462555,
              35.89500387968796
            ]
          ],
          [
            [
              14.512102603912354,
              35.89497345994833
            ],
            [
              14.51218843460083,
              35.894969114270296
            ],
            [
              14.512354731559753,
              35.89489089202476
            ]
          ],
          [
            [
              14.512048959732056,
              35.89501257103997
            ],
            [
              14.512097239494324,
              35.895051682112296
            ]
          ],
          [
            [
              14.511973857879639,
              35.89486916360951
            ],
            [
              14.5119309425354,
              35.894808324015074
            ]
          ],
          [
            [
              14.512048959732056,
              35.89479094126523
            ],
            [
              14.512113332748413,
              35.89481266970195
            ],
            [
              14.51217770576477,
              35.89488654634219
            ],
            [
              14.51218843460083,
              35.894969114270296
            ],
            [
              14.512145519256592,
              35.895025608066234
            ],
            [
              14.512097239494324,
              35.895051682112296
            ],
            [
              14.51195240020752,
              35.89513859553715
            ],
            [
              14.511882662773132,
              35.895173360880364
            ]
          ],
          [
            [
              14.512059688568115,
              35.89486916360951
            ],
            [
              14.512113332748413,
              35.89481266970195
            ]
          ],
          [
            [
              14.5121830701828,
              35.894712718843635
            ],
            [
              14.512048959732056,
              35.89479094126523
            ],
            [
              14.5119309425354,
              35.894808324015074
            ],
            [
              14.511850476264954,
              35.894843089503354
            ],
            [
              14.511791467666626,
              35.89490392907105
            ],
            [
              14.511888027191162,
              35.894930003157185
            ],
            [
              14.51195776462555,
              35.89500387968796
            ],
            [
              14.511995315551758,
              35.89501257103997
            ],
            [
              14.512048959732056,
              35.89501257103997
            ],
            [
              14.512081146240234,
              35.894999534011575
            ],
            [
              14.512102603912354,
              35.89497345994833
            ],
            [
              14.512107968330383,
              35.89491262043404
            ],
            [
              14.512059688568115,
              35.89486916360951
            ],
            [
              14.512022137641907,
              35.8948561265575
            ],
            [
              14.51192021369934,
              35.89488220065938
            ],
            [
              14.511888027191162,
              35.894930003157185
            ]
          ],
          [
            [
              14.510890245437622,
              35.89479963264063
            ],
            [
              14.510536193847656,
              35.894751830064095
            ],
            [
              14.51045572757721,
              35.89473444730183
            ],
            [
              14.510369896888733,
              35.894682298992166
            ],
            [
              14.510305523872375,
              35.89469099037949
            ]
          ],
          [
            [
              14.51095998287201,
              35.89496476859202
            ],
            [
              14.511099457740784,
              35.894938694517336
            ]
          ],
          [
            [
              14.510482549667358,
              35.89463884204116
            ],
            [
              14.510799050331116,
              35.89465187912897
            ],
            [
              14.510788321495056,
              35.894617113556734
            ],
            [
              14.510343074798584,
              35.89453454526152
            ],
            [
              14.510337710380554,
              35.89449108822943
            ],
            [
              14.51070785522461,
              35.89451281674843
            ]
          ],
          [
            [
              14.510267972946167,
              35.89444328546658
            ],
            [
              14.510273337364197,
              35.89443024834445
            ],
            [
              14.509554505348206,
              35.894212962659225
            ],
            [
              14.508867859840393,
              35.894026096492965
            ],
            [
              14.508803486824036,
              35.89401740503263
            ]
          ],
          [
            [
              14.510718584060669,
              35.894425902636584
            ],
            [
              14.510638117790222,
              35.8942738027112
            ],
            [
              14.510552287101746,
              35.89423034553599
            ],
            [
              14.51043963432312,
              35.894221654098104
            ],
            [
              14.510230422019958,
              35.89416081400604
            ],
            [
              14.50918972492218,
              35.89393918184675
            ],
            [
              14.508808851242065,
              35.89386965006106
            ]
          ],
          [
            [
              14.510723948478699,
              35.8937436235439
            ],
            [
              14.51018750667572,
              35.89335250548899
            ],
            [
              14.510139226913452,
              35.893326430883306
            ],
            [
              14.510090947151184,
              35.89331773934616
            ],
            [
              14.510058760643005,
              35.893326430883306
            ],
            [
              14.510021209716797,
              35.89334815972197
            ],
            [
              14.509849548339844,
              35.893648017086676
            ],
            [
              14.50894832611084,
              35.89340030891047
            ],
            [
              14.508867859840393,
              35.89340465467461
            ],
            [
              14.508814215660095,
              35.89343072925456
            ]
          ],
          [
            [
              14.508841037750244,
              35.89356979353582
            ],
            [
              14.508830308914185,
              35.893682783084486
            ],
            [
              14.508814215660095,
              35.8937436235439
            ],
            [
              14.508808851242065,
              35.89386965006106
            ],
            [
              14.508798122406006,
              35.893995676377656
            ],
            [
              14.508803486824036,
              35.89401740503263
            ],
            [
              14.508717656135559,
              35.89411301104376
            ],
            [
              14.50868546962738,
              35.894243382691045
            ],
            [
              14.5087069272995,
              35.89531242210059
            ],
            [
              14.508835673332214,
              35.89519943487775
            ],
            [
              14.509060978889465,
              35.89532111341873
            ],
            [
              14.508782029151917,
              35.89594688581809
            ]
          ],
          [
            [
              14.508615732192993,
              35.89431725986256
            ],
            [
              14.50868546962738,
              35.89431725986256
            ]
          ],
          [
            [
              14.508621096611023,
              35.89437375412366
            ],
            [
              14.50869083404541,
              35.89437375412366
            ]
          ],
          [
            [
              14.508621096611023,
              35.89443024834445
            ],
            [
              14.50869083404541,
              35.89443024834445
            ]
          ],
          [
            [
              14.508615732192993,
              35.89448239682014
            ],
            [
              14.50869083404541,
              35.89448239682014
            ]
          ],
          [
            [
              14.508615732192993,
              35.89454323666506
            ],
            [
              14.50869083404541,
              35.89454323666506
            ]
          ],
          [
            [
              14.508615732192993,
              35.89459538506635
            ],
            [
              14.50869619846344,
              35.894591039367555
            ]
          ],
          [
            [
              14.508615732192993,
              35.89466057051963
            ],
            [
              14.50869619846344,
              35.89466057051963
            ]
          ],
          [
            [
              14.508615732192993,
              35.89473444730183
            ],
            [
              14.50869619846344,
              35.89473444730183
            ]
          ],
          [
            [
              14.508626461029053,
              35.89479094126523
            ],
            [
              14.50870156288147,
              35.89479094126523
            ]
          ],
          [
            [
              14.508621096611023,
              35.894843089503354
            ],
            [
              14.50870156288147,
              35.894843089503354
            ]
          ],
          [
            [
              14.508626461029053,
              35.89507341047744
            ],
            [
              14.5087069272995,
              35.89507341047744
            ]
          ],
          [
            [
              14.508621096611023,
              35.89512990419895
            ],
            [
              14.5087069272995,
              35.89512990419895
            ]
          ],
          [
            [
              14.508621096611023,
              35.89502126239104
            ],
            [
              14.5087069272995,
              35.89502126239104
            ]
          ],
          [
            [
              14.508621096611023,
              35.8949604229135
            ],
            [
              14.50870156288147,
              35.8949604229135
            ]
          ],
          [
            [
              14.508621096611023,
              35.894899583389204
            ],
            [
              14.50870156288147,
              35.894899583389204
            ]
          ],
          [
            [
              14.507634043693542,
              35.895182052213784
            ],
            [
              14.507650136947632,
              35.895147286874376
            ],
            [
              14.507634043693542,
              35.8951081758493
            ],
            [
              14.507617950439453,
              35.89509513883664
            ],
            [
              14.507548213005066,
              35.89508644749368
            ],
            [
              14.507521390914917,
              35.89510383017864
            ],
            [
              14.507499933242798,
              35.895147286874376
            ],
            [
              14.507521390914917,
              35.89518639788014
            ],
            [
              14.507564306259155,
              35.89520378054317
            ],
            [
              14.507612586021423,
              35.89519508921212
            ],
            [
              14.507634043693542,
              35.895182052213784
            ],
            [
              14.507977366447449,
              35.895399335239176
            ]
          ],
          [
            [
              14.507918357849121,
              35.89552970476815
            ],
            [
              14.507778882980347,
              35.89552970476815
            ],
            [
              14.507719874382019,
              35.8955123221767
            ],
            [
              14.50694739818573,
              35.89496476859202
            ],
            [
              14.506845474243164,
              35.89491262043404
            ],
            [
              14.506727457046509,
              35.89488654634219
            ],
            [
              14.506630897521973,
              35.89492131179611
            ],
            [
              14.506609439849854,
              35.89496476859202
            ],
            [
              14.506571888923645,
              35.89500387968796
            ],
            [
              14.506325125694275,
              35.89577740628171
            ],
            [
              14.506421685218811,
              35.89582520823896
            ]
          ],
          [
            [
              14.510160684585571,
              35.89631626303769
            ],
            [
              14.509763717651367,
              35.89574264120375
            ],
            [
              14.509656429290771,
              35.89578175191538
            ]
          ],
          [
            [
              14.507816433906555,
              35.895968613937555
            ],
            [
              14.507853984832764,
              35.89598165080636
            ]
          ],
          [
            [
              14.50868010520935,
              35.89684207940073
            ],
            [
              14.508615732192993,
              35.89680731479031
            ],
            [
              14.50846016407013,
              35.896672601780864
            ],
            [
              14.508095383644104,
              35.89689857186005
            ],
            [
              14.508025646209717,
              35.89700721109159
            ],
            [
              14.507977366447449,
              35.89743742098419
            ],
            [
              14.508224129676819,
              35.89745480315294
            ],
            [
              14.508299231529236,
              35.89745914869452
            ],
            [
              14.508385062217712,
              35.89746349423588
            ]
          ],
          [
            [
              14.508267045021057,
              35.89708108568385
            ],
            [
              14.508025646209717,
              35.89700721109159
            ]
          ],
          [
            [
              14.508095383644104,
              35.89689857186005
            ],
            [
              14.508299231529236,
              35.89704197561417
            ],
            [
              14.508267045021057,
              35.89708108568385
            ],
            [
              14.508224129676819,
              35.89745480315294
            ]
          ],
          [
            [
              14.508100748062134,
              35.89744611206906
            ],
            [
              14.508149027824402,
              35.89704632117842
            ]
          ],
          [
            [
              14.512392282485962,
              35.897506949636266
            ],
            [
              14.512252807617188,
              35.89740700217973
            ]
          ],
          [
            [
              14.513593912124634,
              35.89595123144248
            ],
            [
              14.513604640960693,
              35.89583824513139
            ],
            [
              14.513631463050842,
              35.89572525865904
            ],
            [
              14.51343834400177,
              35.89513859553715
            ],
            [
              14.51345980167389,
              35.89510383017864
            ],
            [
              14.5134437084198,
              35.89502995374117
            ],
            [
              14.513411521911621,
              35.89499084265813
            ],
            [
              14.513298869132996,
              35.89466057051963
            ],
            [
              14.51319694519043,
              35.89459538506635
            ],
            [
              14.513234496116638,
              35.8945388909634
            ]
          ],
          [
            [
              14.513508081436157,
              35.896020761399896
            ],
            [
              14.513470530509949,
              35.896055526355724
            ]
          ],
          [
            [
              14.513577818870544,
              35.896159821131576
            ],
            [
              14.513583183288574,
              35.89616851235667
            ]
          ],
          [
            [
              14.513631463050842,
              35.89619893163707
            ],
            [
              14.514226913452148,
              35.896516160578955
            ],
            [
              14.514554142951965,
              35.89666825619608
            ],
            [
              14.514586329460144,
              35.896663910611096
            ],
            [
              14.514570236206055,
              35.89661610916029
            ],
            [
              14.51370120048523,
              35.89613809306458
            ]
          ],
          [
            [
              14.513754844665527,
              35.896072908827904
            ],
            [
              14.51392650604248,
              35.896020761399896
            ]
          ],
          [
            [
              14.513717293739319,
              35.895846936391806
            ],
            [
              14.51370656490326,
              35.895964268314145
            ]
          ],
          [
            [
              14.51691448688507,
              35.89751129517501
            ],
            [
              14.516968131065369,
              35.89756778715673
            ],
            [
              14.517027139663696,
              35.89755475054913
            ],
            [
              14.517091512680054,
              35.89748956747897
            ],
            [
              14.517263174057007,
              35.89744611206906
            ],
            [
              14.517295360565186,
              35.8974765308585
            ],
            [
              14.517370462417603,
              35.8974765308585
            ],
            [
              14.517391920089722,
              35.89745914869452
            ],
            [
              14.517402648925781,
              35.89742003881166
            ],
            [
              14.517386555671692,
              35.897385274455075
            ],
            [
              14.517365097999573,
              35.89737223781742
            ],
            [
              14.517343640327454,
              35.89736354672446
            ],
            [
              14.517295360565186,
              35.89737223781742
            ],
            [
              14.517263174057007,
              35.897402656635265
            ],
            [
              14.517263174057007,
              35.89744611206906
            ]
          ],
          [
            [
              14.517316818237305,
              35.89751564071348
            ],
            [
              14.517316818237305,
              35.8974808763989
            ]
          ],
          [
            [
              14.517402648925781,
              35.89743742098419
            ],
            [
              14.517488479614258,
              35.89744176652674
            ]
          ],
          [
            [
              14.517644047737122,
              35.89748956747897
            ],
            [
              14.5176762342453,
              35.897493913018664
            ],
            [
              14.5176762342453,
              35.89753302286505
            ],
            [
              14.517708420753479,
              35.8975634416211
            ],
            [
              14.517729878425598,
              35.897572132692105
            ],
            [
              14.517783522605896,
              35.8975634416211
            ],
            [
              14.517804980278015,
              35.897550405012794
            ],
            [
              14.517815709114075,
              35.897528677327514
            ],
            [
              14.517804980278015,
              35.8974808763989
            ],
            [
              14.517767429351807,
              35.89745914869452
            ],
            [
              14.517740607261658,
              35.89745480315294
            ],
            [
              14.517713785171509,
              35.89746349423588
            ],
            [
              14.5176762342453,
              35.897493913018664
            ]
          ],
          [
            [
              14.517617225646973,
              35.89743742098419
            ],
            [
              14.51767086982727,
              35.897320091245376
            ]
          ],
          [
            [
              14.517729878425598,
              35.897572132692105
            ],
            [
              14.517719149589539,
              35.89761993356562
            ]
          ],
          [
            [
              14.517606496810913,
              35.897559096085246
            ],
            [
              14.517654776573181,
              35.897450457611114
            ],
            [
              14.517504572868347,
              35.89740700217973
            ],
            [
              14.51745092868805,
              35.89751998625174
            ],
            [
              14.517606496810913,
              35.897559096085246
            ]
          ],
          [
            [
              14.517579674720764,
              35.89758951483127
            ],
            [
              14.517563581466675,
              35.897550405012794
            ]
          ],
          [
            [
              14.5179283618927,
              35.897798100203474
            ],
            [
              14.518046379089355,
              35.89734616453569
            ],
            [
              14.51791226863861,
              35.897359201177636
            ],
            [
              14.51767086982727,
              35.897320091245376
            ],
            [
              14.517316818237305,
              35.89724187132286
            ],
            [
              14.517236351966858,
              35.897359201177636
            ],
            [
              14.51717734336853,
              35.89747218531788
            ],
            [
              14.517579674720764,
              35.89758951483127
            ],
            [
              14.517762064933777,
              35.89763297016246
            ],
            [
              14.517821073532104,
              35.897676425469825
            ],
            [
              14.51794981956482,
              35.897706844170784
            ]
          ],
          [
            [
              14.517815709114075,
              35.897528677327514
            ],
            [
              14.517874717712402,
              35.897528677327514
            ]
          ],
          [
            [
              14.517767429351807,
              35.89745914869452
            ],
            [
              14.517772793769836,
              35.89742438435515
            ],
            [
              14.517751336097717,
              35.89740700217973
            ],
            [
              14.517778158187866,
              35.897385274455075
            ],
            [
              14.517788887023926,
              35.897337473439876
            ]
          ],
          [
            [
              14.517772793769836,
              35.89742438435515
            ],
            [
              14.517788887023926,
              35.89742003881166
            ],
            [
              14.517799615859985,
              35.897402656635265
            ],
            [
              14.517778158187866,
              35.897385274455075
            ]
          ],
          [
            [
              14.51791226863861,
              35.897359201177636
            ],
            [
              14.517874717712402,
              35.897528677327514
            ],
            [
              14.517821073532104,
              35.897676425469825
            ]
          ],
          [
            [
              14.517316818237305,
              35.89724187132286
            ],
            [
              14.517365097999573,
              35.89737223781742
            ]
          ],
          [
            [
              14.517279267311096,
              35.89738092890944
            ],
            [
              14.517236351966858,
              35.897359201177636
            ]
          ],
          [
            [
              14.514028429985046,
              35.89061897092027
            ],
            [
              14.513964056968689,
              35.890697197386615
            ],
            [
              14.513888955116272,
              35.89053205253373
            ],
            [
              14.514033794403076,
              35.89039732884599
            ],
            [
              14.514210820198059,
              35.89041036663225
            ],
            [
              14.514232277870178,
              35.890406020703736
            ],
            [
              14.514259099960327,
              35.89037559919748
            ],
            [
              14.514334201812744,
              35.89037994512765
            ],
            [
              14.51442003250122,
              35.890432096271226
            ],
            [
              14.51418399810791,
              35.89067546782039
            ],
            [
              14.514157176017761,
              35.8906667759922
            ],
            [
              14.513964056968689,
              35.890697197386615
            ]
          ],
          [
            [
              14.514103531837463,
              35.89063635458615
            ],
            [
              14.514146447181702,
              35.89061462500321
            ],
            [
              14.514157176017761,
              35.890588549495845
            ],
            [
              14.514151811599731,
              35.89054943621866
            ],
            [
              14.514114260673523,
              35.890523360689826
            ],
            [
              14.514071345329285,
              35.89051901476752
            ],
            [
              14.514044523239136,
              35.890527706611906
            ],
            [
              14.514017701148987,
              35.89054943621866
            ],
            [
              14.514017701148987,
              35.89061027908592
            ],
            [
              14.514049887657166,
              35.890632008670025
            ],
            [
              14.514103531837463,
              35.89063635458615
            ]
          ],
          [
            [
              14.514135718345642,
              35.890536398455325
            ],
            [
              14.514366388320923,
              35.89040167477499
            ],
            [
              14.514403939247131,
              35.89037125326706
            ],
            [
              14.514409303665161,
              35.89027998867314
            ]
          ],
          [
            [
              14.514403939247131,
              35.89033648581511
            ],
            [
              14.514527320861816,
              35.89032779394972
            ],
            [
              14.514543414115906,
              35.890314756149905
            ],
            [
              14.514613151550293,
              35.890358215474365
            ]
          ],
          [
            [
              14.51942503452301,
              35.89033648581511
            ],
            [
              14.519467949867249,
              35.890332139882545
            ],
            [
              14.519317746162415,
              35.89055812805971
            ],
            [
              14.519398212432861,
              35.89065373824819
            ],
            [
              14.519843459129333,
              35.8910318319534
            ],
            [
              14.5199453830719,
              35.89095795171616
            ],
            [
              14.519972205162048,
              35.8909753353076
            ],
            [
              14.519993662834167,
              35.89097098941011
            ],
            [
              14.520149230957031,
              35.890857995991325
            ],
            [
              14.52017605304718,
              35.89087537960471
            ],
            [
              14.520256519317627,
              35.89083192056411
            ],
            [
              14.520632028579712,
              35.89048859330467
            ],
            [
              14.520744681358337,
              35.890358215474365
            ],
            [
              14.520792961120605,
              35.89034952361138
            ],
            [
              14.520996809005737,
              35.890180032092445
            ],
            [
              14.520959258079529,
              35.89014526455652
            ]
          ],
          [
            [
              14.51941430568695,
              35.89032779394972
            ],
            [
              14.519344568252563,
              35.89025825899242
            ],
            [
              14.520020484924316,
              35.88877193467697
            ]
          ],
          [
            [
              14.52043890953064,
              35.889884507550576
            ],
            [
              14.520315527915955,
              35.89012353483882
            ],
            [
              14.52015995979309,
              35.89031910208341
            ],
            [
              14.520063400268555,
              35.89041905848855
            ],
            [
              14.519854187965393,
              35.890601587250615
            ],
            [
              14.519822001457214,
              35.8906276627537
            ],
            [
              14.519805908203125,
              35.89062331683709
            ]
          ],
          [
            [
              14.521538615226746,
              35.88944991063239
            ],
            [
              14.521307945251465,
              35.88952379227679
            ]
          ],
          [
            [
              14.52194631099701,
              35.88958463593215
            ],
            [
              14.522048234939575,
              35.889502062388516
            ],
            [
              14.522080421447754,
              35.88944121866969
            ],
            [
              14.522123336791992,
              35.88939775884191
            ],
            [
              14.52243447303772,
              35.8891934973318
            ]
          ],
          [
            [
              14.51918363571167,
              35.90155688823086
            ],
            [
              14.519113898277283,
              35.901600341384
            ]
          ],
          [
            [
              14.51894760131836,
              35.90165248513627
            ],
            [
              14.518813490867615,
              35.90167421168957
            ],
            [
              14.51891005039215,
              35.90193058456815
            ],
            [
              14.518652558326721,
              35.90203487160318
            ]
          ],
          [
            [
              14.51794981956482,
              35.89828914276386
            ],
            [
              14.517998099327087,
              35.89826741528134
            ],
            [
              14.518003463745117,
              35.89818485079341
            ],
            [
              14.51819658279419,
              35.89743307544141
            ]
          ],
          [
            [
              14.51842188835144,
              35.89977963382617
            ],
            [
              14.518475532531738,
              35.89977963382617
            ],
            [
              14.518716931343079,
              35.89973183425688
            ]
          ],
          [
            [
              14.514473676681519,
              35.898845364285464
            ],
            [
              14.515734314918518,
              35.89962754418728
            ]
          ],
          [
            [
              14.513363242149353,
              35.898315215734996
            ],
            [
              14.513105750083923,
              35.89860201785068
            ]
          ],
          [
            [
              14.513599276542664,
              35.8988975098527
            ],
            [
              14.513620734214783,
              35.89887143707337
            ]
          ],
          [
            [
              14.513856768608093,
              35.899053946348374
            ],
            [
              14.513883590698242,
              35.89902787362057
            ]
          ],
          [
            [
              14.513856768608093,
              35.89860636332931
            ],
            [
              14.51392114162445,
              35.89853249016048
            ]
          ],
          [
            [
              14.514039158821106,
              35.89885840068047
            ],
            [
              14.514098167419434,
              35.898797564151934
            ]
          ],
          [
            [
              14.51342225074768,
              35.90106586594257
            ],
            [
              14.512799978256226,
              35.900679129429435
            ]
          ],
          [
            [
              14.517263174057007,
              35.88877193467697
            ],
            [
              14.517247080802917,
              35.88882408687964
            ]
          ],
          [
            [
              14.517375826835632,
              35.88877193467697
            ],
            [
              14.51743483543396,
              35.88891535315163
            ],
            [
              14.51743483543396,
              35.888984889288295
            ],
            [
              14.517408013343811,
              35.88905007936094
            ],
            [
              14.516994953155518,
              35.88958028995832
            ],
            [
              14.51691448688507,
              35.88967155535872
            ],
            [
              14.516635537147522,
              35.88987581563559
            ],
            [
              14.516297578811646,
              35.89001923211089
            ],
            [
              14.516147375106812,
              35.89006703754491
            ],
            [
              14.516099095344543,
              35.889993156407414
            ]
          ],
          [
            [
              14.506008625030518,
              35.88877193467697
            ],
            [
              14.506507515907288,
              35.888980543281534
            ],
            [
              14.506646990776062,
              35.88894577521894
            ]
          ]
        ]
      },
      "properties": {
        "subclass": "footway",
        "surface": "paved",
        "class": "path",
        "source_layer": "transportation",
        "source_tile": "https://tiles.openfreemap.org/planet/20261004_113936_pt/14/8852/6439.pbf"
      }
    },
    {
      "type": "Feature",
      "id": "transportation:275778510-0",
      "geometry": {
        "type": "MultiLineString",
        "coordinates": [
          [
            [
              14.508068561553955,
              35.89914085537903
            ],
            [
              14.50796663761139,
              35.899240800646325
            ],
            [
              14.507752060890198,
              35.899171273517226
            ]
          ],
          [
            [
              14.505901336669922,
              35.895290693801016
            ],
            [
              14.506019353866577,
              35.89533415039419
            ],
            [
              14.506078362464905,
              35.89534284170993
            ]
          ],
          [
            [
              14.50621247291565,
              35.89528200247953
            ],
            [
              14.505981802940369,
              35.895173360880364
            ]
          ],
          [
            [
              14.506545066833496,
              35.8949604229135
            ],
            [
              14.506641626358032,
              35.89512121285979
            ],
            [
              14.506663084030151,
              35.89526027417165
            ],
            [
              14.506657719612122,
              35.89534284170993
            ],
            [
              14.506582617759705,
              35.895599235095816
            ]
          ],
          [
            [
              14.506319761276245,
              35.89501257103997
            ],
            [
              14.50619101524353,
              35.89494304019705
            ]
          ],
          [
            [
              14.506287574768066,
              35.89516032387843
            ],
            [
              14.506078362464905,
              35.895051682112296
            ]
          ],
          [
            [
              14.506346583366394,
              35.89487785497633
            ],
            [
              14.506266117095947,
              35.894830052447034
            ]
          ],
          [
            [
              14.506373405456543,
              35.89473444730183
            ],
            [
              14.506287574768066,
              35.89468664468593
            ]
          ],
          [
            [
              14.506770372390747,
              35.894126048218155
            ],
            [
              14.506507515907288,
              35.89393483611194
            ]
          ],
          [
            [
              14.506888389587402,
              35.89400871357137
            ],
            [
              14.506614804267883,
              35.893804463956556
            ]
          ],
          [
            [
              14.506668448448181,
              35.89367409158646
            ],
            [
              14.507001042366028,
              35.89390441596154
            ]
          ],
          [
            [
              14.504742622375488,
              35.89431725986256
            ],
            [
              14.505536556243896,
              35.894830052447034
            ]
          ],
          [
            [
              14.504828453063965,
              35.894212962659225
            ],
            [
              14.505638480186462,
              35.894717064535755
            ]
          ],
          [
            [
              14.504785537719727,
              35.89382184692302
            ],
            [
              14.506126642227173,
              35.894656224824416
            ],
            [
              14.506223201751709,
              35.894547582366485
            ],
            [
              14.505021572113037,
              35.89376969801219
            ],
            [
              14.504903554916382,
              35.89389572448785
            ]
          ],
          [
            [
              14.504233002662659,
              35.893921798906064
            ],
            [
              14.504426121711731,
              35.89371320332002
            ]
          ],
          [
            [
              14.504662156105042,
              35.894417211220144
            ],
            [
              14.50544536113739,
              35.89493434883738
            ]
          ],
          [
            [
              14.510251879692078,
              35.89532545907747
            ],
            [
              14.510251879692078,
              35.895147286874376
            ]
          ],
          [
            [
              14.518733024597168,
              35.901061520599
            ],
            [
              14.518851041793823,
              35.90089205201316
            ]
          ],
          [
            [
              14.502414464950562,
              35.88886320100909
            ],
            [
              14.502264261245728,
              35.88877193467697
            ]
          ],
          [
            [
              14.50218915939331,
              35.88889796910793
            ],
            [
              14.50197458267212,
              35.88877193467697
            ]
          ]
        ]
      },
      "properties": {
        "surface": "paved",
        "class": "service",
        "service": "parking_aisle",
        "source_layer": "transportation",
        "source_tile": "https://tiles.openfreemap.org/planet/20261004_113936_pt/14/8852/6439.pbf"
      }
    },
    {
      "type": "Feature",
      "id": "transportation:389918220-0",
      "geometry": {
        "type": "MultiLineString",
        "coordinates": [
          [
            [
              14.503229856491089,
              35.907127387941586
            ],
            [
              14.503337144851685,
              35.90701007256699
            ],
            [
              14.503605365753174,
              35.90679716644294
            ],
            [
              14.50393259525299,
              35.906610329984645
            ],
            [
              14.505037665367126,
              35.90615844463382
            ],
            [
              14.506292939186096,
              35.90575869774938
            ],
            [
              14.50794517993927,
              35.9051460382792
            ],
            [
              14.510015845298767,
              35.90430742578293
            ],
            [
              14.510884881019592,
              35.90398588288342
            ],
            [
              14.51143741607666,
              35.9038598724719
            ],
            [
              14.512370824813843,
              35.90376427823277
            ],
            [
              14.513867497444153,
              35.903990228066434
            ],
            [
              14.518636465072632,
              35.905141693159635
            ],
            [
              14.520229697227478,
              35.90547626666802
            ],
            [
              14.521860480308533,
              35.90538936459403
            ],
            [
              14.523893594741821,
              35.90492878200871
            ],
            [
              14.524269104003906,
              35.90480277309855
            ]
          ],
          [
            [
              14.505804777145386,
              35.907127387941586
            ],
            [
              14.505858421325684,
              35.90674502608036
            ],
            [
              14.506974220275879,
              35.90566745089484
            ],
            [
              14.511812925338745,
              35.90404671542407
            ],
            [
              14.513288140296936,
              35.90419879657111
            ],
            [
              14.515605568885803,
              35.90480277309855
            ],
            [
              14.517391920089722,
              35.9064321831833
            ],
            [
              14.51793909072876,
              35.907127387941586
            ]
          ],
          [
            [
              14.509978294372559,
              35.900440134010324
            ],
            [
              14.509978294372559,
              35.9004618608964
            ],
            [
              14.509795904159546,
              35.900618294300315
            ],
            [
              14.509613513946533,
              35.900787763472295
            ],
            [
              14.50943648815155,
              35.9010484845668
            ],
            [
              14.509350657463074,
              35.90130920480247
            ],
            [
              14.509280920028687,
              35.90183064269729
            ],
            [
              14.509307742118835,
              35.90260844783951
            ],
            [
              14.509243369102478,
              35.903203746052455
            ],
            [
              14.50892686843872,
              35.90373386185972
            ],
            [
              14.508508443832397,
              35.90425528377986
            ],
            [
              14.505735039710999,
              35.9064321831833
            ],
            [
              14.505525827407837,
              35.90687972194681
            ],
            [
              14.505482912063599,
              35.907127387941586
            ],
            [
              14.506502151489258,
              35.90658425974608
            ],
            [
              14.507730603218079,
              35.90607588837747
            ],
            [
              14.508733749389648,
              35.905623999974765
            ],
            [
              14.50944721698761,
              35.90522859550558
            ],
            [
              14.509774446487427,
              35.90480711823672
            ],
            [
              14.509806632995605,
              35.90412058344626
            ],
            [
              14.5097154378891,
              35.90378600420634
            ],
            [
              14.509538412094116,
              35.90348184003348
            ],
            [
              14.508739113807678,
              35.90292130585276
            ],
            [
              14.505638480186462,
              35.901096283340976
            ],
            [
              14.505321979522705,
              35.9009572322814
            ],
            [
              14.50495183467865,
              35.90083121704768
            ],
            [
              14.504619240760803,
              35.90077038203545
            ],
            [
              14.504367113113403,
              35.90074865523404
            ],
            [
              14.504147171974182,
              35.90077038203545
            ],
            [
              14.503594636917114,
              35.900865979890824
            ],
            [
              14.502773880958557,
              35.90108759265691
            ],
            [
              14.502419829368591,
              35.90119622613912
            ],
            [
              14.50196385383606,
              35.90137003940056
            ],
            [
              14.501727819442749,
              35.90143956459825
            ],
            [
              14.501609802246094,
              35.901465636531626
            ]
          ],
          [
            [
              14.501609802246094,
              35.89721145244323
            ],
            [
              14.502087235450745,
              35.897524331789754
            ],
            [
              14.502548575401306,
              35.897858937500175
            ],
            [
              14.50321912765503,
              35.89836301615976
            ],
            [
              14.504034519195557,
              35.898910546239165
            ],
            [
              14.504297375679016,
              35.89904525544006
            ],
            [
              14.504989385604858,
              35.89934509122547
            ],
            [
              14.505643844604492,
              35.89964058045352
            ],
            [
              14.506142735481262,
              35.89993172317283
            ],
            [
              14.506979584693909,
              35.900457515519676
            ],
            [
              14.5076984167099,
              35.900865979890824
            ],
            [
              14.50918436050415,
              35.90154819759738
            ],
            [
              14.511480331420898,
              35.902547614193324
            ],
            [
              14.5124351978302,
              35.902877853424854
            ],
            [
              14.513508081436157,
              35.90322112695489
            ],
            [
              14.515128135681152,
              35.9035730894081
            ],
            [
              14.516249299049377,
              35.903803384980904
            ],
            [
              14.517483115196228,
              35.90409016721017
            ],
            [
              14.518239498138428,
              35.904172725538075
            ],
            [
              14.518711566925049,
              35.90418576105566
            ],
            [
              14.51917290687561,
              35.904159690018346
            ],
            [
              14.519832730293274,
              35.90410320274137
            ],
            [
              14.520331621170044,
              35.903994573249236
            ],
            [
              14.520594477653503,
              35.90388159841923
            ],
            [
              14.520776867866516,
              35.90363826746841
            ],
            [
              14.520830512046814,
              35.90323850785353
            ],
            [
              14.520894885063171,
              35.90227386220684
            ],
            [
              14.520835876464844,
              35.90190451278791
            ],
            [
              14.520610570907593,
              35.90143087395188
            ],
            [
              14.520031213760376,
              35.90039233483989
            ],
            [
              14.519843459129333,
              35.90002297664056
            ],
            [
              14.519602060317993,
              35.89940158189846
            ],
            [
              14.519553780555725,
              35.89910174632705
            ],
            [
              14.519559144973755,
              35.89887143707337
            ],
            [
              14.519655704498291,
              35.898449925949066
            ],
            [
              14.519634246826172,
              35.89800668502605
            ],
            [
              14.519467949867249,
              35.89761124249986
            ],
            [
              14.5191890001297,
              35.89718972466491
            ],
            [
              14.51893150806427,
              35.89685511612568
            ],
            [
              14.512317180633545,
              35.89193577280385
            ],
            [
              14.508991241455078,
              35.88877193467697
            ]
          ],
          [
            [
              14.517381191253662,
              35.907127387941586
            ],
            [
              14.516989588737488,
              35.90655818949894
            ],
            [
              14.51570212841034,
              35.905272046642764
            ],
            [
              14.515047669410706,
              35.90492878200871
            ],
            [
              14.514076709747314,
              35.90462027707983
            ],
            [
              14.513095021247864,
              35.90444212579848
            ],
            [
              14.511871933937073,
              35.9043421870992
            ],
            [
              14.510997533798218,
              35.90457682558478
            ],
            [
              14.50994074344635,
              35.90489402095008
            ],
            [
              14.504495859146118,
              35.90671461085297
            ],
            [
              14.503841400146484,
              35.90707959280995
            ],
            [
              14.503782391548157,
              35.907127387941586
            ]
          ],
          [
            [
              14.524269104003906,
              35.901252715490955
            ],
            [
              14.522380828857422,
              35.900331499490335
            ],
            [
              14.519076347351074,
              35.896750822265886
            ],
            [
              14.515133500099182,
              35.893882687275536
            ],
            [
              14.514897465705872,
              35.893787080986286
            ],
            [
              14.514650702476501,
              35.89373058630653
            ],
            [
              14.51442003250122,
              35.89373493205255
            ],
            [
              14.514232277870178,
              35.89377404375605
            ],
            [
              14.513298869132996,
              35.89419557977864
            ],
            [
              14.51343834400177,
              35.89404347941077
            ],
            [
              14.514527320861816,
              35.891774976387964
            ],
            [
              14.517123699188232,
              35.89034517767952
            ],
            [
              14.518057107925415,
              35.88877193467697
            ]
          ],
          [
            [
              14.524269104003906,
              35.90113104606769
            ],
            [
              14.522472023963928,
              35.900248937155425
            ],
            [
              14.519205093383789,
              35.896663910611096
            ],
            [
              14.512478113174438,
              35.891818434910945
            ],
            [
              14.509297013282776,
              35.88877193467697
            ]
          ],
          [
            [
              14.524269104003906,
              35.89592515769269
            ],
            [
              14.52269732952118,
              35.89823265129692
            ],
            [
              14.522461295127869,
              35.89863243619594
            ],
            [
              14.522144794464111,
              35.899275564187974
            ],
            [
              14.521581530570984,
              35.90122664348742
            ],
            [
              14.521372318267822,
              35.90186105980179
            ],
            [
              14.521265029907227,
              35.90231296969144
            ],
            [
              14.521136283874512,
              35.90372951666262
            ],
            [
              14.520868062973022,
              35.904177070710844
            ],
            [
              14.5201975107193,
              35.904785392543474
            ],
            [
              14.519703984260559,
              35.90510258707282
            ],
            [
              14.518609642982483,
              35.905619654881434
            ],
            [
              14.518078565597534,
              35.905671795985555
            ],
            [
              14.517627954483032,
              35.905689176345945
            ],
            [
              14.517118334770203,
              35.905697866524704
            ],
            [
              14.516399502754211,
              35.90568048616623
            ],
            [
              14.515498280525208,
              35.90552840786658
            ],
            [
              14.513529539108276,
              35.905080861460675
            ],
            [
              14.512875080108643,
              35.90492009174548
            ],
            [
              14.512295722961426,
              35.904837534197256
            ],
            [
              14.511893391609192,
              35.904880985549184
            ],
            [
              14.511255025863647,
              35.90501568458848
            ],
            [
              14.506582617759705,
              35.90694055226294
            ],
            [
              14.506223201751709,
              35.907127387941586
            ]
          ],
          [
            [
              14.517987370491028,
              35.88877193467697
            ],
            [
              14.517075419425964,
              35.89030606428213
            ],
            [
              14.514479041099548,
              35.89173151784112
            ],
            [
              14.513014554977417,
              35.89383488414535
            ],
            [
              14.512987732887268,
              35.893952219049766
            ]
          ],
          [
            [
              14.5136958360672,
              35.88877193467697
            ],
            [
              14.513486623764038,
              35.88909788538008
            ],
            [
              14.513384699821472,
              35.8894151427759
            ],
            [
              14.513272047042847,
              35.89001923211089
            ],
            [
              14.513234496116638,
              35.89038863698731
            ],
            [
              14.513250589370728,
              35.89065373824819
            ],
            [
              14.513314962387085,
              35.890979681204854
            ],
            [
              14.513406157493591,
              35.89121001341846
            ],
            [
              14.513545632362366,
              35.89135342747713
            ],
            [
              14.51369047164917,
              35.891479457799065
            ],
            [
              14.513797760009766,
              35.89154464581789
            ],
            [
              14.513905048370361,
              35.891575066875006
            ],
            [
              14.514071345329285,
              35.8915881044673
            ],
            [
              14.514285922050476,
              35.891575066875006
            ],
            [
              14.514527320861816,
              35.891496841275995
            ],
            [
              14.516973495483398,
              35.89017134020989
            ],
            [
              14.518051743507385,
              35.8891369993743
            ],
            [
              14.518100023269653,
              35.889106577380446
            ],
            [
              14.51820194721222,
              35.88906311736899
            ],
            [
              14.518309235572815,
              35.88905007936094
            ],
            [
              14.51842188835144,
              35.88906311736899
            ],
            [
              14.518529176712036,
              35.88911092338029
            ],
            [
              14.518593549728394,
              35.88916742135642
            ],
            [
              14.518647193908691,
              35.8892413032644
            ],
            [
              14.51866328716278,
              35.8893195310918
            ],
            [
              14.518652558326721,
              35.88941948875879
            ],
            [
              14.518620371818542,
              35.889484678473636
            ],
            [
              14.518566727638245,
              35.88954117618309
            ],
            [
              14.5171719789505,
              35.890453825904245
            ],
            [
              14.51569676399231,
              35.89131866045645
            ],
            [
              14.515562653541565,
              35.8915881044673
            ],
            [
              14.515535831451416,
              35.89194011864839
            ],
            [
              14.515659213066101,
              35.89227474796208
            ],
            [
              14.516501426696777,
              35.89316998306879
            ],
            [
              14.516887664794922,
              35.89336988855469
            ],
            [
              14.517155885696411,
              35.89343507501705
            ],
            [
              14.517483115196228,
              35.89343507501705
            ],
            [
              14.517901539802551,
              35.89340465467461
            ],
            [
              14.518330693244934,
              35.89331773934616
            ],
            [
              14.51891005039215,
              35.89310045060755
            ],
            [
              14.51917290687561,
              35.89296138550189
            ],
            [
              14.51941430568695,
              35.89273540418418
            ],
            [
              14.519999027252197,
              35.892100914728886
            ],
            [
              14.520524740219116,
              35.89147076605916
            ],
            [
              14.520809054374695,
              35.891231742837974
            ],
            [
              14.521484971046448,
              35.89081019103486
            ],
            [
              14.521763920783997,
              35.89074065650118
            ],
            [
              14.522048234939575,
              35.89077542377565
            ],
            [
              14.522305727005005,
              35.89091449272088
            ],
            [
              14.52242910861969,
              35.89107094499228
            ],
            [
              14.522450566291809,
              35.891175246334825
            ],
            [
              14.52244520187378,
              35.8914533825765
            ],
            [
              14.522327184677124,
              35.892287785439194
            ],
            [
              14.522402286529541,
              35.89261806747636
            ],
            [
              14.522493481636047,
              35.89285274071811
            ],
            [
              14.522767066955566,
              35.893209095051404
            ],
            [
              14.523394703865051,
              35.89372189481375
            ],
            [
              14.523968696594238,
              35.89424772840893
            ],
            [
              14.524269104003906,
              35.89445197688016
            ]
          ],
          [
            [
              14.509613513946533,
              35.88877193467697
            ],
            [
              14.512649774551392,
              35.891727171985124
            ],
            [
              14.519328474998474,
              35.89658134445067
            ],
            [
              14.522531032562256,
              35.900162029341416
            ],
            [
              14.524269104003906,
              35.901031103187236
            ]
          ]
        ]
      },
      "properties": {
        "class": "ferry",
        "source_layer": "transportation",
        "source_tile": "https://tiles.openfreemap.org/planet/20261004_113936_pt/14/8852/6439.pbf"
      }
    },
    {
      "type": "Feature",
      "id": "transportation:390004870-0",
      "geometry": {
        "type": "MultiLineString",
        "coordinates": [
          [
            [
              14.510375261306763,
              35.90628879644214
            ],
            [
              14.511153101921082,
              35.90581952892727
            ],
            [
              14.511496424674988,
              35.90559792941126
            ]
          ],
          [
            [
              14.507392644882202,
              35.895025608066234
            ],
            [
              14.507290720939636,
              35.89512990419895
            ]
          ],
          [
            [
              14.506979584693909,
              35.89463015064811
            ],
            [
              14.506920576095581,
              35.894643187737344
            ],
            [
              14.506872296333313,
              35.89468664468593
            ],
            [
              14.507521390914917,
              35.89510383017864
            ]
          ],
          [
            [
              14.506271481513977,
              35.89445197688016
            ],
            [
              14.50642704963684,
              35.89429553128984
            ],
            [
              14.506550431251526,
              35.8941912340579
            ]
          ],
          [
            [
              14.50642704963684,
              35.89429553128984
            ],
            [
              14.506614804267883,
              35.894438939759425
            ]
          ],
          [
            [
              14.502393007278442,
              35.89072761876929
            ],
            [
              14.504147171974182,
              35.89091883862149
            ],
            [
              14.504249095916748,
              35.890962297614394
            ],
            [
              14.504351019859314,
              35.89104921552864
            ],
            [
              14.504393935203552,
              35.891140479235915
            ],
            [
              14.504377841949463,
              35.89122305107088
            ],
            [
              14.504308104515076,
              35.89127954753994
            ],
            [
              14.503567814826965,
              35.89169240512858
            ],
            [
              14.503492712974548,
              35.89177063053437
            ],
            [
              14.503385424613953,
              35.891948810336785
            ],
            [
              14.503347873687744,
              35.892074839711
            ],
            [
              14.503412246704102,
              35.89218348556224
            ],
            [
              14.503524899482727,
              35.892305168738645
            ]
          ],
          [
            [
              14.504420757293701,
              35.89073631059077
            ],
            [
              14.504351019859314,
              35.890762386049516
            ],
            [
              14.5042222738266,
              35.89068850556083
            ],
            [
              14.504157900810242,
              35.89067546782039
            ]
          ],
          [
            [
              14.50469434261322,
              35.89090580091896
            ],
            [
              14.504420757293701,
              35.89073631059077
            ],
            [
              14.50420081615448,
              35.890453825904245
            ],
            [
              14.504157900810242,
              35.89041471256051
            ]
          ],
          [
            [
              14.50743556022644,
              35.89070588921143
            ],
            [
              14.507510662078857,
              35.890723272858196
            ]
          ],
          [
            [
              14.508841037750244,
              35.89356979353582
            ],
            [
              14.5087069272995,
              35.8935046071844
            ],
            [
              14.508814215660095,
              35.89343072925456
            ],
            [
              14.508497714996338,
              35.89322647814858
            ],
            [
              14.508256316184998,
              35.89303091808526
            ],
            [
              14.508272409439087,
              35.89298311444075
            ],
            [
              14.508245587348938,
              35.89293531076737
            ],
            [
              14.508132934570312,
              35.892991806014635
            ],
            [
              14.508127570152283,
              35.89303091808526
            ],
            [
              14.50796127319336,
              35.89318302039847
            ],
            [
              14.507805705070496,
              35.89315694573696
            ],
            [
              14.507607221603394,
              35.89306133857127
            ],
            [
              14.506652355194092,
              35.892361664435555
            ],
            [
              14.50620710849762,
              35.89204441884594
            ],
            [
              14.505316615104675,
              35.89144034496199
            ],
            [
              14.504796266555786,
              35.89105790731482
            ]
          ]
        ]
      },
      "properties": {
        "subclass": "footway",
        "bicycle": "yes",
        "surface": "paved",
        "class": "path",
        "source_layer": "transportation",
        "source_tile": "https://tiles.openfreemap.org/planet/20261004_113936_pt/14/8852/6439.pbf"
      }
    },
    {
      "type": "Feature",
      "id": "transportation:436674870-0",
      "geometry": {
        "type": "MultiLineString",
        "coordinates": [
          [
            [
              14.506003260612488,
              35.90276922225078
            ],
            [
              14.506534337997437,
              35.903308031409864
            ],
            [
              14.506587982177734,
              35.903394935769384
            ]
          ],
          [
            [
              14.509254097938538,
              35.90670157575197
            ],
            [
              14.509270191192627,
              35.90674937111187
            ]
          ],
          [
            [
              14.51070249080658,
              35.9067406810486
            ],
            [
              14.510799050331116,
              35.906671160507855
            ],
            [
              14.510761499404907,
              35.90663205517687
            ],
            [
              14.511040449142456,
              35.90646694356627
            ],
            [
              14.511072635650635,
              35.90643652823201
            ],
            [
              14.511147737503052,
              35.906393077734194
            ],
            [
              14.511147737503052,
              35.906201895260466
            ]
          ],
          [
            [
              14.511474967002869,
              35.906241000804016
            ],
            [
              14.511560797691345,
              35.90622796562498
            ],
            [
              14.511764645576477,
              35.906301831611174
            ],
            [
              14.511780738830566,
              35.90628010632827
            ],
            [
              14.511909484863281,
              35.90631486677806
            ],
            [
              14.512032866477966,
              35.90617582488734
            ]
          ],
          [
            [
              14.512622952461243,
              35.90588905021619
            ],
            [
              14.512622952461243,
              35.90587166989968
            ]
          ],
          [
            [
              14.512639045715332,
              35.90594553621844
            ],
            [
              14.512633681297302,
              35.90592381083772
            ]
          ],
          [
            [
              14.508728384971619,
              35.90017941091186
            ],
            [
              14.508846402168274,
              35.90017072012711
            ],
            [
              14.508900046348572,
              35.90015768394822
            ]
          ],
          [
            [
              14.512392282485962,
              35.90100937645737
            ],
            [
              14.51242446899414,
              35.9010484845668
            ]
          ],
          [
            [
              14.511013627052307,
              35.900548768381185
            ],
            [
              14.511249661445618,
              35.90067478406462
            ],
            [
              14.511582255363464,
              35.900948541582096
            ],
            [
              14.511812925338745,
              35.901178844792
            ],
            [
              14.511888027191162,
              35.901270096821875
            ],
            [
              14.512048959732056,
              35.90142218330456
            ],
            [
              14.51244592666626,
              35.901630758576985
            ],
            [
              14.512853622436523,
              35.901865405101475
            ],
            [
              14.513137936592102,
              35.90205225276232
            ],
            [
              14.513347148895264,
              35.90214350378521
            ]
          ],
          [
            [
              14.50919508934021,
              35.89991434154801
            ],
            [
              14.509216547012329,
              35.89970576175237
            ],
            [
              14.509270191192627,
              35.899679689239264
            ]
          ],
          [
            [
              14.506400227546692,
              35.89762427909815
            ],
            [
              14.50646460056305,
              35.89778071811013
            ],
            [
              14.506507515907288,
              35.8977676815376
            ],
            [
              14.506539702415466,
              35.89774160838613
            ],
            [
              14.506550431251526,
              35.897711189698526
            ],
            [
              14.506545066833496,
              35.897676425469825
            ],
            [
              14.506507515907288,
              35.89760255143314
            ],
            [
              14.506518244743347,
              35.89750260409731
            ],
            [
              14.506292939186096,
              35.89641186627257
            ]
          ],
          [
            [
              14.505735039710999,
              35.896311917433366
            ],
            [
              14.505895972251892,
              35.89631626303769
            ],
            [
              14.506008625030518,
              35.896303226223964
            ],
            [
              14.506035447120667,
              35.896285843802374
            ]
          ],
          [
            [
              14.507322907447815,
              35.89497780562614
            ],
            [
              14.507494568824768,
              35.89478659557716
            ]
          ],
          [
            [
              14.506373405456543,
              35.89457365656999
            ],
            [
              14.50619637966156,
              35.894747484373866
            ],
            [
              14.506164193153381,
              35.894738792992754
            ],
            [
              14.506148099899292,
              35.894677953298114
            ],
            [
              14.506126642227173,
              35.894656224824416
            ]
          ],
          [
            [
              14.507285356521606,
              35.89436071699005
            ],
            [
              14.507231712341309,
              35.89432160557638
            ],
            [
              14.50717806816101,
              35.89437809983437
            ],
            [
              14.507129788398743,
              35.89434767985432
            ],
            [
              14.507108330726624,
              35.89429987700488
            ],
            [
              14.507113695144653,
              35.894265111278074
            ],
            [
              14.507156610488892,
              35.89419557977864
            ],
            [
              14.507306814193726,
              35.89405651659659
            ],
            [
              14.507381916046143,
              35.89404347941077
            ]
          ],
          [
            [
              14.505729675292969,
              35.89361325107362
            ],
            [
              14.505756497383118,
              35.89358717655381
            ]
          ],
          [
            [
              14.505740404129028,
              35.89441286551157
            ],
            [
              14.505617022514343,
              35.89451281674843
            ]
          ],
          [
            [
              14.50221061706543,
              35.89463884204116
            ],
            [
              14.502156972885132,
              35.894608422161284
            ],
            [
              14.502087235450745,
              35.894617113556734
            ],
            [
              14.501609802246094,
              35.89439982838442
            ]
          ],
          [
            [
              14.502280354499817,
              35.894860472241746
            ],
            [
              14.502312541007996,
              35.894830052447034
            ]
          ],
          [
            [
              14.50246274471283,
              35.89191404357753
            ],
            [
              14.502623677253723,
              35.891957502024184
            ],
            [
              14.502532482147217,
              35.89204441884594
            ],
            [
              14.50247347354889,
              35.89201399796919
            ],
            [
              14.50246274471283,
              35.89191404357753
            ],
            [
              14.502344727516174,
              35.8918401641635
            ]
          ],
          [
            [
              14.501733183860779,
              35.89187927680304
            ],
            [
              14.502344727516174,
              35.8918401641635
            ],
            [
              14.502639770507812,
              35.89180539735656
            ],
            [
              14.50268268585205,
              35.8917662846805
            ],
            [
              14.502580761909485,
              35.89168371341205
            ]
          ],
          [
            [
              14.50218915939331,
              35.89174455540767
            ],
            [
              14.501985311508179,
              35.891614179645515
            ]
          ],
          [
            [
              14.501738548278809,
              35.891831472463195
            ],
            [
              14.502124786376953,
              35.89148814953802
            ],
            [
              14.502140879631042,
              35.891496841275995
            ],
            [
              14.50218379497528,
              35.891496841275995
            ],
            [
              14.5022052526474,
              35.89148814953802
            ],
            [
              14.502232074737549,
              35.8914620743183
            ],
            [
              14.502232074737549,
              35.89142296147266
            ],
            [
              14.50218915939331,
              35.891388194482516
            ],
            [
              14.502146244049072,
              35.89138384860769
            ],
            [
              14.502097964286804,
              35.89141426972655
            ],
            [
              14.502097964286804,
              35.89146642018886
            ],
            [
              14.502124786376953,
              35.89148814953802
            ]
          ],
          [
            [
              14.502371549606323,
              35.89170978855876
            ],
            [
              14.502382278442383,
              35.89174020955238
            ]
          ],
          [
            [
              14.502511024475098,
              35.89166632997615
            ],
            [
              14.502521753311157,
              35.89167936755342
            ]
          ],
          [
            [
              14.502623677253723,
              35.89164025481513
            ],
            [
              14.502580761909485,
              35.89168371341205
            ],
            [
              14.502527117729187,
              35.89171848027242
            ]
          ],
          [
            [
              14.502548575401306,
              35.89151857061681
            ],
            [
              14.502570033073425,
              35.89151857061681
            ],
            [
              14.502618312835693,
              35.89151857061681
            ]
          ],
          [
            [
              14.502570033073425,
              35.89151857061681
            ],
            [
              14.502553939819336,
              35.891079636776084
            ],
            [
              14.502559304237366,
              35.891027486059
            ],
            [
              14.50169026851654,
              35.891114403901696
            ],
            [
              14.50168490409851,
              35.8911448251241
            ],
            [
              14.501727819442749,
              35.89182278076194
            ],
            [
              14.501738548278809,
              35.891831472463195
            ],
            [
              14.502521753311157,
              35.89167936755342
            ],
            [
              14.502564668655396,
              35.89164025481513
            ],
            [
              14.502570033073425,
              35.89151857061681
            ]
          ],
          [
            [
              14.5022052526474,
              35.89139688623149
            ],
            [
              14.502553939819336,
              35.891079636776084
            ]
          ],
          [
            [
              14.50222134590149,
              35.891479457799065
            ],
            [
              14.502371549606323,
              35.8915881044673
            ]
          ],
          [
            [
              14.502108693122864,
              35.89140123210561
            ],
            [
              14.50169026851654,
              35.891114403901696
            ]
          ],
          [
            [
              14.502339363098145,
              35.89127520165914
            ],
            [
              14.502570033073425,
              35.89143599909002
            ]
          ],
          [
            [
              14.505477547645569,
              35.89020610773434
            ],
            [
              14.50545608997345,
              35.890193069914474
            ]
          ],
          [
            [
              14.505354166030884,
              35.89034952361138
            ],
            [
              14.505477547645569,
              35.89020610773434
            ],
            [
              14.505547285079956,
              35.89012353483882
            ]
          ],
          [
            [
              14.50645923614502,
              35.8891152693799
            ],
            [
              14.506486058235168,
              35.88915438336551
            ],
            [
              14.506571888923645,
              35.88936733694827
            ],
            [
              14.50667917728424,
              35.8895324842304
            ],
            [
              14.507119059562683,
              35.89016699426827
            ],
            [
              14.507403373718262,
              35.890479901456004
            ],
            [
              14.508052468299866,
              35.89100575658344
            ]
          ],
          [
            [
              14.506641626358032,
              35.8894803324943
            ],
            [
              14.50644314289093,
              35.88954986813479
            ]
          ],
          [
            [
              14.507403373718262,
              35.890479901456004
            ],
            [
              14.507306814193726,
              35.89054943621866
            ]
          ],
          [
            [
              14.50670599937439,
              35.890184378033354
            ],
            [
              14.506781101226807,
              35.890236529305724
            ]
          ],
          [
            [
              14.505622386932373,
              35.891866239258675
            ],
            [
              14.50570821762085,
              35.891774976387964
            ]
          ],
          [
            [
              14.506051540374756,
              35.8921878313932
            ],
            [
              14.506164193153381,
              35.892083531384586
            ]
          ],
          [
            [
              14.508245587348938,
              35.89293531076737
            ],
            [
              14.507349729537964,
              35.892318206210746
            ]
          ],
          [
            [
              14.50871229171753,
              35.89077542377565
            ],
            [
              14.508894681930542,
              35.89086234189503
            ],
            [
              14.509060978889465,
              35.890931876321844
            ],
            [
              14.509136080741882,
              35.890953605817714
            ],
            [
              14.50917899608612,
              35.890953605817714
            ],
            [
              14.509238004684448,
              35.89083626646922
            ],
            [
              14.50920581817627,
              35.89077976968389
            ]
          ],
          [
            [
              14.508792757987976,
              35.89068850556083
            ],
            [
              14.50871229171753,
              35.89077542377565
            ],
            [
              14.508626461029053,
              35.89079280740715
            ]
          ],
          [
            [
              14.509028792381287,
              35.890484247380456
            ],
            [
              14.50868546962738,
              35.890093113224026
            ],
            [
              14.507870078086853,
              35.88920218932171
            ],
            [
              14.50769305229187,
              35.8889588132442
            ],
            [
              14.507805705070496,
              35.88891100714106
            ]
          ],
          [
            [
              14.512778520584106,
              35.89390876169803
            ],
            [
              14.51267659664154,
              35.89380880969851
            ],
            [
              14.512494206428528,
              35.89363063408206
            ],
            [
              14.512386918067932,
              35.89367409158646
            ]
          ],
          [
            [
              14.51293408870697,
              35.894000022109125
            ],
            [
              14.512987732887268,
              35.893952219049766
            ]
          ],
          [
            [
              14.51267659664154,
              35.89380880969851
            ],
            [
              14.5126873254776,
              35.893795772471876
            ]
          ],
          [
            [
              14.512569308280945,
              35.89404782513962
            ],
            [
              14.512778520584106,
              35.89390876169803
            ],
            [
              14.512805342674255,
              35.89389137875068
            ],
            [
              14.513014554977417,
              35.89407389950772
            ],
            [
              14.513143301010132,
              35.89408259096183
            ],
            [
              14.513261318206787,
              35.894212962659225
            ],
            [
              14.513475894927979,
              35.89450412534154
            ],
            [
              14.513529539108276,
              35.89459973076491
            ],
            [
              14.513395428657532,
              35.89462580495125
            ]
          ],
          [
            [
              14.512660503387451,
              35.894604076463224
            ],
            [
              14.512864351272583,
              35.894860472241746
            ]
          ],
          [
            [
              14.511716365814209,
              35.895338496052176
            ],
            [
              14.511657357215881,
              35.89529503946143
            ],
            [
              14.511635899543762,
              35.89531676775978
            ],
            [
              14.511330127716064,
              35.89511252151972
            ],
            [
              14.511147737503052,
              35.89513859553715
            ]
          ],
          [
            [
              14.511083364486694,
              35.89470402745867
            ],
            [
              14.511169195175171,
              35.894460668292794
            ],
            [
              14.511115550994873,
              35.89426945699476
            ],
            [
              14.510986804962158,
              35.894091282415005
            ],
            [
              14.511099457740784,
              35.894000022109125
            ],
            [
              14.51095998287201,
              35.89389137875068
            ],
            [
              14.510723948478699,
              35.8937436235439
            ],
            [
              14.510579109191895,
              35.89389572448785
            ],
            [
              14.51045036315918,
              35.89396091051725
            ]
          ],
          [
            [
              14.511533975601196,
              35.89525158284681
            ],
            [
              14.511496424674988,
              35.89529503946143
            ]
          ],
          [
            [
              14.51069176197052,
              35.8953558786818
            ],
            [
              14.51067566871643,
              35.8952863481404
            ],
            [
              14.510992169380188,
              35.89522985453054
            ],
            [
              14.511008262634277,
              35.895216817537914
            ],
            [
              14.511013627052307,
              35.89516032387843
            ]
          ],
          [
            [
              14.510836601257324,
              35.89483439813269
            ],
            [
              14.51070249080658,
              35.8948561265575
            ]
          ],
          [
            [
              14.510273337364197,
              35.89443024834445
            ],
            [
              14.510627388954163,
              35.894460668292794
            ],
            [
              14.510664939880371,
              35.89440851980274
            ]
          ],
          [
            [
              14.510589838027954,
              35.89439548267488
            ],
            [
              14.510718584060669,
              35.894425902636584
            ]
          ],
          [
            [
              14.510005116462708,
              35.89369147458156
            ],
            [
              14.510107040405273,
              35.893600213814764
            ],
            [
              14.510230422019958,
              35.89355241051402
            ],
            [
              14.510504007339478,
              35.89357848504528
            ],
            [
              14.510305523872375,
              35.893800118214344
            ]
          ],
          [
            [
              14.509849548339844,
              35.893648017086676
            ],
            [
              14.510005116462708,
              35.89369147458156
            ],
            [
              14.510579109191895,
              35.89389572448785
            ],
            [
              14.51067566871643,
              35.893930490376874
            ],
            [
              14.510986804962158,
              35.894091282415005
            ],
            [
              14.511169195175171,
              35.89412170249361
            ],
            [
              14.511249661445618,
              35.89423469125458
            ],
            [
              14.511308670043945,
              35.89447370540991
            ],
            [
              14.511142373085022,
              35.89452585385702
            ]
          ],
          [
            [
              14.50968325138092,
              35.893800118214344
            ],
            [
              14.509726166725159,
              35.89373493205255
            ],
            [
              14.509769082069397,
              35.89372189481375
            ],
            [
              14.509795904159546,
              35.89372624056027
            ],
            [
              14.509833455085754,
              35.893747969289194
            ],
            [
              14.509838819503784,
              35.89377404375605
            ],
            [
              14.509811997413635,
              35.89382619266402
            ]
          ],
          [
            [
              14.509238004684448,
              35.89370885757282
            ],
            [
              14.509377479553223,
              35.89352199021668
            ]
          ],
          [
            [
              14.508814215660095,
              35.8937436235439
            ],
            [
              14.509012699127197,
              35.893787080986286
            ]
          ],
          [
            [
              14.507575035095215,
              35.89389137875068
            ],
            [
              14.507548213005066,
              35.89386965006106
            ],
            [
              14.507558941841125,
              35.89376100652372
            ],
            [
              14.507666230201721,
              35.893665400087485
            ],
            [
              14.50770378112793,
              35.893665400087485
            ],
            [
              14.507730603218079,
              35.893682783084486
            ],
            [
              14.507794976234436,
              35.89367843733558
            ],
            [
              14.508149027824402,
              35.893930490376874
            ],
            [
              14.50818121433258,
              35.893986984913994
            ],
            [
              14.50820803642273,
              35.894060862324736
            ],
            [
              14.508277773857117,
              35.89406520805265
            ],
            [
              14.508261680603027,
              35.89432595128997
            ],
            [
              14.508379697799683,
              35.89433898842928
            ],
            [
              14.508379697799683,
              35.89435202556646
            ],
            [
              14.508497714996338,
              35.89434767985432
            ],
            [
              14.50868546962738,
              35.894243382691045
            ]
          ],
          [
            [
              14.507746696472168,
              35.893952219049766
            ],
            [
              14.507912993431091,
              35.89407389950772
            ]
          ],
          [
            [
              14.507811069488525,
              35.894586693668515
            ],
            [
              14.507837891578674,
              35.89458234796925
            ],
            [
              14.507859349250793,
              35.894564965169764
            ],
            [
              14.507859349250793,
              35.89454323666506
            ],
            [
              14.507832527160645,
              35.8945215081544
            ],
            [
              14.507794976234436,
              35.89452585385702
            ],
            [
              14.507778882980347,
              35.894547582366485
            ],
            [
              14.507784247398376,
              35.894564965169764
            ],
            [
              14.507811069488525,
              35.894586693668515
            ]
          ],
          [
            [
              14.508004188537598,
              35.89449108822943
            ],
            [
              14.508014917373657,
              35.894564965169764
            ]
          ],
          [
            [
              14.508283138275146,
              35.89456931087
            ],
            [
              14.507912993431091,
              35.894564965169764
            ],
            [
              14.507902264595032,
              35.89459973076491
            ],
            [
              14.507848620414734,
              35.89463015064811
            ],
            [
              14.507805705070496,
              35.89463015064811
            ],
            [
              14.507757425308228,
              35.89461276785913
            ],
            [
              14.507548213005066,
              35.89481266970195
            ],
            [
              14.507494568824768,
              35.89478659557716
            ],
            [
              14.507398009300232,
              35.894712718843635
            ],
            [
              14.507585763931274,
              35.89461276785913
            ],
            [
              14.507596492767334,
              35.89456931087
            ],
            [
              14.507526755332947,
              35.8945215081544
            ],
            [
              14.507650136947632,
              35.894417211220144
            ],
            [
              14.507558941841125,
              35.89436071699005
            ]
          ],
          [
            [
              14.508095383644104,
              35.89510383017864
            ],
            [
              14.507848620414734,
              35.89463015064811
            ]
          ],
          [
            [
              14.507542848587036,
              35.896707366450414
            ],
            [
              14.507473111152649,
              35.89668998411756
            ],
            [
              14.507033228874207,
              35.89676385900587
            ]
          ],
          [
            [
              14.513733386993408,
              35.896051180737075
            ],
            [
              14.51370120048523,
              35.89609463691278
            ]
          ],
          [
            [
              14.5136958360672,
              35.89601641577934
            ],
            [
              14.513652920722961,
              35.896051180737075
            ],
            [
              14.513626098632812,
              35.89605987197412
            ],
            [
              14.513604640960693,
              35.896046835118185
            ],
            [
              14.513588547706604,
              35.89599903329477
            ]
          ],
          [
            [
              14.513261318206787,
              35.894212962659225
            ],
            [
              14.513298869132996,
              35.89419557977864
            ]
          ],
          [
            [
              14.515530467033386,
              35.889793242395626
            ],
            [
              14.515498280525208,
              35.88976716661773
            ]
          ],
          [
            [
              14.515530467033386,
              35.88995404283612
            ],
            [
              14.515551924705505,
              35.88997577260035
            ]
          ],
          [
            [
              14.520776867866516,
              35.88954986813479
            ],
            [
              14.52066957950592,
              35.889697631168076
            ],
            [
              14.520487189292908,
              35.89009745916971
            ],
            [
              14.52066421508789,
              35.89013222672662
            ]
          ],
          [
            [
              14.519822001457214,
              35.8906276627537
            ],
            [
              14.519902467727661,
              35.89067546782039
            ],
            [
              14.52017605304718,
              35.89045817183013
            ],
            [
              14.520369172096252,
              35.89021479961309
            ],
            [
              14.520514011383057,
              35.890180032092445
            ],
            [
              14.52068030834198,
              35.89021914555208
            ],
            [
              14.520868062973022,
              35.89011918889456
            ],
            [
              14.52092707157135,
              35.88997577260035
            ]
          ],
          [
            [
              14.519843459129333,
              35.8910318319534
            ],
            [
              14.519709348678589,
              35.89113613334747
            ],
            [
              14.519655704498291,
              35.891196975763876
            ],
            [
              14.519612789154053,
              35.891262164015316
            ],
            [
              14.519280195236206,
              35.89105790731482
            ]
          ],
          [
            [
              14.521404504776001,
              35.88954117618309
            ],
            [
              14.521452784538269,
              35.88958463593215
            ],
            [
              14.521560072898865,
              35.88956290606059
            ],
            [
              14.521801471710205,
              35.88957594398423
            ]
          ],
          [
            [
              14.521828293800354,
              35.88958028995832
            ],
            [
              14.52194631099701,
              35.88958463593215
            ]
          ],
          [
            [
              14.522359371185303,
              35.88924564925682
            ],
            [
              14.52244520187378,
              35.889276071197216
            ],
            [
              14.522895812988281,
              35.88902834934267
            ],
            [
              14.523550271987915,
              35.88895012122758
            ],
            [
              14.523700475692749,
              35.888919699161974
            ],
            [
              14.523877501487732,
              35.88882408687964
            ]
          ],
          [
            [
              14.521989226341248,
              35.88969328520045
            ],
            [
              14.52194631099701,
              35.88965851745081
            ]
          ],
          [
            [
              14.522579312324524,
              35.889328223067835
            ],
            [
              14.522520303726196,
              35.889254341240985
            ]
          ],
          [
            [
              14.523609280586243,
              35.89164460067589
            ],
            [
              14.52367901802063,
              35.891575066875006
            ],
            [
              14.523802399635315,
              35.891214359302836
            ],
            [
              14.52394723892212,
              35.891083982667624
            ],
            [
              14.524011611938477,
              35.89104052374151
            ],
            [
              14.524075984954834,
              35.89105790731482
            ]
          ],
          [
            [
              14.518459439277649,
              35.89961450791894
            ],
            [
              14.518507719039917,
              35.89965361671757
            ]
          ],
          [
            [
              14.517998099327087,
              35.89826741528134
            ],
            [
              14.518073201179504,
              35.89833694320437
            ]
          ],
          [
            [
              14.518330693244934,
              35.89902787362057
            ],
            [
              14.518271684646606,
              35.89888447346411
            ],
            [
              14.518330693244934,
              35.89859332689274
            ],
            [
              14.518325328826904,
              35.89829783375518
            ],
            [
              14.518255591392517,
              35.89831956122933
            ],
            [
              14.518207311630249,
              35.898419507533674
            ],
            [
              14.518218040466309,
              35.89848468983806
            ],
            [
              14.518212676048279,
              35.898562908532455
            ],
            [
              14.518159031867981,
              35.89857594497401
            ],
            [
              14.518218040466309,
              35.89881929148892
            ]
          ],
          [
            [
              14.518368244171143,
              35.89915389172539
            ],
            [
              14.518395066261292,
              35.89924949153318
            ],
            [
              14.518378973007202,
              35.89925383697623
            ],
            [
              14.5184326171875,
              35.899492835977384
            ]
          ],
          [
            [
              14.513159394264221,
              35.905932500990744
            ],
            [
              14.513309597969055,
              35.90586732481995
            ],
            [
              14.513373970985413,
              35.905810838761866
            ]
          ],
          [
            [
              14.52393651008606,
              35.888793664765586
            ],
            [
              14.523979425430298,
              35.88877193467697
            ]
          ],
          [
            [
              14.523877501487732,
              35.88877193467697
            ],
            [
              14.523866772651672,
              35.88877628069517
            ]
          ],
          [
            [
              14.522627592086792,
              35.8890326953468
            ],
            [
              14.52269732952118,
              35.88910223138038
            ],
            [
              14.522820711135864,
              35.8890326953468
            ],
            [
              14.522799253463745,
              35.889006619318465
            ],
            [
              14.522965550422668,
              35.888976197274545
            ],
            [
              14.523314237594604,
              35.88894577521894
            ],
            [
              14.523314237594604,
              35.8889588132442
            ],
            [
              14.523534178733826,
              35.8889370832009
            ],
            [
              14.523528814315796,
              35.88891100714106
            ],
            [
              14.52367901802063,
              35.88888493107265
            ],
            [
              14.523834586143494,
              35.888798010782594
            ],
            [
              14.523834586143494,
              35.888784972730846
            ]
          ],
          [
            [
              14.514795541763306,
              35.888784972730846
            ],
            [
              14.514779448509216,
              35.88877193467697
            ]
          ],
          [
            [
              14.507666230201721,
              35.88877193467697
            ],
            [
              14.507719874382019,
              35.888798010782594
            ],
            [
              14.50796663761139,
              35.88914134537245
            ],
            [
              14.508170485496521,
              35.88917176735292
            ]
          ]
        ]
      },
      "properties": {
        "subclass": "footway",
        "class": "path",
        "source_layer": "transportation",
        "source_tile": "https://tiles.openfreemap.org/planet/20261004_113936_pt/14/8852/6439.pbf"
      }
    },
    {
      "type": "Feature",
      "id": "transportation:473216490-0",
      "geometry": {
        "type": "MultiLineString",
        "coordinates": [
          [
            [
              14.506110548973083,
              35.89902787362057
            ],
            [
              14.506378769874573,
              35.898793218683835
            ],
            [
              14.507408738136292,
              35.89801537604839
            ],
            [
              14.507473111152649,
              35.897976266440324
            ],
            [
              14.507510662078857,
              35.89793281129759
            ],
            [
              14.507537484169006,
              35.897811136771
            ],
            [
              14.507569670677185,
              35.897320091245376
            ],
            [
              14.507564306259155,
              35.89697679212178
            ]
          ],
          [
            [
              14.503321051597595,
              35.896885535142246
            ],
            [
              14.503170847892761,
              35.89707239455893
            ]
          ],
          [
            [
              14.502773880958557,
              35.896537888542156
            ],
            [
              14.502543210983276,
              35.896802969212956
            ]
          ],
          [
            [
              14.503508806228638,
              35.89721145244323
            ],
            [
              14.503567814826965,
              35.897068048996104
            ]
          ],
          [
            [
              14.506888389587402,
              35.89776333601294
            ],
            [
              14.506995677947998,
              35.89749825855809
            ],
            [
              14.507011771202087,
              35.89742003881166
            ],
            [
              14.50693666934967,
              35.89700286552517
            ],
            [
              14.506748914718628,
              35.89689422628767
            ],
            [
              14.50668454170227,
              35.89668129294968
            ],
            [
              14.506528973579407,
              35.896364064669555
            ]
          ],
          [
            [
              14.506121277809143,
              35.896311917433366
            ],
            [
              14.506528973579407,
              35.896364064669555
            ],
            [
              14.50667917728424,
              35.89629453501365
            ],
            [
              14.507505297660828,
              35.89612505622155
            ]
          ],
          [
            [
              14.506164193153381,
              35.89617285796888
            ],
            [
              14.505370259284973,
              35.895968613937555
            ],
            [
              14.505284428596497,
              35.89589473830709
            ],
            [
              14.505241513252258,
              35.8958121713444
            ]
          ],
          [
            [
              14.505643844604492,
              35.89624673333981
            ],
            [
              14.50593888759613,
              35.896285843802374
            ]
          ],
          [
            [
              14.504925012588501,
              35.89590777518808
            ],
            [
              14.505059123039246,
              35.895660074082414
            ],
            [
              14.505080580711365,
              35.895599235095816
            ],
            [
              14.505069851875305,
              35.895581852519626
            ],
            [
              14.505059123039246,
              35.895568815584966
            ],
            [
              14.504511952400208,
              35.895308076441154
            ],
            [
              14.504163265228271,
              35.89517770654719
            ],
            [
              14.50370192527771,
              35.894938694517336
            ]
          ],
          [
            [
              14.50495183467865,
              35.89586866453868
            ],
            [
              14.504479765892029,
              35.89569049355818
            ],
            [
              14.504474401473999,
              35.89565572844208
            ],
            [
              14.50443685054779,
              35.89560358073926
            ],
            [
              14.504603147506714,
              35.89535153302475
            ]
          ],
          [
            [
              14.505745768547058,
              35.89541671785544
            ],
            [
              14.505654573440552,
              35.89536891565153
            ],
            [
              14.504764080047607,
              35.894999534011575
            ],
            [
              14.50468361377716,
              35.89505602778581
            ],
            [
              14.504635334014893,
              35.89511252151972
            ],
            [
              14.504511952400208,
              35.895308076441154
            ]
          ],
          [
            [
              14.504383206367493,
              35.89500387968796
            ],
            [
              14.504410028457642,
              35.89488654634219
            ],
            [
              14.504367113113403,
              35.89479963264063
            ],
            [
              14.50421690940857,
              35.89472575591927
            ],
            [
              14.504050612449646,
              35.89467360760386
            ],
            [
              14.50394332408905,
              35.89469099037949
            ]
          ],
          [
            [
              14.504163265228271,
              35.89517770654719
            ],
            [
              14.504013061523438,
              35.895364569995195
            ],
            [
              14.503884315490723,
              35.89532111341873
            ],
            [
              14.503648281097412,
              35.89561661766817
            ]
          ],
          [
            [
              14.50395941734314,
              35.89483874381813
            ],
            [
              14.504383206367493,
              35.89500387968796
            ],
            [
              14.505472183227539,
              35.89546886568134
            ]
          ],
          [
            [
              14.502875804901123,
              35.89479094126523
            ],
            [
              14.503074288368225,
              35.89457365656999
            ]
          ],
          [
            [
              14.503004550933838,
              35.895147286874376
            ],
            [
              14.503648281097412,
              35.89561661766817
            ],
            [
              14.50371265411377,
              35.89564703716066
            ],
            [
              14.504925012588501,
              35.89590777518808
            ],
            [
              14.505123496055603,
              35.89591646644085
            ],
            [
              14.505241513252258,
              35.8958121713444
            ],
            [
              14.505262970924377,
              35.89583389950083
            ],
            [
              14.505407810211182,
              35.89559488945213
            ],
            [
              14.505472183227539,
              35.89546886568134
            ],
            [
              14.505654573440552,
              35.89536891565153
            ]
          ],
          [
            [
              14.502355456352234,
              35.89450847104513
            ],
            [
              14.502537846565247,
              35.894608422161284
            ],
            [
              14.502736330032349,
              35.89437375412366
            ]
          ],
          [
            [
              14.502650499343872,
              35.894469359704445
            ],
            [
              14.502988457679749,
              35.89466926190936
            ]
          ],
          [
            [
              14.501819014549255,
              35.89325255278722
            ],
            [
              14.501609802246094,
              35.89348287838865
            ]
          ],
          [
            [
              14.503760933876038,
              35.89169240512858
            ],
            [
              14.503315687179565,
              35.89136646510593
            ],
            [
              14.503353238105774,
              35.89128389342049
            ],
            [
              14.503337144851685,
              35.89121870518697
            ],
            [
              14.503503441810608,
              35.89106225320752
            ],
            [
              14.503498077392578,
              35.89101010247903
            ],
            [
              14.503385424613953,
              35.89097098941011
            ],
            [
              14.50320839881897,
              35.89111005801183
            ],
            [
              14.503337144851685,
              35.89121870518697
            ]
          ],
          [
            [
              14.503310322761536,
              35.89017568615128
            ],
            [
              14.503095746040344,
              35.890040961857196
            ]
          ],
          [
            [
              14.503921866416931,
              35.890449479978116
            ],
            [
              14.504039883613586,
              35.89053205253373
            ],
            [
              14.504136443138123,
              35.890527706611906
            ]
          ],
          [
            [
              14.509967565536499,
              35.89274409578525
            ],
            [
              14.50993537902832,
              35.89277886218001
            ],
            [
              14.509897828102112,
              35.89276582478375
            ]
          ],
          [
            [
              14.510144591331482,
              35.89265717973163
            ],
            [
              14.510085582733154,
              35.89272671258216
            ]
          ],
          [
            [
              14.50969398021698,
              35.89202703548922
            ],
            [
              14.509994387626648,
              35.89192273526878
            ],
            [
              14.510053396224976,
              35.891874930955154
            ]
          ],
          [
            [
              14.512386918067932,
              35.89367409158646
            ],
            [
              14.511319398880005,
              35.89309610482671
            ],
            [
              14.510144591331482,
              35.89240512263652
            ],
            [
              14.50967252254486,
              35.89087537960471
            ],
            [
              14.509372115135193,
              35.8905668198998
            ],
            [
              14.509007334709167,
              35.89016699426827
            ],
            [
              14.508170485496521,
              35.88917176735292
            ],
            [
              14.507816433906555,
              35.88877193467697
            ]
          ],
          [
            [
              14.507639408111572,
              35.89664218268247
            ],
            [
              14.507542848587036,
              35.896707366450414
            ],
            [
              14.507505297660828,
              35.89685077055094
            ]
          ],
          [
            [
              14.508170485496521,
              35.8963075718288
            ],
            [
              14.508084654808044,
              35.896364064669555
            ]
          ],
          [
            [
              14.51392114162445,
              35.88986277776134
            ],
            [
              14.514098167419434,
              35.88989319946461
            ]
          ],
          [
            [
              14.517831802368164,
              35.89174455540767
            ],
            [
              14.517654776573181,
              35.89154029995166
            ]
          ],
          [
            [
              14.51766550540924,
              35.8917662846805
            ],
            [
              14.517815709114075,
              35.891727171985124
            ]
          ],
          [
            [
              14.518496990203857,
              35.89220521471461
            ],
            [
              14.518486261367798,
              35.892100914728886
            ],
            [
              14.518260955810547,
              35.89190969773156
            ]
          ],
          [
            [
              14.519076347351074,
              35.89068415964758
            ],
            [
              14.519070982933044,
              35.890692851473815
            ]
          ],
          [
            [
              14.51766550540924,
              35.899962141007094
            ],
            [
              14.517225623130798,
              35.899701416334125
            ]
          ],
          [
            [
              14.515627026557922,
              35.90135265809158
            ],
            [
              14.515825510025024,
              35.90146998185304
            ]
          ],
          [
            [
              14.516984224319458,
              35.9021391585008
            ],
            [
              14.517075419425964,
              35.902199992460936
            ]
          ],
          [
            [
              14.517118334770203,
              35.90223040942348
            ],
            [
              14.517370462417603,
              35.90243463729777
            ],
            [
              14.517842531204224,
              35.90246939943667
            ]
          ],
          [
            [
              14.517134428024292,
              35.902790948497525
            ],
            [
              14.51694667339325,
              35.90236945824621
            ],
            [
              14.51693058013916,
              35.902282552760624
            ],
            [
              14.51694667339325,
              35.90221302830345
            ],
            [
              14.517005681991577,
              35.90210005093029
            ]
          ],
          [
            [
              14.524269104003906,
              35.89179235980001
            ],
            [
              14.524253010749817,
              35.89184885586285
            ],
            [
              14.524242281913757,
              35.89200965212868
            ],
            [
              14.524269104003906,
              35.892100914728886
            ]
          ],
          [
            [
              14.51741874217987,
              35.88885016296807
            ],
            [
              14.51745092868805,
              35.88883277891007
            ]
          ]
        ]
      },
      "properties": {
        "class": "service",
        "source_layer": "transportation",
        "source_tile": "https://tiles.openfreemap.org/planet/20261004_113936_pt/14/8852/6439.pbf"
      }
    },
    {
      "type": "Feature",
      "id": "transportation:1332968230-0",
      "geometry": {
        "type": "MultiLineString",
        "coordinates": [
          [
            [
              14.50467824935913,
              35.90524163084925
            ],
            [
              14.50468361377716,
              35.90538936459403
            ]
          ],
          [
            [
              14.502280354499817,
              35.90428569995248
            ],
            [
              14.502248167991638,
              35.90403367988358
            ]
          ],
          [
            [
              14.50443685054779,
              35.903394935769384
            ],
            [
              14.504629969596863,
              35.90330368618936
            ]
          ],
          [
            [
              14.504420757293701,
              35.90342100705864
            ],
            [
              14.504404664039612,
              35.90339928098487
            ]
          ],
          [
            [
              14.505268335342407,
              35.90361219625072
            ],
            [
              14.505005478858948,
              35.90328630530506
            ],
            [
              14.50495183467865,
              35.90327761486148
            ],
            [
              14.504876732826233,
              35.90318636514618
            ],
            [
              14.504892826080322,
              35.90314291286384
            ],
            [
              14.50468897819519,
              35.90286916293644
            ],
            [
              14.504613876342773,
              35.90283874621937
            ]
          ],
          [
            [
              14.504871368408203,
              35.90311249625199
            ],
            [
              14.505085945129395,
              35.90299952016284
            ]
          ],
          [
            [
              14.505590200424194,
              35.90293434157647
            ],
            [
              14.5056813955307,
              35.902886543912345
            ],
            [
              14.50569748878479,
              35.90290392488447
            ]
          ],
          [
            [
              14.505654573440552,
              35.90277356750063
            ],
            [
              14.505638480186462,
              35.90277791275021
            ]
          ],
          [
            [
              14.5054292678833,
              35.902721424486984
            ],
            [
              14.505520462989807,
              35.902673626694266
            ],
            [
              14.505509734153748,
              35.902656245671594
            ]
          ],
          [
            [
              14.505477547645569,
              35.90260844783951
            ],
            [
              14.50546681880951,
              35.90259541206214
            ],
            [
              14.505488276481628,
              35.90258237628261
            ],
            [
              14.505772590637207,
              35.902947377298034
            ],
            [
              14.505745768547058,
              35.90296475825677
            ],
            [
              14.505729675292969,
              35.902943032057735
            ]
          ],
          [
            [
              14.505536556243896,
              35.90511127731601
            ],
            [
              14.505611658096313,
              35.905159073636455
            ],
            [
              14.505842328071594,
              35.90512431267899
            ],
            [
              14.50592815876007,
              35.905093896828674
            ]
          ],
          [
            [
              14.507805705070496,
              35.90375993303732
            ],
            [
              14.507660865783691,
              35.90367302907862
            ],
            [
              14.507414102554321,
              35.90355570858294
            ],
            [
              14.507317543029785,
              35.903468804399964
            ],
            [
              14.506990313529968,
              35.903416661844346
            ],
            [
              14.50695812702179,
              35.90336017403703
            ],
            [
              14.506797194480896,
              35.90319940082625
            ],
            [
              14.506657719612122,
              35.90307338916246
            ],
            [
              14.506410956382751,
              35.90278660324866
            ],
            [
              14.50619637966156,
              35.90249981629566
            ]
          ],
          [
            [
              14.506486058235168,
              35.89860201785068
            ],
            [
              14.506604075431824,
              35.898502071776804
            ]
          ],
          [
            [
              14.506276845932007,
              35.89880625508745
            ],
            [
              14.506378769874573,
              35.89871065474438
            ]
          ],
          [
            [
              14.506754279136658,
              35.898410816555696
            ],
            [
              14.506840109825134,
              35.8983543251756
            ],
            [
              14.506856203079224,
              35.898367361651495
            ]
          ],
          [
            [
              14.50571358203888,
              35.901782844366636
            ],
            [
              14.505767226219177,
              35.90176546314831
            ]
          ],
          [
            [
              14.505171775817871,
              35.90175677253772
            ],
            [
              14.50519323348999,
              35.901869750400934
            ],
            [
              14.50522005558014,
              35.90194362045506
            ],
            [
              14.505144953727722,
              35.90206094334047
            ],
            [
              14.504973292350769,
              35.90221302830345
            ],
            [
              14.504833817481995,
              35.902308624416335
            ],
            [
              14.504522681236267,
              35.902495471030804
            ],
            [
              14.504404664039612,
              35.90253023314298
            ],
            [
              14.503895044326782,
              35.90273446024362
            ],
            [
              14.503830671310425,
              35.90278660324866
            ],
            [
              14.503830671310425,
              35.90283874621937
            ],
            [
              14.503873586654663,
              35.90289088915574
            ],
            [
              14.504490494728088,
              35.903368864471545
            ],
            [
              14.50469434261322,
              35.90398153770015
            ],
            [
              14.504726529121399,
              35.90404671542407
            ],
            [
              14.504764080047607,
              35.90406844132012
            ],
            [
              14.504823088645935,
              35.90406844132012
            ],
            [
              14.504903554916382,
              35.90403367988358
            ],
            [
              14.505525827407837,
              35.90367302907862
            ],
            [
              14.506545066833496,
              35.903394935769384
            ],
            [
              14.506824016571045,
              35.903412316629854
            ]
          ],
          [
            [
              14.502661228179932,
              35.89174455540767
            ],
            [
              14.502736330032349,
              35.89168371341205
            ],
            [
              14.502763152122498,
              35.891705442701564
            ]
          ],
          [
            [
              14.503262042999268,
              35.892200868884615
            ],
            [
              14.502913355827332,
              35.89193577280385
            ]
          ],
          [
            [
              14.512537121772766,
              35.89497780562614
            ],
            [
              14.512381553649902,
              35.89518639788014
            ],
            [
              14.512247443199158,
              35.89538629827446
            ],
            [
              14.512258172035217,
              35.89540802654777
            ]
          ],
          [
            [
              14.507548213005066,
              35.89481266970195
            ],
            [
              14.507816433906555,
              35.8945606194693
            ],
            [
              14.508256316184998,
              35.89456931087
            ]
          ],
          [
            [
              14.519156813621521,
              35.900935505531294
            ],
            [
              14.519065618515015,
              35.90060960356375
            ],
            [
              14.519231915473938,
              35.900466206272924
            ]
          ],
          [
            [
              14.518330693244934,
              35.89902787362057
            ],
            [
              14.518368244171143,
              35.89915389172539
            ]
          ],
          [
            [
              14.51494574546814,
              35.89991434154801
            ],
            [
              14.514881372451782,
              35.89997952262142
            ],
            [
              14.514843821525574,
              35.89997952262142
            ],
            [
              14.514629244804382,
              35.89986219665063
            ]
          ],
          [
            [
              14.514259099960327,
              35.90604547289293
            ],
            [
              14.514028429985046,
              35.90596291651873
            ],
            [
              14.51392114162445,
              35.90582387400961
            ],
            [
              14.513856768608093,
              35.90579345842819
            ],
            [
              14.513749480247498,
              35.905784768259906
            ],
            [
              14.513588547706604,
              35.90570221161373
            ],
            [
              14.513384699821472,
              35.905641380345656
            ]
          ],
          [
            [
              14.513368606567383,
              35.90594553621844
            ],
            [
              14.513304233551025,
              35.906019402468274
            ],
            [
              14.513073563575745,
              35.90612802918099
            ]
          ],
          [
            [
              14.520229697227478,
              35.90290392488447
            ],
            [
              14.52041208744049,
              35.9028430914654
            ]
          ]
        ]
      },
      "properties": {
        "subclass": "path",
        "class": "path",
        "source_layer": "transportation",
        "source_tile": "https://tiles.openfreemap.org/planet/20261004_113936_pt/14/8852/6439.pbf"
      }
    },
    {
      "type": "Feature",
      "id": "transportation:1365253870-0",
      "geometry": {
        "type": "MultiLineString",
        "coordinates": [
          [
            [
              14.504243731498718,
              35.9055023372716
            ],
            [
              14.50420618057251,
              35.90527639175518
            ]
          ],
          [
            [
              14.513636827468872,
              35.88984104796609
            ],
            [
              14.51368510723114,
              35.88978020450776
            ],
            [
              14.513620734214783,
              35.889745436796275
            ],
            [
              14.513593912124634,
              35.88974978276106
            ],
            [
              14.513561725616455,
              35.88978889643323
            ],
            [
              14.513572454452515,
              35.88981062624276
            ],
            [
              14.513636827468872,
              35.88984104796609
            ]
          ],
          [
            [
              14.522772431373596,
              35.890762386049516
            ],
            [
              14.523593187332153,
              35.89130562281976
            ]
          ],
          [
            [
              14.523464441299438,
              35.89121870518697
            ],
            [
              14.523882865905762,
              35.89077976968389
            ]
          ],
          [
            [
              14.524092078208923,
              35.89091883862149
            ],
            [
              14.523265957832336,
              35.8903669073364
            ]
          ],
          [
            [
              14.524269104003906,
              35.890484247380456
            ],
            [
              14.523582458496094,
              35.8900366159084
            ]
          ],
          [
            [
              14.5241779088974,
              35.88980628028135
            ],
            [
              14.524269104003906,
              35.889884507550576
            ]
          ],
          [
            [
              14.519510865211487,
              35.88877193467697
            ],
            [
              14.51992928981781,
              35.88891100714106
            ]
          ]
        ]
      },
      "properties": {
        "class": "pier",
        "source_layer": "transportation",
        "source_tile": "https://tiles.openfreemap.org/planet/20261004_113936_pt/14/8852/6439.pbf"
      }
    },
    {
      "type": "Feature",
      "id": "transportation:1726758110-0",
      "geometry": {
        "type": "MultiLineString",
        "coordinates": [
          [
            [
              14.505643844604492,
              35.89624673333981
            ],
            [
              14.505627751350403,
              35.89635537346592
            ]
          ],
          [
            [
              14.504233002662659,
              35.893921798906064
            ],
            [
              14.504104256629944,
              35.89406520805265
            ]
          ],
          [
            [
              14.5042222738266,
              35.89435202556646
            ],
            [
              14.504281282424927,
              35.894286839859106
            ],
            [
              14.503862857818604,
              35.89404782513962
            ]
          ],
          [
            [
              14.5039701461792,
              35.89042340441635
            ],
            [
              14.503777027130127,
              35.89006703754491
            ]
          ],
          [
            [
              14.511099457740784,
              35.894851780873026
            ],
            [
              14.51142132282257,
              35.89466057051963
            ]
          ],
          [
            [
              14.50968325138092,
              35.89474313868344
            ],
            [
              14.51070249080658,
              35.8948561265575
            ],
            [
              14.510831236839294,
              35.894908274752666
            ],
            [
              14.510917067527771,
              35.894908274752666
            ]
          ],
          [
            [
              14.52117383480072,
              35.88996273474251
            ],
            [
              14.521147012710571,
              35.889867123719654
            ],
            [
              14.521318674087524,
              35.88976282065393
            ]
          ]
        ]
      },
      "properties": {
        "class": "service",
        "service": "parking_aisle",
        "source_layer": "transportation",
        "source_tile": "https://tiles.openfreemap.org/planet/20261004_113936_pt/14/8852/6439.pbf"
      }
    },
    {
      "type": "Feature",
      "id": "transportation:1876318570-0",
      "geometry": {
        "type": "MultiLineString",
        "coordinates": [
          [
            [
              14.511474967002869,
              35.900105539211154
            ],
            [
              14.511823654174805,
              35.89972314342299
            ]
          ],
          [
            [
              14.515272974967957,
              35.89697679212178
            ],
            [
              14.515466094017029,
              35.89676385900587
            ]
          ],
          [
            [
              14.515911340713501,
              35.889328223067835
            ],
            [
              14.515648484230042,
              35.88917176735292
            ],
            [
              14.515557289123535,
              35.88912830737725
            ]
          ],
          [
            [
              14.520245790481567,
              35.88963678759953
            ],
            [
              14.52043354511261,
              35.88968459326446
            ]
          ],
          [
            [
              14.51745092868805,
              35.90082687169122
            ],
            [
              14.517161250114441,
              35.90113104606769
            ]
          ],
          [
            [
              14.52265977859497,
              35.888793664765586
            ],
            [
              14.52268660068512,
              35.88877193467697
            ]
          ]
        ]
      },
      "properties": {
        "surface": "paved",
        "class": "service",
        "service": "alley",
        "source_layer": "transportation",
        "source_tile": "https://tiles.openfreemap.org/planet/20261004_113936_pt/14/8852/6439.pbf"
      }
    },
    {
      "type": "Feature",
      "id": "transportation:2442546940-0",
      "geometry": {
        "type": "MultiLineString",
        "coordinates": [
          [
            [
              14.509490132331848,
              35.897024593354786
            ],
            [
              14.509892463684082,
              35.8972766357424
            ]
          ],
          [
            [
              14.510096311569214,
              35.89741134772393
            ],
            [
              14.510568380355835,
              35.897719880753314
            ]
          ],
          [
            [
              14.513341784477234,
              35.89874541851884
            ],
            [
              14.513856768608093,
              35.899053946348374
            ],
            [
              14.514108896255493,
              35.899214727980066
            ]
          ]
        ]
      },
      "properties": {
        "subclass": "pedestrian",
        "surface": "paved",
        "class": "path",
        "foot": "yes",
        "source_layer": "transportation",
        "source_tile": "https://tiles.openfreemap.org/planet/20261004_113936_pt/14/8852/6439.pbf"
      }
    },
    {
      "type": "Feature",
      "id": "transportation:2442546962-0",
      "geometry": {
        "type": "LineString",
        "coordinates": [
          [
            14.5121830701828,
            35.89871500021701
          ],
          [
            14.51144278049469,
            35.89825872428666
          ]
        ]
      },
      "properties": {
        "surface": "paved",
        "class": "service",
        "oneway": 1,
        "source_layer": "transportation",
        "source_tile": "https://tiles.openfreemap.org/planet/20261004_113936_pt/14/8852/6439.pbf"
      }
    },
    {
      "type": "Feature",
      "id": "transportation:2558483020-0",
      "geometry": {
        "type": "MultiLineString",
        "coordinates": [
          [
            [
              14.50669527053833,
              35.90327326963933
            ],
            [
              14.506609439849854,
              35.90317767469162
            ]
          ],
          [
            [
              14.506582617759705,
              35.90314725809317
            ],
            [
              14.506373405456543,
              35.90289088915574
            ]
          ],
          [
            [
              14.505541920661926,
              35.90186105980179
            ],
            [
              14.505584836006165,
              35.90185236920169
            ],
            [
              14.505906701087952,
              35.90220868302285
            ],
            [
              14.506003260612488,
              35.90237814878952
            ],
            [
              14.506046175956726,
              35.902478089968994
            ],
            [
              14.506056904792786,
              35.90257368576171
            ]
          ],
          [
            [
              14.509983658790588,
              35.89340465467461
            ],
            [
              14.510160684585571,
              35.893500261425714
            ],
            [
              14.510230422019958,
              35.89355241051402
            ]
          ],
          [
            [
              14.509795904159546,
              35.89372624056027
            ],
            [
              14.509849548339844,
              35.893648017086676
            ]
          ],
          [
            [
              14.513159394264221,
              35.905932500990744
            ],
            [
              14.513266682624817,
              35.90592381083772
            ],
            [
              14.513368606567383,
              35.90594553621844
            ],
            [
              14.513781666755676,
              35.90607154330898
            ],
            [
              14.514049887657166,
              35.90618451501267
            ],
            [
              14.514350295066833,
              35.906527774199745
            ],
            [
              14.514398574829102,
              35.90668854064876
            ],
            [
              14.514366388320923,
              35.906827581638595
            ],
            [
              14.514253735542297,
              35.90694489728375
            ],
            [
              14.513915777206421,
              35.907127387941586
            ]
          ]
        ]
      },
      "properties": {
        "subclass": "footway",
        "surface": "unpaved",
        "class": "path",
        "source_layer": "transportation",
        "source_tile": "https://tiles.openfreemap.org/planet/20261004_113936_pt/14/8852/6439.pbf"
      }
    },
    {
      "type": "Feature",
      "id": "transportation:2614267960-0",
      "geometry": {
        "type": "MultiLineString",
        "coordinates": [
          [
            [
              14.505858421325684,
              35.90266928143896
            ],
            [
              14.505751132965088,
              35.902721424486984
            ]
          ],
          [
            [
              14.505740404129028,
              35.902456363636375
            ],
            [
              14.505836963653564,
              35.902495471030804
            ]
          ],
          [
            [
              14.506013989448547,
              35.90274315074683
            ],
            [
              14.506003260612488,
              35.90276922225078
            ],
            [
              14.50594961643219,
              35.90280398424272
            ],
            [
              14.50593888759613,
              35.90277791275021
            ],
            [
              14.505777955055237,
              35.90256064997858
            ],
            [
              14.505767226219177,
              35.902512852088805
            ],
            [
              14.505794048309326,
              35.902473744702945
            ]
          ],
          [
            [
              14.507591128349304,
              35.903803384980904
            ],
            [
              14.507805705070496,
              35.90375993303732
            ]
          ],
          [
            [
              14.513980150222778,
              35.8959555770666
            ],
            [
              14.513717293739319,
              35.895846936391806
            ],
            [
              14.51366901397705,
              35.89583389950083
            ]
          ],
          [
            [
              14.519081711769104,
              35.90005773983867
            ],
            [
              14.518808126449585,
              35.89958408995109
            ],
            [
              14.518770575523376,
              35.89959278080025
            ]
          ],
          [
            [
              14.518298506736755,
              35.90092246947836
            ],
            [
              14.518352150917053,
              35.90132658612097
            ]
          ]
        ]
      },
      "properties": {
        "subclass": "path",
        "surface": "paved",
        "class": "path",
        "source_layer": "transportation",
        "source_tile": "https://tiles.openfreemap.org/planet/20261004_113936_pt/14/8852/6439.pbf"
      }
    },
    {
      "type": "Feature",
      "id": "transportation:4859411660-0",
      "geometry": {
        "type": "MultiLineString",
        "coordinates": [
          [
            [
              14.511335492134094,
              35.90104413922225
            ],
            [
              14.511088728904724,
              35.90092681482956
            ],
            [
              14.511061906814575,
              35.900952886931876
            ]
          ],
          [
            [
              14.509318470954895,
              35.894830052447034
            ],
            [
              14.509297013282776,
              35.89477355851156
            ],
            [
              14.509329199790955,
              35.8946953360728
            ],
            [
              14.509398937225342,
              35.89461276785913
            ],
            [
              14.50944721698761,
              35.89459538506635
            ],
            [
              14.509484767913818,
              35.894591039367555
            ],
            [
              14.509731531143188,
              35.89461276785913
            ]
          ],
          [
            [
              14.50918972492218,
              35.895142941205876
            ],
            [
              14.509297013282776,
              35.894895237707104
            ]
          ]
        ]
      },
      "properties": {
        "subclass": "footway",
        "surface": "paved",
        "class": "path",
        "foot": "yes",
        "source_layer": "transportation",
        "source_tile": "https://tiles.openfreemap.org/planet/20261004_113936_pt/14/8852/6439.pbf"
      }
    },
    {
      "type": "Feature",
      "id": "transportation:9794104960-0",
      "geometry": {
        "type": "MultiLineString",
        "coordinates": [
          [
            [
              14.508106112480164,
              35.90711869791981
            ],
            [
              14.507972002029419,
              35.90706221275495
            ]
          ],
          [
            [
              14.511823654174805,
              35.900331499490335
            ],
            [
              14.51220452785492,
              35.89995345019851
            ]
          ],
          [
            [
              14.512622952461243,
              35.89952325398029
            ],
            [
              14.513105750083923,
              35.89899310997012
            ],
            [
              14.513341784477234,
              35.89874541851884
            ]
          ],
          [
            [
              14.509833455085754,
              35.89894530992585
            ],
            [
              14.511260390281677,
              35.899588435375776
            ]
          ],
          [
            [
              14.50967252254486,
              35.89984481501055
            ],
            [
              14.510042667388916,
              35.899962141007094
            ],
            [
              14.51017141342163,
              35.90002297664056
            ],
            [
              14.510273337364197,
              35.900101193814834
            ],
            [
              14.510257244110107,
              35.90024024637832
            ],
            [
              14.51042890548706,
              35.90034888102355
            ],
            [
              14.511061906814575,
              35.900952886931876
            ],
            [
              14.511340856552124,
              35.90108324731453
            ],
            [
              14.511517882347107,
              35.90123967949029
            ],
            [
              14.511861205101013,
              35.90158730544057
            ],
            [
              14.512284994125366,
              35.90200010927343
            ],
            [
              14.513368606567383,
              35.90240422041373
            ],
            [
              14.513475894927979,
              35.90236945824621
            ],
            [
              14.513524174690247,
              35.90234338661058
            ],
            [
              14.513787031173706,
              35.902147849069394
            ],
            [
              14.514650702476501,
              35.901574269494986
            ],
            [
              14.515138864517212,
              35.90128747814897
            ],
            [
              14.515262246131897,
              35.90123967949029
            ],
            [
              14.515412449836731,
              35.901248370157646
            ],
            [
              14.515487551689148,
              35.901270096821875
            ],
            [
              14.515627026557922,
              35.90135265809158
            ]
          ],
          [
            [
              14.509297013282776,
              35.899497181407085
            ],
            [
              14.509254097938538,
              35.89956670824991
            ],
            [
              14.509254097938538,
              35.89963623503168
            ],
            [
              14.509270191192627,
              35.899679689239264
            ],
            [
              14.509323835372925,
              35.89971879800571
            ],
            [
              14.50945258140564,
              35.89977094299755
            ]
          ],
          [
            [
              14.50846016407013,
              35.898793218683835
            ],
            [
              14.508374333381653,
              35.8988975098527
            ]
          ],
          [
            [
              14.504072070121765,
              35.89382619266402
            ],
            [
              14.503363966941833,
              35.893326430883306
            ],
            [
              14.50319766998291,
              35.89320040350138
            ],
            [
              14.50368046760559,
              35.89271367517733
            ]
          ],
          [
            [
              14.503363966941833,
              35.893326430883306
            ],
            [
              14.502875804901123,
              35.89377838949969
            ]
          ],
          [
            [
              14.503600001335144,
              35.89221825220315
            ],
            [
              14.503524899482727,
              35.892305168738645
            ],
            [
              14.503321051597595,
              35.89247900152337
            ]
          ],
          [
            [
              14.50543999671936,
              35.890453825904245
            ],
            [
              14.505311250686646,
              35.890392982916765
            ],
            [
              14.504538774490356,
              35.88988885350773
            ],
            [
              14.504367113113403,
              35.88980193431968
            ],
            [
              14.504313468933105,
              35.88972805293484
            ],
            [
              14.504302740097046,
              35.88963678759953
            ],
            [
              14.504479765892029,
              35.88929780114748
            ],
            [
              14.50446903705597,
              35.88928041718775
            ],
            [
              14.504372477531433,
              35.889232611278786
            ],
            [
              14.504351019859314,
              35.889236957271706
            ],
            [
              14.504302740097046,
              35.88963678759953
            ]
          ],
          [
            [
              14.505804777145386,
              35.889849739884895
            ],
            [
              14.506351947784424,
              35.890262604929035
            ],
            [
              14.506620168685913,
              35.890449479978116
            ],
            [
              14.506904482841492,
              35.89067112190642
            ],
            [
              14.507108330726624,
              35.890484247380456
            ]
          ],
          [
            [
              14.506502151489258,
              35.89010615106038
            ],
            [
              14.506110548973083,
              35.89050597699914
            ]
          ],
          [
            [
              14.506319761276245,
              35.88983670200635
            ],
            [
              14.505831599235535,
              35.890314756149905
            ]
          ],
          [
            [
              14.506148099899292,
              35.889289109168104
            ],
            [
              14.505906701087952,
              35.88947598651475
            ],
            [
              14.505858421325684,
              35.889528138253695
            ],
            [
              14.505826234817505,
              35.88958898190573
            ],
            [
              14.505826234817505,
              35.88972805293484
            ],
            [
              14.505804777145386,
              35.889849739884895
            ],
            [
              14.505558013916016,
              35.8900887672781
            ],
            [
              14.505547285079956,
              35.89012353483882
            ],
            [
              14.505735039710999,
              35.890249567118474
            ],
            [
              14.505611658096313,
              35.8903669073364
            ],
            [
              14.50543999671936,
              35.890453825904245
            ],
            [
              14.505134224891663,
              35.89075369423087
            ],
            [
              14.504758715629578,
              35.89109267444998
            ]
          ],
          [
            [
              14.506904482841492,
              35.89006703754491
            ],
            [
              14.50670599937439,
              35.890184378033354
            ]
          ],
          [
            [
              14.506620168685913,
              35.890449479978116
            ],
            [
              14.506775736808777,
              35.890284334608566
            ]
          ],
          [
            [
              14.506668448448181,
              35.89089276321427
            ],
            [
              14.506405591964722,
              35.89113613334747
            ]
          ],
          [
            [
              14.50668454170227,
              35.89233558950352
            ],
            [
              14.506974220275879,
              35.89204441884594
            ],
            [
              14.507821798324585,
              35.89125347225156
            ],
            [
              14.50794517993927,
              35.891118749791346
            ],
            [
              14.50795590877533,
              35.8910752908843
            ]
          ],
          [
            [
              14.506282210350037,
              35.89196619371066
            ],
            [
              14.506528973579407,
              35.89174020955238
            ],
            [
              14.507306814193726,
              35.89099706479152
            ],
            [
              14.507360458374023,
              35.890984027101894
            ],
            [
              14.507392644882202,
              35.89098837299868
            ]
          ],
          [
            [
              14.505273699760437,
              35.891479457799065
            ],
            [
              14.505676031112671,
              35.89112744156988
            ],
            [
              14.506244659423828,
              35.890601587250615
            ]
          ],
          [
            [
              14.50494110584259,
              35.89178801394738
            ],
            [
              14.505810141563416,
              35.89241381427384
            ],
            [
              14.506250023841858,
              35.89271367517733
            ]
          ],
          [
            [
              14.506351947784424,
              35.89326993587484
            ],
            [
              14.506636261940002,
              35.892991806014635
            ],
            [
              14.506883025169373,
              35.89276582478375
            ]
          ],
          [
            [
              14.507081508636475,
              35.892591992628766
            ],
            [
              14.507333636283875,
              35.892339935326135
            ],
            [
              14.507628679275513,
              35.89200965212868
            ],
            [
              14.507752060890198,
              35.89205311052285
            ],
            [
              14.508835673332214,
              35.892279093788034
            ],
            [
              14.50894296169281,
              35.8922921312644
            ],
            [
              14.509302377700806,
              35.892379047718805
            ],
            [
              14.50994074344635,
              35.892652833926434
            ],
            [
              14.510836601257324,
              35.89326993587484
            ],
            [
              14.511142373085022,
              35.89331773934616
            ]
          ],
          [
            [
              14.508723020553589,
              35.8925963384373
            ],
            [
              14.507891535758972,
              35.892266056309495
            ],
            [
              14.507516026496887,
              35.892135681406074
            ]
          ],
          [
            [
              14.50819194316864,
              35.89305699278829
            ],
            [
              14.50821340084076,
              35.893004843373646
            ],
            [
              14.50819730758667,
              35.892957039713394
            ],
            [
              14.507333636283875,
              35.892339935326135
            ]
          ],
          [
            [
              14.507639408111572,
              35.891131787458804
            ],
            [
              14.507821798324585,
              35.89095795171616
            ]
          ],
          [
            [
              14.512644410133362,
              35.895008225364094
            ],
            [
              14.512773156166077,
              35.89513859553715
            ],
            [
              14.51269805431366,
              35.89522985453054
            ],
            [
              14.513491988182068,
              35.89595123144248
            ],
            [
              14.513540267944336,
              35.896020761399896
            ]
          ],
          [
            [
              14.5121830701828,
              35.89548624828234
            ],
            [
              14.512408375740051,
              35.895242891520994
            ],
            [
              14.51244592666626,
              35.89522985453054
            ],
            [
              14.51267659664154,
              35.89544279177268
            ],
            [
              14.513046741485596,
              35.89574698683933
            ]
          ],
          [
            [
              14.511716365814209,
              35.895338496052176
            ],
            [
              14.511668086051941,
              35.895399335239176
            ]
          ],
          [
            [
              14.511035084724426,
              35.89525592850933
            ],
            [
              14.51068639755249,
              35.89532111341873
            ],
            [
              14.51045572757721,
              35.8953558786818
            ],
            [
              14.510251879692078,
              35.89532545907747
            ],
            [
              14.510144591331482,
              35.89532980473594
            ],
            [
              14.510053396224976,
              35.8953558786818
            ],
            [
              14.510005116462708,
              35.89540802654777
            ],
            [
              14.509763717651367,
              35.89574264120375
            ]
          ],
          [
            [
              14.507784247398376,
              35.895568815584966
            ],
            [
              14.507773518562317,
              35.89550797652822
            ],
            [
              14.507757425308228,
              35.89546886568134
            ],
            [
              14.50771450996399,
              35.895421063508905
            ],
            [
              14.506984949111938,
              35.89492131179611
            ],
            [
              14.506893754005432,
              35.89487350929305
            ]
          ],
          [
            [
              14.508851766586304,
              35.89665956502584
            ],
            [
              14.50868010520935,
              35.89684207940073
            ]
          ],
          [
            [
              14.509490132331848,
              35.897024593354786
            ],
            [
              14.509216547012329,
              35.897320091245376
            ],
            [
              14.50920045375824,
              35.89735485563055
            ],
            [
              14.50920581817627,
              35.897393965545646
            ],
            [
              14.509221911430359,
              35.89742872989841
            ],
            [
              14.508830308914185,
              35.89786762853875
            ]
          ],
          [
            [
              14.512150883674622,
              35.89604248949908
            ],
            [
              14.513014554977417,
              35.89658569004018
            ],
            [
              14.513744115829468,
              35.89707239455893
            ],
            [
              14.514489769935608,
              35.89753736840234
            ],
            [
              14.514865279197693,
              35.897789409157284
            ],
            [
              14.515256881713867,
              35.898032758090224
            ],
            [
              14.514473676681519,
              35.898845364285464
            ],
            [
              14.514135718345642,
              35.8991799644117
            ],
            [
              14.514108896255493,
              35.899214727980066
            ]
          ],
          [
            [
              14.5134437084198,
              35.896259770162814
            ],
            [
              14.514479041099548,
              35.89693768200057
            ],
            [
              14.515267610549927,
              35.89741134772393
            ],
            [
              14.515605568885803,
              35.89763297016246
            ]
          ],
          [
            [
              14.51693594455719,
              35.897485221939064
            ],
            [
              14.517027139663696,
              35.89755475054913
            ],
            [
              14.51745092868805,
              35.8978198278148
            ],
            [
              14.517837166786194,
              35.89808924969981
            ],
            [
              14.51793909072876,
              35.89811097723121
            ]
          ],
          [
            [
              14.518062472343445,
              35.897272290190784
            ],
            [
              14.518126845359802,
              35.89724621687613
            ]
          ],
          [
            [
              14.513223767280579,
              35.894821361074975
            ],
            [
              14.513003826141357,
              35.89509948450778
            ]
          ],
          [
            [
              14.514806270599365,
              35.889528138253695
            ],
            [
              14.514833092689514,
              35.88954117618309
            ],
            [
              14.515101313591003,
              35.88970197713547
            ],
            [
              14.515321254730225,
              35.889867123719654
            ]
          ],
          [
            [
              14.515101313591003,
              35.88970197713547
            ],
            [
              14.514462947845459,
              35.89025391305556
            ]
          ],
          [
            [
              14.514811635017395,
              35.89043644219829
            ],
            [
              14.51517641544342,
              35.89016699426827
            ],
            [
              14.515348076820374,
              35.89006703754491
            ],
            [
              14.515632390975952,
              35.889941004974744
            ],
            [
              14.516018629074097,
              35.88981062624276
            ],
            [
              14.5164155960083,
              35.88966286342037
            ],
            [
              14.516597986221313,
              35.88958028995832
            ],
            [
              14.517150521278381,
              35.88896315925216
            ]
          ],
          [
            [
              14.51620638370514,
              35.889123961378374
            ],
            [
              14.515857696533203,
              35.88891100714106
            ],
            [
              14.515573382377625,
              35.88877193467697
            ]
          ],
          [
            [
              14.52065885066986,
              35.88944991063239
            ],
            [
              14.520567655563354,
              35.88976716661773
            ],
            [
              14.520395994186401,
              35.89012353483882
            ],
            [
              14.520149230957031,
              35.89041905848855
            ],
            [
              14.51992392539978,
              35.890601587250615
            ]
          ],
          [
            [
              14.521141648292542,
              35.88969328520045
            ],
            [
              14.520712494850159,
              35.88951944629959
            ],
            [
              14.52065885066986,
              35.88944991063239
            ],
            [
              14.520567655563354,
              35.8892586872327
            ],
            [
              14.520819783210754,
              35.88877193467697
            ]
          ],
          [
            [
              14.520959258079529,
              35.89014526455652
            ],
            [
              14.520991444587708,
              35.89010615106038
            ],
            [
              14.52117383480072,
              35.88996273474251
            ],
            [
              14.521533250808716,
              35.88983670200635
            ],
            [
              14.521833658218384,
              35.88976282065393
            ],
            [
              14.521989226341248,
              35.88969328520045
            ],
            [
              14.522241353988647,
              35.8894803324943
            ],
            [
              14.522557854652405,
              35.88930649312593
            ],
            [
              14.522809982299805,
              35.88918480534099
            ],
            [
              14.524269104003906,
              35.88894577521894
            ]
          ],
          [
            [
              14.52243447303772,
              35.8891934973318
            ],
            [
              14.522627592086792,
              35.8890326953468
            ],
            [
              14.522783160209656,
              35.88896315925216
            ],
            [
              14.523276686668396,
              35.88887623904793
            ],
            [
              14.523603916168213,
              35.88881539484824
            ],
            [
              14.523620009422302,
              35.888793664765586
            ],
            [
              14.523614645004272,
              35.88877193467697
            ]
          ],
          [
            [
              14.5176762342453,
              35.89844558046185
            ],
            [
              14.517386555671692,
              35.89874541851884
            ],
            [
              14.517826437950134,
              35.89905829180218
            ]
          ],
          [
            [
              14.517563581466675,
              35.89933640034914
            ],
            [
              14.517826437950134,
              35.89905829180218
            ],
            [
              14.51791763305664,
              35.898980073597286
            ],
            [
              14.5179283618927,
              35.89892358262347
            ],
            [
              14.51791226863861,
              35.89887143707337
            ],
            [
              14.5176762342453,
              35.89844558046185
            ],
            [
              14.517408013343811,
              35.89815443227617
            ]
          ],
          [
            [
              14.514473676681519,
              35.89820223279803
            ],
            [
              14.514865279197693,
              35.897789409157284
            ]
          ],
          [
            [
              14.513400793075562,
              35.90000559503575
            ],
            [
              14.513003826141357,
              35.900457515519676
            ],
            [
              14.512649774551392,
              35.90083556240393
            ]
          ],
          [
            [
              14.515407085418701,
              35.90048358777656
            ],
            [
              14.514800906181335,
              35.90089205201316
            ]
          ],
          [
            [
              14.51493501663208,
              35.90100937645737
            ],
            [
              14.515020847320557,
              35.901113664706244
            ]
          ],
          [
            [
              14.51295554637909,
              35.901613377325276
            ],
            [
              14.513277411460876,
              35.90124402482407
            ]
          ],
          [
            [
              14.51693594455719,
              35.90152212569119
            ],
            [
              14.51691448688507,
              35.90156557886341
            ],
            [
              14.516785740852356,
              35.90171331947049
            ],
            [
              14.516726732254028,
              35.90168724761868
            ],
            [
              14.515884518623352,
              35.90110497402408
            ],
            [
              14.515364170074463,
              35.90076603667565
            ]
          ],
          [
            [
              14.516045451164246,
              35.90093116018056
            ],
            [
              14.515884518623352,
              35.90110497402408
            ]
          ],
          [
            [
              14.516538977622986,
              35.901248370157646
            ],
            [
              14.516378045082092,
              35.90143956459825
            ]
          ],
          [
            [
              14.517349004745483,
              35.90180457088414
            ],
            [
              14.517209529876709,
              35.901722010085834
            ],
            [
              14.51693594455719,
              35.90152212569119
            ],
            [
              14.516538977622986,
              35.901248370157646
            ],
            [
              14.516045451164246,
              35.90093116018056
            ],
            [
              14.515573382377625,
              35.90063133040336
            ],
            [
              14.515364170074463,
              35.90076603667565
            ],
            [
              14.51493501663208,
              35.90100937645737
            ],
            [
              14.514479041099548,
              35.90129182348015
            ],
            [
              14.5144522190094,
              35.90124402482407
            ],
            [
              14.513888955116272,
              35.900900742718676
            ]
          ],
          [
            [
              14.523276686668396,
              35.88887623904793
            ],
            [
              14.523314237594604,
              35.888919699161974
            ],
            [
              14.523652195930481,
              35.88886320100909
            ],
            [
              14.523743391036987,
              35.88881974086405
            ]
          ],
          [
            [
              14.522622227668762,
              35.88877193467697
            ],
            [
              14.522777795791626,
              35.888871893035216
            ],
            [
              14.522783160209656,
              35.88896315925216
            ]
          ],
          [
            [
              14.521484971046448,
              35.88885450898198
            ],
            [
              14.521758556365967,
              35.88895446723602
            ]
          ],
          [
            [
              14.520594477653503,
              35.88877193467697
            ],
            [
              14.520310163497925,
              35.88930649312593
            ],
            [
              14.520235061645508,
              35.88969328520045
            ],
            [
              14.52017605304718,
              35.88987146967773
            ],
            [
              14.519730806350708,
              35.890406020703736
            ],
            [
              14.519639611244202,
              35.89053205253373
            ],
            [
              14.51966106891632,
              35.890545090297806
            ]
          ],
          [
            [
              14.515283703804016,
              35.888993581301065
            ],
            [
              14.514833092689514,
              35.88954117618309
            ],
            [
              14.514366388320923,
              35.89012788078284
            ],
            [
              14.514280557632446,
              35.89020610773434
            ]
          ]
        ]
      },
      "properties": {
        "surface": "paved",
        "class": "minor",
        "source_layer": "transportation",
        "source_tile": "https://tiles.openfreemap.org/planet/20261004_113936_pt/14/8852/6439.pbf"
      }
    },
    {
      "type": "Feature",
      "id": "transportation:10093254880-0",
      "geometry": {
        "type": "MultiLineString",
        "coordinates": [
          [
            [
              14.509892463684082,
              35.8972766357424
            ],
            [
              14.510096311569214,
              35.89741134772393
            ]
          ],
          [
            [
              14.524075984954834,
              35.89105790731482
            ],
            [
              14.524269104003906,
              35.891118749791346
            ]
          ]
        ]
      },
      "properties": {
        "subclass": "steps",
        "surface": "paved",
        "class": "path",
        "foot": "yes",
        "source_layer": "transportation",
        "source_tile": "https://tiles.openfreemap.org/planet/20261004_113936_pt/14/8852/6439.pbf"
      }
    },
    {
      "type": "Feature",
      "id": "transportation:12458691740-0",
      "geometry": {
        "type": "MultiLineString",
        "coordinates": [
          [
            [
              14.511169195175171,
              35.897506949636266
            ],
            [
              14.51120138168335,
              35.897528677327514
            ]
          ],
          [
            [
              14.51120138168335,
              35.89747218531788
            ],
            [
              14.511147737503052,
              35.897524331789754
            ]
          ]
        ]
      },
      "properties": {
        "subclass": "corridor",
        "class": "path",
        "source_layer": "transportation",
        "source_tile": "https://tiles.openfreemap.org/planet/20261004_113936_pt/14/8852/6439.pbf"
      }
    },
    {
      "type": "Feature",
      "id": "transportation:12458691762-0",
      "geometry": {
        "type": "LineString",
        "coordinates": [
          [
            14.511147737503052,
            35.897524331789754
          ],
          [
            14.511126279830933,
            35.89754171393939
          ]
        ]
      },
      "properties": {
        "subclass": "steps",
        "class": "path",
        "indoor": 1,
        "source_layer": "transportation",
        "source_tile": "https://tiles.openfreemap.org/planet/20261004_113936_pt/14/8852/6439.pbf"
      }
    },
    {
      "type": "Feature",
      "id": "transportation:14171427330-0",
      "geometry": {
        "type": "MultiLineString",
        "coordinates": [
          [
            [
              14.50393259525299,
              35.89735485563055
            ],
            [
              14.503889679908752,
              35.8973331278916
            ],
            [
              14.503814578056335,
              35.897220143552886
            ],
            [
              14.50371265411377,
              35.897163651323055
            ],
            [
              14.503567814826965,
              35.897068048996104
            ],
            [
              14.503519535064697,
              35.89702024778933
            ],
            [
              14.50320303440094,
              35.89681600594436
            ],
            [
              14.503117203712463,
              35.89666825619608
            ],
            [
              14.503154754638672,
              35.896594381218534
            ]
          ],
          [
            [
              14.514479041099548,
              35.90129182348015
            ],
            [
              14.514409303665161,
              35.90133527677881
            ]
          ],
          [
            [
              14.524075984954834,
              35.89105790731482
            ],
            [
              14.524269104003906,
              35.89086668779851
            ]
          ],
          [
            [
              14.515466094017029,
              35.88877193467697
            ],
            [
              14.515283703804016,
              35.888993581301065
            ]
          ],
          [
            [
              14.515047669410706,
              35.88888058506042
            ],
            [
              14.514886736869812,
              35.88880235679936
            ]
          ]
        ]
      },
      "properties": {
        "class": "minor",
        "source_layer": "transportation",
        "source_tile": "https://tiles.openfreemap.org/planet/20261004_113936_pt/14/8852/6439.pbf"
      }
    },
    {
      "type": "Feature",
      "id": "transportation:48254632-0",
      "geometry": {
        "type": "LineString",
        "coordinates": [
          [
            14.510552287101746,
            35.89823265129692
          ],
          [
            14.511137008666992,
            35.898588981413425
          ],
          [
            14.514639973640442,
            35.90078341811345
          ],
          [
            14.514800906181335,
            35.90089205201316
          ],
          [
            14.51493501663208,
            35.90100937645737
          ]
        ]
      },
      "properties": {
        "surface": "paved",
        "class": "minor",
        "oneway": 1,
        "source_layer": "transportation",
        "source_tile": "https://tiles.openfreemap.org/planet/20261004_113936_pt/14/8852/6439.pbf"
      }
    },
    {
      "type": "Feature",
      "id": "transportation:227785682-0",
      "geometry": {
        "type": "LineString",
        "coordinates": [
          [
            14.510117769241333,
            35.89867589095459
          ],
          [
            14.510729312896729,
            35.89903221907579
          ],
          [
            14.511491060256958,
            35.89952325398029
          ],
          [
            14.51220452785492,
            35.89995345019851
          ],
          [
            14.513003826141357,
            35.900457515519676
          ],
          [
            14.513604640960693,
            35.900852943826436
          ]
        ]
      },
      "properties": {
        "surface": "paved",
        "class": "minor",
        "oneway": 1,
        "source_layer": "transportation",
        "source_tile": "https://tiles.openfreemap.org/planet/20261004_113936_pt/14/8852/6439.pbf"
      }
    },
    {
      "type": "Feature",
      "id": "transportation:227786262-0",
      "geometry": {
        "type": "LineString",
        "coordinates": [
          [
            14.515519738197327,
            35.89708977680783
          ],
          [
            14.515090584754944,
            35.896885535142246
          ],
          [
            14.514586329460144,
            35.896663910611096
          ],
          [
            14.51418936252594,
            35.896468359038906
          ],
          [
            14.513610005378723,
            35.89613374745048
          ]
        ]
      },
      "properties": {
        "surface": "paved",
        "class": "minor",
        "oneway": 1,
        "source_layer": "transportation",
        "source_tile": "https://tiles.openfreemap.org/planet/20261004_113936_pt/14/8852/6439.pbf"
      }
    },
    {
      "type": "Feature",
      "id": "transportation:228880372-0",
      "geometry": {
        "type": "LineString",
        "coordinates": [
          [
            14.512150883674622,
            35.89604248949908
          ],
          [
            14.511727094650269,
            35.89650746939199
          ],
          [
            14.510981440544128,
            35.89725925353454
          ],
          [
            14.510568380355835,
            35.897719880753314
          ]
        ]
      },
      "properties": {
        "surface": "paved",
        "class": "minor",
        "oneway": 1,
        "source_layer": "transportation",
        "source_tile": "https://tiles.openfreemap.org/planet/20261004_113936_pt/14/8852/6439.pbf"
      }
    },
    {
      "type": "Feature",
      "id": "transportation:1306335552-0",
      "geometry": {
        "type": "LineString",
        "coordinates": [
          [
            14.510659575462341,
            35.89641621187141
          ],
          [
            14.510895609855652,
            35.896559616499374
          ],
          [
            14.511367678642273,
            35.89687249842228
          ],
          [
            14.512252807617188,
            35.89740700217973
          ]
        ]
      },
      "properties": {
        "class": "minor",
        "foot": "designated",
        "source_layer": "transportation",
        "source_tile": "https://tiles.openfreemap.org/planet/20261004_113936_pt/14/8852/6439.pbf"
      }
    },
    {
      "type": "Feature",
      "id": "transportation:2442546912-0",
      "geometry": {
        "type": "LineString",
        "coordinates": [
          [
            14.511137008666992,
            35.898588981413425
          ],
          [
            14.510729312896729,
            35.89903221907579
          ],
          [
            14.510509371757507,
            35.89924949153318
          ],
          [
            14.510316252708435,
            35.89953629026371
          ]
        ]
      },
      "properties": {
        "surface": "paved",
        "class": "minor",
        "oneway": 1,
        "source_layer": "transportation",
        "source_tile": "https://tiles.openfreemap.org/planet/20261004_113936_pt/14/8852/6439.pbf"
      }
    },
    {
      "type": "Feature",
      "id": "transportation:2442546922-0",
      "geometry": {
        "type": "LineString",
        "coordinates": [
          [
            14.51144278049469,
            35.89825872428666
          ],
          [
            14.511137008666992,
            35.898588981413425
          ]
        ]
      },
      "properties": {
        "surface": "paved",
        "class": "minor",
        "oneway": 1,
        "source_layer": "transportation",
        "source_tile": "https://tiles.openfreemap.org/planet/20261004_113936_pt/14/8852/6439.pbf"
      }
    },
    {
      "type": "Feature",
      "id": "transportation:2442546952-0",
      "geometry": {
        "type": "LineString",
        "coordinates": [
          [
            14.510568380355835,
            35.897719880753314
          ],
          [
            14.51144278049469,
            35.89825872428666
          ]
        ]
      },
      "properties": {
        "surface": "paved",
        "class": "minor",
        "oneway": 1,
        "source_layer": "transportation",
        "source_tile": "https://tiles.openfreemap.org/planet/20261004_113936_pt/14/8852/6439.pbf"
      }
    },
    {
      "type": "Feature",
      "id": "transportation:9833176932-0",
      "geometry": {
        "type": "LineString",
        "coordinates": [
          [
            14.511877298355103,
            35.89905829180218
          ],
          [
            14.511389136314392,
            35.89964927129647
          ],
          [
            14.511147737503052,
            35.89990130532688
          ]
        ]
      },
      "properties": {
        "surface": "paved",
        "class": "minor",
        "oneway": 1,
        "source_layer": "transportation",
        "source_tile": "https://tiles.openfreemap.org/planet/20261004_113936_pt/14/8852/6439.pbf"
      }
    },
    {
      "type": "Feature",
      "id": "transportation:150893210-0",
      "geometry": {
        "type": "MultiLineString",
        "coordinates": [
          [
            [
              14.510611295700073,
              35.906788476384904
            ],
            [
              14.510482549667358,
              35.90671461085297
            ],
            [
              14.510251879692078,
              35.90661902006225
            ],
            [
              14.510074853897095,
              35.90660598494546
            ],
            [
              14.509919285774231,
              35.906623365100685
            ],
            [
              14.509270191192627,
              35.90674937111187
            ],
            [
              14.508401155471802,
              35.90694924230431
            ]
          ],
          [
            [
              14.5094633102417,
              35.89985350583105
            ],
            [
              14.508916139602661,
              35.900075121431996
            ],
            [
              14.508851766586304,
              35.900092503021526
            ],
            [
              14.508637189865112,
              35.900092503021526
            ],
            [
              14.508090019226074,
              35.90006643063582
            ],
            [
              14.508047103881836,
              35.90004470364116
            ],
            [
              14.507349729537964,
              35.89944938166721
            ],
            [
              14.507231712341309,
              35.899397236463514
            ],
            [
              14.50621783733368,
              35.899084364519965
            ],
            [
              14.505922794342041,
              35.89891923716226
            ],
            [
              14.505761861801147,
              35.898797564151934
            ],
            [
              14.505659937858582,
              35.89870196379836
            ],
            [
              14.505579471588135,
              35.898597672371835
            ],
            [
              14.505504369735718,
              35.898415162044785
            ],
            [
              14.505477547645569,
              35.89831956122933
            ],
            [
              14.505499005317688,
              35.8982109237989
            ],
            [
              14.506035447120667,
              35.896537888542156
            ],
            [
              14.506121277809143,
              35.896311917433366
            ],
            [
              14.506250023841858,
              35.895859973280665
            ]
          ],
          [
            [
              14.505659937858582,
              35.896364064669555
            ],
            [
              14.505627751350403,
              35.89635537346592
            ],
            [
              14.505525827407837,
              35.89634668226131
            ],
            [
              14.505402445793152,
              35.896377101473234
            ],
            [
              14.505230784416199,
              35.896468359038906
            ],
            [
              14.505134224891663,
              35.89658134445067
            ],
            [
              14.505059123039246,
              35.89664652826869
            ],
            [
              14.504764080047607,
              35.89676385900587
            ],
            [
              14.50444757938385,
              35.89681600594436
            ],
            [
              14.503900408744812,
              35.8967421311047
            ],
            [
              14.503106474876404,
              35.89658569004018
            ]
          ],
          [
            [
              14.506330490112305,
              35.89544713742474
            ],
            [
              14.506276845932007,
              35.89541237220172
            ],
            [
              14.50621247291565,
              35.89540802654777
            ],
            [
              14.506153464317322,
              35.89542540916213
            ],
            [
              14.506132006645203,
              35.89544279177268
            ],
            [
              14.506110548973083,
              35.895477556982314
            ],
            [
              14.506115913391113,
              35.895542741709235
            ],
            [
              14.506142735481262,
              35.89557316123009
            ],
            [
              14.506174921989441,
              35.89559488945213
            ],
            [
              14.506223201751709,
              35.89560358073926
            ],
            [
              14.506271481513977,
              35.895599235095816
            ],
            [
              14.506314396858215,
              35.89557750687497
            ],
            [
              14.506341218948364,
              35.895542741709235
            ],
            [
              14.506351947784424,
              35.8954949395814
            ],
            [
              14.506330490112305,
              35.89544713742474
            ]
          ],
          [
            [
              14.50644314289093,
              35.89515163254262
            ],
            [
              14.50645387172699,
              35.89510383017864
            ]
          ],
          [
            [
              14.506641626358032,
              35.89425207412657
            ],
            [
              14.506786465644836,
              35.89435202556646
            ]
          ],
          [
            [
              14.507129788398743,
              35.89404347941077
            ],
            [
              14.507510662078857,
              35.89367409158646
            ]
          ],
          [
            [
              14.503283500671387,
              35.8946953360728
            ],
            [
              14.50368583202362,
              35.89423034553599
            ],
            [
              14.504072070121765,
              35.89382619266402
            ],
            [
              14.504554867744446,
              35.89335250548899
            ],
            [
              14.504603147506714,
              35.89333512241949
            ],
            [
              14.504978656768799,
              35.89357848504528
            ],
            [
              14.505016207695007,
              35.89361325107362
            ],
            [
              14.50569212436676,
              35.89405217086822
            ],
            [
              14.506368041038513,
              35.89452585385702
            ]
          ],
          [
            [
              14.503079652786255,
              35.89497345994833
            ],
            [
              14.503401517868042,
              35.89511686718987
            ],
            [
              14.503514170646667,
              35.89511252151972
            ],
            [
              14.503583908081055,
              35.89507341047744
            ],
            [
              14.50370192527771,
              35.894938694517336
            ]
          ],
          [
            [
              14.501609802246094,
              35.89316129151449
            ],
            [
              14.501819014549255,
              35.89325255278722
            ],
            [
              14.502049684524536,
              35.89338292585144
            ],
            [
              14.502269625663757,
              35.89349156990765
            ],
            [
              14.50319230556488,
              35.89392614464158
            ],
            [
              14.50368583202362,
              35.89423034553599
            ]
          ],
          [
            [
              14.504334926605225,
              35.891388194482516
            ],
            [
              14.504077434539795,
              35.89154029995166
            ]
          ],
          [
            [
              14.503396153450012,
              35.889123961378374
            ],
            [
              14.503589272499084,
              35.8893499530038
            ],
            [
              14.50368583202362,
              35.88951944629959
            ],
            [
              14.504098892211914,
              35.8903669073364
            ]
          ],
          [
            [
              14.50819730758667,
              35.89087537960471
            ],
            [
              14.508250951766968,
              35.89090145501764
            ],
            [
              14.508315324783325,
              35.89091449272088
            ],
            [
              14.50846552848816,
              35.89091449272088
            ],
            [
              14.508540630340576,
              35.890927530421976
            ],
            [
              14.509275555610657,
              35.89120566753384
            ],
            [
              14.509339928627014,
              35.89125781813354
            ],
            [
              14.509409666061401,
              35.89133604396869
            ],
            [
              14.5094633102417,
              35.89143599909002
            ],
            [
              14.509597420692444,
              35.89181408905971
            ],
            [
              14.509849548339844,
              35.892370356077635
            ],
            [
              14.509892463684082,
              35.892457272446165
            ],
            [
              14.50995683670044,
              35.89252245965993
            ],
            [
              14.510144591331482,
              35.89265717973163
            ],
            [
              14.51093316078186,
              35.89316998306879
            ],
            [
              14.511142373085022,
              35.89331773934616
            ],
            [
              14.511394500732422,
              35.893374234320504
            ],
            [
              14.51168417930603,
              35.89346549534777
            ],
            [
              14.511968493461609,
              35.893595868061354
            ],
            [
              14.512215256690979,
              35.8937436235439
            ],
            [
              14.51246201992035,
              35.89394352758133
            ],
            [
              14.512655138969421,
              35.89412170249361
            ],
            [
              14.512982368469238,
              35.89437375412366
            ]
          ],
          [
            [
              14.513577818870544,
              35.894843089503354
            ],
            [
              14.513824582099915,
              35.89528200247953
            ],
            [
              14.514226913452148,
              35.89594688581809
            ],
            [
              14.514382481575012,
              35.89608160006256
            ],
            [
              14.515825510025024,
              35.89679862363535
            ],
            [
              14.516871571540833,
              35.897068048996104
            ],
            [
              14.517397284507751,
              35.89716799688061
            ],
            [
              14.51794445514679,
              35.89720276133262
            ],
            [
              14.518030285835266,
              35.89723318021558
            ],
            [
              14.518100023269653,
              35.8973331278916
            ],
            [
              14.518116116523743,
              35.89738092890944
            ],
            [
              14.518116116523743,
              35.89745480315294
            ],
            [
              14.518073201179504,
              35.89757647822728
            ],
            [
              14.51793909072876,
              35.89811097723121
            ],
            [
              14.51793372631073,
              35.89819788729723
            ],
            [
              14.51794981956482,
              35.89828914276386
            ],
            [
              14.518384337425232,
              35.899684034658705
            ],
            [
              14.518523812294006,
              35.90004035824151
            ]
          ],
          [
            [
              14.513390064239502,
              35.89474313868344
            ],
            [
              14.513384699821472,
              35.89481266970195
            ],
            [
              14.513470530509949,
              35.89487350929305
            ],
            [
              14.513577818870544,
              35.894843089503354
            ],
            [
              14.513593912124634,
              35.89481266970195
            ],
            [
              14.513599276542664,
              35.894769212822524
            ],
            [
              14.513583183288574,
              35.894717064535755
            ],
            [
              14.513502717018127,
              35.894682298992166
            ]
          ],
          [
            [
              14.513234496116638,
              35.8945388909634
            ],
            [
              14.513314962387085,
              35.89459538506635
            ]
          ],
          [
            [
              14.514462947845459,
              35.89025391305556
            ],
            [
              14.514409303665161,
              35.89027998867314
            ],
            [
              14.514355659484863,
              35.89027998867314
            ],
            [
              14.514302015304565,
              35.89024522118112
            ],
            [
              14.514280557632446,
              35.89020610773434
            ],
            [
              14.514275193214417,
              35.890162648326395
            ],
            [
              14.514285922050476,
              35.889723706968866
            ],
            [
              14.514302015304565,
              35.88964547954076
            ],
            [
              14.514361023902893,
              35.88955856008556
            ],
            [
              14.514859914779663,
              35.888919699161974
            ],
            [
              14.514870643615723,
              35.88889796910793
            ],
            [
              14.514886736869812,
              35.88880235679936
            ],
            [
              14.514902830123901,
              35.88877193467697
            ]
          ],
          [
            [
              14.515310525894165,
              35.900939850881784
            ],
            [
              14.515251517295837,
              35.900952886931876
            ],
            [
              14.514049887657166,
              35.90176546314831
            ]
          ],
          [
            [
              14.51295554637909,
              35.90186105980179
            ],
            [
              14.512816071510315,
              35.90176111784314
            ],
            [
              14.512075781822205,
              35.901391766031395
            ],
            [
              14.511786103248596,
              35.90107021128591
            ],
            [
              14.511630535125732,
              35.90092246947836
            ],
            [
              14.511276483535767,
              35.90065305723698
            ],
            [
              14.511035084724426,
              35.90052704151894
            ],
            [
              14.51094925403595,
              35.900466206272924
            ],
            [
              14.510831236839294,
              35.90022721021086
            ],
            [
              14.510782957077026,
              35.90017506551962
            ],
            [
              14.510638117790222,
              35.90007077603403
            ],
            [
              14.509533047676086,
              35.89961016249568
            ],
            [
              14.509586691856384,
              35.89968838007793
            ],
            [
              14.509565234184265,
              35.89977094299755
            ]
          ],
          [
            [
              14.51817512512207,
              35.90087467059922
            ],
            [
              14.517826437950134,
              35.90110497402408
            ],
            [
              14.517708420753479,
              35.901252715490955
            ]
          ],
          [
            [
              14.517633318901062,
              35.90162206795162
            ],
            [
              14.517622590065002,
              35.901700283545665
            ],
            [
              14.517520666122437,
              35.90181760679178
            ],
            [
              14.5174241065979,
              35.90185671450186
            ],
            [
              14.517284631729126,
              35.90188278629785
            ],
            [
              14.517070055007935,
              35.901869750400934
            ],
            [
              14.516839385032654,
              35.90183933329976
            ]
          ],
          [
            [
              14.514827728271484,
              35.88877193467697
            ],
            [
              14.514355659484863,
              35.8893716829338
            ],
            [
              14.514328837394714,
              35.88938906687349
            ],
            [
              14.51418936252594,
              35.889428180723854
            ],
            [
              14.514087438583374,
              35.889554214110305
            ],
            [
              14.514065980911255,
              35.88959767385222
            ],
            [
              14.514044523239136,
              35.88968459326446
            ],
            [
              14.514055252075195,
              35.88975847468987
            ],
            [
              14.514114260673523,
              35.889945350928784
            ],
            [
              14.514114260673523,
              35.88997577260035
            ],
            [
              14.514076709747314,
              35.89011918889456
            ],
            [
              14.513985514640808,
              35.89029737241343
            ],
            [
              14.513754844665527,
              35.89051032292217
            ],
            [
              14.513711929321289,
              35.890584203577106
            ],
            [
              14.513711929321289,
              35.89062331683709
            ],
            [
              14.513722658157349,
              35.89065373824819
            ],
            [
              14.51392650604248,
              35.89089710911607
            ],
            [
              14.513996243476868,
              35.890962297614394
            ],
            [
              14.514071345329285,
              35.89099271889522
            ],
            [
              14.514119625091553,
              35.89099706479152
            ],
            [
              14.514157176017761,
              35.890984027101894
            ],
            [
              14.515020847320557,
              35.89041471256051
            ],
            [
              14.515090584754944,
              35.89037559919748
            ],
            [
              14.515551924705505,
              35.89020610773434
            ],
            [
              14.516120553016663,
              35.89002357806062
            ],
            [
              14.5164155960083,
              35.88991058328982
            ],
            [
              14.516624808311462,
              35.88981497220398
            ],
            [
              14.516732096672058,
              35.889745436796275
            ],
            [
              14.516903758049011,
              35.88959767385222
            ],
            [
              14.517343640327454,
              35.88905442536385
            ],
            [
              14.517365097999573,
              35.88894142921005
            ],
            [
              14.517322182655334,
              35.88877193467697
            ]
          ],
          [
            [
              14.506802558898926,
              35.88877193467697
            ],
            [
              14.506840109825134,
              35.88903704135069
            ],
            [
              14.506834745407104,
              35.88908050137647
            ],
            [
              14.506813287734985,
              35.889119615379244
            ],
            [
              14.506770372390747,
              35.88915438336551
            ],
            [
              14.506732821464539,
              35.889210881310646
            ],
            [
              14.506732821464539,
              35.889267379215426
            ],
            [
              14.50695276260376,
              35.88971501503623
            ],
            [
              14.507060050964355,
              35.889828010086106
            ],
            [
              14.50742483139038,
              35.89013657267016
            ],
            [
              14.507907629013062,
              35.890579857658125
            ]
          ],
          [
            [
              14.503251314163208,
              35.888867547022286
            ],
            [
              14.503229856491089,
              35.888793664765586
            ],
            [
              14.50318694114685,
              35.88877193467697
            ],
            [
              14.503138661384583,
              35.88877193467697
            ],
            [
              14.503111839294434,
              35.88878062671313
            ],
            [
              14.503074288368225,
              35.88881104883218
            ],
            [
              14.503063559532166,
              35.88883277891007
            ],
            [
              14.503063559532166,
              35.888889277084644
            ],
            [
              14.503106474876404,
              35.888928391181906
            ],
            [
              14.503160119056702,
              35.8889370832009
            ],
            [
              14.50320839881897,
              35.88891535315163
            ],
            [
              14.503251314163208,
              35.888867547022286
            ]
          ]
        ]
      },
      "properties": {
        "surface": "paved",
        "class": "tertiary",
        "source_layer": "transportation",
        "source_tile": "https://tiles.openfreemap.org/planet/20261004_113936_pt/14/8852/6439.pbf"
      }
    },
    {
      "type": "Feature",
      "id": "transportation:228206850-0",
      "geometry": {
        "type": "MultiLineString",
        "coordinates": [
          [
            [
              14.509565234184265,
              35.89977094299755
            ],
            [
              14.50968325138092,
              35.89971879800571
            ],
            [
              14.509801268577576,
              35.89971879800571
            ]
          ],
          [
            [
              14.504109621047974,
              35.89648574142045
            ],
            [
              14.504506587982178,
              35.89649008701524
            ],
            [
              14.50496792793274,
              35.89661176357242
            ],
            [
              14.505059123039246,
              35.89664652826869
            ]
          ],
          [
            [
              14.50370192527771,
              35.894938694517336
            ],
            [
              14.503283500671387,
              35.8946953360728
            ]
          ],
          [
            [
              14.502838253974915,
              35.89487785497633
            ],
            [
              14.5027095079422,
              35.8951081758493
            ]
          ],
          [
            [
              14.511142373085022,
              35.89522985453054
            ],
            [
              14.511126279830933,
              35.895216817537914
            ],
            [
              14.511078000068665,
              35.89520812620832
            ],
            [
              14.511040449142456,
              35.89523420019425
            ],
            [
              14.511035084724426,
              35.89525592850933
            ],
            [
              14.511045813560486,
              35.895277656818436
            ],
            [
              14.511083364486694,
              35.89530373078148
            ],
            [
              14.511126279830933,
              35.89529503946143
            ],
            [
              14.511153101921082,
              35.89526461983368
            ],
            [
              14.511142373085022,
              35.89522985453054
            ]
          ]
        ]
      },
      "properties": {
        "class": "tertiary",
        "source_layer": "transportation",
        "source_tile": "https://tiles.openfreemap.org/planet/20261004_113936_pt/14/8852/6439.pbf"
      }
    },
    {
      "type": "Feature",
      "id": "transportation:436674880-0",
      "geometry": {
        "type": "MultiLineString",
        "coordinates": [
          [
            [
              14.510659575462341,
              35.906771096265956
            ],
            [
              14.51070249080658,
              35.9067406810486
            ]
          ],
          [
            [
              14.511147737503052,
              35.89513859553715
            ],
            [
              14.510992169380188,
              35.89447370540991
            ],
            [
              14.51094388961792,
              35.89432160557638
            ],
            [
              14.510863423347473,
              35.89419992549914
            ],
            [
              14.510723948478699,
              35.89405651659659
            ],
            [
              14.510627388954163,
              35.89400871357137
            ],
            [
              14.51045036315918,
              35.89396091051725
            ],
            [
              14.509398937225342,
              35.89373927779833
            ],
            [
              14.508835673332214,
              35.89363497983355
            ]
          ],
          [
            [
              14.509012699127197,
              35.893787080986286
            ],
            [
              14.510048031806946,
              35.89401740503263
            ],
            [
              14.51046109199524,
              35.894126048218155
            ],
            [
              14.510584473609924,
              35.89416081400604
            ],
            [
              14.51070785522461,
              35.894239036972934
            ],
            [
              14.510777592658997,
              35.89431725986256
            ],
            [
              14.510804414749146,
              35.894365062701496
            ],
            [
              14.511013627052307,
              35.89516032387843
            ]
          ],
          [
            [
              14.507671594619751,
              35.89429553128984
            ],
            [
              14.507762789726257,
              35.89423469125458
            ],
            [
              14.507848620414734,
              35.89423469125458
            ],
            [
              14.5079505443573,
              35.894278148427404
            ],
            [
              14.507993459701538,
              35.89438244554485
            ],
            [
              14.508004188537598,
              35.89449108822943
            ]
          ],
          [
            [
              14.510031938552856,
              35.89487785497633
            ],
            [
              14.510085582733154,
              35.89464753343327
            ]
          ],
          [
            [
              14.521801471710205,
              35.88957594398423
            ],
            [
              14.521828293800354,
              35.88958028995832
            ]
          ],
          [
            [
              14.518352150917053,
              35.90132658612097
            ],
            [
              14.518555998802185,
              35.90146998185304
            ]
          ],
          [
            [
              14.514833092689514,
              35.888806702815884
            ],
            [
              14.514795541763306,
              35.888784972730846
            ]
          ]
        ]
      },
      "properties": {
        "subclass": "footway",
        "brunnel": "bridge",
        "class": "path",
        "layer": 1,
        "source_layer": "transportation",
        "source_tile": "https://tiles.openfreemap.org/planet/20261004_113936_pt/14/8852/6439.pbf"
      }
    },
    {
      "type": "Feature",
      "id": "transportation:1606762590-0",
      "geometry": {
        "type": "MultiLineString",
        "coordinates": [
          [
            [
              14.510471820831299,
              35.90689710204188
            ],
            [
              14.510659575462341,
              35.906771096265956
            ],
            [
              14.510546922683716,
              35.906684195613906
            ],
            [
              14.510391354560852,
              35.90661467502355
            ],
            [
              14.510235786437988,
              35.90646694356627
            ],
            [
              14.510155320167542,
              35.90637569752842
            ]
          ],
          [
            [
              14.510235786437988,
              35.90646694356627
            ],
            [
              14.510305523872375,
              35.90642783813438
            ]
          ],
          [
            [
              14.506292939186096,
              35.89641186627257
            ],
            [
              14.506335854530334,
              35.89628149819637
            ]
          ],
          [
            [
              14.511979222297668,
              35.89431725986256
            ],
            [
              14.512091875076294,
              35.89448239682014
            ]
          ],
          [
            [
              14.511802196502686,
              35.89436071699005
            ],
            [
              14.511609077453613,
              35.894460668292794
            ],
            [
              14.511716365814209,
              35.894608422161284
            ]
          ],
          [
            [
              14.51370120048523,
              35.89613809306458
            ],
            [
              14.513631463050842,
              35.89619893163707
            ]
          ],
          [
            [
              14.513636827468872,
              35.89609463691278
            ],
            [
              14.513577818870544,
              35.896159821131576
            ]
          ]
        ]
      },
      "properties": {
        "subclass": "footway",
        "brunnel": "bridge",
        "surface": "paved",
        "class": "path",
        "layer": 1,
        "source_layer": "transportation",
        "source_tile": "https://tiles.openfreemap.org/planet/20261004_113936_pt/14/8852/6439.pbf"
      }
    },
    {
      "type": "Feature",
      "id": "transportation:427143632-0",
      "geometry": {
        "type": "LineString",
        "coordinates": [
          [
            14.515519738197327,
            35.89708977680783
          ],
          [
            14.515578746795654,
            35.89682469709743
          ],
          [
            14.514731168746948,
            35.896381447074006
          ],
          [
            14.51392650604248,
            35.896020761399896
          ],
          [
            14.513733386993408,
            35.896051180737075
          ]
        ]
      },
      "properties": {
        "surface": "paved",
        "class": "minor",
        "layer": 2,
        "source_layer": "transportation",
        "source_tile": "https://tiles.openfreemap.org/planet/20261004_113936_pt/14/8852/6439.pbf"
      }
    },
    {
      "type": "Feature",
      "id": "transportation:228206900-0",
      "geometry": {
        "type": "MultiLineString",
        "coordinates": [
          [
            [
              14.509565234184265,
              35.89977094299755
            ],
            [
              14.5094633102417,
              35.89985350583105
            ]
          ],
          [
            [
              14.509034156799316,
              35.89372624056027
            ],
            [
              14.509554505348206,
              35.89384792136552
            ],
            [
              14.510466456413269,
              35.89402175076293
            ],
            [
              14.510568380355835,
              35.89405651659659
            ],
            [
              14.510723948478699,
              35.894134739666555
            ],
            [
              14.510772228240967,
              35.89418688833693
            ],
            [
              14.510874152183533,
              35.89435202556646
            ],
            [
              14.511083364486694,
              35.895142941205876
            ]
          ],
          [
            [
              14.517708420753479,
              35.901252715490955
            ],
            [
              14.517654776573181,
              35.90141783798052
            ],
            [
              14.517633318901062,
              35.90162206795162
            ]
          ]
        ]
      },
      "properties": {
        "brunnel": "bridge",
        "surface": "paved",
        "class": "tertiary",
        "layer": 1,
        "source_layer": "transportation",
        "source_tile": "https://tiles.openfreemap.org/planet/20261004_113936_pt/14/8852/6439.pbf"
      }
    },
    {
      "type": "Feature",
      "id": "transportation_name:14368809120-0",
      "geometry": {
        "type": "MultiLineString",
        "coordinates": [
          [
            [
              14.50793445110321,
              35.89994910479383
            ],
            [
              14.50794517993927,
              35.89988392369537
            ],
            [
              14.507891535758972,
              35.89975356133742
            ],
            [
              14.507843255996704,
              35.89950152683656
            ],
            [
              14.507816433906555,
              35.89941896363591
            ],
            [
              14.506378769874573,
              35.898793218683835
            ]
          ],
          [
            [
              14.507408738136292,
              35.89801537604839
            ],
            [
              14.507542848587036,
              35.89803710360009
            ],
            [
              14.507601857185364,
              35.89801537604839
            ],
            [
              14.507644772529602,
              35.897976266440324
            ],
            [
              14.507671594619751,
              35.89784590094054
            ],
            [
              14.507671594619751,
              35.89775464496293
            ]
          ],
          [
            [
              14.506110548973083,
              35.89902787362057
            ],
            [
              14.506378769874573,
              35.898793218683835
            ],
            [
              14.507408738136292,
              35.89801537604839
            ],
            [
              14.507473111152649,
              35.897976266440324
            ],
            [
              14.507510662078857,
              35.89793281129759
            ],
            [
              14.507537484169006,
              35.897811136771
            ],
            [
              14.507569670677185,
              35.897320091245376
            ],
            [
              14.507564306259155,
              35.89697679212178
            ],
            [
              14.507537484169006,
              35.89683773382525
            ],
            [
              14.507548213005066,
              35.89679862363535
            ],
            [
              14.507601857185364,
              35.896737785523754
            ],
            [
              14.508798122406006,
              35.89602510702021
            ],
            [
              14.508910775184631,
              35.89599468767301
            ],
            [
              14.509012699127197,
              35.89594254019349
            ],
            [
              14.509109258651733,
              35.8958643189098
            ],
            [
              14.509125351905823,
              35.89581651697617
            ],
            [
              14.509109258651733,
              35.895733949931895
            ],
            [
              14.509055614471436,
              35.895668765362416
            ],
            [
              14.509484767913818,
              35.89481266970195
            ],
            [
              14.509533047676086,
              35.89479094126523
            ],
            [
              14.509667158126831,
              35.89480397832797
            ],
            [
              14.50968325138092,
              35.89474313868344
            ],
            [
              14.51070249080658,
              35.8948561265575
            ],
            [
              14.510831236839294,
              35.894908274752666
            ],
            [
              14.510917067527771,
              35.894908274752666
            ],
            [
              14.510970711708069,
              35.89490392907105
            ],
            [
              14.511099457740784,
              35.894851780873026
            ],
            [
              14.51142132282257,
              35.89466057051963
            ]
          ]
        ]
      },
      "properties": {
        "name_int": "Valletta Ditch",
        "name:mt": "Il-Fossa tal-Belt Valletta",
        "name_de": "Il-Fossa tal-Belt Valletta",
        "name": "Il-Fossa tal-Belt Valletta",
        "name:en": "Valletta Ditch",
        "class": "service",
        "name:latin": "Il-Fossa tal-Belt Valletta",
        "name_en": "Valletta Ditch",
        "source_layer": "transportation_name",
        "source_tile": "https://tiles.openfreemap.org/planet/20261004_113936_pt/14/8852/6439.pbf"
      }
    },
    {
      "type": "Feature",
      "id": "transportation_name:1543340600-0",
      "geometry": {
        "type": "LineString",
        "coordinates": [
          [
            14.512971639633179,
            35.89789370164873
          ],
          [
            14.513352513313293,
            35.89814139576518
          ],
          [
            14.513733386993408,
            35.8983543251756
          ]
        ]
      },
      "properties": {
        "name_int": "Treasury Street",
        "name:mt": "Triq it-Teżorerija",
        "name_de": "Triq it-Teżorerija",
        "name": "Triq it-Teżorerija",
        "subclass": "pedestrian",
        "name:en": "Treasury Street",
        "class": "path",
        "name:latin": "Triq it-Teżorerija",
        "name_en": "Treasury Street",
        "source_layer": "transportation_name",
        "source_tile": "https://tiles.openfreemap.org/planet/20261004_113936_pt/14/8852/6439.pbf"
      }
    },
    {
      "type": "Feature",
      "id": "transportation_name:228206822-0",
      "geometry": {
        "type": "LineString",
        "coordinates": [
          [
            14.511877298355103,
            35.89905829180218
          ],
          [
            14.5121830701828,
            35.89871500021701
          ],
          [
            14.512971639633179,
            35.89789370164873
          ],
          [
            14.513325691223145,
            35.89749825855809
          ],
          [
            14.513744115829468,
            35.89707239455893
          ]
        ]
      },
      "properties": {
        "name_int": "St. Lucia Street",
        "name:ar": "طريق سانت لوسيا",
        "name:mt": "Triq Santa Luċija",
        "name_de": "Triq Santa Luċija",
        "name": "Triq Santa Luċija",
        "subclass": "pedestrian",
        "name:en": "Saint Lucia Street",
        "class": "path",
        "name:es": "Calle Santa Lucía",
        "name:latin": "Triq Santa Luċija",
        "name_en": "Saint Lucia Street",
        "source_layer": "transportation_name",
        "source_tile": "https://tiles.openfreemap.org/planet/20261004_113936_pt/14/8852/6439.pbf"
      }
    },
    {
      "type": "Feature",
      "id": "transportation_name:274623112-0",
      "geometry": {
        "type": "LineString",
        "coordinates": [
          [
            14.513014554977417,
            35.89658569004018
          ],
          [
            14.513347148895264,
            35.89624673333981
          ],
          [
            14.513395428657532,
            35.8962293509058
          ]
        ]
      },
      "properties": {
        "name_int": "Saint John Street",
        "name:mt": "Triq San Ġwann",
        "name_de": "Triq San Ġwann",
        "name": "Triq San Ġwann",
        "name:it": "Strada San Giovanni",
        "subclass": "steps",
        "name:en": "Saint John Street",
        "class": "path",
        "name:latin": "Triq San Ġwann",
        "name_en": "Saint John Street",
        "source_layer": "transportation_name",
        "source_tile": "https://tiles.openfreemap.org/planet/20261004_113936_pt/14/8852/6439.pbf"
      }
    },
    {
      "type": "Feature",
      "id": "transportation_name:274623122-0",
      "geometry": {
        "type": "LineString",
        "coordinates": [
          [
            14.513744115829468,
            35.89707239455893
          ],
          [
            14.513754844665527,
            35.89703763004968
          ],
          [
            14.514092803001404,
            35.896685638533725
          ]
        ]
      },
      "properties": {
        "name_int": "Saint Lucia Street",
        "name:mt": "Triq Santa Luċija",
        "name_de": "Triq Santa Luċija",
        "name": "Triq Santa Luċija",
        "subclass": "steps",
        "name:en": "Saint Lucia Street",
        "class": "path",
        "name:es": "Calle Santa Lucía",
        "name:latin": "Triq Santa Luċija",
        "name_en": "Saint Lucia Street",
        "source_layer": "transportation_name",
        "source_tile": "https://tiles.openfreemap.org/planet/20261004_113936_pt/14/8852/6439.pbf"
      }
    },
    {
      "type": "Feature",
      "id": "transportation_name:274623730-0",
      "geometry": {
        "type": "LineString",
        "coordinates": [
          [
            14.513341784477234,
            35.89874541851884
          ],
          [
            14.5136958360672,
            35.89839343459688
          ],
          [
            14.514489769935608,
            35.89753736840234
          ]
        ]
      },
      "properties": {
        "name_int": "Old Theatre Street",
        "name:ar": "طريق المسرح",
        "route_1_name": "Valletta Commonwealth Walkway",
        "route_1_network": "lwn",
        "name:mt": "Triq it-Teatru l-Antik",
        "name_de": "Triq it-Teatru l-Antik",
        "name": "Triq it-Teatru l-Antik",
        "name:it": "Strada Teatro",
        "subclass": "pedestrian",
        "name:en": "Old Theatre Street",
        "class": "path",
        "name:latin": "Triq it-Teatru l-Antik",
        "name_en": "Old Theatre Street",
        "source_layer": "transportation_name",
        "source_tile": "https://tiles.openfreemap.org/planet/20261004_113936_pt/14/8852/6439.pbf"
      }
    },
    {
      "type": "Feature",
      "id": "transportation_name:275777050-0",
      "geometry": {
        "type": "MultiLineString",
        "coordinates": [
          [
            [
              14.51242446899414,
              35.9010484845668
            ],
            [
              14.512075781822205,
              35.901391766031395
            ]
          ],
          [
            [
              14.516013264656067,
              35.89720276133262
            ],
            [
              14.515605568885803,
              35.89763297016246
            ]
          ]
        ]
      },
      "properties": {
        "name_int": "Archbishop Street",
        "name:mt": "Triq l-Arċisqof",
        "name_de": "Triq l-Arċisqof",
        "name": "Triq l-Arċisqof",
        "name:it": "Strada Vescovo",
        "subclass": "steps",
        "name:en": "Archbishop Street",
        "class": "path",
        "name:latin": "Triq l-Arċisqof",
        "name_en": "Archbishop Street",
        "source_layer": "transportation_name",
        "source_tile": "https://tiles.openfreemap.org/planet/20261004_113936_pt/14/8852/6439.pbf"
      }
    },
    {
      "type": "Feature",
      "id": "transportation_name:389918222-0",
      "geometry": {
        "type": "MultiLineString",
        "coordinates": [
          [
            [
              14.504973292350769,
              35.907405468134726
            ],
            [
              14.506502151489258,
              35.90658425974608
            ],
            [
              14.507730603218079,
              35.90607588837747
            ],
            [
              14.508733749389648,
              35.905623999974765
            ],
            [
              14.50944721698761,
              35.90522859550558
            ],
            [
              14.509774446487427,
              35.90480711823672
            ],
            [
              14.509806632995605,
              35.90412058344626
            ],
            [
              14.5097154378891,
              35.90378600420634
            ],
            [
              14.509538412094116,
              35.90348184003348
            ],
            [
              14.508739113807678,
              35.90292130585276
            ],
            [
              14.505638480186462,
              35.901096283340976
            ],
            [
              14.505321979522705,
              35.9009572322814
            ],
            [
              14.50495183467865,
              35.90083121704768
            ],
            [
              14.504619240760803,
              35.90077038203545
            ],
            [
              14.504367113113403,
              35.90074865523404
            ],
            [
              14.504147171974182,
              35.90077038203545
            ],
            [
              14.503594636917114,
              35.900865979890824
            ],
            [
              14.502773880958557,
              35.90108759265691
            ],
            [
              14.502419829368591,
              35.90119622613912
            ],
            [
              14.50196385383606,
              35.90137003940056
            ],
            [
              14.501727819442749,
              35.90143956459825
            ],
            [
              14.501497149467468,
              35.90149170845645
            ],
            [
              14.501389861106873,
              35.9014960537764
            ],
            [
              14.501266479492188,
              35.901456945888114
            ]
          ],
          [
            [
              14.501266479492188,
              35.90068347479401
            ],
            [
              14.501298666000366,
              35.90065305723698
            ],
            [
              14.501416683197021,
              35.900479242401005
            ],
            [
              14.501518607139587,
              35.9002359009894
            ],
            [
              14.501588344573975,
              35.89994910479383
            ],
            [
              14.501593708992004,
              35.89978832465388
            ],
            [
              14.501588344573975,
              35.89962319876476
            ],
            [
              14.501534700393677,
              35.89941027276767
            ],
            [
              14.501357674598694,
              35.89899310997012
            ],
            [
              14.501266479492188,
              35.89883232788826
            ]
          ],
          [
            [
              14.501266479492188,
              35.897011556657716
            ],
            [
              14.501641988754272,
              35.897228834661576
            ],
            [
              14.502087235450745,
              35.897524331789754
            ],
            [
              14.502548575401306,
              35.897858937500175
            ],
            [
              14.50321912765503,
              35.89836301615976
            ],
            [
              14.504034519195557,
              35.898910546239165
            ],
            [
              14.504297375679016,
              35.89904525544006
            ],
            [
              14.504989385604858,
              35.89934509122547
            ],
            [
              14.505643844604492,
              35.89964058045352
            ],
            [
              14.506142735481262,
              35.89993172317283
            ],
            [
              14.506979584693909,
              35.900457515519676
            ],
            [
              14.5076984167099,
              35.900865979890824
            ],
            [
              14.50918436050415,
              35.90154819759738
            ],
            [
              14.511480331420898,
              35.902547614193324
            ],
            [
              14.5124351978302,
              35.902877853424854
            ],
            [
              14.513508081436157,
              35.90322112695489
            ],
            [
              14.515128135681152,
              35.9035730894081
            ],
            [
              14.516249299049377,
              35.903803384980904
            ],
            [
              14.517483115196228,
              35.90409016721017
            ],
            [
              14.518239498138428,
              35.904172725538075
            ],
            [
              14.518711566925049,
              35.90418576105566
            ],
            [
              14.51917290687561,
              35.904159690018346
            ],
            [
              14.519832730293274,
              35.90410320274137
            ],
            [
              14.520331621170044,
              35.903994573249236
            ],
            [
              14.520594477653503,
              35.90388159841923
            ],
            [
              14.520776867866516,
              35.90363826746841
            ],
            [
              14.520830512046814,
              35.90323850785353
            ],
            [
              14.520894885063171,
              35.90227386220684
            ],
            [
              14.520835876464844,
              35.90190451278791
            ],
            [
              14.520610570907593,
              35.90143087395188
            ],
            [
              14.520031213760376,
              35.90039233483989
            ],
            [
              14.519843459129333,
              35.90002297664056
            ],
            [
              14.519602060317993,
              35.89940158189846
            ],
            [
              14.519553780555725,
              35.89910174632705
            ],
            [
              14.519559144973755,
              35.89887143707337
            ],
            [
              14.519655704498291,
              35.898449925949066
            ],
            [
              14.519634246826172,
              35.89800668502605
            ],
            [
              14.519467949867249,
              35.89761124249986
            ],
            [
              14.5191890001297,
              35.89718972466491
            ],
            [
              14.51893150806427,
              35.89685511612568
            ],
            [
              14.512317180633545,
              35.89193577280385
            ],
            [
              14.50870156288147,
              35.88849378901598
            ]
          ],
          [
            [
              14.524612426757812,
              35.895421063508905
            ],
            [
              14.52269732952118,
              35.89823265129692
            ],
            [
              14.522461295127869,
              35.89863243619594
            ],
            [
              14.522144794464111,
              35.899275564187974
            ],
            [
              14.521581530570984,
              35.90122664348742
            ],
            [
              14.521372318267822,
              35.90186105980179
            ],
            [
              14.521265029907227,
              35.90231296969144
            ],
            [
              14.521136283874512,
              35.90372951666262
            ],
            [
              14.520868062973022,
              35.904177070710844
            ],
            [
              14.5201975107193,
              35.904785392543474
            ],
            [
              14.519703984260559,
              35.90510258707282
            ],
            [
              14.518609642982483,
              35.905619654881434
            ],
            [
              14.518078565597534,
              35.905671795985555
            ],
            [
              14.517627954483032,
              35.905689176345945
            ],
            [
              14.517118334770203,
              35.905697866524704
            ],
            [
              14.516399502754211,
              35.90568048616623
            ],
            [
              14.515498280525208,
              35.90552840786658
            ],
            [
              14.513529539108276,
              35.905080861460675
            ],
            [
              14.512875080108643,
              35.90492009174548
            ],
            [
              14.512295722961426,
              35.904837534197256
            ],
            [
              14.511893391609192,
              35.904880985549184
            ],
            [
              14.511255025863647,
              35.90501568458848
            ],
            [
              14.506582617759705,
              35.90694055226294
            ],
            [
              14.50569748878479,
              35.907405468134726
            ]
          ],
          [
            [
              14.51393187046051,
              35.88849378901598
            ],
            [
              14.5136958360672,
              35.88877193467697
            ],
            [
              14.513486623764038,
              35.88909788538008
            ],
            [
              14.513384699821472,
              35.8894151427759
            ],
            [
              14.513272047042847,
              35.89001923211089
            ],
            [
              14.513234496116638,
              35.89038863698731
            ],
            [
              14.513250589370728,
              35.89065373824819
            ],
            [
              14.513314962387085,
              35.890979681204854
            ],
            [
              14.513406157493591,
              35.89121001341846
            ],
            [
              14.513545632362366,
              35.89135342747713
            ],
            [
              14.51369047164917,
              35.891479457799065
            ],
            [
              14.513797760009766,
              35.89154464581789
            ],
            [
              14.513905048370361,
              35.891575066875006
            ],
            [
              14.514071345329285,
              35.8915881044673
            ],
            [
              14.514285922050476,
              35.891575066875006
            ],
            [
              14.514527320861816,
              35.891496841275995
            ],
            [
              14.516973495483398,
              35.89017134020989
            ],
            [
              14.518051743507385,
              35.8891369993743
            ],
            [
              14.518100023269653,
              35.889106577380446
            ],
            [
              14.51820194721222,
              35.88906311736899
            ],
            [
              14.518309235572815,
              35.88905007936094
            ],
            [
              14.51842188835144,
              35.88906311736899
            ],
            [
              14.518529176712036,
              35.88911092338029
            ],
            [
              14.518593549728394,
              35.88916742135642
            ],
            [
              14.518647193908691,
              35.8892413032644
            ],
            [
              14.51866328716278,
              35.8893195310918
            ],
            [
              14.518652558326721,
              35.88941948875879
            ],
            [
              14.518620371818542,
              35.889484678473636
            ],
            [
              14.518566727638245,
              35.88954117618309
            ],
            [
              14.5171719789505,
              35.890453825904245
            ],
            [
              14.51569676399231,
              35.89131866045645
            ],
            [
              14.515562653541565,
              35.8915881044673
            ],
            [
              14.515535831451416,
              35.89194011864839
            ],
            [
              14.515659213066101,
              35.89227474796208
            ],
            [
              14.516501426696777,
              35.89316998306879
            ],
            [
              14.516887664794922,
              35.89336988855469
            ],
            [
              14.517155885696411,
              35.89343507501705
            ],
            [
              14.517483115196228,
              35.89343507501705
            ],
            [
              14.517901539802551,
              35.89340465467461
            ],
            [
              14.518330693244934,
              35.89331773934616
            ],
            [
              14.51891005039215,
              35.89310045060755
            ],
            [
              14.51917290687561,
              35.89296138550189
            ],
            [
              14.51941430568695,
              35.89273540418418
            ],
            [
              14.519999027252197,
              35.892100914728886
            ],
            [
              14.520524740219116,
              35.89147076605916
            ],
            [
              14.520809054374695,
              35.891231742837974
            ],
            [
              14.521484971046448,
              35.89081019103486
            ],
            [
              14.521763920783997,
              35.89074065650118
            ],
            [
              14.522048234939575,
              35.89077542377565
            ],
            [
              14.522305727005005,
              35.89091449272088
            ],
            [
              14.52242910861969,
              35.89107094499228
            ],
            [
              14.522450566291809,
              35.891175246334825
            ],
            [
              14.52244520187378,
              35.8914533825765
            ],
            [
              14.522327184677124,
              35.892287785439194
            ],
            [
              14.522402286529541,
              35.89261806747636
            ],
            [
              14.522493481636047,
              35.89285274071811
            ],
            [
              14.522767066955566,
              35.893209095051404
            ],
            [
              14.523394703865051,
              35.89372189481375
            ],
            [
              14.523968696594238,
              35.89424772840893
            ],
            [
              14.524381756782532,
              35.89452585385702
            ],
            [
              14.524612426757812,
              35.8946953360728
            ]
          ]
        ]
      },
      "properties": {
        "name_int": "Harbour Cruise",
        "name_de": "Kruċiera tal-Port",
        "name": "Kruċiera tal-Port",
        "name:en": "Harbour Cruise",
        "class": "ferry",
        "name:latin": "Kruċiera tal-Port",
        "name_en": "Harbour Cruise",
        "source_layer": "transportation_name",
        "source_tile": "https://tiles.openfreemap.org/planet/20261004_113936_pt/14/8852/6439.pbf"
      }
    },
    {
      "type": "Feature",
      "id": "transportation_name:2162674592-0",
      "geometry": {
        "type": "LineString",
        "coordinates": [
          [
            14.509323835372925,
            35.88849378901598
          ],
          [
            14.512649774551392,
            35.891727171985124
          ],
          [
            14.519328474998474,
            35.89658134445067
          ],
          [
            14.522531032562256,
            35.900162029341416
          ],
          [
            14.524612426757812,
            35.90120491681125
          ]
        ]
      },
      "properties": {
        "name": "Malta - Pozzallo",
        "name_int": "Malta - Pozzallo",
        "class": "ferry",
        "name:latin": "Malta - Pozzallo",
        "name_de": "Malta - Pozzallo",
        "name_en": "Malta - Pozzallo",
        "source_layer": "transportation_name",
        "source_tile": "https://tiles.openfreemap.org/planet/20261004_113936_pt/14/8852/6439.pbf"
      }
    },
    {
      "type": "Feature",
      "id": "transportation_name:2442546900-0",
      "geometry": {
        "type": "LineString",
        "coordinates": [
          [
            14.513014554977417,
            35.89658569004018
          ],
          [
            14.512585401535034,
            35.89703763004968
          ],
          [
            14.512252807617188,
            35.89740700217973
          ],
          [
            14.51144278049469,
            35.89825872428666
          ]
        ]
      },
      "properties": {
        "name_int": "Saint John Street",
        "name:ar": "طريق القديس يوحنا",
        "name:mt": "Triq San Ġwann",
        "name_de": "Triq San Ġwann",
        "name": "Triq San Ġwann",
        "name:it": "Strada San Giovanni",
        "subclass": "pedestrian",
        "name:en": "Saint John Street",
        "class": "path",
        "name:latin": "Triq San Ġwann",
        "name_en": "Saint John Street",
        "source_layer": "transportation_name",
        "source_tile": "https://tiles.openfreemap.org/planet/20261004_113936_pt/14/8852/6439.pbf"
      }
    },
    {
      "type": "Feature",
      "id": "transportation_name:2442546962-0",
      "geometry": {
        "type": "LineString",
        "coordinates": [
          [
            14.5121830701828,
            35.89871500021701
          ],
          [
            14.51144278049469,
            35.89825872428666
          ]
        ]
      },
      "properties": {
        "name_int": "Strait Street",
        "name:ar": "طريق المضيق",
        "name:mt": "Triq id-Dejqa",
        "name_de": "Triq id-Dejqa",
        "name": "Triq id-Dejqa",
        "name:it": "Strada Stretta",
        "name:en": "Strait Street",
        "class": "service",
        "name:latin": "Triq id-Dejqa",
        "name_en": "Strait Street",
        "source_layer": "transportation_name",
        "source_tile": "https://tiles.openfreemap.org/planet/20261004_113936_pt/14/8852/6439.pbf"
      }
    },
    {
      "type": "Feature",
      "id": "transportation_name:2442546970-0",
      "geometry": {
        "type": "MultiLineString",
        "coordinates": [
          [
            [
              14.510096311569214,
              35.89741134772393
            ],
            [
              14.510568380355835,
              35.897719880753314
            ]
          ],
          [
            [
              14.51495110988617,
              35.900435788632365
            ],
            [
              14.514414668083191,
              35.90008381222724
            ],
            [
              14.5121830701828,
              35.89871500021701
            ]
          ]
        ]
      },
      "properties": {
        "name_int": "Strait Street",
        "name:ar": "طريق المضيق",
        "name:mt": "Triq id-Dejqa",
        "name_de": "Triq id-Dejqa",
        "name": "Triq id-Dejqa",
        "name:it": "Strada Stretta",
        "subclass": "pedestrian",
        "name:en": "Strait Street",
        "class": "path",
        "name:latin": "Triq id-Dejqa",
        "name_en": "Strait Street",
        "source_layer": "transportation_name",
        "source_tile": "https://tiles.openfreemap.org/planet/20261004_113936_pt/14/8852/6439.pbf"
      }
    },
    {
      "type": "Feature",
      "id": "transportation_name:2843642482-0",
      "geometry": {
        "type": "LineString",
        "coordinates": [
          [
            14.510884881019592,
            35.896051180737075
          ],
          [
            14.510868787765503,
            35.89612071060674
          ],
          [
            14.510729312896729,
            35.89632495424564
          ],
          [
            14.510659575462341,
            35.89641621187141
          ],
          [
            14.510284066200256,
            35.89684207940073
          ]
        ]
      },
      "properties": {
        "name_int": "South Street",
        "name:ar": "طريق الجنوب",
        "route_1_name": "Valletta Commonwealth Walkway",
        "route_1_network": "lwn",
        "name:mt": "Triq Nofsinhar",
        "name_de": "Triq Nofsinhar",
        "name": "Triq Nofsinhar",
        "name:it": "Strada Mezzodì",
        "subclass": "pedestrian",
        "name:en": "South Street",
        "class": "path",
        "name:latin": "Triq Nofsinhar",
        "name_en": "South Street",
        "source_layer": "transportation_name",
        "source_tile": "https://tiles.openfreemap.org/planet/20261004_113936_pt/14/8852/6439.pbf"
      }
    },
    {
      "type": "Feature",
      "id": "transportation_name:3289144172-0",
      "geometry": {
        "type": "LineString",
        "coordinates": [
          [
            14.511523246765137,
            35.89758951483127
          ],
          [
            14.511094093322754,
            35.89804579461911
          ]
        ]
      },
      "properties": {
        "name_int": "Triq il-Karrijiet",
        "name_de": "Triq il-Karrijiet",
        "name": "Triq il-Karrijiet",
        "subclass": "steps",
        "class": "path",
        "name:latin": "Triq il-Karrijiet",
        "name_en": "Triq il-Karrijiet",
        "source_layer": "transportation_name",
        "source_tile": "https://tiles.openfreemap.org/planet/20261004_113936_pt/14/8852/6439.pbf"
      }
    },
    {
      "type": "Feature",
      "id": "transportation_name:5347890532-0",
      "geometry": {
        "type": "LineString",
        "coordinates": [
          [
            14.515578746795654,
            35.8988975098527
          ],
          [
            14.514473676681519,
            35.89820223279803
          ],
          [
            14.514082074165344,
            35.897971920927134
          ],
          [
            14.511727094650269,
            35.89650746939199
          ],
          [
            14.510900974273682,
            35.89597295956074
          ]
        ]
      },
      "properties": {
        "name_int": "Merchants Street",
        "name:ar": "طريق التجار",
        "name:mt": "Triq il-Merkanti",
        "name_de": "Triq il-Merkanti",
        "name": "Triq il-Merkanti",
        "name:it": "Strada Mercanti",
        "subclass": "pedestrian",
        "name:en": "Merchants Street",
        "class": "path",
        "name:es": "Calle Mercaderes",
        "name:latin": "Triq il-Merkanti",
        "name_en": "Merchants Street",
        "source_layer": "transportation_name",
        "source_tile": "https://tiles.openfreemap.org/planet/20261004_113936_pt/14/8852/6439.pbf"
      }
    },
    {
      "type": "Feature",
      "id": "transportation_name:6060847170-0",
      "geometry": {
        "type": "MultiLineString",
        "coordinates": [
          [
            [
              14.509259462356567,
              35.8962293509058
            ],
            [
              14.508808851242065,
              35.89597295956074
            ]
          ],
          [
            [
              14.510284066200256,
              35.89684207940073
            ],
            [
              14.510981440544128,
              35.89725925353454
            ],
            [
              14.512038230895996,
              35.897906738200504
            ],
            [
              14.513014554977417,
              35.8985411811251
            ],
            [
              14.513856768608093,
              35.899053946348374
            ],
            [
              14.514108896255493,
              35.899214727980066
            ]
          ]
        ]
      },
      "properties": {
        "name_int": "Republic Street",
        "name:ar": "طريق الجمهورية",
        "route_1_name": "Valletta Commonwealth Walkway",
        "route_1_network": "lwn",
        "name:de": "Republikstraße",
        "name:mt": "Triq ir-Repubblika",
        "name_de": "Republikstraße",
        "name": "Triq ir-Repubblika",
        "subclass": "pedestrian",
        "name:en": "Republic Street",
        "class": "path",
        "name:br": "Straed ar Republik",
        "name:latin": "Triq ir-Repubblika",
        "name_en": "Republic Street",
        "source_layer": "transportation_name",
        "source_tile": "https://tiles.openfreemap.org/planet/20261004_113936_pt/14/8852/6439.pbf"
      }
    },
    {
      "type": "Feature",
      "id": "transportation_name:9832929532-0",
      "geometry": {
        "type": "MultiLineString",
        "coordinates": [
          [
            [
              14.524306654930115,
              35.907405468134726
            ],
            [
              14.524612426757812,
              35.90710131787338
            ]
          ],
          [
            [
              14.524612426757812,
              35.90141783798052
            ],
            [
              14.522380828857422,
              35.900331499490335
            ],
            [
              14.519076347351074,
              35.896750822265886
            ],
            [
              14.515133500099182,
              35.893882687275536
            ],
            [
              14.514897465705872,
              35.893787080986286
            ],
            [
              14.514650702476501,
              35.89373058630653
            ],
            [
              14.51442003250122,
              35.89373493205255
            ],
            [
              14.514232277870178,
              35.89377404375605
            ],
            [
              14.513298869132996,
              35.89419557977864
            ]
          ]
        ]
      },
      "properties": {
        "name_int": "Mġarr (Gozo) - Valletta Lascaris",
        "name_de": "L-Imġarr (Għawdex) - Valletta Lascaris",
        "name": "L-Imġarr (Għawdex) - Valletta Lascaris",
        "name:en": "Mġarr (Gozo) - Valletta Lascaris",
        "class": "ferry",
        "name:latin": "L-Imġarr (Għawdex) - Valletta Lascaris",
        "name_en": "Mġarr (Gozo) - Valletta Lascaris",
        "source_layer": "transportation_name",
        "source_tile": "https://tiles.openfreemap.org/planet/20261004_113936_pt/14/8852/6439.pbf"
      }
    },
    {
      "type": "Feature",
      "id": "transportation_name:13881858072-0",
      "geometry": {
        "type": "LineString",
        "coordinates": [
          [
            14.524612426757812,
            35.901296168811086
          ],
          [
            14.522472023963928,
            35.900248937155425
          ],
          [
            14.519205093383789,
            35.896663910611096
          ],
          [
            14.512478113174438,
            35.891818434910945
          ],
          [
            14.509007334709167,
            35.88849378901598
          ]
        ]
      },
      "properties": {
        "name_int": "Malta - Marina di Ragusa",
        "name:mt": "Malta - Marina ta' Raguża",
        "name_de": "Malta - Marina di Ragusa",
        "name": "Malta - Marina di Ragusa",
        "class": "ferry",
        "name:latin": "Malta - Marina di Ragusa",
        "name_en": "Malta - Marina di Ragusa",
        "source_layer": "transportation_name",
        "source_tile": "https://tiles.openfreemap.org/planet/20261004_113936_pt/14/8852/6439.pbf"
      }
    },
    {
      "type": "Feature",
      "id": "transportation_name:48254632-0",
      "geometry": {
        "type": "LineString",
        "coordinates": [
          [
            14.510552287101746,
            35.89823265129692
          ],
          [
            14.511137008666992,
            35.898588981413425
          ],
          [
            14.514639973640442,
            35.90078341811345
          ],
          [
            14.514800906181335,
            35.90089205201316
          ],
          [
            14.51493501663208,
            35.90100937645737
          ]
        ]
      },
      "properties": {
        "name_int": "Old Bakery Street",
        "name:ar": "طريق المخبز",
        "name:mt": "Triq il-Fran",
        "name_de": "Triq il-Fran",
        "name": "Triq il-Fran",
        "name:it": "Strada dei Forni",
        "name:en": "Old Bakery Street",
        "class": "minor",
        "name:latin": "Triq il-Fran",
        "name_en": "Old Bakery Street",
        "source_layer": "transportation_name",
        "source_tile": "https://tiles.openfreemap.org/planet/20261004_113936_pt/14/8852/6439.pbf"
      }
    },
    {
      "type": "Feature",
      "id": "transportation_name:227785682-0",
      "geometry": {
        "type": "LineString",
        "coordinates": [
          [
            14.510117769241333,
            35.89867589095459
          ],
          [
            14.510729312896729,
            35.89903221907579
          ],
          [
            14.511491060256958,
            35.89952325398029
          ],
          [
            14.51220452785492,
            35.89995345019851
          ],
          [
            14.513003826141357,
            35.900457515519676
          ],
          [
            14.513604640960693,
            35.900852943826436
          ]
        ]
      },
      "properties": {
        "name_int": "Old Mint Street",
        "name:ar": "طريق الزَكّة",
        "name:mt": "Triq iż-Żekka",
        "name_de": "Triq iż-Żekka",
        "name": "Triq iż-Żekka",
        "name:it": "Strada Zecca",
        "name:en": "Old Mint Street",
        "class": "minor",
        "name:latin": "Triq iż-Żekka",
        "name_en": "Old Mint Street",
        "source_layer": "transportation_name",
        "source_tile": "https://tiles.openfreemap.org/planet/20261004_113936_pt/14/8852/6439.pbf"
      }
    },
    {
      "type": "Feature",
      "id": "transportation_name:227786262-0",
      "geometry": {
        "type": "LineString",
        "coordinates": [
          [
            14.515519738197327,
            35.89708977680783
          ],
          [
            14.515090584754944,
            35.896885535142246
          ],
          [
            14.514586329460144,
            35.896663910611096
          ],
          [
            14.51418936252594,
            35.896468359038906
          ],
          [
            14.513610005378723,
            35.89613374745048
          ]
        ]
      },
      "properties": {
        "name_int": "East Street",
        "name:ar": "طريق الشرق",
        "name:mt": "Triq il-Lvant",
        "route_1_name": "Valletta Commonwealth Walkway",
        "name_de": "Triq il-Lvant",
        "name": "Triq il-Lvant",
        "name:en": "East Street",
        "route_1_network": "lwn",
        "class": "minor",
        "name:es": "Calle de Levante",
        "name:latin": "Triq il-Lvant",
        "name_en": "East Street",
        "source_layer": "transportation_name",
        "source_tile": "https://tiles.openfreemap.org/planet/20261004_113936_pt/14/8852/6439.pbf"
      }
    },
    {
      "type": "Feature",
      "id": "transportation_name:228880370-0",
      "geometry": {
        "type": "MultiLineString",
        "coordinates": [
          [
            [
              14.508878588676453,
              35.89943634536952
            ],
            [
              14.509028792381287,
              35.89928860051218
            ]
          ],
          [
            [
              14.509055614471436,
              35.89926252786164
            ],
            [
              14.50945794582367,
              35.898862746145014
            ],
            [
              14.510246515274048,
              35.89803710360009
            ],
            [
              14.510568380355835,
              35.897719880753314
            ],
            [
              14.510981440544128,
              35.89725925353454
            ],
            [
              14.511727094650269,
              35.89650746939199
            ],
            [
              14.512150883674622,
              35.89604248949908
            ]
          ]
        ]
      },
      "properties": {
        "name_int": "Melita Street",
        "name:ar": "طريق مليتا",
        "name:mt": "Triq Melita",
        "name_de": "Triq Melita",
        "name": "Triq Melita",
        "name:en": "Melita Street",
        "class": "minor",
        "name:latin": "Triq Melita",
        "name_en": "Melita Street",
        "source_layer": "transportation_name",
        "source_tile": "https://tiles.openfreemap.org/planet/20261004_113936_pt/14/8852/6439.pbf"
      }
    },
    {
      "type": "Feature",
      "id": "transportation_name:335046750-0",
      "geometry": {
        "type": "MultiLineString",
        "coordinates": [
          [
            [
              14.51144814491272,
              35.89559488945213
            ],
            [
              14.513014554977417,
              35.89658569004018
            ],
            [
              14.513744115829468,
              35.89707239455893
            ]
          ],
          [
            [
              14.511083364486694,
              35.89530373078148
            ],
            [
              14.511104822158813,
              35.895377606963464
            ],
            [
              14.511131644248962,
              35.895421063508905
            ],
            [
              14.511276483535767,
              35.89550797652822
            ]
          ],
          [
            [
              14.514489769935608,
              35.89753736840234
            ],
            [
              14.514865279197693,
              35.897789409157284
            ],
            [
              14.515964984893799,
              35.89848468983806
            ],
            [
              14.517037868499756,
              35.89914085537903
            ],
            [
              14.517477750778198,
              35.89942330906965
            ]
          ]
        ]
      },
      "properties": {
        "name_int": "Saint Paul Street",
        "name:ar": "طريق القديس بولس",
        "name:mt": "Triq San Pawl",
        "name_de": "Triq San Pawl",
        "name": "Triq San Pawl",
        "name:it": "Strada San Paolo",
        "name:en": "Saint Paul Street",
        "class": "minor",
        "name:es": "Calle San Pablo",
        "name:latin": "Triq San Pawl",
        "name_en": "Saint Paul Street",
        "source_layer": "transportation_name",
        "source_tile": "https://tiles.openfreemap.org/planet/20261004_113936_pt/14/8852/6439.pbf"
      }
    },
    {
      "type": "Feature",
      "id": "transportation_name:1306335552-0",
      "geometry": {
        "type": "LineString",
        "coordinates": [
          [
            14.510659575462341,
            35.89641621187141
          ],
          [
            14.510895609855652,
            35.896559616499374
          ],
          [
            14.511367678642273,
            35.89687249842228
          ],
          [
            14.512252807617188,
            35.89740700217973
          ]
        ]
      },
      "properties": {
        "name_int": "Zachary",
        "name:ar": "طريق القديس زكريا",
        "name:mt": "Triq San Żakkarija",
        "name_de": "Triq San Żakkarija",
        "name": "Triq San Żakkarija",
        "name:it": "Strada Zaccaria",
        "class": "minor",
        "name:latin": "Triq San Żakkarija",
        "name_en": "Triq San Żakkarija",
        "source_layer": "transportation_name",
        "source_tile": "https://tiles.openfreemap.org/planet/20261004_113936_pt/14/8852/6439.pbf"
      }
    },
    {
      "type": "Feature",
      "id": "transportation_name:1410546862-0",
      "geometry": {
        "type": "LineString",
        "coordinates": [
          [
            14.509833455085754,
            35.89894530992585
          ],
          [
            14.511260390281677,
            35.899588435375776
          ]
        ]
      },
      "properties": {
        "name_int": "Saint Patrick Street",
        "name:ar": "طريق القديس باتريك",
        "name:mt": "Triq San Patrizju",
        "name_de": "Triq San Patrizju",
        "name": "Triq San Patrizju",
        "name:en": "Saint Patrick Street",
        "class": "minor",
        "name:latin": "Triq San Patrizju",
        "name_en": "Saint Patrick Street",
        "source_layer": "transportation_name",
        "source_tile": "https://tiles.openfreemap.org/planet/20261004_113936_pt/14/8852/6439.pbf"
      }
    },
    {
      "type": "Feature",
      "id": "transportation_name:2442546910-0",
      "geometry": {
        "type": "LineString",
        "coordinates": [
          [
            14.51144278049469,
            35.89825872428666
          ],
          [
            14.510729312896729,
            35.89903221907579
          ],
          [
            14.510509371757507,
            35.89924949153318
          ],
          [
            14.510316252708435,
            35.89953629026371
          ]
        ]
      },
      "properties": {
        "name_int": "Saint John Street",
        "name:ar": "طريق القديس يوحنا",
        "name:mt": "Triq San Ġwann",
        "name_de": "Triq San Ġwann",
        "name": "Triq San Ġwann",
        "name:it": "Strada San Giovanni",
        "name:en": "Saint John Street",
        "class": "minor",
        "name:latin": "Triq San Ġwann",
        "name_en": "Saint John Street",
        "source_layer": "transportation_name",
        "source_tile": "https://tiles.openfreemap.org/planet/20261004_113936_pt/14/8852/6439.pbf"
      }
    },
    {
      "type": "Feature",
      "id": "transportation_name:2442546952-0",
      "geometry": {
        "type": "LineString",
        "coordinates": [
          [
            14.510568380355835,
            35.897719880753314
          ],
          [
            14.51144278049469,
            35.89825872428666
          ]
        ]
      },
      "properties": {
        "name_int": "Strait Street",
        "name:ar": "طريق المضيق",
        "name:mt": "Triq id-Dejqa",
        "name_de": "Triq id-Dejqa",
        "name": "Triq id-Dejqa",
        "name:it": "Strada Stretta",
        "name:en": "Strait Street",
        "class": "minor",
        "name:latin": "Triq id-Dejqa",
        "name_en": "Strait Street",
        "source_layer": "transportation_name",
        "source_tile": "https://tiles.openfreemap.org/planet/20261004_113936_pt/14/8852/6439.pbf"
      }
    },
    {
      "type": "Feature",
      "id": "transportation_name:3193079620-0",
      "geometry": {
        "type": "LineString",
        "coordinates": [
          [
            14.51220452785492,
            35.89995345019851
          ],
          [
            14.512622952461243,
            35.89952325398029
          ],
          [
            14.513105750083923,
            35.89899310997012
          ],
          [
            14.513341784477234,
            35.89874541851884
          ]
        ]
      },
      "properties": {
        "name_int": "Old Theatre Street",
        "name:ar": "طريق المسرح",
        "name:mt": "Triq it-Teatru l-Antik",
        "name_de": "Triq tat-Teatru l-Antik",
        "name": "Triq tat-Teatru l-Antik",
        "name:it": "Strada Teatro",
        "name:en": "Old Theatre Street",
        "class": "minor",
        "name:latin": "Triq tat-Teatru l-Antik",
        "name_en": "Old Theatre Street",
        "source_layer": "transportation_name",
        "source_tile": "https://tiles.openfreemap.org/planet/20261004_113936_pt/14/8852/6439.pbf"
      }
    },
    {
      "type": "Feature",
      "id": "transportation_name:4001181630-0",
      "geometry": {
        "type": "MultiLineString",
        "coordinates": [
          [
            [
              14.508765935897827,
              35.89956236282404
            ],
            [
              14.508808851242065,
              35.899540635691025
            ],
            [
              14.508878588676453,
              35.89943634536952
            ]
          ],
          [
            [
              14.512150883674622,
              35.89604248949908
            ],
            [
              14.51267659664154,
              35.89544279177268
            ]
          ]
        ]
      },
      "properties": {
        "name_int": "Melita Street",
        "name:mt": "Triq Melita",
        "name_de": "Triq Melita",
        "name": "Triq Melita",
        "name:en": "Melita Street",
        "class": "minor",
        "name:latin": "Triq Melita",
        "name_en": "Melita Street",
        "source_layer": "transportation_name",
        "source_tile": "https://tiles.openfreemap.org/planet/20261004_113936_pt/14/8852/6439.pbf"
      }
    },
    {
      "type": "Feature",
      "id": "transportation_name:5347890480-0",
      "geometry": {
        "type": "LineString",
        "coordinates": [
          [
            14.5134437084198,
            35.896259770162814
          ],
          [
            14.514479041099548,
            35.89693768200057
          ],
          [
            14.515267610549927,
            35.89741134772393
          ],
          [
            14.516313672065735,
            35.89809359520659
          ],
          [
            14.517386555671692,
            35.89874541851884
          ],
          [
            14.517826437950134,
            35.89905829180218
          ]
        ]
      },
      "properties": {
        "name_int": "Saint Ursula Street",
        "name:ar": "طريق القديسة أورسولا",
        "name:mt": "Triq Sant' Ursola",
        "name_de": "Triq Sant' Ursola",
        "name": "Triq Sant' Ursola",
        "name:it": "Strada Sant'Orsola",
        "name:en": "Saint Ursula Street",
        "class": "minor",
        "name:es": "Calle Santa Úrsula",
        "name:latin": "Triq Sant' Ursola",
        "name_en": "Saint Ursula Street",
        "source_layer": "transportation_name",
        "source_tile": "https://tiles.openfreemap.org/planet/20261004_113936_pt/14/8852/6439.pbf"
      }
    },
    {
      "type": "Feature",
      "id": "transportation_name:5347890540-0",
      "geometry": {
        "type": "LineString",
        "coordinates": [
          [
            14.515256881713867,
            35.898032758090224
          ],
          [
            14.514473676681519,
            35.898845364285464
          ],
          [
            14.514135718345642,
            35.8991799644117
          ],
          [
            14.513856768608093,
            35.899497181407085
          ],
          [
            14.51370656490326,
            35.89964492587511
          ],
          [
            14.513003826141357,
            35.900457515519676
          ],
          [
            14.512649774551392,
            35.90083556240393
          ]
        ]
      },
      "properties": {
        "name_int": "Archbishop Street",
        "name:ar": "طريق رئيس الأساقفة",
        "name:mt": "Triq l-Arċisqof",
        "name_de": "Triq l-Arċisqof",
        "name": "Triq l-Arċisqof",
        "name:it": "Strada Vescovo",
        "name:en": "Archbishop Street",
        "class": "minor",
        "name:latin": "Triq l-Arċisqof",
        "name_en": "Archbishop Street",
        "source_layer": "transportation_name",
        "source_tile": "https://tiles.openfreemap.org/planet/20261004_113936_pt/14/8852/6439.pbf"
      }
    },
    {
      "type": "Feature",
      "id": "transportation_name:7643704330-0",
      "geometry": {
        "type": "LineString",
        "coordinates": [
          [
            14.515578746795654,
            35.8988975098527
          ],
          [
            14.514414668083191,
            35.90008381222724
          ],
          [
            14.514087438583374,
            35.900440134010324
          ]
        ]
      },
      "properties": {
        "name_int": "Saint Christopher Street",
        "name:ar": "طريق القديس كريستوفر",
        "name:mt": "Triq Kristofru",
        "name_de": "Triq Kristofru",
        "name": "Triq Kristofru",
        "name:it": "Strada San Cristoforo",
        "name:en": "Saint Christopher Street",
        "class": "minor",
        "name:es": "Calle San Cristóbal",
        "name:latin": "Triq Kristofru",
        "name_en": "Saint Christopher Street",
        "source_layer": "transportation_name",
        "source_tile": "https://tiles.openfreemap.org/planet/20261004_113936_pt/14/8852/6439.pbf"
      }
    },
    {
      "type": "Feature",
      "id": "transportation_name:9833176930-0",
      "geometry": {
        "type": "LineString",
        "coordinates": [
          [
            14.511877298355103,
            35.89905829180218
          ],
          [
            14.511389136314392,
            35.89964927129647
          ],
          [
            14.511147737503052,
            35.89990130532688
          ],
          [
            14.510976076126099,
            35.90012726618909
          ],
          [
            14.510831236839294,
            35.90022721021086
          ]
        ]
      },
      "properties": {
        "name_int": "St. Lucia Street",
        "name:ar": "طريق سانت لوسيا",
        "name:mt": "Triq Santa Luċija",
        "name_de": "Triq Santa Luċija",
        "name": "Triq Santa Luċija",
        "name:en": "Saint Lucia Street",
        "class": "minor",
        "name:es": "Calle Santa Lucía",
        "name:latin": "Triq Santa Luċija",
        "name_en": "Saint Lucia Street",
        "source_layer": "transportation_name",
        "source_tile": "https://tiles.openfreemap.org/planet/20261004_113936_pt/14/8852/6439.pbf"
      }
    },
    {
      "type": "Feature",
      "id": "transportation_name:14995913490-0",
      "geometry": {
        "type": "MultiLineString",
        "coordinates": [
          [
            [
              14.511276483535767,
              35.89550797652822
            ],
            [
              14.51144814491272,
              35.89559488945213
            ]
          ],
          [
            [
              14.513744115829468,
              35.89707239455893
            ],
            [
              14.514489769935608,
              35.89753736840234
            ]
          ]
        ]
      },
      "properties": {
        "name_int": "Saint Paul Street",
        "name:ar": "طريق القديس بولس",
        "route_1_name": "Valletta Commonwealth Walkway",
        "route_1_network": "lwn",
        "name:mt": "Triq San Pawl",
        "name_de": "Triq San Pawl",
        "name": "Triq San Pawl",
        "name:it": "Strada San Paolo",
        "name:en": "Saint Paul Street",
        "class": "minor",
        "name:es": "Calle San Pablo",
        "name:latin": "Triq San Pawl",
        "name_en": "Saint Paul Street",
        "source_layer": "transportation_name",
        "source_tile": "https://tiles.openfreemap.org/planet/20261004_113936_pt/14/8852/6439.pbf"
      }
    },
    {
      "type": "Feature",
      "id": "transportation_name:244343780-0",
      "geometry": {
        "type": "LineString",
        "coordinates": [
          [
            14.513577818870544,
            35.894843089503354
          ],
          [
            14.513824582099915,
            35.89528200247953
          ],
          [
            14.514226913452148,
            35.89594688581809
          ],
          [
            14.514382481575012,
            35.89608160006256
          ],
          [
            14.515825510025024,
            35.89679862363535
          ],
          [
            14.516871571540833,
            35.897068048996104
          ],
          [
            14.517397284507751,
            35.89716799688061
          ],
          [
            14.51794445514679,
            35.89720276133262
          ],
          [
            14.518030285835266,
            35.89723318021558
          ],
          [
            14.518100023269653,
            35.8973331278916
          ],
          [
            14.518116116523743,
            35.89738092890944
          ],
          [
            14.518116116523743,
            35.89745480315294
          ],
          [
            14.518073201179504,
            35.89757647822728
          ],
          [
            14.51793909072876,
            35.89811097723121
          ]
        ]
      },
      "properties": {
        "name_int": "Quarry Wharf",
        "name:ar": "شط الباريرا",
        "name:mt": "Xatt il-Barriera",
        "name_de": "Xatt il-Barriera",
        "name": "Xatt il-Barriera",
        "name:en": "Quarry Wharf",
        "class": "tertiary",
        "name:latin": "Xatt il-Barriera",
        "name_en": "Quarry Wharf",
        "source_layer": "transportation_name",
        "source_tile": "https://tiles.openfreemap.org/planet/20261004_113936_pt/14/8852/6439.pbf"
      }
    },
    {
      "type": "Feature",
      "id": "transportation_name:427143632-0",
      "geometry": {
        "type": "LineString",
        "coordinates": [
          [
            14.515519738197327,
            35.89708977680783
          ],
          [
            14.515578746795654,
            35.89682469709743
          ],
          [
            14.514731168746948,
            35.896381447074006
          ],
          [
            14.51392650604248,
            35.896020761399896
          ],
          [
            14.513733386993408,
            35.896051180737075
          ]
        ]
      },
      "properties": {
        "name_int": "Saint Barbara Bastion",
        "name:mt": "Is-Sur ta' Santa Barbara",
        "name_de": "Is-Sur ta' Santa Barbara",
        "name": "Is-Sur ta' Santa Barbara",
        "name:en": "Saint Barbara Bastion",
        "class": "minor",
        "name:es": "Calle Bastión de Santa Bárbara",
        "name:latin": "Is-Sur ta' Santa Barbara",
        "name_en": "Saint Barbara Bastion",
        "source_layer": "transportation_name",
        "source_tile": "https://tiles.openfreemap.org/planet/20261004_113936_pt/14/8852/6439.pbf"
      }
    },
    {
      "type": "Feature",
      "id": "poi:115819925661-0",
      "geometry": {
        "type": "Point",
        "coordinates": [
          14.513770937919617,
          35.8982109237989
        ]
      },
      "properties": {
        "name_int": "Primary Health Care",
        "name_de": "Primary Health Care",
        "name": "Primary Health Care",
        "subclass": "clinic",
        "rank": 1,
        "class": "hospital",
        "name:latin": "Primary Health Care",
        "name_en": "Primary Health Care",
        "source_layer": "poi",
        "source_tile": "https://tiles.openfreemap.org/planet/20261004_113936_pt/14/8852/6439.pbf"
      }
    },
    {
      "type": "Feature",
      "id": "poi:50395189131-0",
      "geometry": {
        "type": "Point",
        "coordinates": [
          14.510992169380188,
          35.898562908532455
        ]
      },
      "properties": {
        "name_int": "Valletta - Arċisqof",
        "name_de": "Valletta - Arċisqof",
        "name": "Valletta - Arċisqof",
        "subclass": "bus_stop",
        "rank": 2,
        "class": "bus",
        "name:latin": "Valletta - Arċisqof",
        "name_en": "Valletta - Arċisqof",
        "source_layer": "poi",
        "source_tile": "https://tiles.openfreemap.org/planet/20261004_113936_pt/14/8852/6439.pbf"
      }
    },
    {
      "type": "Feature",
      "id": "poi:14381826641-0",
      "geometry": {
        "type": "Point",
        "coordinates": [
          14.513030648231506,
          35.89665087385464
        ]
      },
      "properties": {
        "name_int": "Valletta - Gang",
        "name_de": "Valletta - Gang",
        "name": "Valletta - Gang",
        "subclass": "bus_stop",
        "rank": 1,
        "class": "bus",
        "name:latin": "Valletta - Gang",
        "name_en": "Valletta - Gang",
        "source_layer": "poi",
        "source_tile": "https://tiles.openfreemap.org/planet/20261004_113936_pt/14/8852/6439.pbf"
      }
    },
    {
      "type": "Feature",
      "id": "poi:1410546752-0",
      "geometry": {
        "type": "Point",
        "coordinates": [
          14.512011408805847,
          35.89826306978412
        ]
      },
      "properties": {
        "name_int": "Malta Law Courts",
        "name:ar": "محاكم مالطا",
        "name:pl": "Budynek Sądów w Valletcie",
        "name:ro": "Clădirea Curții de Justiție din Valletta",
        "name:fi": "Vallettan oikeustalo",
        "name:sv": "Vallettas tingshus",
        "name:mt": "Il-Qrati ta' Malta",
        "name_de": "Il-Qrati ta' Malta",
        "name": "Il-Qrati ta' Malta",
        "subclass": "courthouse",
        "name:fr": "Palais de justice de La Valette",
        "rank": 6,
        "name:en": "Malta Law Courts",
        "class": "town_hall",
        "name:latin": "Il-Qrati ta' Malta",
        "name:zh": "法院大楼",
        "name_en": "Malta Law Courts",
        "source_layer": "poi",
        "source_tile": "https://tiles.openfreemap.org/planet/20261004_113936_pt/14/8852/6439.pbf"
      }
    },
    {
      "type": "Feature",
      "id": "poi:132369106541-0",
      "geometry": {
        "type": "Point",
        "coordinates": [
          14.51171100139618,
          35.898449925949066
        ]
      },
      "properties": {
        "name_int": "Family Court",
        "name:mt": "Qorti tal-Familja",
        "name_de": "Qorti tal-Familja",
        "name": "Qorti tal-Familja",
        "subclass": "courthouse",
        "rank": 8,
        "name:en": "Family Court",
        "class": "town_hall",
        "name:latin": "Qorti tal-Familja",
        "name_en": "Family Court",
        "source_layer": "poi",
        "source_tile": "https://tiles.openfreemap.org/planet/20261004_113936_pt/14/8852/6439.pbf"
      }
    },
    {
      "type": "Feature",
      "id": "poi:335062062-0",
      "geometry": {
        "type": "Point",
        "coordinates": [
          14.51145887374878,
          35.89643793986204
        ]
      },
      "properties": {
        "name_int": "Auberge d'Italie",
        "name:ka": "ობერჟ დ’იტალია",
        "name:uk": "Італійський готель (Валлетта)",
        "name:fa": "اوبرژ دایتالیا",
        "name:pl": "Zajazd włoski",
        "name:az": "İtalyan mehmanxanası (Valletta)",
        "name:sq": "Tavernat e Italisë",
        "name:ru": "Итальянский отель (Валлетта)",
        "name:pt": "Auberge d'Italie",
        "name:de": "Auberge d'Italie",
        "name:mt": "Berga tal-Italja",
        "name_de": "Auberge d'Italie",
        "name": "Auberge d'Italie",
        "name:it": "Albergo d'Italia",
        "subclass": "public_building",
        "name:fr": "Auberge d'Italie",
        "rank": 42,
        "name:en": "Auberge d'Italie",
        "class": "town_hall",
        "name:es": "Albergue de Italia",
        "name:latin": "Auberge d'Italie",
        "name_en": "Auberge d'Italie",
        "source_layer": "poi",
        "source_tile": "https://tiles.openfreemap.org/planet/20261004_113936_pt/14/8852/6439.pbf"
      }
    },
    {
      "type": "Feature",
      "id": "poi:71465043381-0",
      "geometry": {
        "type": "Point",
        "coordinates": [
          14.512054324150085,
          35.89626846137695
        ]
      },
      "properties": {
        "name_int": "China Cultural Centre",
        "name_de": "Ċentru Kulturali Ċiniż",
        "name": "Ċentru Kulturali Ċiniż",
        "subclass": "community_centre",
        "rank": 43,
        "name:en": "China Cultural Centre",
        "class": "town_hall",
        "name:latin": "Ċentru Kulturali Ċiniż",
        "name:zh": "中国文化中心",
        "name_en": "China Cultural Centre",
        "source_layer": "poi",
        "source_tile": "https://tiles.openfreemap.org/planet/20261004_113936_pt/14/8852/6439.pbf"
      }
    },
    {
      "type": "Feature",
      "id": "poi:28030793391-0",
      "geometry": {
        "type": "Point",
        "coordinates": [
          14.51320230960846,
          35.897328782343095
        ]
      },
      "properties": {
        "name:ru": "Российский центр науки и культуры (РЦНК)",
        "name_int": "Russian Centre for Science and Culture (RCSC)",
        "name_de": "Russian Cultural Centre",
        "name": "Russian Cultural Centre",
        "subclass": "community_centre",
        "rank": 8,
        "name:en": "Russian Centre for Science and Culture (RCSC)",
        "class": "town_hall",
        "name:ro": "Centrul Cultural Rus",
        "name:latin": "Russian Cultural Centre",
        "name_en": "Russian Centre for Science and Culture (RCSC)",
        "source_layer": "poi",
        "source_tile": "https://tiles.openfreemap.org/planet/20261004_113936_pt/14/8852/6439.pbf"
      }
    },
    {
      "type": "Feature",
      "id": "poi:61122314861-0",
      "geometry": {
        "type": "Point",
        "coordinates": [
          14.513846039772034,
          35.89653354294998
        ]
      },
      "properties": {
        "name_int": "Soup Kitchen OFM Valletta",
        "name_de": "Soup Kitchen OFM Valletta",
        "name": "Soup Kitchen OFM Valletta",
        "subclass": "community_centre",
        "rank": 9,
        "class": "town_hall",
        "name:latin": "Soup Kitchen OFM Valletta",
        "name_en": "Soup Kitchen OFM Valletta",
        "source_layer": "poi",
        "source_tile": "https://tiles.openfreemap.org/planet/20261004_113936_pt/14/8852/6439.pbf"
      }
    },
    {
      "type": "Feature",
      "id": "poi:119249871161-0",
      "geometry": {
        "type": "Point",
        "coordinates": [
          14.511995315551758,
          35.898814946022014
        ]
      },
      "properties": {
        "name_int": "MELI",
        "name_de": "MELI",
        "name": "MELI",
        "subclass": "books",
        "rank": 11,
        "class": "library",
        "name:latin": "MELI",
        "name_en": "MELI",
        "source_layer": "poi",
        "source_tile": "https://tiles.openfreemap.org/planet/20261004_113936_pt/14/8852/6439.pbf"
      }
    },
    {
      "type": "Feature",
      "id": "poi:33542243811-0",
      "geometry": {
        "type": "Point",
        "coordinates": [
          14.511287212371826,
          35.89736789227108
        ]
      },
      "properties": {
        "name_int": "Agenda Bookshop",
        "name_de": "Agenda Bookshop",
        "name": "Agenda Bookshop",
        "subclass": "books",
        "rank": 45,
        "class": "library",
        "name:latin": "Agenda Bookshop",
        "name_en": "Agenda Bookshop",
        "source_layer": "poi",
        "source_tile": "https://tiles.openfreemap.org/planet/20261004_113936_pt/14/8852/6439.pbf"
      }
    },
    {
      "type": "Feature",
      "id": "poi:3394742072-0",
      "geometry": {
        "type": "Point",
        "coordinates": [
          14.513529539108276,
          35.89822396029844
        ]
      },
      "properties": {
        "name_int": "National Library",
        "name:bs": "Nacionalna biblioteka Malte",
        "name:hy": "Մալթայի ազգային գրադարան",
        "name:sk": "Maltská národná knižnica",
        "name:uk": "Національна бібліотека Мальти",
        "name:sr": "Национална библиотека Малте",
        "name:ca": "Biblioteca Nacional de Malta",
        "name:ko": "몰타 국립도서관",
        "name:el": "Εθνική βιβλιοθήκη της Μάλτας",
        "name:mt": "Il-Biblioteka Nazzjonali",
        "name_de": "Nationalbibliothek",
        "name:it": "Biblioteca nazionale di Malta",
        "rank": 16,
        "name:en": "National Library",
        "name:eo": "Nacia Biblioteko de Malto",
        "class": "library",
        "name:cs": "Maltská národní knihovna",
        "name:es": "Biblioteca Nacional de Malta",
        "name:latin": "Il-Biblioteka Nazzjonali",
        "name:zh": "馬爾他國家圖書館",
        "name:ar": "مكتبة مالطة الوطنية",
        "name:fa": "کتابخانه ملی مالت",
        "name:pl": "Biblioteka Narodowa",
        "name:az": "Malta Milli kitabxanası",
        "name:ro": "Biblioteca Națională a Maltei",
        "name:nl": "Nationale Bibliotheek van Malta",
        "name:be": "Нацыянальная бібліятэка Мальты",
        "name:fi": "Maltan kansalliskirjasto",
        "name:ru": "Национальная библиотека Мальты",
        "name:pt": "Biblioteca Nacional de Malta",
        "name:de": "Nationalbibliothek",
        "name:bg": "Национална библиотека на Малта",
        "name": "Il-Biblioteka Nazzjonali",
        "subclass": "library",
        "name:fr": "bibliothèque nationale de Malte",
        "name_en": "National Library",
        "source_layer": "poi",
        "source_tile": "https://tiles.openfreemap.org/planet/20261004_113936_pt/14/8852/6439.pbf"
      }
    },
    {
      "type": "Feature",
      "id": "poi:119249487591-0",
      "geometry": {
        "type": "Point",
        "coordinates": [
          14.512751698493958,
          35.89822830579779
        ]
      },
      "properties": {
        "name_int": "Swarovski",
        "name_de": "Swarovski",
        "name": "Swarovski",
        "subclass": "jewelry",
        "rank": 15,
        "class": "shop",
        "name:latin": "Swarovski",
        "name_en": "Swarovski",
        "source_layer": "poi",
        "source_tile": "https://tiles.openfreemap.org/planet/20261004_113936_pt/14/8852/6439.pbf"
      }
    },
    {
      "type": "Feature",
      "id": "poi:119249762881-0",
      "geometry": {
        "type": "Point",
        "coordinates": [
          14.512032866477966,
          35.89878887321548
        ]
      },
      "properties": {
        "name_int": "Malta little pawprints",
        "name_de": "Malta little pawprints",
        "name": "Malta little pawprints",
        "subclass": "gift",
        "rank": 16,
        "class": "shop",
        "name:latin": "Malta little pawprints",
        "name_en": "Malta little pawprints",
        "source_layer": "poi",
        "source_tile": "https://tiles.openfreemap.org/planet/20261004_113936_pt/14/8852/6439.pbf"
      }
    },
    {
      "type": "Feature",
      "id": "poi:119249846471-0",
      "geometry": {
        "type": "Point",
        "coordinates": [
          14.512842893600464,
          35.89813270475666
        ]
      },
      "properties": {
        "name_int": "MVintage",
        "name_de": "MVintage",
        "name": "MVintage",
        "subclass": "jewelry",
        "rank": 17,
        "class": "shop",
        "name:latin": "MVintage",
        "name_en": "MVintage",
        "source_layer": "poi",
        "source_tile": "https://tiles.openfreemap.org/planet/20261004_113936_pt/14/8852/6439.pbf"
      }
    },
    {
      "type": "Feature",
      "id": "poi:119416981691-0",
      "geometry": {
        "type": "Point",
        "coordinates": [
          14.511523246765137,
          35.89811097723121
        ]
      },
      "properties": {
        "name_int": "Franks",
        "name_de": "Franks",
        "name": "Franks",
        "subclass": "perfumery",
        "rank": 18,
        "class": "shop",
        "name:latin": "Franks",
        "name_en": "Franks",
        "source_layer": "poi",
        "source_tile": "https://tiles.openfreemap.org/planet/20261004_113936_pt/14/8852/6439.pbf"
      }
    },
    {
      "type": "Feature",
      "id": "poi:130710757731-0",
      "geometry": {
        "type": "Point",
        "coordinates": [
          14.512794613838196,
          35.89815877777933
        ]
      },
      "properties": {
        "name_int": "Maypole Valletta",
        "name_de": "Maypole Valletta",
        "name": "Maypole Valletta",
        "subclass": "convenience",
        "rank": 19,
        "class": "shop",
        "name:latin": "Maypole Valletta",
        "name_en": "Maypole Valletta",
        "source_layer": "poi",
        "source_tile": "https://tiles.openfreemap.org/planet/20261004_113936_pt/14/8852/6439.pbf"
      }
    },
    {
      "type": "Feature",
      "id": "poi:132071571601-0",
      "geometry": {
        "type": "Point",
        "coordinates": [
          14.512869715690613,
          35.89851510822838
        ]
      },
      "properties": {
        "name_int": "The Gold Market",
        "name_de": "The Gold Market",
        "name": "The Gold Market",
        "subclass": "jewelry",
        "rank": 20,
        "class": "shop",
        "name:latin": "The Gold Market",
        "name_en": "The Gold Market",
        "source_layer": "poi",
        "source_tile": "https://tiles.openfreemap.org/planet/20261004_113936_pt/14/8852/6439.pbf"
      }
    },
    {
      "type": "Feature",
      "id": "poi:132071771091-0",
      "geometry": {
        "type": "Point",
        "coordinates": [
          14.511968493461609,
          35.8979675754137
        ]
      },
      "properties": {
        "name_int": "The Body Shop",
        "name_de": "The Body Shop",
        "name": "The Body Shop",
        "subclass": "cosmetics",
        "rank": 21,
        "class": "shop",
        "name:latin": "The Body Shop",
        "name_en": "The Body Shop",
        "source_layer": "poi",
        "source_tile": "https://tiles.openfreemap.org/planet/20261004_113936_pt/14/8852/6439.pbf"
      }
    },
    {
      "type": "Feature",
      "id": "poi:28030793351-0",
      "geometry": {
        "type": "Point",
        "coordinates": [
          14.51192557811737,
          35.89652050617205
        ]
      },
      "properties": {
        "name_int": "Clarks",
        "name_de": "Clarks",
        "name": "Clarks",
        "subclass": "shoes",
        "rank": 46,
        "class": "shop",
        "name:latin": "Clarks",
        "name_en": "Clarks",
        "source_layer": "poi",
        "source_tile": "https://tiles.openfreemap.org/planet/20261004_113936_pt/14/8852/6439.pbf"
      }
    },
    {
      "type": "Feature",
      "id": "poi:28030793381-0",
      "geometry": {
        "type": "Point",
        "coordinates": [
          14.512011408805847,
          35.89658569004018
        ]
      },
      "properties": {
        "name_int": "Holland & Barrett",
        "name_de": "Holland & Barrett",
        "name": "Holland & Barrett",
        "subclass": "convenience",
        "rank": 47,
        "class": "shop",
        "name:latin": "Holland & Barrett",
        "name_en": "Holland & Barrett",
        "source_layer": "poi",
        "source_tile": "https://tiles.openfreemap.org/planet/20261004_113936_pt/14/8852/6439.pbf"
      }
    },
    {
      "type": "Feature",
      "id": "poi:33542243901-0",
      "geometry": {
        "type": "Point",
        "coordinates": [
          14.511823654174805,
          35.89789804716622
        ]
      },
      "properties": {
        "name_int": "Benefit Shoe Store",
        "name_de": "Benefit Shoe Store",
        "name": "Benefit Shoe Store",
        "subclass": "shoes",
        "rank": 49,
        "class": "shop",
        "name:latin": "Benefit Shoe Store",
        "name_en": "Benefit Shoe Store",
        "source_layer": "poi",
        "source_tile": "https://tiles.openfreemap.org/planet/20261004_113936_pt/14/8852/6439.pbf"
      }
    },
    {
      "type": "Feature",
      "id": "poi:79477517661-0",
      "geometry": {
        "type": "Point",
        "coordinates": [
          14.51095461845398,
          35.89716799688061
        ]
      },
      "properties": {
        "name_int": "Chemimart Perfumery",
        "name_de": "Chemimart Perfumery",
        "name": "Chemimart Perfumery",
        "subclass": "perfumery",
        "rank": 53,
        "class": "shop",
        "name:latin": "Chemimart Perfumery",
        "name_en": "Chemimart Perfumery",
        "source_layer": "poi",
        "source_tile": "https://tiles.openfreemap.org/planet/20261004_113936_pt/14/8852/6439.pbf"
      }
    },
    {
      "type": "Feature",
      "id": "poi:79477517671-0",
      "geometry": {
        "type": "Point",
        "coordinates": [
          14.511845111846924,
          35.89768946205737
        ]
      },
      "properties": {
        "name_int": "Rolex",
        "name_de": "Rolex",
        "name": "Rolex",
        "subclass": "watches",
        "rank": 54,
        "class": "shop",
        "name:latin": "Rolex",
        "name_en": "Rolex",
        "source_layer": "poi",
        "source_tile": "https://tiles.openfreemap.org/planet/20261004_113936_pt/14/8852/6439.pbf"
      }
    },
    {
      "type": "Feature",
      "id": "poi:115821867651-0",
      "geometry": {
        "type": "Point",
        "coordinates": [
          14.511013627052307,
          35.89737223781742
        ]
      },
      "properties": {
        "name_int": "Epic",
        "level": 0,
        "name_de": "Epic",
        "name": "Epic",
        "subclass": "mobile_phone",
        "rank": 57,
        "class": "shop",
        "name:latin": "Epic",
        "name_en": "Epic",
        "source_layer": "poi",
        "source_tile": "https://tiles.openfreemap.org/planet/20261004_113936_pt/14/8852/6439.pbf"
      }
    },
    {
      "type": "Feature",
      "id": "poi:115821867661-0",
      "geometry": {
        "type": "Point",
        "coordinates": [
          14.511099457740784,
          35.89742438435515
        ]
      },
      "properties": {
        "name_int": "Pandora",
        "level": 0,
        "name_de": "Pandora",
        "name": "Pandora",
        "subclass": "jewelry",
        "rank": 58,
        "class": "shop",
        "name:latin": "Pandora",
        "name_en": "Pandora",
        "source_layer": "poi",
        "source_tile": "https://tiles.openfreemap.org/planet/20261004_113936_pt/14/8852/6439.pbf"
      }
    },
    {
      "type": "Feature",
      "id": "poi:115918253681-0",
      "geometry": {
        "type": "Point",
        "coordinates": [
          14.511153101921082,
          35.89700286552517
        ]
      },
      "properties": {
        "name_int": "Muy Collection",
        "name_de": "Muy Collection",
        "name": "Muy Collection",
        "subclass": "shoes",
        "rank": 60,
        "class": "shop",
        "name:latin": "Muy Collection",
        "name_en": "Muy Collection",
        "source_layer": "poi",
        "source_tile": "https://tiles.openfreemap.org/planet/20261004_113936_pt/14/8852/6439.pbf"
      }
    },
    {
      "type": "Feature",
      "id": "poi:115918323551-0",
      "geometry": {
        "type": "Point",
        "coordinates": [
          14.511308670043945,
          35.89699417439168
        ]
      },
      "properties": {
        "name_int": "GB Jewellers",
        "name_de": "GB Jewellers",
        "name": "GB Jewellers",
        "subclass": "jewelry",
        "rank": 61,
        "class": "shop",
        "name:latin": "GB Jewellers",
        "name_en": "GB Jewellers",
        "source_layer": "poi",
        "source_tile": "https://tiles.openfreemap.org/planet/20261004_113936_pt/14/8852/6439.pbf"
      }
    },
    {
      "type": "Feature",
      "id": "poi:115918506321-0",
      "geometry": {
        "type": "Point",
        "coordinates": [
          14.511040449142456,
          35.89738962000047
        ]
      },
      "properties": {
        "name_int": "Artisans Centre",
        "name_de": "Artisans Centre",
        "name": "Artisans Centre",
        "subclass": "gift",
        "rank": 63,
        "class": "shop",
        "name:latin": "Artisans Centre",
        "name_en": "Artisans Centre",
        "source_layer": "poi",
        "source_tile": "https://tiles.openfreemap.org/planet/20261004_113936_pt/14/8852/6439.pbf"
      }
    },
    {
      "type": "Feature",
      "id": "poi:115918552901-0",
      "geometry": {
        "type": "Point",
        "coordinates": [
          14.511276483535767,
          35.89685511612568
        ]
      },
      "properties": {
        "name_int": "Zak",
        "name_de": "Zak",
        "name": "Zak",
        "subclass": "shoes",
        "rank": 65,
        "class": "shop",
        "name:latin": "Zak",
        "name_en": "Zak",
        "source_layer": "poi",
        "source_tile": "https://tiles.openfreemap.org/planet/20261004_113936_pt/14/8852/6439.pbf"
      }
    },
    {
      "type": "Feature",
      "id": "poi:119248772391-0",
      "geometry": {
        "type": "Point",
        "coordinates": [
          14.51217770576477,
          35.897937156812944
        ]
      },
      "properties": {
        "name_int": "L'Occitane",
        "name_de": "L'Occitane",
        "name": "L'Occitane",
        "subclass": "cosmetics",
        "rank": 66,
        "class": "shop",
        "name:latin": "L'Occitane",
        "name_en": "L'Occitane",
        "source_layer": "poi",
        "source_tile": "https://tiles.openfreemap.org/planet/20261004_113936_pt/14/8852/6439.pbf"
      }
    },
    {
      "type": "Feature",
      "id": "poi:119248807041-0",
      "geometry": {
        "type": "Point",
        "coordinates": [
          14.512381553649902,
          35.89701590222366
        ]
      },
      "properties": {
        "name_int": "KIKO Milano",
        "name_de": "KIKO Milano",
        "name": "KIKO Milano",
        "subclass": "cosmetics",
        "rank": 67,
        "class": "shop",
        "name:latin": "KIKO Milano",
        "name_en": "KIKO Milano",
        "source_layer": "poi",
        "source_tile": "https://tiles.openfreemap.org/planet/20261004_113936_pt/14/8852/6439.pbf"
      }
    },
    {
      "type": "Feature",
      "id": "poi:119249991461-0",
      "geometry": {
        "type": "Point",
        "coordinates": [
          14.512504935264587,
          35.89778071811013
        ]
      },
      "properties": {
        "name_int": "Saint John's Co-Cathedral",
        "name:mt": "Kon-Katidral ta' San Ġwann",
        "name_de": "Kon-Katidral ta' San Ġwann",
        "name": "Kon-Katidral ta' San Ġwann",
        "subclass": "ticket",
        "rank": 68,
        "name:en": "Saint John's Co-Cathedral",
        "class": "shop",
        "name:latin": "Kon-Katidral ta' San Ġwann",
        "name_en": "Saint John's Co-Cathedral",
        "source_layer": "poi",
        "source_tile": "https://tiles.openfreemap.org/planet/20261004_113936_pt/14/8852/6439.pbf"
      }
    },
    {
      "type": "Feature",
      "id": "poi:127725653231-0",
      "geometry": {
        "type": "Point",
        "coordinates": [
          14.511871933937073,
          35.89791977475012
        ]
      },
      "properties": {
        "name_int": "Spar Express",
        "name_de": "Spar Express",
        "name": "Spar Express",
        "subclass": "convenience",
        "rank": 69,
        "class": "shop",
        "name:latin": "Spar Express",
        "name_en": "Spar Express",
        "source_layer": "poi",
        "source_tile": "https://tiles.openfreemap.org/planet/20261004_113936_pt/14/8852/6439.pbf"
      }
    },
    {
      "type": "Feature",
      "id": "poi:131041155631-0",
      "geometry": {
        "type": "Point",
        "coordinates": [
          14.511963129043579,
          35.896516160578955
        ]
      },
      "properties": {
        "name_int": "Cellphone",
        "name_de": "Cellphone",
        "name": "Cellphone",
        "subclass": "mobile_phone",
        "rank": 72,
        "class": "shop",
        "name:latin": "Cellphone",
        "name_en": "Cellphone",
        "source_layer": "poi",
        "source_tile": "https://tiles.openfreemap.org/planet/20261004_113936_pt/14/8852/6439.pbf"
      }
    },
    {
      "type": "Feature",
      "id": "poi:132071771061-0",
      "geometry": {
        "type": "Point",
        "coordinates": [
          14.511399865150452,
          35.89762862463043
        ]
      },
      "properties": {
        "name_int": "Solaris",
        "name_de": "Solaris",
        "name": "Solaris",
        "subclass": "optician",
        "rank": 73,
        "class": "shop",
        "name:latin": "Solaris",
        "name_en": "Solaris",
        "source_layer": "poi",
        "source_tile": "https://tiles.openfreemap.org/planet/20261004_113936_pt/14/8852/6439.pbf"
      }
    },
    {
      "type": "Feature",
      "id": "poi:132071771081-0",
      "geometry": {
        "type": "Point",
        "coordinates": [
          14.511732459068298,
          35.8978198278148
        ]
      },
      "properties": {
        "name_int": "Frank Zampa",
        "name_de": "Frank Zampa",
        "name": "Frank Zampa",
        "subclass": "jewelry",
        "rank": 74,
        "class": "shop",
        "name:latin": "Frank Zampa",
        "name_en": "Frank Zampa",
        "source_layer": "poi",
        "source_tile": "https://tiles.openfreemap.org/planet/20261004_113936_pt/14/8852/6439.pbf"
      }
    },
    {
      "type": "Feature",
      "id": "poi:136338710451-0",
      "geometry": {
        "type": "Point",
        "coordinates": [
          14.512156248092651,
          35.897294017946436
        ]
      },
      "properties": {
        "name_int": "Souvenirs that don't suck",
        "name_de": "Souvenirs that don't suck",
        "name": "Souvenirs that don't suck",
        "subclass": "gift",
        "rank": 75,
        "class": "shop",
        "name:latin": "Souvenirs that don't suck",
        "name_en": "Souvenirs that don't suck",
        "source_layer": "poi",
        "source_tile": "https://tiles.openfreemap.org/planet/20261004_113936_pt/14/8852/6439.pbf"
      }
    },
    {
      "type": "Feature",
      "id": "poi:136590778621-0",
      "geometry": {
        "type": "Point",
        "coordinates": [
          14.512070417404175,
          35.89661176357242
        ]
      },
      "properties": {
        "name_int": "Faith Hope & Charity Gift Shop",
        "name_de": "Faith Hope & Charity Gift Shop",
        "name": "Faith Hope & Charity Gift Shop",
        "subclass": "gift",
        "rank": 76,
        "class": "shop",
        "name:latin": "Faith Hope & Charity Gift Shop",
        "name_en": "Faith Hope & Charity Gift Shop",
        "source_layer": "poi",
        "source_tile": "https://tiles.openfreemap.org/planet/20261004_113936_pt/14/8852/6439.pbf"
      }
    },
    {
      "type": "Feature",
      "id": "poi:136590949951-0",
      "geometry": {
        "type": "Point",
        "coordinates": [
          14.512231349945068,
          35.89689422628767
        ]
      },
      "properties": {
        "name_int": "Mela Ta",
        "name_de": "Mela Ta",
        "name": "Mela Ta",
        "subclass": "gift",
        "rank": 77,
        "class": "shop",
        "name:latin": "Mela Ta",
        "name_en": "Mela Ta",
        "source_layer": "poi",
        "source_tile": "https://tiles.openfreemap.org/planet/20261004_113936_pt/14/8852/6439.pbf"
      }
    },
    {
      "type": "Feature",
      "id": "poi:136591080671-0",
      "geometry": {
        "type": "Point",
        "coordinates": [
          14.512091875076294,
          35.89662045474789
        ]
      },
      "properties": {
        "name_int": "Jewel Box",
        "name_de": "Jewel Box",
        "name": "Jewel Box",
        "subclass": "jewelry",
        "rank": 78,
        "class": "shop",
        "name:latin": "Jewel Box",
        "name_en": "Jewel Box",
        "source_layer": "poi",
        "source_tile": "https://tiles.openfreemap.org/planet/20261004_113936_pt/14/8852/6439.pbf"
      }
    },
    {
      "type": "Feature",
      "id": "poi:119249698901-0",
      "geometry": {
        "type": "Point",
        "coordinates": [
          14.513159394264221,
          35.89809794071307
        ]
      },
      "properties": {
        "name_int": "Amis",
        "name_de": "Amis",
        "name": "Amis",
        "subclass": "beauty",
        "rank": 22,
        "class": "shop",
        "name:latin": "Amis",
        "name_en": "Amis",
        "source_layer": "poi",
        "source_tile": "https://tiles.openfreemap.org/planet/20261004_113936_pt/14/8852/6439.pbf"
      }
    },
    {
      "type": "Feature",
      "id": "poi:119250112171-0",
      "geometry": {
        "type": "Point",
        "coordinates": [
          14.513223767280579,
          35.897971920927134
        ]
      },
      "properties": {
        "name_int": "Givova",
        "name_de": "Givova",
        "name": "Givova",
        "subclass": "sports",
        "rank": 23,
        "class": "shop",
        "name:latin": "Givova",
        "name_en": "Givova",
        "source_layer": "poi",
        "source_tile": "https://tiles.openfreemap.org/planet/20261004_113936_pt/14/8852/6439.pbf"
      }
    },
    {
      "type": "Feature",
      "id": "poi:119250112951-0",
      "geometry": {
        "type": "Point",
        "coordinates": [
          14.51294481754303,
          35.898032758090224
        ]
      },
      "properties": {
        "name_int": "Jos Debono",
        "name_de": "Jos Debono",
        "name": "Jos Debono",
        "subclass": "jewelry",
        "rank": 24,
        "class": "shop",
        "name:latin": "Jos Debono",
        "name_en": "Jos Debono",
        "source_layer": "poi",
        "source_tile": "https://tiles.openfreemap.org/planet/20261004_113936_pt/14/8852/6439.pbf"
      }
    },
    {
      "type": "Feature",
      "id": "poi:28030793361-0",
      "geometry": {
        "type": "Point",
        "coordinates": [
          14.51370656490326,
          35.89764166122586
        ]
      },
      "properties": {
        "name_int": "C.Camilleri and Sons Limited",
        "name_de": "C.Camilleri and Sons Limited",
        "name": "C.Camilleri and Sons Limited",
        "subclass": "confectionery",
        "rank": 11,
        "class": "shop",
        "name:latin": "C.Camilleri and Sons Limited",
        "name_en": "C.Camilleri and Sons Limited",
        "source_layer": "poi",
        "source_tile": "https://tiles.openfreemap.org/planet/20261004_113936_pt/14/8852/6439.pbf"
      }
    },
    {
      "type": "Feature",
      "id": "poi:33542243881-0",
      "geometry": {
        "type": "Point",
        "coordinates": [
          14.513347148895264,
          35.89759820589941
        ]
      },
      "properties": {
        "name_int": "202 Jewellery",
        "name_de": "202 Jewellery",
        "name": "202 Jewellery",
        "subclass": "jewelry",
        "rank": 12,
        "class": "shop",
        "name:latin": "202 Jewellery",
        "name_en": "202 Jewellery",
        "source_layer": "poi",
        "source_tile": "https://tiles.openfreemap.org/planet/20261004_113936_pt/14/8852/6439.pbf"
      }
    },
    {
      "type": "Feature",
      "id": "poi:131041488651-0",
      "geometry": {
        "type": "Point",
        "coordinates": [
          14.51344907283783,
          35.897506949636266
        ]
      },
      "properties": {
        "name_int": "Eyla",
        "name_de": "Eyla",
        "name": "Eyla",
        "subclass": "jewelry",
        "rank": 16,
        "class": "shop",
        "name:latin": "Eyla",
        "name_en": "Eyla",
        "source_layer": "poi",
        "source_tile": "https://tiles.openfreemap.org/planet/20261004_113936_pt/14/8852/6439.pbf"
      }
    },
    {
      "type": "Feature",
      "id": "poi:32572223861-0",
      "geometry": {
        "type": "Point",
        "coordinates": [
          14.51268196105957,
          35.89903656453079
        ]
      },
      "properties": {
        "name_int": "M&S Simply Food",
        "name_de": "M&S Simply Food",
        "name": "M&S Simply Food",
        "subclass": "supermarket",
        "rank": 23,
        "class": "grocery",
        "name:latin": "M&S Simply Food",
        "name_en": "M&S Simply Food",
        "source_layer": "poi",
        "source_tile": "https://tiles.openfreemap.org/planet/20261004_113936_pt/14/8852/6439.pbf"
      }
    },
    {
      "type": "Feature",
      "id": "poi:119249487511-0",
      "geometry": {
        "type": "Point",
        "coordinates": [
          14.513078927993774,
          35.89891489170083
        ]
      },
      "properties": {
        "name_int": "M&S Outlet",
        "name_de": "M&S Outlet",
        "name": "M&S Outlet",
        "subclass": "department_store",
        "rank": 30,
        "class": "grocery",
        "name:latin": "M&S Outlet",
        "name_en": "M&S Outlet",
        "source_layer": "poi",
        "source_tile": "https://tiles.openfreemap.org/planet/20261004_113936_pt/14/8852/6439.pbf"
      }
    },
    {
      "type": "Feature",
      "id": "poi:50867971211-0",
      "geometry": {
        "type": "Point",
        "coordinates": [
          14.512150883674622,
          35.898823636955626
        ]
      },
      "properties": {
        "name_int": "Focacceria dal Pani",
        "name_de": "Focacceria dal Pani",
        "name": "Focacceria dal Pani",
        "subclass": "fast_food",
        "rank": 24,
        "class": "fast_food",
        "name:latin": "Focacceria dal Pani",
        "name_en": "Focacceria dal Pani",
        "source_layer": "poi",
        "source_tile": "https://tiles.openfreemap.org/planet/20261004_113936_pt/14/8852/6439.pbf"
      }
    },
    {
      "type": "Feature",
      "id": "poi:71397296851-0",
      "geometry": {
        "type": "Point",
        "coordinates": [
          14.51220452785492,
          35.89875410946007
        ]
      },
      "properties": {
        "name_int": "Il Boccone",
        "name_de": "Il Boccone",
        "name": "Il Boccone",
        "subclass": "fast_food",
        "rank": 26,
        "class": "fast_food",
        "name:latin": "Il Boccone",
        "name_en": "Il Boccone",
        "source_layer": "poi",
        "source_tile": "https://tiles.openfreemap.org/planet/20261004_113936_pt/14/8852/6439.pbf"
      }
    },
    {
      "type": "Feature",
      "id": "poi:119249998551-0",
      "geometry": {
        "type": "Point",
        "coordinates": [
          14.512880444526672,
          35.898306524745564
        ]
      },
      "properties": {
        "name_int": "Dr. Juice",
        "name_de": "Dr. Juice",
        "name": "Dr. Juice",
        "subclass": "fast_food",
        "rank": 28,
        "class": "fast_food",
        "name:latin": "Dr. Juice",
        "name_en": "Dr. Juice",
        "source_layer": "poi",
        "source_tile": "https://tiles.openfreemap.org/planet/20261004_113936_pt/14/8852/6439.pbf"
      }
    },
    {
      "type": "Feature",
      "id": "poi:119250191741-0",
      "geometry": {
        "type": "Point",
        "coordinates": [
          14.512907266616821,
          35.898076213178115
        ]
      },
      "properties": {
        "name_int": "Marrone",
        "name_de": "Marrone",
        "name": "Marrone",
        "subclass": "fast_food",
        "rank": 29,
        "class": "fast_food",
        "name:latin": "Marrone",
        "name_en": "Marrone",
        "source_layer": "poi",
        "source_tile": "https://tiles.openfreemap.org/planet/20261004_113936_pt/14/8852/6439.pbf"
      }
    },
    {
      "type": "Feature",
      "id": "poi:24716069881-0",
      "geometry": {
        "type": "Point",
        "coordinates": [
          14.511099457740784,
          35.897267944638955
        ]
      },
      "properties": {
        "name_int": "McDonald's",
        "name:ar": "ماكدونالدز",
        "name_de": "McDonald's",
        "name": "McDonald's",
        "subclass": "fast_food",
        "rank": 79,
        "class": "fast_food",
        "name:latin": "McDonald's",
        "name_en": "McDonald's",
        "source_layer": "poi",
        "source_tile": "https://tiles.openfreemap.org/planet/20261004_113936_pt/14/8852/6439.pbf"
      }
    },
    {
      "type": "Feature",
      "id": "poi:28030793331-0",
      "geometry": {
        "type": "Point",
        "coordinates": [
          14.512853622436523,
          35.89711150461358
        ]
      },
      "properties": {
        "name_int": "Ċettina Cafe",
        "name_de": "Ċettina Cafe",
        "name": "Ċettina Cafe",
        "subclass": "fast_food",
        "rank": 80,
        "class": "fast_food",
        "name:latin": "Ċettina Cafe",
        "name_en": "Ċettina Cafe",
        "source_layer": "poi",
        "source_tile": "https://tiles.openfreemap.org/planet/20261004_113936_pt/14/8852/6439.pbf"
      }
    },
    {
      "type": "Feature",
      "id": "poi:115918162791-0",
      "geometry": {
        "type": "Point",
        "coordinates": [
          14.511104822158813,
          35.89705501230621
        ]
      },
      "properties": {
        "name_int": "Champ Pastizzeria",
        "name_de": "Champ Pastizzeria",
        "name": "Champ Pastizzeria",
        "subclass": "fast_food",
        "rank": 82,
        "class": "fast_food",
        "name:latin": "Champ Pastizzeria",
        "name_en": "Champ Pastizzeria",
        "source_layer": "poi",
        "source_tile": "https://tiles.openfreemap.org/planet/20261004_113936_pt/14/8852/6439.pbf"
      }
    },
    {
      "type": "Feature",
      "id": "poi:136590306361-0",
      "geometry": {
        "type": "Point",
        "coordinates": [
          14.512043595314026,
          35.89659872680737
        ]
      },
      "properties": {
        "name_int": "Jeff's Pasizzeria",
        "name_de": "Jeff's Pasizzeria",
        "name": "Jeff's Pasizzeria",
        "subclass": "fast_food",
        "rank": 85,
        "class": "fast_food",
        "name:latin": "Jeff's Pasizzeria",
        "name_en": "Jeff's Pasizzeria",
        "source_layer": "poi",
        "source_tile": "https://tiles.openfreemap.org/planet/20261004_113936_pt/14/8852/6439.pbf"
      }
    },
    {
      "type": "Feature",
      "id": "poi:115819882711-0",
      "geometry": {
        "type": "Point",
        "coordinates": [
          14.513894319534302,
          35.89808490419283
        ]
      },
      "properties": {
        "name_int": "Eeetwell",
        "name_de": "Eeetwell",
        "name": "Eeetwell",
        "subclass": "fast_food",
        "rank": 35,
        "class": "fast_food",
        "name:latin": "Eeetwell",
        "name_en": "Eeetwell",
        "source_layer": "poi",
        "source_tile": "https://tiles.openfreemap.org/planet/20261004_113936_pt/14/8852/6439.pbf"
      }
    },
    {
      "type": "Feature",
      "id": "poi:107511386061-0",
      "geometry": {
        "type": "Point",
        "coordinates": [
          14.513357877731323,
          35.89744176652674
        ]
      },
      "properties": {
        "name_int": "Grano",
        "name_de": "Grano",
        "name": "Grano",
        "subclass": "fast_food",
        "rank": 19,
        "class": "fast_food",
        "name:latin": "Grano",
        "name_en": "Grano",
        "source_layer": "poi",
        "source_tile": "https://tiles.openfreemap.org/planet/20261004_113936_pt/14/8852/6439.pbf"
      }
    },
    {
      "type": "Feature",
      "id": "poi:119249376551-0",
      "geometry": {
        "type": "Point",
        "coordinates": [
          14.51293408870697,
          35.89834128869754
        ]
      },
      "properties": {
        "name_int": "Cost. Borg",
        "name_de": "Cost. Borg",
        "name": "Cost. Borg",
        "subclass": "clothes",
        "rank": 30,
        "class": "clothing_store",
        "name:latin": "Cost. Borg",
        "name_en": "Cost. Borg",
        "source_layer": "poi",
        "source_tile": "https://tiles.openfreemap.org/planet/20261004_113936_pt/14/8852/6439.pbf"
      }
    },
    {
      "type": "Feature",
      "id": "poi:119250212761-0",
      "geometry": {
        "type": "Point",
        "coordinates": [
          14.512821435928345,
          35.89815877777933
        ]
      },
      "properties": {
        "name_int": "Pull & Bear",
        "name_de": "Pull & Bear",
        "name": "Pull & Bear",
        "subclass": "clothes",
        "rank": 33,
        "class": "clothing_store",
        "name:latin": "Pull & Bear",
        "name_en": "Pull & Bear",
        "source_layer": "poi",
        "source_tile": "https://tiles.openfreemap.org/planet/20261004_113936_pt/14/8852/6439.pbf"
      }
    },
    {
      "type": "Feature",
      "id": "poi:119447546691-0",
      "geometry": {
        "type": "Point",
        "coordinates": [
          14.511078000068665,
          35.89812401374722
        ]
      },
      "properties": {
        "name_int": "The Vintage Collection",
        "name_de": "The Vintage Collection",
        "name": "The Vintage Collection",
        "subclass": "clothes",
        "rank": 34,
        "class": "clothing_store",
        "name:latin": "The Vintage Collection",
        "name_en": "The Vintage Collection",
        "source_layer": "poi",
        "source_tile": "https://tiles.openfreemap.org/planet/20261004_113936_pt/14/8852/6439.pbf"
      }
    },
    {
      "type": "Feature",
      "id": "poi:33542243891-0",
      "geometry": {
        "type": "Point",
        "coordinates": [
          14.512124061584473,
          35.89789370164873
        ]
      },
      "properties": {
        "name_int": "Celio",
        "name_de": "Celio",
        "name": "Celio",
        "subclass": "clothes",
        "rank": 87,
        "class": "clothing_store",
        "name:latin": "Celio",
        "name_en": "Celio",
        "source_layer": "poi",
        "source_tile": "https://tiles.openfreemap.org/planet/20261004_113936_pt/14/8852/6439.pbf"
      }
    },
    {
      "type": "Feature",
      "id": "poi:54684066211-0",
      "geometry": {
        "type": "Point",
        "coordinates": [
          14.51169490814209,
          35.897906738200504
        ]
      },
      "properties": {
        "name_int": "coppola",
        "name_de": "coppola",
        "name": "coppola",
        "subclass": "clothes",
        "rank": 89,
        "class": "clothing_store",
        "name:latin": "coppola",
        "name_en": "coppola",
        "source_layer": "poi",
        "source_tile": "https://tiles.openfreemap.org/planet/20261004_113936_pt/14/8852/6439.pbf"
      }
    },
    {
      "type": "Feature",
      "id": "poi:87523959441-0",
      "geometry": {
        "type": "Point",
        "coordinates": [
          14.512048959732056,
          35.89678993247941
        ]
      },
      "properties": {
        "name_int": "Levi's",
        "level": 0,
        "name_de": "Levi's",
        "name": "Levi's",
        "subclass": "clothes",
        "rank": 91,
        "class": "clothing_store",
        "name:latin": "Levi's",
        "name_en": "Levi's",
        "source_layer": "poi",
        "source_tile": "https://tiles.openfreemap.org/planet/20261004_113936_pt/14/8852/6439.pbf"
      }
    },
    {
      "type": "Feature",
      "id": "poi:87523959471-0",
      "geometry": {
        "type": "Point",
        "coordinates": [
          14.512140154838562,
          35.89662914592246
        ]
      },
      "properties": {
        "name_int": "Diesel",
        "level": 0,
        "name_de": "Diesel",
        "name": "Diesel",
        "subclass": "clothes",
        "rank": 92,
        "class": "clothing_store",
        "name:latin": "Diesel",
        "name_en": "Diesel",
        "source_layer": "poi",
        "source_tile": "https://tiles.openfreemap.org/planet/20261004_113936_pt/14/8852/6439.pbf"
      }
    },
    {
      "type": "Feature",
      "id": "poi:115918172521-0",
      "geometry": {
        "type": "Point",
        "coordinates": [
          14.510847330093384,
          35.896568307680596
        ]
      },
      "properties": {
        "name_int": "Next",
        "name_de": "Next",
        "name": "Next",
        "subclass": "clothes",
        "rank": 93,
        "class": "clothing_store",
        "name:latin": "Next",
        "name_en": "Next",
        "source_layer": "poi",
        "source_tile": "https://tiles.openfreemap.org/planet/20261004_113936_pt/14/8852/6439.pbf"
      }
    },
    {
      "type": "Feature",
      "id": "poi:115918325591-0",
      "geometry": {
        "type": "Point",
        "coordinates": [
          14.510997533798218,
          35.89659872680737
        ]
      },
      "properties": {
        "name_int": "orsay",
        "name_de": "orsay",
        "name": "orsay",
        "subclass": "clothes",
        "rank": 94,
        "class": "clothing_store",
        "name:latin": "orsay",
        "name_en": "orsay",
        "source_layer": "poi",
        "source_tile": "https://tiles.openfreemap.org/planet/20261004_113936_pt/14/8852/6439.pbf"
      }
    },
    {
      "type": "Feature",
      "id": "poi:131041488671-0",
      "geometry": {
        "type": "Point",
        "coordinates": [
          14.512735605239868,
          35.897068048996104
        ]
      },
      "properties": {
        "name_int": "Piccinino",
        "name_de": "Piccinino",
        "name": "Piccinino",
        "subclass": "clothes",
        "rank": 96,
        "class": "clothing_store",
        "name:latin": "Piccinino",
        "name_en": "Piccinino",
        "source_layer": "poi",
        "source_tile": "https://tiles.openfreemap.org/planet/20261004_113936_pt/14/8852/6439.pbf"
      }
    },
    {
      "type": "Feature",
      "id": "poi:136591094051-0",
      "geometry": {
        "type": "Point",
        "coordinates": [
          14.51194167137146,
          35.89668998411756
        ]
      },
      "properties": {
        "name_int": "Fred Perry",
        "name_de": "Fred Perry",
        "name": "Fred Perry",
        "subclass": "clothes",
        "rank": 97,
        "class": "clothing_store",
        "name:latin": "Fred Perry",
        "name_en": "Fred Perry",
        "source_layer": "poi",
        "source_tile": "https://tiles.openfreemap.org/planet/20261004_113936_pt/14/8852/6439.pbf"
      }
    },
    {
      "type": "Feature",
      "id": "poi:20832415061-0",
      "geometry": {
        "type": "Point",
        "coordinates": [
          14.513261318206787,
          35.89874541851884
        ]
      },
      "properties": {
        "name_int": "Guess",
        "name_de": "Guess",
        "name": "Guess",
        "subclass": "clothes",
        "rank": 38,
        "class": "clothing_store",
        "name:latin": "Guess",
        "name_en": "Guess",
        "source_layer": "poi",
        "source_tile": "https://tiles.openfreemap.org/planet/20261004_113936_pt/14/8852/6439.pbf"
      }
    },
    {
      "type": "Feature",
      "id": "poi:92025915361-0",
      "geometry": {
        "type": "Point",
        "coordinates": [
          14.513100385665894,
          35.89909740087563
        ]
      },
      "properties": {
        "name_int": "Pace's",
        "name_de": "Pace's",
        "name": "Pace's",
        "subclass": "clothes",
        "rank": 39,
        "class": "clothing_store",
        "name:latin": "Pace's",
        "name_en": "Pace's",
        "source_layer": "poi",
        "source_tile": "https://tiles.openfreemap.org/planet/20261004_113936_pt/14/8852/6439.pbf"
      }
    },
    {
      "type": "Feature",
      "id": "poi:119250003881-0",
      "geometry": {
        "type": "Point",
        "coordinates": [
          14.513395428657532,
          35.89805014012825
        ]
      },
      "properties": {
        "name_int": "Bice Boutique",
        "name_de": "Bice Boutique",
        "name": "Bice Boutique",
        "subclass": "clothes",
        "rank": 40,
        "class": "clothing_store",
        "name:latin": "Bice Boutique",
        "name_en": "Bice Boutique",
        "source_layer": "poi",
        "source_tile": "https://tiles.openfreemap.org/planet/20261004_113936_pt/14/8852/6439.pbf"
      }
    },
    {
      "type": "Feature",
      "id": "poi:42628634321-0",
      "geometry": {
        "type": "Point",
        "coordinates": [
          14.511609077453613,
          35.89840647106634
        ]
      },
      "properties": {
        "name_int": "Yard 32 Gin & Tapas Bar",
        "name_de": "Yard 32 Gin & Tapas Bar",
        "name": "Yard 32 Gin & Tapas Bar",
        "subclass": "bar",
        "rank": 38,
        "class": "bar",
        "name:latin": "Yard 32 Gin & Tapas Bar",
        "name_en": "Yard 32 Gin & Tapas Bar",
        "source_layer": "poi",
        "source_tile": "https://tiles.openfreemap.org/planet/20261004_113936_pt/14/8852/6439.pbf"
      }
    },
    {
      "type": "Feature",
      "id": "poi:71397296861-0",
      "geometry": {
        "type": "Point",
        "coordinates": [
          14.512494206428528,
          35.89891923716226
        ]
      },
      "properties": {
        "name_int": "Carcass",
        "name_de": "Carcass",
        "name": "Carcass",
        "subclass": "bar",
        "rank": 39,
        "class": "bar",
        "name:latin": "Carcass",
        "name_en": "Carcass",
        "source_layer": "poi",
        "source_tile": "https://tiles.openfreemap.org/planet/20261004_113936_pt/14/8852/6439.pbf"
      }
    },
    {
      "type": "Feature",
      "id": "poi:44467264891-0",
      "geometry": {
        "type": "Point",
        "coordinates": [
          14.512858986854553,
          35.89666825619608
        ]
      },
      "properties": {
        "name_int": "Route 88",
        "name_de": "Route 88",
        "name": "Route 88",
        "subclass": "bar",
        "rank": 98,
        "class": "bar",
        "name:latin": "Route 88",
        "name_en": "Route 88",
        "source_layer": "poi",
        "source_tile": "https://tiles.openfreemap.org/planet/20261004_113936_pt/14/8852/6439.pbf"
      }
    },
    {
      "type": "Feature",
      "id": "poi:119249922231-0",
      "geometry": {
        "type": "Point",
        "coordinates": [
          14.512993097305298,
          35.898380398125255
        ]
      },
      "properties": {
        "name_int": "Kingsway",
        "name_de": "Kingsway",
        "name": "Kingsway",
        "subclass": "bar",
        "rank": 47,
        "class": "bar",
        "name:latin": "Kingsway",
        "name_en": "Kingsway",
        "source_layer": "poi",
        "source_tile": "https://tiles.openfreemap.org/planet/20261004_113936_pt/14/8852/6439.pbf"
      }
    },
    {
      "type": "Feature",
      "id": "poi:119250001801-0",
      "geometry": {
        "type": "Point",
        "coordinates": [
          14.512987732887268,
          35.897993648490754
        ]
      },
      "properties": {
        "name_int": "Ellul",
        "name_de": "Ellul",
        "name": "Ellul",
        "subclass": "bar",
        "rank": 48,
        "class": "bar",
        "name:latin": "Ellul",
        "name_en": "Ellul",
        "source_layer": "poi",
        "source_tile": "https://tiles.openfreemap.org/planet/20261004_113936_pt/14/8852/6439.pbf"
      }
    },
    {
      "type": "Feature",
      "id": "poi:44873870891-0",
      "geometry": {
        "type": "Point",
        "coordinates": [
          14.513636827468872,
          35.89761558803285
        ]
      },
      "properties": {
        "name_int": "No. 43",
        "name_de": "No. 43",
        "name": "No. 43",
        "subclass": "bar",
        "rank": 22,
        "class": "bar",
        "name:latin": "No. 43",
        "name_en": "No. 43",
        "source_layer": "poi",
        "source_tile": "https://tiles.openfreemap.org/planet/20261004_113936_pt/14/8852/6439.pbf"
      }
    },
    {
      "type": "Feature",
      "id": "poi:56484619251-0",
      "geometry": {
        "type": "Point",
        "coordinates": [
          14.513030648231506,
          35.89649443260977
        ]
      },
      "properties": {
        "name_int": "Café Society",
        "name_de": "Café Society",
        "name": "Café Society",
        "subclass": "bar",
        "rank": 23,
        "class": "bar",
        "name:latin": "Café Society",
        "name_en": "Café Society",
        "source_layer": "poi",
        "source_tile": "https://tiles.openfreemap.org/planet/20261004_113936_pt/14/8852/6439.pbf"
      }
    },
    {
      "type": "Feature",
      "id": "poi:65947230851-0",
      "geometry": {
        "type": "Point",
        "coordinates": [
          14.513583183288574,
          35.89775029943756
        ]
      },
      "properties": {
        "name_int": "La Bottega",
        "name_de": "Bottega",
        "name": "Bottega",
        "subclass": "bar",
        "rank": 24,
        "name:en": "La Bottega",
        "class": "bar",
        "name:latin": "Bottega",
        "name_en": "La Bottega",
        "source_layer": "poi",
        "source_tile": "https://tiles.openfreemap.org/planet/20261004_113936_pt/14/8852/6439.pbf"
      }
    },
    {
      "type": "Feature",
      "id": "poi:67200684871-0",
      "geometry": {
        "type": "Point",
        "coordinates": [
          14.513513445854187,
          35.89773291733371
        ]
      },
      "properties": {
        "name_int": "La Bottega",
        "name_de": "La Bottega",
        "name": "La Bottega",
        "subclass": "bar",
        "rank": 25,
        "class": "bar",
        "name:latin": "La Bottega",
        "name_en": "La Bottega",
        "source_layer": "poi",
        "source_tile": "https://tiles.openfreemap.org/planet/20261004_113936_pt/14/8852/6439.pbf"
      }
    },
    {
      "type": "Feature",
      "id": "poi:126931110011-0",
      "geometry": {
        "type": "Point",
        "coordinates": [
          14.513234496116638,
          35.89642924866651
        ]
      },
      "properties": {
        "name_int": "Da Gino",
        "name_de": "Da Gino",
        "name": "Da Gino",
        "subclass": "bar",
        "rank": 26,
        "class": "bar",
        "name:latin": "Da Gino",
        "name_en": "Da Gino",
        "source_layer": "poi",
        "source_tile": "https://tiles.openfreemap.org/planet/20261004_113936_pt/14/8852/6439.pbf"
      }
    },
    {
      "type": "Feature",
      "id": "poi:3696630571-0",
      "geometry": {
        "type": "Point",
        "coordinates": [
          14.512107968330383,
          35.898862746145014
        ]
      },
      "properties": {
        "name_int": "Café Jubilee",
        "name_de": "Café Jubilee",
        "name": "Café Jubilee",
        "subclass": "cafe",
        "rank": 53,
        "class": "cafe",
        "name:latin": "Café Jubilee",
        "name_en": "Café Jubilee",
        "source_layer": "poi",
        "source_tile": "https://tiles.openfreemap.org/planet/20261004_113936_pt/14/8852/6439.pbf"
      }
    },
    {
      "type": "Feature",
      "id": "poi:8374378441-0",
      "geometry": {
        "type": "Point",
        "coordinates": [
          14.512397646903992,
          35.898588981413425
        ]
      },
      "properties": {
        "name_int": "Embassy Cinemas",
        "name:de": "Embassy Cinema",
        "name_de": "Embassy Cinemas",
        "name": "Embassy Cinemas",
        "subclass": "cinema",
        "name:fr": "Embassy Cinema",
        "rank": 58,
        "name:en": "Embassy Cinema",
        "class": "cinema",
        "name:latin": "Embassy Cinemas",
        "name_en": "Embassy Cinemas",
        "source_layer": "poi",
        "source_tile": "https://tiles.openfreemap.org/planet/20261004_113936_pt/14/8852/6439.pbf"
      }
    },
    {
      "type": "Feature",
      "id": "poi:31389866541-0",
      "geometry": {
        "type": "Point",
        "coordinates": [
          14.512344002723694,
          35.89862809071876
        ]
      },
      "properties": {
        "name_int": "Costa",
        "name_de": "Costa",
        "name": "Costa",
        "subclass": "cafe",
        "rank": 65,
        "class": "cafe",
        "name:latin": "Costa",
        "name_en": "Costa",
        "source_layer": "poi",
        "source_tile": "https://tiles.openfreemap.org/planet/20261004_113936_pt/14/8852/6439.pbf"
      }
    },
    {
      "type": "Feature",
      "id": "poi:32233572891-0",
      "geometry": {
        "type": "Point",
        "coordinates": [
          14.511110186576843,
          35.89870196379836
        ]
      },
      "properties": {
        "name_int": "Guze Bistro",
        "name_de": "Guze Bistro",
        "name": "Guze Bistro",
        "subclass": "restaurant",
        "rank": 66,
        "class": "restaurant",
        "name:latin": "Guze Bistro",
        "name_en": "Guze Bistro",
        "source_layer": "poi",
        "source_tile": "https://tiles.openfreemap.org/planet/20261004_113936_pt/14/8852/6439.pbf"
      }
    },
    {
      "type": "Feature",
      "id": "poi:32572223881-0",
      "geometry": {
        "type": "Point",
        "coordinates": [
          14.512767791748047,
          35.89908001906758
        ]
      },
      "properties": {
        "name_int": "Papannis",
        "name_de": "Papannis",
        "name": "Papannis",
        "subclass": "restaurant",
        "rank": 68,
        "class": "restaurant",
        "name:latin": "Papannis",
        "name_en": "Papannis",
        "source_layer": "poi",
        "source_tile": "https://tiles.openfreemap.org/planet/20261004_113936_pt/14/8852/6439.pbf"
      }
    },
    {
      "type": "Feature",
      "id": "poi:33542243911-0",
      "geometry": {
        "type": "Point",
        "coordinates": [
          14.51144278049469,
          35.8981935417962
        ]
      },
      "properties": {
        "name_int": "Stretto",
        "name_de": "Stretto",
        "name": "Stretto",
        "subclass": "restaurant",
        "rank": 70,
        "class": "restaurant",
        "name:latin": "Stretto",
        "name_en": "Stretto",
        "source_layer": "poi",
        "source_tile": "https://tiles.openfreemap.org/planet/20261004_113936_pt/14/8852/6439.pbf"
      }
    },
    {
      "type": "Feature",
      "id": "poi:49102436231-0",
      "geometry": {
        "type": "Point",
        "coordinates": [
          14.512279629707336,
          35.89878018227806
        ]
      },
      "properties": {
        "name_int": "Palazzo Preca Restaurant",
        "name_de": "Palazzo Preca Restaurant",
        "name": "Palazzo Preca Restaurant",
        "subclass": "restaurant",
        "rank": 75,
        "name:en": "Palazzo Preca Restaurant",
        "class": "restaurant",
        "name:latin": "Palazzo Preca Restaurant",
        "name_en": "Palazzo Preca Restaurant",
        "source_layer": "poi",
        "source_tile": "https://tiles.openfreemap.org/planet/20261004_113936_pt/14/8852/6439.pbf"
      }
    },
    {
      "type": "Feature",
      "id": "poi:56087452591-0",
      "geometry": {
        "type": "Point",
        "coordinates": [
          14.51168417930603,
          35.898145741269076
        ]
      },
      "properties": {
        "name_int": "D'Amato Records",
        "name_de": "D'Amato Records",
        "name": "D'Amato Records",
        "subclass": "music",
        "rank": 80,
        "class": "music",
        "name:latin": "D'Amato Records",
        "name_en": "D'Amato Records",
        "source_layer": "poi",
        "source_tile": "https://tiles.openfreemap.org/planet/20261004_113936_pt/14/8852/6439.pbf"
      }
    },
    {
      "type": "Feature",
      "id": "poi:89387842171-0",
      "geometry": {
        "type": "Point",
        "coordinates": [
          14.51119601726532,
          35.898558563051466
        ]
      },
      "properties": {
        "name_int": "J’Oli",
        "name_de": "J’Oli",
        "name": "J’Oli",
        "subclass": "restaurant",
        "rank": 91,
        "class": "restaurant",
        "name:latin": "J’Oli",
        "name_en": "J’Oli",
        "source_layer": "poi",
        "source_tile": "https://tiles.openfreemap.org/planet/20261004_113936_pt/14/8852/6439.pbf"
      }
    },
    {
      "type": "Feature",
      "id": "poi:97900496501-0",
      "geometry": {
        "type": "Point",
        "coordinates": [
          14.512596130371094,
          35.89901483725343
        ]
      },
      "properties": {
        "name_int": "Grand Central Strait Street",
        "name_de": "Grand Central Strait Street",
        "name": "Grand Central Strait Street",
        "subclass": "coworking",
        "rank": 93,
        "class": "office",
        "name:latin": "Grand Central Strait Street",
        "name_en": "Grand Central Strait Street",
        "source_layer": "poi",
        "source_tile": "https://tiles.openfreemap.org/planet/20261004_113936_pt/14/8852/6439.pbf"
      }
    },
    {
      "type": "Feature",
      "id": "poi:115819306061-0",
      "geometry": {
        "type": "Point",
        "coordinates": [
          14.512381553649902,
          35.898775836808994
        ]
      },
      "properties": {
        "name_int": "The Embassy",
        "name_de": "The Embassy",
        "name": "The Embassy",
        "subclass": "hotel",
        "rank": 99,
        "class": "lodging",
        "name:latin": "The Embassy",
        "name_en": "The Embassy",
        "source_layer": "poi",
        "source_tile": "https://tiles.openfreemap.org/planet/20261004_113936_pt/14/8852/6439.pbf"
      }
    },
    {
      "type": "Feature",
      "id": "poi:119248521661-0",
      "geometry": {
        "type": "Point",
        "coordinates": [
          14.512129426002502,
          35.89804579461911
        ]
      },
      "properties": {
        "name_int": "Café Capitolino",
        "name_de": "Café Capitolino",
        "name": "Café Capitolino",
        "subclass": "cafe",
        "rank": 100,
        "class": "cafe",
        "name:latin": "Café Capitolino",
        "name_en": "Café Capitolino",
        "source_layer": "poi",
        "source_tile": "https://tiles.openfreemap.org/planet/20261004_113936_pt/14/8852/6439.pbf"
      }
    },
    {
      "type": "Feature",
      "id": "poi:119249376541-0",
      "geometry": {
        "type": "Point",
        "coordinates": [
          14.512826800346375,
          35.898271760778314
        ]
      },
      "properties": {
        "name_int": "yolē",
        "name_de": "yolē",
        "name": "yolē",
        "subclass": "ice_cream",
        "rank": 102,
        "class": "ice_cream",
        "name:latin": "yolē",
        "name_en": "yolē",
        "source_layer": "poi",
        "source_tile": "https://tiles.openfreemap.org/planet/20261004_113936_pt/14/8852/6439.pbf"
      }
    },
    {
      "type": "Feature",
      "id": "poi:119249590391-0",
      "geometry": {
        "type": "Point",
        "coordinates": [
          14.512022137641907,
          35.89898876451275
        ]
      },
      "properties": {
        "name_int": "Whynot?",
        "name_de": "Whynot?",
        "name": "Whynot?",
        "subclass": "restaurant",
        "rank": 104,
        "class": "restaurant",
        "name:latin": "Whynot?",
        "name_en": "Whynot?",
        "source_layer": "poi",
        "source_tile": "https://tiles.openfreemap.org/planet/20261004_113936_pt/14/8852/6439.pbf"
      }
    },
    {
      "type": "Feature",
      "id": "poi:119249870941-0",
      "geometry": {
        "type": "Point",
        "coordinates": [
          14.512070417404175,
          35.898910546239165
        ]
      },
      "properties": {
        "name_int": "Anniel Mas's Wine Bar",
        "name_de": "Anniel Mas's Wine Bar",
        "name": "Anniel Mas's Wine Bar",
        "subclass": "wine",
        "rank": 106,
        "class": "alcohol_shop",
        "name:latin": "Anniel Mas's Wine Bar",
        "name_en": "Anniel Mas's Wine Bar",
        "source_layer": "poi",
        "source_tile": "https://tiles.openfreemap.org/planet/20261004_113936_pt/14/8852/6439.pbf"
      }
    },
    {
      "type": "Feature",
      "id": "poi:129720682011-0",
      "geometry": {
        "type": "Point",
        "coordinates": [
          14.512295722961426,
          35.89866720000478
        ]
      },
      "properties": {
        "name_int": "AKI",
        "name_de": "AKI",
        "name": "AKI",
        "subclass": "restaurant",
        "rank": 108,
        "class": "restaurant",
        "name:latin": "AKI",
        "name_en": "AKI",
        "source_layer": "poi",
        "source_tile": "https://tiles.openfreemap.org/planet/20261004_113936_pt/14/8852/6439.pbf"
      }
    },
    {
      "type": "Feature",
      "id": "poi:132369106511-0",
      "geometry": {
        "type": "Point",
        "coordinates": [
          14.51242983341217,
          35.8987193456894
        ]
      },
      "properties": {
        "name_int": "The Embassy Rooftop",
        "level": 7,
        "name_de": "The Embassy Rooftop",
        "name": "The Embassy Rooftop",
        "subclass": "restaurant",
        "rank": 110,
        "class": "restaurant",
        "name:latin": "The Embassy Rooftop",
        "name_en": "The Embassy Rooftop",
        "source_layer": "poi",
        "source_tile": "https://tiles.openfreemap.org/planet/20261004_113936_pt/14/8852/6439.pbf"
      }
    },
    {
      "type": "Feature",
      "id": "poi:132369106521-0",
      "geometry": {
        "type": "Point",
        "coordinates": [
          14.512263536453247,
          35.89871500021701
        ]
      },
      "properties": {
        "name_int": "Aki",
        "name_de": "Aki",
        "name": "Aki",
        "subclass": "restaurant",
        "rank": 111,
        "class": "restaurant",
        "name:latin": "Aki",
        "name_en": "Aki",
        "source_layer": "poi",
        "source_tile": "https://tiles.openfreemap.org/planet/20261004_113936_pt/14/8852/6439.pbf"
      }
    },
    {
      "type": "Feature",
      "id": "poi:132369106531-0",
      "geometry": {
        "type": "Point",
        "coordinates": [
          14.511904120445251,
          35.89860636332931
        ]
      },
      "properties": {
        "name_int": "The Little Cucina",
        "name_de": "The Little Cucina",
        "name": "The Little Cucina",
        "subclass": "restaurant",
        "rank": 112,
        "class": "restaurant",
        "name:latin": "The Little Cucina",
        "name_en": "The Little Cucina",
        "source_layer": "poi",
        "source_tile": "https://tiles.openfreemap.org/planet/20261004_113936_pt/14/8852/6439.pbf"
      }
    },
    {
      "type": "Feature",
      "id": "poi:132369106551-0",
      "geometry": {
        "type": "Point",
        "coordinates": [
          14.511142373085022,
          35.89816312328229
        ]
      },
      "properties": {
        "name_int": "Law Commission",
        "name:mt": "Kummissjoni tal-Liġijiet",
        "name_de": "Kummissjoni tal-Liġijiet",
        "name": "Kummissjoni tal-Liġijiet",
        "subclass": "government",
        "rank": 113,
        "name:en": "Law Commission",
        "class": "office",
        "name:latin": "Kummissjoni tal-Liġijiet",
        "name_en": "Law Commission",
        "source_layer": "poi",
        "source_tile": "https://tiles.openfreemap.org/planet/20261004_113936_pt/14/8852/6439.pbf"
      }
    },
    {
      "type": "Feature",
      "id": "poi:140808889021-0",
      "geometry": {
        "type": "Point",
        "coordinates": [
          14.511909484863281,
          35.898980073597286
        ]
      },
      "properties": {
        "name_int": "Five Beans Valetta",
        "name_de": "Five Beans Valetta",
        "name": "Five Beans Valetta",
        "subclass": "cafe",
        "rank": 115,
        "class": "cafe",
        "name:latin": "Five Beans Valetta",
        "name_en": "Five Beans Valetta",
        "source_layer": "poi",
        "source_tile": "https://tiles.openfreemap.org/planet/20261004_113936_pt/14/8852/6439.pbf"
      }
    },
    {
      "type": "Feature",
      "id": "poi:233528292-0",
      "geometry": {
        "type": "Point",
        "coordinates": [
          14.512628316879272,
          35.89769380758608
        ]
      },
      "properties": {
        "name_int": "Saint John's Co-Cathedral",
        "name:hy": "Սուրբ Հովհաննես տաճար (Վալետա)",
        "name:sk": "Konkatedrála svätého Jána (Valletta)",
        "name:ka": "წმინდა იოანეს საკათედრო ტაძარი",
        "name:uk": "Собор Святого Іоанна",
        "name:id": "Ko-Katedral Santo Yohanes",
        "name:sl": "sostolnica sv. Janeza",
        "name:ca": "Cocatedral de Sant Joan",
        "name:el": "Συγκαθεδρικός Ναός Αγίου Ιωάννη",
        "name:mt": "Kon-Katidral ta' San Ġwann",
        "name_de": "Co-Kathedrale St. Johannes",
        "name:it": "Concattedrale di San Giovanni",
        "rank": 106,
        "name:en": "Saint John's Co-Cathedral",
        "name:eo": "Kunkatedralo de Sankta Johano",
        "class": "place_of_worship",
        "name:cs": "katedrála svatého Jana ve Valetě",
        "name:eu": "San Joanen kokatedrala (Valletta)",
        "name:es": "Concatedral de San Juan",
        "name:latin": "Kon-Katidral ta' San Ġwann",
        "name:zh": "圣若望副主教座堂",
        "name:th": "อาสนวิหารร่วมนักบุญยอห์น",
        "name:ar": "كاتدرائية القديس يوحنا",
        "name:ja": "聖ヨハネ准司教座聖堂",
        "name:cy": "Cyd-Gadeirlan Sant Ioan",
        "name:fa": "کلیسای جامع سنت جان، والتا",
        "name:pl": "Konkatedra świętego Jana w Valletcie",
        "name:az": "Müqəddəs İohann Katedralı (Valletta)",
        "name:da": "St John's Co-Cathedral",
        "name:he": "קתדרלת יוחנן הקדוש",
        "name:ro": "Catedrala catolică „Sf. Ioan”",
        "name:nl": "Sint-Janscokathedraal",
        "name:tr": "Aziz John Eş Katedrali",
        "name:ru": "Церковь Святого Джона",
        "name:pt": "Co-Catedral de São João",
        "name:de": "Co-Kathedrale St. Johannes",
        "name:lt": "Valetos Šv. Jono katedra",
        "name:bg": "Свети Йоан Кръстител",
        "name": "Kon-Katidral ta' San Ġwann",
        "subclass": "christian",
        "name:fr": "co-cathédrale Saint-Jean",
        "name:lv": "Svētā Jāņa katedrāle",
        "name:hu": "Szent János-társkatedrális",
        "name_en": "Saint John's Co-Cathedral",
        "source_layer": "poi",
        "source_tile": "https://tiles.openfreemap.org/planet/20261004_113936_pt/14/8852/6439.pbf"
      }
    },
    {
      "type": "Feature",
      "id": "poi:275779492-0",
      "geometry": {
        "type": "Point",
        "coordinates": [
          14.5126873254776,
          35.89734616453569
        ]
      },
      "properties": {
        "name_int": "Cathedral Museum",
        "name:ar": "متحف الكاتدرائية",
        "name:id": "Museum Co-Cathedral St John",
        "name:pl": "Muzeum Katedralne",
        "name:de": "St John's Co-Cathedral Museum",
        "name:mt": "Mużew tal-Katidral",
        "name_de": "Cathedral Museum",
        "name": "Cathedral Museum",
        "subclass": "museum",
        "rank": 108,
        "name:en": "Cathedral Museum",
        "class": "museum",
        "name:latin": "Cathedral Museum",
        "name_en": "Cathedral Museum",
        "source_layer": "poi",
        "source_tile": "https://tiles.openfreemap.org/planet/20261004_113936_pt/14/8852/6439.pbf"
      }
    },
    {
      "type": "Feature",
      "id": "poi:312331152-0",
      "geometry": {
        "type": "Point",
        "coordinates": [
          14.51119601726532,
          35.89753736840234
        ]
      },
      "properties": {
        "name_int": "National Museum of Archaeology",
        "name:hy": "Մալթայի ազգային հնագիտության թանգարան",
        "name:ka": "არქეოლოგიის ეროვნული მუზეუმი (მალტა)",
        "name:uk": "Національний музей археології (Мальта)",
        "name:id": "Museum Arkeologi Nasional",
        "name:ca": "Museu Arqueològic Nacional",
        "name:sv": "Arkeologiska nationalmuseet",
        "name:mt": "Mużew Nazzjonali tal-Arkeoloġija",
        "name_de": "National Museum of Archaeology",
        "name:it": "Museo Nazionale di Archeologia della Valletta",
        "rank": 110,
        "name:en": "National Museum of Archaeology",
        "name:eo": "Nacia Muzeo de Arkeologio",
        "class": "museum",
        "name:es": "Museo Arqueológico Nacional",
        "name:latin": "National Museum of Archaeology",
        "name:zh": "马耳他国家考古博物馆",
        "name:ja": "マルタ国立考古学博物館",
        "level": 0,
        "name:pl": "Narodowe Muzeum Archeologiczne",
        "name:he": "המוזיאון הארכאולוגי הלאומי",
        "name:nl": "Maltees Nationaal Archeologisch Museum",
        "name:fi": "Maltan kansallinen arkeologian museo",
        "name:ru": "Национальный музей археологии Мальты",
        "name:de": "Archäologisches Nationalmuseum, Malta",
        "name:bg": "Национален археологически музей (Малта)",
        "name": "National Museum of Archaeology",
        "subclass": "museum",
        "name:fr": "musée archéologique de Malte",
        "name_en": "National Museum of Archaeology",
        "source_layer": "poi",
        "source_tile": "https://tiles.openfreemap.org/planet/20261004_113936_pt/14/8852/6439.pbf"
      }
    },
    {
      "type": "Feature",
      "id": "poi:1410546782-0",
      "geometry": {
        "type": "Point",
        "coordinates": [
          14.51170027256012,
          35.89666825619608
        ]
      },
      "properties": {
        "name_int": "Church of Saint James",
        "name:pl": "Kościół św. Jakuba w Valletcie",
        "name:pt": "Igreja de Santiago",
        "name:mt": "Il-Knisja ta' San Ġakbu",
        "name_de": "Il-Knisja ta' San Ġakbu",
        "name": "Il-Knisja ta' San Ġakbu",
        "subclass": "christian",
        "rank": 115,
        "name:en": "Church of Saint James",
        "class": "place_of_worship",
        "name:es": "Iglesia de Santiago",
        "name:latin": "Il-Knisja ta' San Ġakbu",
        "name_en": "Church of Saint James",
        "source_layer": "poi",
        "source_tile": "https://tiles.openfreemap.org/planet/20261004_113936_pt/14/8852/6439.pbf"
      }
    },
    {
      "type": "Feature",
      "id": "poi:3872118651-0",
      "geometry": {
        "type": "Point",
        "coordinates": [
          14.512740969657898,
          35.89678124132253
        ]
      },
      "properties": {
        "name_int": "Dolceria Croce Bonaci",
        "name_de": "Dolceria Croce Bonaci",
        "name": "Dolceria Croce Bonaci",
        "subclass": "cafe",
        "rank": 119,
        "class": "cafe",
        "name:latin": "Dolceria Croce Bonaci",
        "name_en": "Dolceria Croce Bonaci",
        "source_layer": "poi",
        "source_tile": "https://tiles.openfreemap.org/planet/20261004_113936_pt/14/8852/6439.pbf"
      }
    },
    {
      "type": "Feature",
      "id": "poi:12765390181-0",
      "geometry": {
        "type": "Point",
        "coordinates": [
          14.511507153511047,
          35.89644663105662
        ]
      },
      "properties": {
        "name_int": "Malta Tourism Authority",
        "name_de": "Malta Tourism Authority",
        "name": "Malta Tourism Authority",
        "subclass": "office",
        "rank": 125,
        "class": "information",
        "name:latin": "Malta Tourism Authority",
        "name_en": "Malta Tourism Authority",
        "source_layer": "poi",
        "source_tile": "https://tiles.openfreemap.org/planet/20261004_113936_pt/14/8852/6439.pbf"
      }
    },
    {
      "type": "Feature",
      "id": "poi:14281076541-0",
      "geometry": {
        "type": "Point",
        "coordinates": [
          14.51217770576477,
          35.897811136771
        ]
      },
      "properties": {
        "name_int": "Kantina",
        "name_de": "Kantina",
        "name": "Kantina",
        "subclass": "restaurant",
        "rank": 128,
        "class": "restaurant",
        "name:latin": "Kantina",
        "name_en": "Kantina",
        "source_layer": "poi",
        "source_tile": "https://tiles.openfreemap.org/planet/20261004_113936_pt/14/8852/6439.pbf"
      }
    },
    {
      "type": "Feature",
      "id": "poi:24714032431-0",
      "geometry": {
        "type": "Point",
        "coordinates": [
          14.511984586715698,
          35.89743742098419
        ]
      },
      "properties": {
        "name_int": "San Giovanni",
        "name_de": "San Giovanni",
        "name": "San Giovanni",
        "subclass": "restaurant",
        "rank": 133,
        "class": "restaurant",
        "name:latin": "San Giovanni",
        "name_en": "San Giovanni",
        "source_layer": "poi",
        "source_tile": "https://tiles.openfreemap.org/planet/20261004_113936_pt/14/8852/6439.pbf"
      }
    },
    {
      "type": "Feature",
      "id": "poi:24716129701-0",
      "geometry": {
        "type": "Point",
        "coordinates": [
          14.511716365814209,
          35.897798100203474
        ]
      },
      "properties": {
        "name_int": "King's Own Band Club Bar & Restaurant",
        "name_de": "King's Own Band Club Bar & Restaurant",
        "name": "King's Own Band Club Bar & Restaurant",
        "subclass": "restaurant",
        "rank": 135,
        "class": "restaurant",
        "name:latin": "King's Own Band Club Bar & Restaurant",
        "name_en": "King's Own Band Club Bar & Restaurant",
        "source_layer": "poi",
        "source_tile": "https://tiles.openfreemap.org/planet/20261004_113936_pt/14/8852/6439.pbf"
      }
    },
    {
      "type": "Feature",
      "id": "poi:24716160581-0",
      "geometry": {
        "type": "Point",
        "coordinates": [
          14.512783885002136,
          35.89700286552517
        ]
      },
      "properties": {
        "name_int": "Luciano Valletta Boutique",
        "name_de": "Luciano Valletta Boutique",
        "name": "Luciano Valletta Boutique",
        "subclass": "hotel",
        "rank": 136,
        "name:en": "Luciano Valletta Boutique",
        "class": "lodging",
        "name:latin": "Luciano Valletta Boutique",
        "name_en": "Luciano Valletta Boutique",
        "source_layer": "poi",
        "source_tile": "https://tiles.openfreemap.org/planet/20261004_113936_pt/14/8852/6439.pbf"
      }
    },
    {
      "type": "Feature",
      "id": "poi:28030793341-0",
      "geometry": {
        "type": "Point",
        "coordinates": [
          14.510981440544128,
          35.8971810335519
        ]
      },
      "properties": {
        "name_int": "Chemimart Pharmacy",
        "name_de": "Chemimart Pharmacy",
        "name": "Chemimart Pharmacy",
        "subclass": "pharmacy",
        "rank": 137,
        "class": "pharmacy",
        "name:latin": "Chemimart Pharmacy",
        "name_en": "Chemimart Pharmacy",
        "source_layer": "poi",
        "source_tile": "https://tiles.openfreemap.org/planet/20261004_113936_pt/14/8852/6439.pbf"
      }
    },
    {
      "type": "Feature",
      "id": "poi:33542243841-0",
      "geometry": {
        "type": "Point",
        "coordinates": [
          14.512043595314026,
          35.89781548229301
        ]
      },
      "properties": {
        "name_int": "Cafes Malta",
        "name_de": "Cafes Malta",
        "name": "Cafes Malta",
        "subclass": "cafe",
        "rank": 140,
        "class": "cafe",
        "name:latin": "Cafes Malta",
        "name_en": "Cafes Malta",
        "source_layer": "poi",
        "source_tile": "https://tiles.openfreemap.org/planet/20261004_113936_pt/14/8852/6439.pbf"
      }
    },
    {
      "type": "Feature",
      "id": "poi:33573611281-0",
      "geometry": {
        "type": "Point",
        "coordinates": [
          14.51170563697815,
          35.89762427909815
        ]
      },
      "properties": {
        "name_int": "Ranieri",
        "name_de": "Ranieri",
        "name": "Ranieri",
        "subclass": "restaurant",
        "rank": 142,
        "name:en": "Ranieri",
        "class": "restaurant",
        "name:latin": "Ranieri",
        "name_en": "Ranieri",
        "source_layer": "poi",
        "source_tile": "https://tiles.openfreemap.org/planet/20261004_113936_pt/14/8852/6439.pbf"
      }
    },
    {
      "type": "Feature",
      "id": "poi:41945115891-0",
      "geometry": {
        "type": "Point",
        "coordinates": [
          14.511517882347107,
          35.89748956747897
        ]
      },
      "properties": {
        "name_int": "Amorino",
        "name_de": "Amorino",
        "name": "Amorino",
        "subclass": "ice_cream",
        "rank": 147,
        "class": "ice_cream",
        "name:latin": "Amorino",
        "name_en": "Amorino",
        "source_layer": "poi",
        "source_tile": "https://tiles.openfreemap.org/planet/20261004_113936_pt/14/8852/6439.pbf"
      }
    },
    {
      "type": "Feature",
      "id": "poi:50969960211-0",
      "geometry": {
        "type": "Point",
        "coordinates": [
          14.511587619781494,
          35.896516160578955
        ]
      },
      "properties": {
        "name_int": "Museum Cafe",
        "name_de": "Museum Cafe",
        "name": "Museum Cafe",
        "subclass": "cafe",
        "rank": 148,
        "class": "cafe",
        "name:latin": "Museum Cafe",
        "name_en": "Museum Cafe",
        "source_layer": "poi",
        "source_tile": "https://tiles.openfreemap.org/planet/20261004_113936_pt/14/8852/6439.pbf"
      }
    },
    {
      "type": "Feature",
      "id": "poi:50970732461-0",
      "geometry": {
        "type": "Point",
        "coordinates": [
          14.511614441871643,
          35.89702893891997
        ]
      },
      "properties": {
        "name_int": "Reno's Caffe",
        "name_de": "Reno's Caffe",
        "name": "Reno's Caffe",
        "subclass": "cafe",
        "rank": 149,
        "class": "cafe",
        "name:latin": "Reno's Caffe",
        "name_en": "Reno's Caffe",
        "source_layer": "poi",
        "source_tile": "https://tiles.openfreemap.org/planet/20261004_113936_pt/14/8852/6439.pbf"
      }
    },
    {
      "type": "Feature",
      "id": "poi:62208431871-0",
      "geometry": {
        "type": "Point",
        "coordinates": [
          14.511260390281677,
          35.89629453501365
        ]
      },
      "properties": {
        "name_int": "MUŻA - National Art Museum",
        "name_de": "MUŻA - Mużew Nazzjonali tal-Arti",
        "name": "MUŻA - Mużew Nazzjonali tal-Arti",
        "name:it": "MUŻA - Museo Nazionale d'Arte",
        "subclass": "museum",
        "rank": 156,
        "name:en": "MUŻA - National Art Museum",
        "class": "museum",
        "name:es": "MUŻA - Museo Nacional de Arte",
        "name:latin": "MUŻA - Mużew Nazzjonali tal-Arti",
        "name_en": "MUŻA - National Art Museum",
        "source_layer": "poi",
        "source_tile": "https://tiles.openfreemap.org/planet/20261004_113936_pt/14/8852/6439.pbf"
      }
    },
    {
      "type": "Feature",
      "id": "poi:67629095451-0",
      "geometry": {
        "type": "Point",
        "coordinates": [
          14.512140154838562,
          35.89720276133262
        ]
      },
      "properties": {
        "name_int": "Café Caravaggio",
        "name_de": "Café Caravaggio",
        "name": "Café Caravaggio",
        "subclass": "restaurant",
        "rank": 157,
        "class": "restaurant",
        "name:latin": "Café Caravaggio",
        "name_en": "Café Caravaggio",
        "source_layer": "poi",
        "source_tile": "https://tiles.openfreemap.org/planet/20261004_113936_pt/14/8852/6439.pbf"
      }
    },
    {
      "type": "Feature",
      "id": "poi:76337140141-0",
      "geometry": {
        "type": "Point",
        "coordinates": [
          14.510863423347473,
          35.8966248003353
        ]
      },
      "properties": {
        "name_int": "Consulate General of Switzerland in Valletta",
        "name_de": "Consulate General of Switzerland in Valletta",
        "name": "Consulate General of Switzerland in Valletta",
        "subclass": "diplomatic",
        "rank": 163,
        "class": "office",
        "name:latin": "Consulate General of Switzerland in Valletta",
        "name_en": "Consulate General of Switzerland in Valletta",
        "source_layer": "poi",
        "source_tile": "https://tiles.openfreemap.org/planet/20261004_113936_pt/14/8852/6439.pbf"
      }
    },
    {
      "type": "Feature",
      "id": "poi:85006901171-0",
      "geometry": {
        "type": "Point",
        "coordinates": [
          14.512129426002502,
          35.897337473439876
        ]
      },
      "properties": {
        "name_int": "Enrico Mizzi",
        "name_de": "Enrico Mizzi",
        "name": "Enrico Mizzi",
        "subclass": "artwork",
        "rank": 167,
        "class": "art_gallery",
        "name:latin": "Enrico Mizzi",
        "name_en": "Enrico Mizzi",
        "source_layer": "poi",
        "source_tile": "https://tiles.openfreemap.org/planet/20261004_113936_pt/14/8852/6439.pbf"
      }
    },
    {
      "type": "Feature",
      "id": "poi:99130772171-0",
      "geometry": {
        "type": "Point",
        "coordinates": [
          14.512848258018494,
          35.89679862363535
        ]
      },
      "properties": {
        "name_int": "Grana",
        "name_de": "Grana",
        "name": "Grana",
        "subclass": "restaurant",
        "rank": 171,
        "class": "restaurant",
        "name:latin": "Grana",
        "name_en": "Grana",
        "source_layer": "poi",
        "source_tile": "https://tiles.openfreemap.org/planet/20261004_113936_pt/14/8852/6439.pbf"
      }
    },
    {
      "type": "Feature",
      "id": "poi:102843019091-0",
      "geometry": {
        "type": "Point",
        "coordinates": [
          14.512660503387451,
          35.897068048996104
        ]
      },
      "properties": {
        "name_int": "Underground Valletta",
        "name_de": "Underground Valletta",
        "name": "Underground Valletta",
        "subclass": "museum",
        "rank": 173,
        "class": "museum",
        "name:latin": "Underground Valletta",
        "name_en": "Underground Valletta",
        "source_layer": "poi",
        "source_tile": "https://tiles.openfreemap.org/planet/20261004_113936_pt/14/8852/6439.pbf"
      }
    },
    {
      "type": "Feature",
      "id": "poi:102846580091-0",
      "geometry": {
        "type": "Point",
        "coordinates": [
          14.511727094650269,
          35.89787197405768
        ]
      },
      "properties": {
        "name_int": "Culto",
        "name_de": "Culto",
        "name": "Culto",
        "subclass": "restaurant",
        "rank": 176,
        "class": "restaurant",
        "name:latin": "Culto",
        "name_en": "Culto",
        "source_layer": "poi",
        "source_tile": "https://tiles.openfreemap.org/planet/20261004_113936_pt/14/8852/6439.pbf"
      }
    },
    {
      "type": "Feature",
      "id": "poi:107434198231-0",
      "geometry": {
        "type": "Point",
        "coordinates": [
          14.51269268989563,
          35.89674647668542
        ]
      },
      "properties": {
        "name_int": "The Cumberland Hotel by NEU Collective",
        "name_de": "The Cumberland Hotel by NEU Collective",
        "name": "The Cumberland Hotel by NEU Collective",
        "subclass": "hotel",
        "rank": 178,
        "name:en": "The Cumberland Hotel by NEU Collective",
        "class": "lodging",
        "name:latin": "The Cumberland Hotel by NEU Collective",
        "name_en": "The Cumberland Hotel by NEU Collective",
        "source_layer": "poi",
        "source_tile": "https://tiles.openfreemap.org/planet/20261004_113936_pt/14/8852/6439.pbf"
      }
    },
    {
      "type": "Feature",
      "id": "poi:107434277581-0",
      "geometry": {
        "type": "Point",
        "coordinates": [
          14.512778520584106,
          35.89635102786373
        ]
      },
      "properties": {
        "name_int": "Palazzo Prince d'Orange",
        "name_de": "Palazzo Prince d'Orange",
        "name": "Palazzo Prince d'Orange",
        "subclass": "hotel",
        "rank": 179,
        "class": "lodging",
        "name:latin": "Palazzo Prince d'Orange",
        "name_en": "Palazzo Prince d'Orange",
        "source_layer": "poi",
        "source_tile": "https://tiles.openfreemap.org/planet/20261004_113936_pt/14/8852/6439.pbf"
      }
    },
    {
      "type": "Feature",
      "id": "poi:107510445051-0",
      "geometry": {
        "type": "Point",
        "coordinates": [
          14.512247443199158,
          35.89725490798196
        ]
      },
      "properties": {
        "name_int": "Manouche",
        "name_de": "Manouche",
        "name": "Manouche",
        "subclass": "cafe",
        "rank": 180,
        "class": "cafe",
        "name:latin": "Manouche",
        "name_en": "Manouche",
        "source_layer": "poi",
        "source_tile": "https://tiles.openfreemap.org/planet/20261004_113936_pt/14/8852/6439.pbf"
      }
    },
    {
      "type": "Feature",
      "id": "poi:112151762381-0",
      "geometry": {
        "type": "Point",
        "coordinates": [
          14.51270341873169,
          35.89686380727447
        ]
      },
      "properties": {
        "name_int": "Coffee Circus Lisboa",
        "name_de": "Coffee Circus Lisboa",
        "name": "Coffee Circus Lisboa",
        "subclass": "cafe",
        "rank": 183,
        "class": "cafe",
        "name:latin": "Coffee Circus Lisboa",
        "name_en": "Coffee Circus Lisboa",
        "source_layer": "poi",
        "source_tile": "https://tiles.openfreemap.org/planet/20261004_113936_pt/14/8852/6439.pbf"
      }
    },
    {
      "type": "Feature",
      "id": "poi:115918595691-0",
      "geometry": {
        "type": "Point",
        "coordinates": [
          14.511061906814575,
          35.89725056242919
        ]
      },
      "properties": {
        "name_int": "Tiffany's",
        "name_de": "Tiffany's",
        "name": "Tiffany's",
        "subclass": "ice_cream",
        "rank": 189,
        "class": "ice_cream",
        "name:latin": "Tiffany's",
        "name_en": "Tiffany's",
        "source_layer": "poi",
        "source_tile": "https://tiles.openfreemap.org/planet/20261004_113936_pt/14/8852/6439.pbf"
      }
    },
    {
      "type": "Feature",
      "id": "poi:120727836691-0",
      "geometry": {
        "type": "Point",
        "coordinates": [
          14.511233568191528,
          35.896655219440376
        ]
      },
      "properties": {
        "name_int": "MUŻA Restaurant",
        "name_de": "MUŻA Restaurant",
        "name": "MUŻA Restaurant",
        "subclass": "restaurant",
        "rank": 194,
        "class": "restaurant",
        "name:latin": "MUŻA Restaurant",
        "name_en": "MUŻA Restaurant",
        "source_layer": "poi",
        "source_tile": "https://tiles.openfreemap.org/planet/20261004_113936_pt/14/8852/6439.pbf"
      }
    },
    {
      "type": "Feature",
      "id": "poi:131041155621-0",
      "geometry": {
        "type": "Point",
        "coordinates": [
          14.512263536453247,
          35.89673343994255
        ]
      },
      "properties": {
        "name_int": "Ministry of Health",
        "name:mt": "Ministeru tas-Saħħa",
        "name_de": "Ministeru tas-Saħħa",
        "name": "Ministeru tas-Saħħa",
        "subclass": "government",
        "rank": 196,
        "name:en": "Ministry of Health",
        "class": "office",
        "name:latin": "Ministeru tas-Saħħa",
        "name_en": "Ministry of Health",
        "source_layer": "poi",
        "source_tile": "https://tiles.openfreemap.org/planet/20261004_113936_pt/14/8852/6439.pbf"
      }
    },
    {
      "type": "Feature",
      "id": "poi:135290030021-0",
      "geometry": {
        "type": "Point",
        "coordinates": [
          14.511228203773499,
          35.89691595414712
        ]
      },
      "properties": {
        "name_int": "Evergreen Gelateria",
        "name_de": "Evergreen Gelateria",
        "name": "Evergreen Gelateria",
        "subclass": "ice_cream",
        "rank": 204,
        "class": "ice_cream",
        "name:latin": "Evergreen Gelateria",
        "name_en": "Evergreen Gelateria",
        "source_layer": "poi",
        "source_tile": "https://tiles.openfreemap.org/planet/20261004_113936_pt/14/8852/6439.pbf"
      }
    },
    {
      "type": "Feature",
      "id": "poi:136591021951-0",
      "geometry": {
        "type": "Point",
        "coordinates": [
          14.51219916343689,
          35.89687684399583
        ]
      },
      "properties": {
        "name_int": "Anglo Maltese Bistro Bar",
        "name_de": "Anglo Maltese Bistro Bar",
        "name": "Anglo Maltese Bistro Bar",
        "subclass": "restaurant",
        "rank": 206,
        "class": "restaurant",
        "name:latin": "Anglo Maltese Bistro Bar",
        "name_en": "Anglo Maltese Bistro Bar",
        "source_layer": "poi",
        "source_tile": "https://tiles.openfreemap.org/planet/20261004_113936_pt/14/8852/6439.pbf"
      }
    },
    {
      "type": "Feature",
      "id": "poi:138248162531-0",
      "geometry": {
        "type": "Point",
        "coordinates": [
          14.511812925338745,
          35.89708543124597
        ]
      },
      "properties": {
        "name_int": "Ministry for Foreign Affairs and Tourism - Consular Services Office",
        "level": 0,
        "name_de": "Ministry for Foreign Affairs and Tourism - Consular Services Office",
        "name": "Ministry for Foreign Affairs and Tourism - Consular Services Office",
        "subclass": "government",
        "rank": 207,
        "class": "office",
        "name:latin": "Ministry for Foreign Affairs and Tourism - Consular Services Office",
        "name_en": "Ministry for Foreign Affairs and Tourism - Consular Services Office",
        "source_layer": "poi",
        "source_tile": "https://tiles.openfreemap.org/planet/20261004_113936_pt/14/8852/6439.pbf"
      }
    },
    {
      "type": "Feature",
      "id": "poi:138249066011-0",
      "geometry": {
        "type": "Point",
        "coordinates": [
          14.511775374412537,
          35.89707239455893
        ]
      },
      "properties": {
        "name_int": "Ministry of Foreign Affairs and Tourism",
        "level": 0,
        "name_de": "Ministry of Foreign Affairs and Tourism",
        "name": "Ministry of Foreign Affairs and Tourism",
        "subclass": "government",
        "rank": 208,
        "class": "office",
        "name:latin": "Ministry of Foreign Affairs and Tourism",
        "name_en": "Ministry of Foreign Affairs and Tourism",
        "source_layer": "poi",
        "source_tile": "https://tiles.openfreemap.org/planet/20261004_113936_pt/14/8852/6439.pbf"
      }
    },
    {
      "type": "Feature",
      "id": "poi:138273520011-0",
      "geometry": {
        "type": "Point",
        "coordinates": [
          14.512912631034851,
          35.89674647668542
        ]
      },
      "properties": {
        "name_int": "Lo Stilista",
        "name_de": "Lo Stilista",
        "name": "Lo Stilista",
        "subclass": "hairdresser",
        "rank": 209,
        "class": "hairdresser",
        "name:latin": "Lo Stilista",
        "name_en": "Lo Stilista",
        "source_layer": "poi",
        "source_tile": "https://tiles.openfreemap.org/planet/20261004_113936_pt/14/8852/6439.pbf"
      }
    },
    {
      "type": "Feature",
      "id": "poi:138283030481-0",
      "geometry": {
        "type": "Point",
        "coordinates": [
          14.512805342674255,
          35.89672040319756
        ]
      },
      "properties": {
        "name_int": "Vino's Café Bar",
        "name_de": "Vino's Café Bar",
        "name": "Vino's Café Bar",
        "subclass": "cafe",
        "rank": 211,
        "name:en": "Vino's Café Bar",
        "class": "cafe",
        "name:latin": "Vino's Café Bar",
        "name_en": "Vino's Café Bar",
        "source_layer": "poi",
        "source_tile": "https://tiles.openfreemap.org/planet/20261004_113936_pt/14/8852/6439.pbf"
      }
    },
    {
      "type": "Feature",
      "id": "poi:139095074101-0",
      "geometry": {
        "type": "Point",
        "coordinates": [
          14.512853622436523,
          35.89659003562947
        ]
      },
      "properties": {
        "name_int": "Mettelina Café / Cupcakes",
        "name_de": "Mettelina Café / Cupcakes",
        "name": "Mettelina Café / Cupcakes",
        "subclass": "cafe",
        "rank": 212,
        "class": "cafe",
        "name:latin": "Mettelina Café / Cupcakes",
        "name_en": "Mettelina Café / Cupcakes",
        "source_layer": "poi",
        "source_tile": "https://tiles.openfreemap.org/planet/20261004_113936_pt/14/8852/6439.pbf"
      }
    },
    {
      "type": "Feature",
      "id": "poi:3819213031-0",
      "geometry": {
        "type": "Point",
        "coordinates": [
          14.513213038444519,
          35.89872369116158
        ]
      },
      "properties": {
        "name_int": "Café Cordina",
        "name_de": "Café Cordina",
        "name": "Café Cordina",
        "subclass": "cafe",
        "rank": 68,
        "class": "cafe",
        "name:latin": "Café Cordina",
        "name_en": "Café Cordina",
        "source_layer": "poi",
        "source_tile": "https://tiles.openfreemap.org/planet/20261004_113936_pt/14/8852/6439.pbf"
      }
    },
    {
      "type": "Feature",
      "id": "poi:6035774341-0",
      "geometry": {
        "type": "Point",
        "coordinates": [
          14.513143301010132,
          35.89832390672346
        ]
      },
      "properties": {
        "name_int": "Eddie's Cafe Regina",
        "name_de": "Eddie's Cafe Regina",
        "name": "Eddie's Cafe Regina",
        "subclass": "cafe",
        "rank": 72,
        "class": "cafe",
        "name:latin": "Eddie's Cafe Regina",
        "name_en": "Eddie's Cafe Regina",
        "source_layer": "poi",
        "source_tile": "https://tiles.openfreemap.org/planet/20261004_113936_pt/14/8852/6439.pbf"
      }
    },
    {
      "type": "Feature",
      "id": "poi:32570127051-0",
      "geometry": {
        "type": "Point",
        "coordinates": [
          14.514339566230774,
          35.89851510822838
        ]
      },
      "properties": {
        "name_int": "Palace Armoury",
        "name:ar": "ترسانة القصر",
        "name_de": "Armerija tal-Palazz",
        "name": "Armerija tal-Palazz",
        "name:id": "Palace Armoury",
        "subclass": "museum",
        "name:pl": "Zbrojownia pałacowa",
        "rank": 78,
        "name:en": "Palace Armoury",
        "class": "museum",
        "name:latin": "Armerija tal-Palazz",
        "name_en": "Palace Armoury",
        "source_layer": "poi",
        "source_tile": "https://tiles.openfreemap.org/planet/20261004_113936_pt/14/8852/6439.pbf"
      }
    },
    {
      "type": "Feature",
      "id": "poi:32570127101-0",
      "geometry": {
        "type": "Point",
        "coordinates": [
          14.514006972312927,
          35.89864547262604
        ]
      },
      "properties": {
        "name_int": "State Rooms",
        "name:ar": "الغرف الحكومية",
        "name:mt": "Kmamar tal-Istat",
        "name_de": "Kmamar tal-Istat",
        "name": "Kmamar tal-Istat",
        "subclass": "museum",
        "rank": 79,
        "name:en": "State Rooms",
        "class": "museum",
        "name:latin": "Kmamar tal-Istat",
        "name_en": "State Rooms",
        "source_layer": "poi",
        "source_tile": "https://tiles.openfreemap.org/planet/20261004_113936_pt/14/8852/6439.pbf"
      }
    },
    {
      "type": "Feature",
      "id": "poi:32572223891-0",
      "geometry": {
        "type": "Point",
        "coordinates": [
          14.512987732887268,
          35.89902787362057
        ]
      },
      "properties": {
        "name_int": "Str.eat",
        "name_de": "Str.eat",
        "name": "Str.eat",
        "subclass": "restaurant",
        "rank": 83,
        "class": "restaurant",
        "name:latin": "Str.eat",
        "name_en": "Str.eat",
        "source_layer": "poi",
        "source_tile": "https://tiles.openfreemap.org/planet/20261004_113936_pt/14/8852/6439.pbf"
      }
    },
    {
      "type": "Feature",
      "id": "poi:34667332391-0",
      "geometry": {
        "type": "Point",
        "coordinates": [
          14.514216184616089,
          35.89864981810226
        ]
      },
      "properties": {
        "name_int": "Statue of Neptune",
        "name:pl": "Pomnik Neptuna",
        "name:de": "Neptunstatue",
        "name:mt": "Statwa ta' Nettunu",
        "name_de": "Neptunstatue",
        "name": "Statue of Neptune",
        "subclass": "artwork",
        "rank": 84,
        "name:en": "Statue of Neptune",
        "class": "art_gallery",
        "name:es": "Estatua de Neptuno",
        "name:latin": "Statue of Neptune",
        "name_en": "Statue of Neptune",
        "source_layer": "poi",
        "source_tile": "https://tiles.openfreemap.org/planet/20261004_113936_pt/14/8852/6439.pbf"
      }
    },
    {
      "type": "Feature",
      "id": "poi:41710378361-0",
      "geometry": {
        "type": "Point",
        "coordinates": [
          14.513325691223145,
          35.898419507533674
        ]
      },
      "properties": {
        "name_int": "Queen Victoria",
        "name:pl": "Królowa Wiktoria",
        "name:de": "Königin Victoria",
        "name:mt": "Ir-Reġina Viktorja",
        "name_de": "Königin Victoria",
        "name": "Ir-Reġina Viktorja",
        "subclass": "artwork",
        "name:fr": "La Reine Victoria",
        "rank": 85,
        "name:en": "Queen Victoria",
        "class": "art_gallery",
        "name:br": "Rouanez Victoria",
        "name:latin": "Ir-Reġina Viktorja",
        "name_en": "Queen Victoria",
        "source_layer": "poi",
        "source_tile": "https://tiles.openfreemap.org/planet/20261004_113936_pt/14/8852/6439.pbf"
      }
    },
    {
      "type": "Feature",
      "id": "poi:43442903271-0",
      "geometry": {
        "type": "Point",
        "coordinates": [
          14.514323472976685,
          35.89909740087563
        ]
      },
      "properties": {
        "name_int": "Babel Bistro",
        "name_de": "Babel Bistro",
        "name": "Babel Bistro",
        "subclass": "cafe",
        "rank": 92,
        "class": "cafe",
        "name:latin": "Babel Bistro",
        "name_en": "Babel Bistro",
        "source_layer": "poi",
        "source_tile": "https://tiles.openfreemap.org/planet/20261004_113936_pt/14/8852/6439.pbf"
      }
    },
    {
      "type": "Feature",
      "id": "poi:91559317171-0",
      "geometry": {
        "type": "Point",
        "coordinates": [
          14.513089656829834,
          35.89908001906758
        ]
      },
      "properties": {
        "name_int": "Black Bull Cave & Terrace",
        "name_de": "Black Bull Cave & Terrace",
        "name": "Black Bull Cave & Terrace",
        "subclass": "restaurant",
        "rank": 110,
        "class": "restaurant",
        "name:latin": "Black Bull Cave & Terrace",
        "name_en": "Black Bull Cave & Terrace",
        "source_layer": "poi",
        "source_tile": "https://tiles.openfreemap.org/planet/20261004_113936_pt/14/8852/6439.pbf"
      }
    },
    {
      "type": "Feature",
      "id": "poi:92025721871-0",
      "geometry": {
        "type": "Point",
        "coordinates": [
          14.513078927993774,
          35.89911912813031
        ]
      },
      "properties": {
        "name_int": "Wagyu",
        "level": 1,
        "name_de": "Wagyu",
        "name": "Wagyu",
        "subclass": "restaurant",
        "rank": 111,
        "class": "restaurant",
        "name:latin": "Wagyu",
        "name_en": "Wagyu",
        "source_layer": "poi",
        "source_tile": "https://tiles.openfreemap.org/planet/20261004_113936_pt/14/8852/6439.pbf"
      }
    },
    {
      "type": "Feature",
      "id": "poi:119249487601-0",
      "geometry": {
        "type": "Point",
        "coordinates": [
          14.513250589370728,
          35.898176159789685
        ]
      },
      "properties": {
        "name_int": "Tikka",
        "name_de": "Tikka",
        "name": "Tikka",
        "subclass": "pub",
        "rank": 135,
        "class": "beer",
        "name:latin": "Tikka",
        "name_en": "Tikka",
        "source_layer": "poi",
        "source_tile": "https://tiles.openfreemap.org/planet/20261004_113936_pt/14/8852/6439.pbf"
      }
    },
    {
      "type": "Feature",
      "id": "poi:119249562341-0",
      "geometry": {
        "type": "Point",
        "coordinates": [
          14.51295018196106,
          35.89906698270906
        ]
      },
      "properties": {
        "name_int": "Teftif",
        "name_de": "Teftif",
        "name": "Teftif",
        "subclass": "restaurant",
        "rank": 136,
        "class": "restaurant",
        "name:latin": "Teftif",
        "name_en": "Teftif",
        "source_layer": "poi",
        "source_tile": "https://tiles.openfreemap.org/planet/20261004_113936_pt/14/8852/6439.pbf"
      }
    },
    {
      "type": "Feature",
      "id": "poi:119249991451-0",
      "geometry": {
        "type": "Point",
        "coordinates": [
          14.5131915807724,
          35.89824568779288
        ]
      },
      "properties": {
        "name_int": "Barbers Arch",
        "name_de": "Barbers Arch",
        "name": "Barbers Arch",
        "subclass": "hairdresser",
        "rank": 137,
        "class": "hairdresser",
        "name:latin": "Barbers Arch",
        "name_en": "Barbers Arch",
        "source_layer": "poi",
        "source_tile": "https://tiles.openfreemap.org/planet/20261004_113936_pt/14/8852/6439.pbf"
      }
    },
    {
      "type": "Feature",
      "id": "poi:119250132081-0",
      "geometry": {
        "type": "Point",
        "coordinates": [
          14.513116478919983,
          35.898080558685564
        ]
      },
      "properties": {
        "name_int": "Oscar Azzopardi, Paolo Carbonaro",
        "name_de": "Oscar Azzopardi, Paolo Carbonaro",
        "name": "Oscar Azzopardi, Paolo Carbonaro",
        "subclass": "notary",
        "rank": 138,
        "class": "office",
        "name:latin": "Oscar Azzopardi, Paolo Carbonaro",
        "name_en": "Oscar Azzopardi, Paolo Carbonaro",
        "source_layer": "poi",
        "source_tile": "https://tiles.openfreemap.org/planet/20261004_113936_pt/14/8852/6439.pbf"
      }
    },
    {
      "type": "Feature",
      "id": "poi:119446582191-0",
      "geometry": {
        "type": "Point",
        "coordinates": [
          14.513314962387085,
          35.89801537604839
        ]
      },
      "properties": {
        "name_int": "Ministry for National Heritage, the Arts and Local Government",
        "name:mt": "Ministeru għall-Wirt Nazzjonali, Arti u Gvern Lokali",
        "name_de": "Ministeru għall-Wirt Nazzjonali, l-Arti u l-Gvern Lokali",
        "name": "Ministeru għall-Wirt Nazzjonali, l-Arti u l-Gvern Lokali",
        "subclass": "government",
        "rank": 140,
        "name:en": "Ministry for National Heritage, the Arts and Local Government",
        "class": "office",
        "name:latin": "Ministeru għall-Wirt Nazzjonali, l-Arti u l-Gvern Lokali",
        "name_en": "Ministry for National Heritage, the Arts and Local Government",
        "source_layer": "poi",
        "source_tile": "https://tiles.openfreemap.org/planet/20261004_113936_pt/14/8852/6439.pbf"
      }
    },
    {
      "type": "Feature",
      "id": "poi:128172943111-0",
      "geometry": {
        "type": "Point",
        "coordinates": [
          14.51392650604248,
          35.89805448563716
        ]
      },
      "properties": {
        "name_int": "De Bono",
        "name_de": "De Bono",
        "name": "De Bono",
        "subclass": "cafe",
        "rank": 142,
        "class": "cafe",
        "name:latin": "De Bono",
        "name_en": "De Bono",
        "source_layer": "poi",
        "source_tile": "https://tiles.openfreemap.org/planet/20261004_113936_pt/14/8852/6439.pbf"
      }
    },
    {
      "type": "Feature",
      "id": "poi:131041488641-0",
      "geometry": {
        "type": "Point",
        "coordinates": [
          14.51367974281311,
          35.898271760778314
        ]
      },
      "properties": {
        "name_int": "Charles and Ron Café",
        "name_de": "Charles and Ron Café",
        "name": "Charles and Ron Café",
        "subclass": "cafe",
        "rank": 146,
        "class": "cafe",
        "name:latin": "Charles and Ron Café",
        "name_en": "Charles and Ron Café",
        "source_layer": "poi",
        "source_tile": "https://tiles.openfreemap.org/planet/20261004_113936_pt/14/8852/6439.pbf"
      }
    },
    {
      "type": "Feature",
      "id": "poi:132067781271-0",
      "geometry": {
        "type": "Point",
        "coordinates": [
          14.513068199157715,
          35.899114782679845
        ]
      },
      "properties": {
        "name_int": "Black Bull",
        "level": 2,
        "name_de": "Black Bull",
        "name": "Black Bull",
        "subclass": "restaurant",
        "rank": 148,
        "class": "restaurant",
        "name:latin": "Black Bull",
        "name_en": "Black Bull",
        "source_layer": "poi",
        "source_tile": "https://tiles.openfreemap.org/planet/20261004_113936_pt/14/8852/6439.pbf"
      }
    },
    {
      "type": "Feature",
      "id": "poi:334599352-0",
      "geometry": {
        "type": "Point",
        "coordinates": [
          14.513862133026123,
          35.89738092890944
        ]
      },
      "properties": {
        "name_int": "Church of Saint Paul's Shipwreck",
        "name:sk": "Kostol stroskotania svätého Pavla",
        "name:fa": "کلیسای کشتی غرق شده سنت پائول",
        "name:id": "Gereja Bangkai Kapal Santo Paulus, Valletta",
        "name:pl": "Kościół św. Pawła Rozbitka",
        "name:sl": "kolegiatna cerkev sv. Pavla Brodolomca",
        "name:he": "כנסיית ספינתו הטרופה של פאולוס הקדוש",
        "name:ro": "Biserica colegială „Naufragiul Sfântului Paul” din Valetta",
        "name:mt": "Il-Knisja ta' San Pawl Nawfraġju",
        "name_de": "Il-Knisja ta' San Pawl Nawfraġju",
        "name": "Il-Knisja ta' San Pawl Nawfraġju",
        "name:it": "chiesa collegiata di San Paolo naufrago",
        "subclass": "christian",
        "name:fr": "église collégiale du naufrage de saint Paul de La Valette",
        "rank": 27,
        "name:en": "Church of Saint Paul's Shipwreck",
        "class": "place_of_worship",
        "name:es": "Iglesia del Naufragio de San Pablo",
        "name:latin": "Il-Knisja ta' San Pawl Nawfraġju",
        "name_en": "Church of Saint Paul's Shipwreck",
        "source_layer": "poi",
        "source_tile": "https://tiles.openfreemap.org/planet/20261004_113936_pt/14/8852/6439.pbf"
      }
    },
    {
      "type": "Feature",
      "id": "poi:550644082-0",
      "geometry": {
        "type": "Point",
        "coordinates": [
          14.513411521911621,
          35.896377101473234
        ]
      },
      "properties": {
        "name_int": "Church of the Madonna of Jesus",
        "name:mt": "Knisja tal-Madonna ta' Ġieżu",
        "name_de": "Knisja tal-Madonna ta' Ġieżu",
        "name": "Knisja tal-Madonna ta' Ġieżu",
        "subclass": "christian",
        "rank": 28,
        "name:en": "Church of the Madonna of Jesus",
        "class": "place_of_worship",
        "name:ro": "Biserica catolică „Fecioara Maria” Valletta",
        "name:es": "Iglesia de la Madre de Jesús",
        "name:latin": "Knisja tal-Madonna ta' Ġieżu",
        "name_en": "Church of the Madonna of Jesus",
        "source_layer": "poi",
        "source_tile": "https://tiles.openfreemap.org/planet/20261004_113936_pt/14/8852/6439.pbf"
      }
    },
    {
      "type": "Feature",
      "id": "poi:24716160591-0",
      "geometry": {
        "type": "Point",
        "coordinates": [
          14.513593912124634,
          35.89644228545944
        ]
      },
      "properties": {
        "name_int": "Luciano Al Porto Boutique",
        "name_de": "Luciano Al Porto Boutique",
        "name": "Luciano Al Porto Boutique",
        "subclass": "hotel",
        "rank": 34,
        "name:en": "Luciano Al Porto Boutique",
        "class": "lodging",
        "name:latin": "Luciano Al Porto Boutique",
        "name_en": "Luciano Al Porto Boutique",
        "source_layer": "poi",
        "source_tile": "https://tiles.openfreemap.org/planet/20261004_113936_pt/14/8852/6439.pbf"
      }
    },
    {
      "type": "Feature",
      "id": "poi:33542243851-0",
      "geometry": {
        "type": "Point",
        "coordinates": [
          14.513411521911621,
          35.89736789227108
        ]
      },
      "properties": {
        "name_int": "Piadina Cafe",
        "name_de": "Piadina Cafe",
        "name": "Piadina Cafe",
        "subclass": "cafe",
        "rank": 38,
        "class": "cafe",
        "name:latin": "Piadina Cafe",
        "name_en": "Piadina Cafe",
        "source_layer": "poi",
        "source_tile": "https://tiles.openfreemap.org/planet/20261004_113936_pt/14/8852/6439.pbf"
      }
    },
    {
      "type": "Feature",
      "id": "poi:48577584271-0",
      "geometry": {
        "type": "Point",
        "coordinates": [
          14.513121843338013,
          35.8973331278916
        ]
      },
      "properties": {
        "name_int": "HSBC",
        "name_de": "HSBC",
        "name": "HSBC",
        "subclass": "bank",
        "rank": 42,
        "class": "bank",
        "name:latin": "HSBC",
        "name_en": "HSBC",
        "source_layer": "poi",
        "source_tile": "https://tiles.openfreemap.org/planet/20261004_113936_pt/14/8852/6439.pbf"
      }
    },
    {
      "type": "Feature",
      "id": "poi:50411669211-0",
      "geometry": {
        "type": "Point",
        "coordinates": [
          14.513245224952698,
          35.8974156932679
        ]
      },
      "properties": {
        "name_int": "La Pira Maltese Kitchen",
        "name_de": "LaPira Maltese Kitchen",
        "name": "LaPira Maltese Kitchen",
        "subclass": "restaurant",
        "rank": 43,
        "name:en": "La Pira Maltese Kitchen",
        "class": "restaurant",
        "name:latin": "LaPira Maltese Kitchen",
        "name_en": "La Pira Maltese Kitchen",
        "source_layer": "poi",
        "source_tile": "https://tiles.openfreemap.org/planet/20261004_113936_pt/14/8852/6439.pbf"
      }
    },
    {
      "type": "Feature",
      "id": "poi:51072397211-0",
      "geometry": {
        "type": "Point",
        "coordinates": [
          14.514162540435791,
          35.89784590094054
        ]
      },
      "properties": {
        "name_int": "LOT61",
        "level": 0,
        "name_de": "LOT61",
        "name": "LOT61",
        "subclass": "cafe",
        "rank": 44,
        "class": "cafe",
        "name:latin": "LOT61",
        "name_en": "LOT61",
        "source_layer": "poi",
        "source_tile": "https://tiles.openfreemap.org/planet/20261004_113936_pt/14/8852/6439.pbf"
      }
    },
    {
      "type": "Feature",
      "id": "poi:61699572851-0",
      "geometry": {
        "type": "Point",
        "coordinates": [
          14.513797760009766,
          35.89697679212178
        ]
      },
      "properties": {
        "name_int": "in.fame",
        "name_de": "in.fame",
        "name": "in.fame",
        "subclass": "restaurant",
        "rank": 50,
        "class": "restaurant",
        "name:latin": "in.fame",
        "name_en": "in.fame",
        "source_layer": "poi",
        "source_tile": "https://tiles.openfreemap.org/planet/20261004_113936_pt/14/8852/6439.pbf"
      }
    },
    {
      "type": "Feature",
      "id": "poi:70316344851-0",
      "geometry": {
        "type": "Point",
        "coordinates": [
          14.513969421386719,
          35.897141923531606
        ]
      },
      "properties": {
        "name_int": "Il-Ġifen Bar",
        "name_de": "Il-Ġifen Bar",
        "name": "Il-Ġifen Bar",
        "subclass": "cafe",
        "rank": 53,
        "class": "cafe",
        "name:latin": "Il-Ġifen Bar",
        "name_en": "Il-Ġifen Bar",
        "source_layer": "poi",
        "source_tile": "https://tiles.openfreemap.org/planet/20261004_113936_pt/14/8852/6439.pbf"
      }
    },
    {
      "type": "Feature",
      "id": "poi:78008221851-0",
      "geometry": {
        "type": "Point",
        "coordinates": [
          14.513567090034485,
          35.89755475054913
        ]
      },
      "properties": {
        "name_int": "Grano Pasta",
        "name_de": "Grano Pasta",
        "name": "Grano Pasta",
        "subclass": "restaurant",
        "rank": 54,
        "class": "restaurant",
        "name:latin": "Grano Pasta",
        "name_en": "Grano Pasta",
        "source_layer": "poi",
        "source_tile": "https://tiles.openfreemap.org/planet/20261004_113936_pt/14/8852/6439.pbf"
      }
    },
    {
      "type": "Feature",
      "id": "poi:83796033551-0",
      "geometry": {
        "type": "Point",
        "coordinates": [
          14.51418399810791,
          35.89658569004018
        ]
      },
      "properties": {
        "name:pt": "Igreja de Santa Lúcia",
        "name_int": "Church of St Lucia",
        "name:mt": "Knisja ta' Santa Luċija",
        "name_de": "Il-Knisja ta' Santa Luċija",
        "name": "Il-Knisja ta' Santa Luċija",
        "subclass": "christian",
        "name:pl": "Kościół św. Łucji w Valletcie",
        "rank": 56,
        "name:en": "Church of St Lucia",
        "class": "place_of_worship",
        "name:latin": "Il-Knisja ta' Santa Luċija",
        "name_en": "Church of St Lucia",
        "source_layer": "poi",
        "source_tile": "https://tiles.openfreemap.org/planet/20261004_113936_pt/14/8852/6439.pbf"
      }
    },
    {
      "type": "Feature",
      "id": "poi:87100012171-0",
      "geometry": {
        "type": "Point",
        "coordinates": [
          14.513325691223145,
          35.89745914869452
        ]
      },
      "properties": {
        "name:ru": "Кадена",
        "name_int": "Cadena",
        "name_de": "Cadena",
        "name": "Cadena",
        "subclass": "cafe",
        "rank": 57,
        "class": "cafe",
        "name:latin": "Cadena",
        "name_en": "Cadena",
        "source_layer": "poi",
        "source_tile": "https://tiles.openfreemap.org/planet/20261004_113936_pt/14/8852/6439.pbf"
      }
    },
    {
      "type": "Feature",
      "id": "poi:87847114141-0",
      "geometry": {
        "type": "Point",
        "coordinates": [
          14.514130353927612,
          35.89740700217973
        ]
      },
      "properties": {
        "name_int": "Palazzo Jean Parisot Boutique Suites",
        "name_de": "Palazzo Jean Parisot Boutique Suites",
        "name": "Palazzo Jean Parisot Boutique Suites",
        "subclass": "hotel",
        "rank": 58,
        "class": "lodging",
        "name:latin": "Palazzo Jean Parisot Boutique Suites",
        "name_en": "Palazzo Jean Parisot Boutique Suites",
        "source_layer": "poi",
        "source_tile": "https://tiles.openfreemap.org/planet/20261004_113936_pt/14/8852/6439.pbf"
      }
    },
    {
      "type": "Feature",
      "id": "poi:91415019171-0",
      "geometry": {
        "type": "Point",
        "coordinates": [
          14.51296091079712,
          35.897224489107344
        ]
      },
      "properties": {
        "name_int": "That’s Amore",
        "name_de": "That’s Amore",
        "name": "That’s Amore",
        "subclass": "restaurant",
        "rank": 60,
        "class": "restaurant",
        "name:latin": "That’s Amore",
        "name_en": "That’s Amore",
        "source_layer": "poi",
        "source_tile": "https://tiles.openfreemap.org/planet/20261004_113936_pt/14/8852/6439.pbf"
      }
    },
    {
      "type": "Feature",
      "id": "poi:103034919091-0",
      "geometry": {
        "type": "Point",
        "coordinates": [
          14.51366901397705,
          35.89720710688805
        ]
      },
      "properties": {
        "name_int": "Sunday In Scotland",
        "name_de": "Sunday In Scotland",
        "name": "Sunday In Scotland",
        "subclass": "cafe",
        "rank": 61,
        "class": "cafe",
        "name:latin": "Sunday In Scotland",
        "name_en": "Sunday In Scotland",
        "source_layer": "poi",
        "source_tile": "https://tiles.openfreemap.org/planet/20261004_113936_pt/14/8852/6439.pbf"
      }
    },
    {
      "type": "Feature",
      "id": "poi:107434441071-0",
      "geometry": {
        "type": "Point",
        "coordinates": [
          14.513470530509949,
          35.896998519958544
        ]
      },
      "properties": {
        "name_int": "66 Saint Paul's Boutique Hotel",
        "name_de": "66 Saint Paul's Boutique Hotel",
        "name": "66 Saint Paul's Boutique Hotel",
        "subclass": "hotel",
        "rank": 65,
        "class": "lodging",
        "name:latin": "66 Saint Paul's Boutique Hotel",
        "name_en": "66 Saint Paul's Boutique Hotel",
        "source_layer": "poi",
        "source_tile": "https://tiles.openfreemap.org/planet/20261004_113936_pt/14/8852/6439.pbf"
      }
    },
    {
      "type": "Feature",
      "id": "poi:113581485611-0",
      "geometry": {
        "type": "Point",
        "coordinates": [
          14.513025283813477,
          35.896537888542156
        ]
      },
      "properties": {
        "name_int": "Statue of St. Peter of Alcantara",
        "name_de": "Statue of St. Peter of Alcantara",
        "name": "Statue of St. Peter of Alcantara",
        "subclass": "artwork",
        "rank": 68,
        "name:en": "Statue of St. Peter of Alcantara",
        "class": "art_gallery",
        "name:latin": "Statue of St. Peter of Alcantara",
        "name_en": "Statue of St. Peter of Alcantara",
        "source_layer": "poi",
        "source_tile": "https://tiles.openfreemap.org/planet/20261004_113936_pt/14/8852/6439.pbf"
      }
    },
    {
      "type": "Feature",
      "id": "poi:119445129691-0",
      "geometry": {
        "type": "Point",
        "coordinates": [
          14.512998461723328,
          35.89651181498559
        ]
      },
      "properties": {
        "name_int": "The Masters",
        "name_de": "The Masters",
        "name": "The Masters",
        "subclass": "bakery",
        "rank": 70,
        "class": "bakery",
        "name:latin": "The Masters",
        "name_en": "The Masters",
        "source_layer": "poi",
        "source_tile": "https://tiles.openfreemap.org/planet/20261004_113936_pt/14/8852/6439.pbf"
      }
    },
    {
      "type": "Feature",
      "id": "poi:119446582181-0",
      "geometry": {
        "type": "Point",
        "coordinates": [
          14.513159394264221,
          35.89793281129759
        ]
      },
      "properties": {
        "name_int": "Ministry for the Economy, Enterprise, and Strategic Projects",
        "name:mt": "Ministru għall-Ekonomija, Intrapriża u Proġetti Strateġiċi",
        "name_de": "Ministru għall-Ekonomija, Intrapriża u Proġetti Strateġiċi",
        "name": "Ministru għall-Ekonomija, Intrapriża u Proġetti Strateġiċi",
        "subclass": "government",
        "rank": 71,
        "name:en": "Ministry for the Economy, Enterprise, and Strategic Projects",
        "class": "office",
        "name:latin": "Ministru għall-Ekonomija, Intrapriża u Proġetti Strateġiċi",
        "name_en": "Ministry for the Economy, Enterprise, and Strategic Projects",
        "source_layer": "poi",
        "source_tile": "https://tiles.openfreemap.org/planet/20261004_113936_pt/14/8852/6439.pbf"
      }
    },
    {
      "type": "Feature",
      "id": "poi:130874239611-0",
      "geometry": {
        "type": "Point",
        "coordinates": [
          14.513545632362366,
          35.896290189408134
        ]
      },
      "properties": {
        "name_int": "Lonzu",
        "level": 0,
        "name_de": "Lonzu",
        "name": "Lonzu",
        "subclass": "restaurant",
        "rank": 73,
        "class": "restaurant",
        "name:latin": "Lonzu",
        "name_en": "Lonzu",
        "source_layer": "poi",
        "source_tile": "https://tiles.openfreemap.org/planet/20261004_113936_pt/14/8852/6439.pbf"
      }
    },
    {
      "type": "Feature",
      "id": "poi:140410794911-0",
      "geometry": {
        "type": "Point",
        "coordinates": [
          14.514312744140625,
          35.89769380758608
        ]
      },
      "properties": {
        "name_int": "The Submarine",
        "name_de": "The Submarine",
        "name": "The Submarine",
        "subclass": "restaurant",
        "rank": 80,
        "class": "restaurant",
        "name:latin": "The Submarine",
        "name_en": "The Submarine",
        "source_layer": "poi",
        "source_tile": "https://tiles.openfreemap.org/planet/20261004_113936_pt/14/8852/6439.pbf"
      }
    },
    {
      "type": "Feature",
      "id": "poi:4365404282-0",
      "geometry": {
        "type": "Point",
        "coordinates": [
          14.512081146240234,
          35.897711189698526
        ]
      },
      "properties": {
        "subclass": "park",
        "class": "park",
        "rank": 215,
        "source_layer": "poi",
        "source_tile": "https://tiles.openfreemap.org/planet/20261004_113936_pt/14/8852/6439.pbf"
      }
    },
    {
      "type": "Feature",
      "id": "poi:4365404292-0",
      "geometry": {
        "type": "Point",
        "coordinates": [
          14.512504935264587,
          35.89725925353454
        ]
      },
      "properties": {
        "subclass": "park",
        "class": "park",
        "rank": 216,
        "source_layer": "poi",
        "source_tile": "https://tiles.openfreemap.org/planet/20261004_113936_pt/14/8852/6439.pbf"
      }
    },
    {
      "type": "Feature",
      "id": "poi:28030793401-0",
      "geometry": {
        "type": "Point",
        "coordinates": [
          14.511576890945435,
          35.89642490306839
        ]
      },
      "properties": {
        "subclass": "post_box",
        "class": "post",
        "rank": 220,
        "source_layer": "poi",
        "source_tile": "https://tiles.openfreemap.org/planet/20261004_113936_pt/14/8852/6439.pbf"
      }
    },
    {
      "type": "Feature",
      "id": "poi:109921820301-0",
      "geometry": {
        "type": "Point",
        "coordinates": [
          14.512000679969788,
          35.89785024646065
        ]
      },
      "properties": {
        "subclass": "post_box",
        "class": "post",
        "rank": 223,
        "source_layer": "poi",
        "source_tile": "https://tiles.openfreemap.org/planet/20261004_113936_pt/14/8852/6439.pbf"
      }
    },
    {
      "type": "Feature",
      "id": "poi:20832368441-0",
      "geometry": {
        "type": "Point",
        "coordinates": [
          14.513336420059204,
          35.89866720000478
        ]
      },
      "properties": {
        "subclass": "post_box",
        "class": "post",
        "rank": 164,
        "source_layer": "poi",
        "source_tile": "https://tiles.openfreemap.org/planet/20261004_113936_pt/14/8852/6439.pbf"
      }
    },
    {
      "type": "Feature",
      "id": "poi:4180854562-0",
      "geometry": {
        "type": "Point",
        "coordinates": [
          14.512590765953064,
          35.89712454129416
        ]
      },
      "properties": {
        "subclass": "kiosk",
        "class": "shop",
        "rank": 225,
        "source_layer": "poi",
        "source_tile": "https://tiles.openfreemap.org/planet/20261004_113936_pt/14/8852/6439.pbf"
      }
    },
    {
      "type": "Feature",
      "id": "poi:4365402172-0",
      "geometry": {
        "type": "Point",
        "coordinates": [
          14.511979222297668,
          35.897798100203474
        ]
      },
      "properties": {
        "subclass": "kiosk",
        "class": "shop",
        "rank": 226,
        "source_layer": "poi",
        "source_tile": "https://tiles.openfreemap.org/planet/20261004_113936_pt/14/8852/6439.pbf"
      }
    },
    {
      "type": "Feature",
      "id": "poi:115822227691-0",
      "geometry": {
        "type": "Point",
        "coordinates": [
          14.51119601726532,
          35.897493913018664
        ]
      },
      "properties": {
        "subclass": "ticket",
        "class": "shop",
        "rank": 227,
        "source_layer": "poi",
        "source_tile": "https://tiles.openfreemap.org/planet/20261004_113936_pt/14/8852/6439.pbf"
      }
    },
    {
      "type": "Feature",
      "id": "poi:115822227701-0",
      "geometry": {
        "type": "Point",
        "coordinates": [
          14.51117992401123,
          35.8974765308585
        ]
      },
      "properties": {
        "subclass": "gift",
        "class": "shop",
        "rank": 228,
        "source_layer": "poi",
        "source_tile": "https://tiles.openfreemap.org/planet/20261004_113936_pt/14/8852/6439.pbf"
      }
    },
    {
      "type": "Feature",
      "id": "poi:13140150801-0",
      "geometry": {
        "type": "Point",
        "coordinates": [
          14.512901902198792,
          35.899114782679845
        ]
      },
      "properties": {
        "subclass": "toilets",
        "class": "toilets",
        "rank": 127,
        "source_layer": "poi",
        "source_tile": "https://tiles.openfreemap.org/planet/20261004_113936_pt/14/8852/6439.pbf"
      }
    },
    {
      "type": "Feature",
      "id": "poi:41711275891-0",
      "geometry": {
        "type": "Point",
        "coordinates": [
          14.511635899543762,
          35.89652050617205
        ]
      },
      "properties": {
        "subclass": "toilets",
        "class": "toilets",
        "rank": 247,
        "source_layer": "poi",
        "source_tile": "https://tiles.openfreemap.org/planet/20261004_113936_pt/14/8852/6439.pbf"
      }
    },
    {
      "type": "Feature",
      "id": "poi:87523959461-0",
      "geometry": {
        "type": "Point",
        "coordinates": [
          14.51192021369934,
          35.89663783709602
        ]
      },
      "properties": {
        "subclass": "telephone",
        "class": "telephone",
        "rank": 260,
        "source_layer": "poi",
        "source_tile": "https://tiles.openfreemap.org/planet/20261004_113936_pt/14/8852/6439.pbf"
      }
    },
    {
      "type": "Feature",
      "id": "poi:109222600301-0",
      "geometry": {
        "type": "Point",
        "coordinates": [
          14.51195776462555,
          35.897324436794335
        ]
      },
      "properties": {
        "subclass": "atm",
        "class": "atm",
        "rank": 269,
        "source_layer": "poi",
        "source_tile": "https://tiles.openfreemap.org/planet/20261004_113936_pt/14/8852/6439.pbf"
      }
    },
    {
      "type": "Feature",
      "id": "poi:115821867641-0",
      "geometry": {
        "type": "Point",
        "coordinates": [
          14.511104822158813,
          35.89751564071348
        ]
      },
      "properties": {
        "subclass": "toilets",
        "rank": 270,
        "class": "toilets",
        "level": 0,
        "source_layer": "poi",
        "source_tile": "https://tiles.openfreemap.org/planet/20261004_113936_pt/14/8852/6439.pbf"
      }
    },
    {
      "type": "Feature",
      "id": "poi:132067781311-0",
      "geometry": {
        "type": "Point",
        "coordinates": [
          14.511732459068298,
          35.89642490306839
        ]
      },
      "properties": {
        "subclass": "waste_basket",
        "class": "waste_basket",
        "rank": 292,
        "source_layer": "poi",
        "source_tile": "https://tiles.openfreemap.org/planet/20261004_113936_pt/14/8852/6439.pbf"
      }
    },
    {
      "type": "Feature",
      "id": "poi:44874017891-0",
      "geometry": {
        "type": "Point",
        "coordinates": [
          14.513293504714966,
          35.898845364285464
        ]
      },
      "properties": {
        "subclass": "drinking_water",
        "class": "drinking_water",
        "rank": 184,
        "source_layer": "poi",
        "source_tile": "https://tiles.openfreemap.org/planet/20261004_113936_pt/14/8852/6439.pbf"
      }
    },
    {
      "type": "Feature",
      "id": "poi:115819906721-0",
      "geometry": {
        "type": "Point",
        "coordinates": [
          14.51368510723114,
          35.89832825221734
        ]
      },
      "properties": {
        "subclass": "bollard",
        "class": "bollard",
        "rank": 192,
        "source_layer": "poi",
        "source_tile": "https://tiles.openfreemap.org/planet/20261004_113936_pt/14/8852/6439.pbf"
      }
    },
    {
      "type": "Feature",
      "id": "poi:119250030801-0",
      "geometry": {
        "type": "Point",
        "coordinates": [
          14.513524174690247,
          35.89802841258012
        ]
      },
      "properties": {
        "subclass": "gallery",
        "class": "art_gallery",
        "rank": 193,
        "source_layer": "poi",
        "source_tile": "https://tiles.openfreemap.org/planet/20261004_113936_pt/14/8852/6439.pbf"
      }
    },
    {
      "type": "Feature",
      "id": "poi:139178188381-0",
      "geometry": {
        "type": "Point",
        "coordinates": [
          14.513309597969055,
          35.898836673354225
        ]
      },
      "properties": {
        "subclass": "waste_basket",
        "class": "waste_basket",
        "rank": 197,
        "source_layer": "poi",
        "source_tile": "https://tiles.openfreemap.org/planet/20261004_113936_pt/14/8852/6439.pbf"
      }
    },
    {
      "type": "Feature",
      "id": "poi:118334464211-0",
      "geometry": {
        "type": "Point",
        "coordinates": [
          14.514291286468506,
          35.89793281129759
        ]
      },
      "properties": {
        "subclass": "telephone",
        "class": "telephone",
        "rank": 90,
        "source_layer": "poi",
        "source_tile": "https://tiles.openfreemap.org/planet/20261004_113936_pt/14/8852/6439.pbf"
      }
    },
    {
      "type": "Feature",
      "id": "landuse:3394742072-0",
      "geometry": {
        "type": "Polygon",
        "coordinates": [
          [
            [
              14.513293504714966,
              35.89820223279803
            ],
            [
              14.513620734214783,
              35.89838908910657
            ],
            [
              14.513760209083557,
              35.89825003329105
            ],
            [
              14.51343834400177,
              35.89805014012825
            ],
            [
              14.513293504714966,
              35.89820223279803
            ]
          ]
        ]
      },
      "properties": {
        "class": "library",
        "source_layer": "landuse",
        "source_tile": "https://tiles.openfreemap.org/planet/20261004_113936_pt/14/8852/6439.pbf"
      }
    },
    {
      "type": "Feature",
      "id": "landuse:4043586962-0",
      "geometry": {
        "type": "Polygon",
        "coordinates": [
          [
            [
              14.513014554977417,
              35.89848468983806
            ],
            [
              14.513352513313293,
              35.89814139576518
            ],
            [
              14.512977004051208,
              35.89791977475012
            ],
            [
              14.51267123222351,
              35.89825437878898
            ],
            [
              14.513014554977417,
              35.89848468983806
            ]
          ]
        ]
      },
      "properties": {
        "class": "commercial",
        "source_layer": "landuse",
        "source_tile": "https://tiles.openfreemap.org/planet/20261004_113936_pt/14/8852/6439.pbf"
      }
    },
    {
      "type": "Feature",
      "id": "landuse:13593782482-0",
      "geometry": {
        "type": "Polygon",
        "coordinates": [
          [
            [
              14.511147737503052,
              35.89990130532688
            ],
            [
              14.511373043060303,
              35.89965796213845
            ],
            [
              14.511260390281677,
              35.899588435375776
            ],
            [
              14.509833455085754,
              35.89894530992585
            ],
            [
              14.509350657463074,
              35.89944069080231
            ],
            [
              14.509297013282776,
              35.899497181407085
            ],
            [
              14.509254097938538,
              35.89956670824991
            ],
            [
              14.509254097938538,
              35.89963623503168
            ],
            [
              14.509264826774597,
              35.89967534381958
            ],
            [
              14.509323835372925,
              35.89971879800571
            ],
            [
              14.50945258140564,
              35.89977094299755
            ],
            [
              14.510042667388916,
              35.899962141007094
            ],
            [
              14.51017141342163,
              35.90002297664056
            ],
            [
              14.510273337364197,
              35.900101193814834
            ],
            [
              14.510257244110107,
              35.90024024637832
            ],
            [
              14.51042354106903,
              35.90034888102355
            ],
            [
              14.510536193847656,
              35.9004531701427
            ],
            [
              14.510831236839294,
              35.90022721021086
            ],
            [
              14.510976076126099,
              35.90012726618909
            ],
            [
              14.511147737503052,
              35.89990130532688
            ]
          ]
        ]
      },
      "properties": {
        "class": "neighbourhood",
        "source_layer": "landuse",
        "source_tile": "https://tiles.openfreemap.org/planet/20261004_113936_pt/14/8852/6439.pbf"
      }
    },
    {
      "type": "Feature",
      "id": "landuse:35098260-6",
      "geometry": {
        "type": "Polygon",
        "coordinates": [
          [
            [
              14.511528611183167,
              35.89950152683656
            ],
            [
              14.51219379901886,
              35.899918686954564
            ],
            [
              14.512563943862915,
              35.89953629026371
            ],
            [
              14.511898756027222,
              35.899114782679845
            ],
            [
              14.511528611183167,
              35.89950152683656
            ]
          ]
        ]
      },
      "properties": {
        "class": "residential",
        "source_layer": "landuse",
        "source_tile": "https://tiles.openfreemap.org/planet/20261004_113936_pt/14/8852/6439.pbf"
      }
    },
    {
      "type": "Feature",
      "id": "landuse:35098260-11",
      "geometry": {
        "type": "Polygon",
        "coordinates": [
          [
            [
              14.511914849281311,
              35.89904525544006
            ],
            [
              14.512612223625183,
              35.89947110882527
            ],
            [
              14.512896537780762,
              35.8991799644117
            ],
            [
              14.51219916343689,
              35.89874107304786
            ],
            [
              14.511914849281311,
              35.89904525544006
            ]
          ]
        ]
      },
      "properties": {
        "class": "residential",
        "source_layer": "landuse",
        "source_tile": "https://tiles.openfreemap.org/planet/20261004_113936_pt/14/8852/6439.pbf"
      }
    },
    {
      "type": "Feature",
      "id": "landuse:35098260-12",
      "geometry": {
        "type": "Polygon",
        "coordinates": [
          [
            [
              14.51117992401123,
              35.89858029045406
            ],
            [
              14.511861205101013,
              35.899006146340824
            ],
            [
              14.512134790420532,
              35.8987193456894
            ],
            [
              14.51144814491272,
              35.89829348825964
            ],
            [
              14.51117992401123,
              35.89858029045406
            ]
          ]
        ]
      },
      "properties": {
        "class": "residential",
        "source_layer": "landuse",
        "source_tile": "https://tiles.openfreemap.org/planet/20261004_113936_pt/14/8852/6439.pbf"
      }
    },
    {
      "type": "Feature",
      "id": "landuse:35098260-13",
      "geometry": {
        "type": "Polygon",
        "coordinates": [
          [
            [
              14.510777592658997,
              35.89903656453079
            ],
            [
              14.51143741607666,
              35.89945807253115
            ],
            [
              14.511802196502686,
              35.899084364519965
            ],
            [
              14.511115550994873,
              35.89865416357827
            ],
            [
              14.510777592658997,
              35.89903656453079
            ]
          ]
        ]
      },
      "properties": {
        "class": "residential",
        "source_layer": "landuse",
        "source_tile": "https://tiles.openfreemap.org/planet/20261004_113936_pt/14/8852/6439.pbf"
      }
    },
    {
      "type": "Feature",
      "id": "landuse:35098260-14",
      "geometry": {
        "type": "Polygon",
        "coordinates": [
          [
            [
              14.510305523872375,
              35.898032758090224
            ],
            [
              14.51042354106903,
              35.89810228621937
            ],
            [
              14.510530829429626,
              35.897989302978516
            ],
            [
              14.510589838027954,
              35.89802841258012
            ],
            [
              14.510482549667358,
              35.89814139576518
            ],
            [
              14.511120915412903,
              35.89853249016048
            ],
            [
              14.511373043060303,
              35.89826741528134
            ],
            [
              14.511228203773499,
              35.898176159789685
            ],
            [
              14.511142373085022,
              35.89826741528134
            ],
            [
              14.511056542396545,
              35.89821961479882
            ],
            [
              14.510911703109741,
              35.89813270475666
            ],
            [
              14.510997533798218,
              35.89803710360009
            ],
            [
              14.510568380355835,
              35.89777637258619
            ],
            [
              14.510305523872375,
              35.898032758090224
            ]
          ]
        ]
      },
      "properties": {
        "class": "residential",
        "source_layer": "landuse",
        "source_tile": "https://tiles.openfreemap.org/planet/20261004_113936_pt/14/8852/6439.pbf"
      }
    },
    {
      "type": "Feature",
      "id": "landuse:35098260-66",
      "geometry": {
        "type": "Polygon",
        "coordinates": [
          [
            [
              14.510316252708435,
              35.896820351521015
            ],
            [
              14.51095461845398,
              35.897224489107344
            ],
            [
              14.511314034461975,
              35.896868152848484
            ],
            [
              14.510643482208252,
              35.89644228545944
            ],
            [
              14.510316252708435,
              35.896820351521015
            ]
          ]
        ]
      },
      "properties": {
        "class": "residential",
        "source_layer": "landuse",
        "source_tile": "https://tiles.openfreemap.org/planet/20261004_113936_pt/14/8852/6439.pbf"
      }
    },
    {
      "type": "Feature",
      "id": "landuse:35098260-67",
      "geometry": {
        "type": "Polygon",
        "coordinates": [
          [
            [
              14.513341784477234,
              35.897559096085246
            ],
            [
              14.513030648231506,
              35.89789804716622
            ],
            [
              14.513373970985413,
              35.89811966824212
            ],
            [
              14.51343834400177,
              35.89805014012825
            ],
            [
              14.513760209083557,
              35.89825003329105
            ],
            [
              14.514006972312927,
              35.897993648490754
            ],
            [
              14.513341784477234,
              35.897559096085246
            ]
          ]
        ]
      },
      "properties": {
        "class": "residential",
        "source_layer": "landuse",
        "source_tile": "https://tiles.openfreemap.org/planet/20261004_113936_pt/14/8852/6439.pbf"
      }
    },
    {
      "type": "Feature",
      "id": "landuse:35098260-68",
      "geometry": {
        "type": "Polygon",
        "coordinates": [
          [
            [
              14.513717293739319,
              35.89702024778933
            ],
            [
              14.514049887657166,
              35.896685638533725
            ],
            [
              14.513797760009766,
              35.89652050617205
            ],
            [
              14.513631463050842,
              35.89642490306839
            ],
            [
              14.513561725616455,
              35.896372755872264
            ],
            [
              14.513368606567383,
              35.89625542455538
            ],
            [
              14.513041377067566,
              35.89659003562947
            ],
            [
              14.513717293739319,
              35.89702024778933
            ]
          ]
        ]
      },
      "properties": {
        "class": "residential",
        "source_layer": "landuse",
        "source_tile": "https://tiles.openfreemap.org/planet/20261004_113936_pt/14/8852/6439.pbf"
      }
    },
    {
      "type": "Feature",
      "id": "landuse:35098260-69",
      "geometry": {
        "type": "Polygon",
        "coordinates": [
          [
            [
              14.513003826141357,
              35.896559616499374
            ],
            [
              14.513341784477234,
              35.896216314077776
            ],
            [
              14.512504935264587,
              35.89569049355818
            ],
            [
              14.512215256690979,
              35.896046835118185
            ],
            [
              14.513003826141357,
              35.896559616499374
            ]
          ]
        ]
      },
      "properties": {
        "class": "residential",
        "source_layer": "landuse",
        "source_tile": "https://tiles.openfreemap.org/planet/20261004_113936_pt/14/8852/6439.pbf"
      }
    },
    {
      "type": "Feature",
      "id": "landuse:35098260-70",
      "geometry": {
        "type": "Polygon",
        "coordinates": [
          [
            [
              14.514500498771667,
              35.897524331789754
            ],
            [
              14.514822363853455,
              35.897172342437955
            ],
            [
              14.514098167419434,
              35.89671605761542
            ],
            [
              14.513776302337646,
              35.897059357869765
            ],
            [
              14.514500498771667,
              35.897524331789754
            ]
          ]
        ]
      },
      "properties": {
        "class": "residential",
        "source_layer": "landuse",
        "source_tile": "https://tiles.openfreemap.org/planet/20261004_113936_pt/14/8852/6439.pbf"
      }
    },
    {
      "type": "Feature",
      "id": "landuse:35098260-104",
      "geometry": {
        "type": "Polygon",
        "coordinates": [
          [
            [
              14.51417326927185,
              35.899197346197795
            ],
            [
              14.514827728271484,
              35.89961016249568
            ],
            [
              14.515144228935242,
              35.89927990962961
            ],
            [
              14.514495134353638,
              35.89886709160932
            ],
            [
              14.51417326927185,
              35.899197346197795
            ]
          ]
        ]
      },
      "properties": {
        "class": "residential",
        "source_layer": "landuse",
        "source_tile": "https://tiles.openfreemap.org/planet/20261004_113936_pt/14/8852/6439.pbf"
      }
    }
  ]
}
