{
  "type": "FeatureCollection",
  "source": "https://tiles.openfreemap.org/planet/20261004_113936_pt/14/8848/6436.pbf",
  "sources": [
    "https://tiles.openfreemap.org/planet/20261004_113936_pt/14/8848/6436.pbf"
  ],
  "fetched_at": "2026-10-09T09:15:15.980Z",
  "attribution": "Map data © OpenStreetMap contributors, ODbL: https://www.openstreetmap.org/copyright",
  "description": "OpenFreeMap vector-tile features intersecting a query box extending 160 m from the centre in each direction. Complete intersecting features are retained. Tile/component IDs are not OSM way IDs.",
  "church_id": "0260",
  "context_center": [
    14.42232,
    35.94888
  ],
  "context_bbox": [
    14.420544552308396,
    35.947442702120014,
    14.424095447691602,
    35.95031729787999
  ],
  "features": [
    {
      "type": "Feature",
      "id": "building:379653090-89",
      "geometry": {
        "type": "Polygon",
        "coordinates": [
          [
            [
              14.419512748718262,
              35.94966663502464
            ],
            [
              14.420376420021057,
              35.950613332206885
            ],
            [
              14.42054808139801,
              35.950522137100506
            ],
            [
              14.420499801635742,
              35.95000970549759
            ],
            [
              14.420719742774963,
              35.94984902710712
            ],
            [
              14.420328140258789,
              35.94937133266501
            ],
            [
              14.419512748718262,
              35.94966663502464
            ]
          ]
        ]
      },
      "properties": {
        "render_height": 5,
        "render_min_height": 0,
        "source_layer": "building",
        "source_tile": "https://tiles.openfreemap.org/planet/20261004_113936_pt/14/8848/6436.pbf"
      }
    },
    {
      "type": "Feature",
      "id": "building:379653090-141",
      "geometry": {
        "type": "Polygon",
        "coordinates": [
          [
            [
              14.42105233669281,
              35.94868518468539
            ],
            [
              14.421175718307495,
              35.94865478558641
            ],
            [
              14.421122074127197,
              35.94850713265362
            ],
            [
              14.420998692512512,
              35.94853753180939
            ],
            [
              14.42105233669281,
              35.94868518468539
            ]
          ]
        ]
      },
      "properties": {
        "render_height": 5,
        "render_min_height": 0,
        "source_layer": "building",
        "source_tile": "https://tiles.openfreemap.org/planet/20261004_113936_pt/14/8848/6436.pbf"
      }
    },
    {
      "type": "Feature",
      "id": "building:379653090-142",
      "geometry": {
        "type": "Polygon",
        "coordinates": [
          [
            [
              14.422194957733154,
              35.94964057897849
            ],
            [
              14.42228615283966,
              35.9495928095382
            ],
            [
              14.422216415405273,
              35.94950161325386
            ],
            [
              14.422125220298767,
              35.949549382749254
            ],
            [
              14.422194957733154,
              35.94964057897849
            ]
          ]
        ]
      },
      "properties": {
        "render_height": 5,
        "render_min_height": 0,
        "source_layer": "building",
        "source_tile": "https://tiles.openfreemap.org/planet/20261004_113936_pt/14/8848/6436.pbf"
      }
    },
    {
      "type": "Feature",
      "id": "building:379653090-143",
      "geometry": {
        "type": "Polygon",
        "coordinates": [
          [
            [
              14.420880675315857,
              35.94985336977061
            ],
            [
              14.421626329421997,
              35.94986639775969
            ],
            [
              14.421159625053406,
              35.94943213029987
            ],
            [
              14.420778751373291,
              35.949419102239204
            ],
            [
              14.420746564865112,
              35.94950161325386
            ],
            [
              14.420660734176636,
              35.94959715221579
            ],
            [
              14.420725107192993,
              35.949710061749116
            ],
            [
              14.420864582061768,
              35.949614522923724
            ],
            [
              14.421159625053406,
              35.949618865600115
            ],
            [
              14.421159625053406,
              35.9495928095382
            ],
            [
              14.42129909992218,
              35.9495928095382
            ],
            [
              14.421347379684448,
              35.94963623630329
            ],
            [
              14.421347379684448,
              35.94970571907774
            ],
            [
              14.42128837108612,
              35.94975783111852
            ],
            [
              14.421207904815674,
              35.94975783111852
            ],
            [
              14.421154260635376,
              35.94970571907774
            ],
            [
              14.420902132987976,
              35.94970571907774
            ],
            [
              14.420778751373291,
              35.94979691512653
            ],
            [
              14.420880675315857,
              35.94985336977061
            ]
          ]
        ]
      },
      "properties": {
        "render_height": 5,
        "render_min_height": 0,
        "source_layer": "building",
        "source_tile": "https://tiles.openfreemap.org/planet/20261004_113936_pt/14/8848/6436.pbf"
      }
    },
    {
      "type": "Feature",
      "id": "building:379653090-144",
      "geometry": {
        "type": "Polygon",
        "coordinates": [
          [
            [
              14.420725107192993,
              35.950417913992894
            ],
            [
              14.421181082725525,
              35.95043094188888
            ],
            [
              14.421025514602661,
              35.95019643943273
            ],
            [
              14.420735836029053,
              35.95018775414319
            ],
            [
              14.420725107192993,
              35.950417913992894
            ]
          ]
        ]
      },
      "properties": {
        "render_height": 5,
        "render_min_height": 0,
        "source_layer": "building",
        "source_tile": "https://tiles.openfreemap.org/planet/20261004_113936_pt/14/8848/6436.pbf"
      }
    },
    {
      "type": "Feature",
      "id": "transportation:244153250-0",
      "geometry": {
        "type": "MultiLineString",
        "coordinates": [
          [
            [
              14.4245445728302,
              35.95599365715604
            ],
            [
              14.424630403518677,
              35.955980630177436
            ],
            [
              14.424662590026855,
              35.95606313433903
            ],
            [
              14.424769878387451,
              35.95621945777732
            ],
            [
              14.425134658813477,
              35.95662329189429
            ],
            [
              14.425451159477234,
              35.95721384129425
            ],
            [
              14.425515532493591,
              35.95776096400391
            ],
            [
              14.425102472305298,
              35.958581640962294
            ]
          ],
          [
            [
              14.418091177940369,
              35.948876264468254
            ],
            [
              14.417983889579773,
              35.948402906887864
            ],
            [
              14.417844414710999,
              35.94802074457046
            ],
            [
              14.418214559555054,
              35.947972974150815
            ],
            [
              14.418257474899292,
              35.947838348267354
            ],
            [
              14.41832184791565,
              35.94779057773742
            ]
          ],
          [
            [
              14.419882893562317,
              35.944581200534714
            ],
            [
              14.420853853225708,
              35.94527606998378
            ]
          ],
          [
            [
              14.429984092712402,
              35.94780360606664
            ],
            [
              14.429871439933777,
              35.94781663439369
            ],
            [
              14.429726600646973,
              35.947764521072585
            ],
            [
              14.42952811717987,
              35.94775583551572
            ],
            [
              14.42906141281128,
              35.947825319943874
            ]
          ],
          [
            [
              14.426668882369995,
              35.9472520715841
            ],
            [
              14.426824450492859,
              35.94719995789063
            ],
            [
              14.42703366279602,
              35.94741275525597
            ],
            [
              14.427258968353271,
              35.947495268365884
            ],
            [
              14.427511096000671,
              35.947516982327855
            ]
          ],
          [
            [
              14.430150389671326,
              35.94675699010827
            ],
            [
              14.43027913570404,
              35.946935046083965
            ],
            [
              14.43052053451538,
              35.946974131488346
            ],
            [
              14.430820941925049,
              35.94698281713114
            ],
            [
              14.431319832801819,
              35.9467005332517
            ],
            [
              14.43156123161316,
              35.946591962260314
            ],
            [
              14.431834816932678,
              35.946591962260314
            ]
          ],
          [
            [
              14.431722164154053,
              35.94682213258497
            ],
            [
              14.431411027908325,
              35.946869903700374
            ],
            [
              14.431330561637878,
              35.94669619041491
            ]
          ],
          [
            [
              14.433980584144592,
              35.945523615748854
            ],
            [
              14.433487057685852,
              35.94558875924233
            ],
            [
              14.432719945907593,
              35.94581024671852
            ],
            [
              14.432451725006104,
              35.94598396195168
            ],
            [
              14.431893825531006,
              35.94650076251227
            ],
            [
              14.431834816932678,
              35.946591962260314
            ],
            [
              14.431834816932678,
              35.946683161903124
            ],
            [
              14.431722164154053,
              35.94682213258497
            ],
            [
              14.431700706481934,
              35.94693070326008
            ],
            [
              14.431738257408142,
              35.94727812841795
            ],
            [
              14.431368112564087,
              35.94742144085053
            ],
            [
              14.431121349334717,
              35.94748658277943
            ],
            [
              14.430853128433228,
              35.947477897192016
            ],
            [
              14.43052053451538,
              35.947577781389626
            ],
            [
              14.430354237556458,
              35.94766897989459
            ],
            [
              14.430397152900696,
              35.94804245838803
            ],
            [
              14.430386424064636,
              35.948411592373574
            ],
            [
              14.430354237556458,
              35.948828494565845
            ],
            [
              14.430429339408875,
              35.94901957400212
            ],
            [
              14.430354237556458,
              35.94919328217952
            ],
            [
              14.430375695228577,
              35.94931922036935
            ],
            [
              14.430493712425232,
              35.94942778761323
            ],
            [
              14.430622458457947,
              35.949505955936445
            ],
            [
              14.430649280548096,
              35.94957543882548
            ],
            [
              14.430976510047913,
              35.94979691512653
            ],
            [
              14.431432485580444,
              35.95026592171453
            ],
            [
              14.431738257408142,
              35.95052647972703
            ]
          ],
          [
            [
              14.435659646987915,
              35.95286712067204
            ],
            [
              14.435579180717468,
              35.95276290065803
            ],
            [
              14.43555235862732,
              35.952658680506545
            ],
            [
              14.43555772304535,
              35.95251537757372
            ],
            [
              14.43554699420929,
              35.95238510195469
            ],
            [
              14.435563087463379,
              35.952272196244394
            ],
            [
              14.43579375743866,
              35.95202032907844
            ],
            [
              14.435976147651672,
              35.951885710091446
            ],
            [
              14.436244368553162,
              35.951455796306675
            ]
          ],
          [
            [
              14.43555772304535,
              35.95251537757372
            ],
            [
              14.435455799102783,
              35.95255446021754
            ],
            [
              14.435412883758545,
              35.952610912891146
            ],
            [
              14.435428977012634,
              35.95274118813782
            ],
            [
              14.435423612594604,
              35.95281935318269
            ],
            [
              14.435396790504456,
              35.95288883315767
            ],
            [
              14.435203671455383,
              35.95302779292426
            ],
            [
              14.435128569602966,
              35.953045162877885
            ],
            [
              14.434683322906494,
              35.95301476545653
            ],
            [
              14.434415102005005,
              35.95291923062749
            ],
            [
              14.4342702627182,
              35.95277592816731
            ],
            [
              14.434082508087158,
              35.952302593951515
            ],
            [
              14.433996677398682,
              35.95149053690143
            ],
            [
              14.43379819393158,
              35.95045699767438
            ],
            [
              14.43380892276764,
              35.9503093481096
            ],
            [
              14.43378210067749,
              35.950248551149784
            ],
            [
              14.43379819393158,
              35.95019643943273
            ],
            [
              14.43428099155426,
              35.94978822979307
            ],
            [
              14.43429708480835,
              35.949688348389856
            ],
            [
              14.433706998825073,
              35.94916288327606
            ],
            [
              14.433503150939941,
              35.94875901101989
            ],
            [
              14.433449506759644,
              35.948494104440414
            ],
            [
              14.43351924419403,
              35.948216168713714
            ],
            [
              14.433889389038086,
              35.947864404907875
            ],
            [
              14.434061050415039,
              35.94762555204821
            ],
            [
              14.434152245521545,
              35.94745184042404
            ],
            [
              14.434012770652771,
              35.9471956150813
            ],
            [
              14.433932304382324,
              35.94699584559355
            ],
            [
              14.43405568599701,
              35.946479048271016
            ],
            [
              14.43405032157898,
              35.94615333393634
            ]
          ]
        ]
      },
      "properties": {
        "surface": "unpaved",
        "class": "track",
        "source_layer": "transportation",
        "source_tile": "https://tiles.openfreemap.org/planet/20261004_113936_pt/14/8848/6436.pbf"
      }
    },
    {
      "type": "Feature",
      "id": "transportation:269330410-0",
      "geometry": {
        "type": "MultiLineString",
        "coordinates": [
          [
            [
              14.424630403518677,
              35.958855198053456
            ],
            [
              14.4247967004776,
              35.95892033055455
            ],
            [
              14.424871802330017,
              35.95893335704831
            ],
            [
              14.425005912780762,
              35.95888993539404
            ],
            [
              14.425048828125,
              35.9588334872078
            ],
            [
              14.425075650215149,
              35.95875967028802
            ],
            [
              14.42506492137909,
              35.95867716894307
            ],
            [
              14.425102472305298,
              35.958581640962294
            ]
          ],
          [
            [
              14.424710869789124,
              35.95872493289012
            ],
            [
              14.424839615821838,
              35.95873361724101
            ],
            [
              14.424903988838196,
              35.95869887983167
            ],
            [
              14.425000548362732,
              35.95853821911467
            ],
            [
              14.425123929977417,
              35.95827334532714
            ],
            [
              14.425274133682251,
              35.957834781857116
            ],
            [
              14.425333142280579,
              35.9575872746654
            ],
            [
              14.425333142280579,
              35.957391873703045
            ],
            [
              14.425258040428162,
              35.95713568059776
            ],
            [
              14.425086379051208,
              35.956836063878086
            ],
            [
              14.424678683280945,
              35.956332357845895
            ],
            [
              14.424608945846558,
              35.956223800090626
            ],
            [
              14.4245445728302,
              35.95599365715604
            ],
            [
              14.424211978912354,
              35.95527717014184
            ],
            [
              14.424174427986145,
              35.95528585487183
            ],
            [
              14.424142241477966,
              35.95531190905608
            ],
            [
              14.424136877059937,
              35.95533796323174
            ],
            [
              14.424152970314026,
              35.95541612570712
            ],
            [
              14.424501657485962,
              35.95612826914257
            ],
            [
              14.4245445728302,
              35.95618471926221
            ],
            [
              14.424608945846558,
              35.956223800090626
            ]
          ],
          [
            [
              14.424083232879639,
              35.95671447995751
            ],
            [
              14.423884749412537,
              35.95681435247744
            ],
            [
              14.423863291740417,
              35.956857775272795
            ],
            [
              14.423868656158447,
              35.95687948666151
            ],
            [
              14.424260258674622,
              35.957426611687225
            ],
            [
              14.424233436584473,
              35.95756990571056
            ],
            [
              14.424077868461609,
              35.95764806597734
            ],
            [
              14.423943758010864,
              35.95763938150708
            ],
            [
              14.423251748085022,
              35.95727897514888
            ],
            [
              14.423375129699707,
              35.95709660022054
            ],
            [
              14.423192739486694,
              35.95701409713841
            ]
          ],
          [
            [
              14.422168135643005,
              35.95770451501079
            ],
            [
              14.422130584716797,
              35.957778332916774
            ]
          ],
          [
            [
              14.423766732215881,
              35.95436961059421
            ],
            [
              14.424238801002502,
              35.95434789851559
            ]
          ],
          [
            [
              14.419770240783691,
              35.95265433799726
            ],
            [
              14.420140385627747,
              35.95244589727031
            ]
          ],
          [
            [
              14.4182950258255,
              35.951668582209734
            ],
            [
              14.418413043022156,
              35.951794516453816
            ]
          ],
          [
            [
              14.417436718940735,
              35.951911765397156
            ],
            [
              14.417147040367126,
              35.95164252682383
            ]
          ],
          [
            [
              14.41756010055542,
              35.952658680506545
            ],
            [
              14.41780686378479,
              35.952736845633055
            ]
          ],
          [
            [
              14.417769312858582,
              35.955442179848404
            ],
            [
              14.41756010055542,
              35.95552034222065
            ],
            [
              14.417377710342407,
              35.955572450425876
            ]
          ],
          [
            [
              14.417495727539062,
              35.95383114928342
            ],
            [
              14.417501091957092,
              35.95376601258569
            ],
            [
              14.417592287063599,
              35.95361402674877
            ]
          ],
          [
            [
              14.415130019187927,
              35.95272381811735
            ],
            [
              14.415103197097778,
              35.95277158566445
            ],
            [
              14.414952993392944,
              35.952953970578676
            ],
            [
              14.414974451065063,
              35.95304950536571
            ],
            [
              14.415119290351868,
              35.95307556028756
            ],
            [
              14.415639638900757,
              35.95332308161666
            ],
            [
              14.415999054908752,
              35.95341861595729
            ],
            [
              14.41631019115448,
              35.95347941047754
            ],
            [
              14.41682517528534,
              35.95370521828602
            ],
            [
              14.41706657409668,
              35.953865888833576
            ]
          ],
          [
            [
              14.415752291679382,
              35.952537090156014
            ],
            [
              14.41578984260559,
              35.95242852718489
            ],
            [
              14.41628873348236,
              35.952528405123815
            ],
            [
              14.416379928588867,
              35.95261959791428
            ]
          ],
          [
            [
              14.414657950401306,
              35.95226351118306
            ],
            [
              14.41479742527008,
              35.95214626276177
            ],
            [
              14.414716958999634,
              35.9519769036238
            ]
          ],
          [
            [
              14.416385293006897,
              35.94516749703513
            ],
            [
              14.416213631629944,
              35.94517618287651
            ],
            [
              14.41578984260559,
              35.94526304123782
            ],
            [
              14.41556990146637,
              35.945510587043714
            ]
          ],
          [
            [
              14.417957067489624,
              35.945871047093576
            ],
            [
              14.41805899143219,
              35.94567996004302
            ],
            [
              14.418225288391113,
              35.94573641762878
            ],
            [
              14.418262839317322,
              35.9457103602865
            ],
            [
              14.418455958366394,
              35.94573641762878
            ],
            [
              14.41853642463684,
              35.945623502416936
            ]
          ],
          [
            [
              14.422677755355835,
              35.94885020816143
            ],
            [
              14.42279040813446,
              35.94897614689809
            ],
            [
              14.423326849937439,
              35.94949292788796
            ]
          ],
          [
            [
              14.422624111175537,
              35.949071686495444
            ],
            [
              14.42279040813446,
              35.94897614689809
            ]
          ],
          [
            [
              14.42179799079895,
              35.94704795942165
            ],
            [
              14.421926736831665,
              35.94696110302239
            ],
            [
              14.422007203102112,
              35.94693070326008
            ]
          ],
          [
            [
              14.420864582061768,
              35.948263938986315
            ],
            [
              14.420430064201355,
              35.948463705267926
            ]
          ],
          [
            [
              14.423101544380188,
              35.949471214469
            ],
            [
              14.423224925994873,
              35.9493887034226
            ]
          ],
          [
            [
              14.423600435256958,
              35.94914116976639
            ],
            [
              14.423670172691345,
              35.9490890573189
            ],
            [
              14.423423409461975,
              35.94888929261842
            ]
          ],
          [
            [
              14.428637623786926,
              35.94921499567485
            ],
            [
              14.42854642868042,
              35.949232366466816
            ]
          ],
          [
            [
              14.427865147590637,
              35.94833776571444
            ],
            [
              14.427623748779297,
              35.9484159351161
            ],
            [
              14.427500367164612,
              35.94842896334217
            ],
            [
              14.427108764648438,
              35.94843330608374
            ],
            [
              14.426878094673157,
              35.94842462060039
            ],
            [
              14.426733255386353,
              35.94839422140117
            ],
            [
              14.426647424697876,
              35.948363822190245
            ],
            [
              14.426615238189697,
              35.94833342296765
            ],
            [
              14.426593780517578,
              35.94830302373333
            ],
            [
              14.426593780517578,
              35.948272624487316
            ],
            [
              14.426599144935608,
              35.94823788247757
            ],
            [
              14.426636695861816,
              35.94817708392374
            ],
            [
              14.426722526550293,
              35.94813799911442
            ],
            [
              14.426829814910889,
              35.94812062808184
            ],
            [
              14.42754328250885,
              35.94812497084034
            ],
            [
              14.42781150341034,
              35.94817708392374
            ],
            [
              14.428122639656067,
              35.948190112189195
            ],
            [
              14.42828893661499,
              35.94825525348435
            ],
            [
              14.428498148918152,
              35.948242225229635
            ],
            [
              14.42905604839325,
              35.94796863138397
            ],
            [
              14.429088234901428,
              35.947894804310934
            ],
            [
              14.42906141281128,
              35.947825319943874
            ],
            [
              14.428975582122803,
              35.94766897989459
            ],
            [
              14.428879022598267,
              35.947621209262266
            ],
            [
              14.42854642868042,
              35.94762555204821
            ],
            [
              14.42855179309845,
              35.947734121619376
            ]
          ],
          [
            [
              14.426636695861816,
              35.94817708392374
            ],
            [
              14.42656695842743,
              35.9481293135986
            ]
          ],
          [
            [
              14.436378479003906,
              35.949002203163374
            ],
            [
              14.436002969741821,
              35.94842896334217
            ]
          ],
          [
            [
              14.436378479003906,
              35.94588407573927
            ],
            [
              14.43627119064331,
              35.94588407573927
            ],
            [
              14.436115622520447,
              35.945792875174206
            ],
            [
              14.436067342758179,
              35.945671274256995
            ],
            [
              14.436078071594238,
              35.945367271145344
            ]
          ],
          [
            [
              14.436378479003906,
              35.9460881909083
            ],
            [
              14.436378479003906,
              35.94599699057879
            ]
          ]
        ]
      },
      "properties": {
        "surface": "paved",
        "class": "service",
        "source_layer": "transportation",
        "source_tile": "https://tiles.openfreemap.org/planet/20261004_113936_pt/14/8848/6436.pbf"
      }
    },
    {
      "type": "Feature",
      "id": "transportation:269330420-0",
      "geometry": {
        "type": "MultiLineString",
        "coordinates": [
          [
            [
              14.421776533126831,
              35.95773925285749
            ],
            [
              14.421342015266418,
              35.95778701737176
            ],
            [
              14.421207904815674,
              35.957778332916774
            ],
            [
              14.421084523200989,
              35.95771754170511
            ],
            [
              14.421207904815674,
              35.95761332809053
            ]
          ],
          [
            [
              14.421342015266418,
              35.95778701737176
            ],
            [
              14.42128300666809,
              35.957765306232474
            ],
            [
              14.421218633651733,
              35.957665434915
            ],
            [
              14.421138167381287,
              35.95737884695504
            ]
          ],
          [
            [
              14.42106306552887,
              35.95753082554816
            ],
            [
              14.421159625053406,
              35.95747871863489
            ]
          ],
          [
            [
              14.417179226875305,
              35.953783382377
            ],
            [
              14.41732943058014,
              35.95361836920529
            ]
          ],
          [
            [
              14.417130947113037,
              35.95394405276561
            ],
            [
              14.417200684547424,
              35.954048271221325
            ],
            [
              14.417270421981812,
              35.954026559054384
            ]
          ],
          [
            [
              14.418895840644836,
              35.944594229393104
            ],
            [
              14.41906213760376,
              35.94480703377589
            ],
            [
              14.419190883636475,
              35.94505458101031
            ]
          ]
        ]
      },
      "properties": {
        "subclass": "footway",
        "surface": "unpaved",
        "class": "path",
        "source_layer": "transportation",
        "source_tile": "https://tiles.openfreemap.org/planet/20261004_113936_pt/14/8848/6436.pbf"
      }
    },
    {
      "type": "Feature",
      "id": "transportation:269331640-0",
      "geometry": {
        "type": "MultiLineString",
        "coordinates": [
          [
            [
              14.417930245399475,
              35.956857775272795
            ],
            [
              14.417898058891296,
              35.956866459829
            ]
          ],
          [
            [
              14.418198466300964,
              35.95614563841444
            ],
            [
              14.418182373046875,
              35.95612826914257
            ]
          ],
          [
            [
              14.425000548362732,
              35.95853821911467
            ],
            [
              14.425107836723328,
              35.958559930041474
            ]
          ],
          [
            [
              14.424104690551758,
              35.956736191385644
            ],
            [
              14.42453920841217,
              35.95654078831777
            ]
          ],
          [
            [
              14.418107271194458,
              35.95132117635775
            ],
            [
              14.41806435585022,
              35.9515209349093
            ]
          ],
          [
            [
              14.414244890213013,
              35.94799903074693
            ],
            [
              14.414100050926208,
              35.94799903074693
            ]
          ],
          [
            [
              14.419206976890564,
              35.94423810649094
            ],
            [
              14.419228434562683,
              35.94420336270723
            ]
          ],
          [
            [
              14.422597289085388,
              35.94904563025308
            ],
            [
              14.422683119773865,
              35.948967461474425
            ],
            [
              14.42253828048706,
              35.94878072463459
            ],
            [
              14.422634840011597,
              35.948732954674426
            ],
            [
              14.422677755355835,
              35.94877203918942
            ],
            [
              14.422629475593567,
              35.94879809552201
            ],
            [
              14.422645568847656,
              35.94881112368509
            ],
            [
              14.422709941864014,
              35.94877203918942
            ]
          ]
        ]
      },
      "properties": {
        "subclass": "steps",
        "surface": "paved",
        "class": "path",
        "source_layer": "transportation",
        "source_tile": "https://tiles.openfreemap.org/planet/20261004_113936_pt/14/8848/6436.pbf"
      }
    },
    {
      "type": "Feature",
      "id": "transportation:270725510-0",
      "geometry": {
        "type": "MultiLineString",
        "coordinates": [
          [
            [
              14.424710869789124,
              35.95872493289012
            ],
            [
              14.424630403518677,
              35.958855198053456
            ],
            [
              14.424603581428528,
              35.95892033055455
            ],
            [
              14.424517750740051,
              35.95898546300192
            ],
            [
              14.424389004707336,
              35.95901585812564
            ],
            [
              14.424276351928711,
              35.95900283164548
            ],
            [
              14.423981308937073,
              35.95892033055455
            ],
            [
              14.423868656158447,
              35.958868224557946
            ],
            [
              14.423831105232239,
              35.95882914503795
            ],
            [
              14.42382037639618,
              35.95879006549863
            ],
            [
              14.423847198486328,
              35.95875967028802
            ],
            [
              14.423884749412537,
              35.95874664376559
            ],
            [
              14.424405097961426,
              35.95859032532897
            ],
            [
              14.424512386322021,
              35.95857729877861
            ],
            [
              14.42456603050232,
              35.95858598314574
            ],
            [
              14.424598217010498,
              35.95862506278604
            ],
            [
              14.424614310264587,
              35.95868585329923
            ],
            [
              14.424582123756409,
              35.958781381153926
            ],
            [
              14.424501657485962,
              35.95884651371591
            ],
            [
              14.424389004707336,
              35.958894277560546
            ],
            [
              14.424260258674622,
              35.95890730405861
            ]
          ],
          [
            [
              14.421245455741882,
              35.953392561148604
            ],
            [
              14.421105980873108,
              35.953414273489784
            ],
            [
              14.420424699783325,
              35.95350112279489
            ],
            [
              14.42031741142273,
              35.95331005419763
            ]
          ],
          [
            [
              14.421020150184631,
              35.95291488813251
            ],
            [
              14.42104697227478,
              35.95307556028756
            ]
          ],
          [
            [
              14.420220851898193,
              35.95340993102201
            ],
            [
              14.42031741142273,
              35.95331005419763
            ],
            [
              14.42104160785675,
              35.95322320468249
            ],
            [
              14.421095252037048,
              35.953275314403015
            ],
            [
              14.421105980873108,
              35.953414273489784
            ]
          ],
          [
            [
              14.420140385627747,
              35.95244589727031
            ],
            [
              14.420011639595032,
              35.952424184662945
            ],
            [
              14.419952630996704,
              35.9524328697066
            ],
            [
              14.419695138931274,
              35.952567487761186
            ]
          ],
          [
            [
              14.419480562210083,
              35.95291923062749
            ],
            [
              14.419668316841125,
              35.95281501068223
            ],
            [
              14.419491291046143,
              35.95259788535466
            ]
          ],
          [
            [
              14.419518113136292,
              35.95303647790155
            ],
            [
              14.419480562210083,
              35.95291923062749
            ],
            [
              14.41929280757904,
              35.95272381811735
            ]
          ],
          [
            [
              14.41805899143219,
              35.94567996004302
            ],
            [
              14.41756010055542,
              35.94552795865009
            ]
          ],
          [
            [
              14.421846270561218,
              35.943543227914574
            ],
            [
              14.422699213027954,
              35.944055701456094
            ],
            [
              14.42281186580658,
              35.94411650318115
            ]
          ],
          [
            [
              14.42656695842743,
              35.9481293135986
            ],
            [
              14.42652940750122,
              35.94809891428578
            ],
            [
              14.426454305648804,
              35.948085886005245
            ],
            [
              14.426229000091553,
              35.94808154324461
            ],
            [
              14.426100254058838,
              35.9479165181631
            ],
            [
              14.426743984222412,
              35.94733024205989
            ],
            [
              14.426996111869812,
              35.947547381864595
            ]
          ]
        ]
      },
      "properties": {
        "surface": "paved",
        "class": "service",
        "service": "parking_aisle",
        "source_layer": "transportation",
        "source_tile": "https://tiles.openfreemap.org/planet/20261004_113936_pt/14/8848/6436.pbf"
      }
    },
    {
      "type": "Feature",
      "id": "transportation:390108400-0",
      "geometry": {
        "type": "MultiLineString",
        "coordinates": [
          [
            [
              14.419233798980713,
              35.952150605298996
            ],
            [
              14.419158697128296,
              35.95215929037275
            ],
            [
              14.418595433235168,
              35.951829256899615
            ],
            [
              14.41855251789093,
              35.9517467483159
            ]
          ],
          [
            [
              14.418241381645203,
              35.951712007833805
            ],
            [
              14.418375492095947,
              35.95160344372886
            ]
          ],
          [
            [
              14.4150710105896,
              35.953279656878195
            ],
            [
              14.41508173942566,
              35.95332742408921
            ],
            [
              14.415242671966553,
              35.953444670757435
            ],
            [
              14.415602087974548,
              35.95350546525762
            ]
          ],
          [
            [
              14.41508173942566,
              35.95332742408921
            ],
            [
              14.414920806884766,
              35.95337519127135
            ]
          ],
          [
            [
              14.4182950258255,
              35.95121695430424
            ],
            [
              14.4187992811203,
              35.95152527748091
            ]
          ],
          [
            [
              14.418681263923645,
              35.950930342948155
            ],
            [
              14.418649077415466,
              35.95105193577166
            ],
            [
              14.418670535087585,
              35.951529620052256
            ],
            [
              14.419662952423096,
              35.951507907193076
            ],
            [
              14.42006528377533,
              35.95151659233747
            ],
            [
              14.420397877693176,
              35.95153396262339
            ],
            [
              14.420676827430725,
              35.95146013888187
            ],
            [
              14.420709013938904,
              35.95137762991264
            ]
          ],
          [
            [
              14.418107271194458,
              35.94887192175105
            ],
            [
              14.418096542358398,
              35.94881546640565
            ],
            [
              14.418112635612488,
              35.94878941007876
            ],
            [
              14.418144822120667,
              35.94877203918942
            ],
            [
              14.418160915374756,
              35.94873729739926
            ],
            [
              14.418160915374756,
              35.94867649922972
            ],
            [
              14.418198466300964,
              35.94850713265362
            ],
            [
              14.418257474899292,
              35.948359479444875
            ],
            [
              14.418278932571411,
              35.94834210846102
            ],
            [
              14.418332576751709,
              35.94833342296765
            ]
          ],
          [
            [
              14.417281150817871,
              35.947890461539785
            ],
            [
              14.417511820793152,
              35.947890461539785
            ],
            [
              14.417785406112671,
              35.94792520370231
            ],
            [
              14.417860507965088,
              35.9479165181631
            ],
            [
              14.417940974235535,
              35.947894804310934
            ],
            [
              14.418080449104309,
              35.947838348267354
            ],
            [
              14.418182373046875,
              35.94784703381514
            ],
            [
              14.418257474899292,
              35.947838348267354
            ]
          ],
          [
            [
              14.417120218276978,
              35.94718692946189
            ],
            [
              14.417120218276978,
              35.94726075719635
            ],
            [
              14.417082667350769,
              35.947308528046605
            ],
            [
              14.416932463645935,
              35.947364984468734
            ],
            [
              14.41679835319519,
              35.947399726862315
            ],
            [
              14.416776895523071,
              35.947417098053364
            ],
            [
              14.41682517528534,
              35.947521325119524
            ],
            [
              14.41683053970337,
              35.947603838116066
            ],
            [
              14.416943192481995,
              35.947829662718604
            ]
          ],
          [
            [
              14.41704511642456,
              35.94732155645529
            ],
            [
              14.417023658752441,
              35.94739104126535
            ]
          ],
          [
            [
              14.41707193851471,
              35.94743446924062
            ],
            [
              14.41705048084259,
              35.947490925572765
            ],
            [
              14.417104125022888,
              35.9477297788394
            ],
            [
              14.417189955711365,
              35.94780794884255
            ]
          ],
          [
            [
              14.416975378990173,
              35.94713481572545
            ],
            [
              14.416927099227905,
              35.94722167193376
            ],
            [
              14.416878819465637,
              35.94726075719635
            ],
            [
              14.416868090629578,
              35.94731287084973
            ],
            [
              14.416868090629578,
              35.94738669846652
            ]
          ],
          [
            [
              14.416728615760803,
              35.94733458486182
            ],
            [
              14.416868090629578,
              35.947364984468734
            ],
            [
              14.416932463645935,
              35.947364984468734
            ],
            [
              14.416980743408203,
              35.94739538406394
            ],
            [
              14.417023658752441,
              35.94739104126535
            ],
            [
              14.41707193851471,
              35.94743446924062
            ],
            [
              14.417141675949097,
              35.947447497628545
            ],
            [
              14.417189955711365,
              35.94743446924062
            ],
            [
              14.417227506637573,
              35.94744315483281
            ],
            [
              14.417259693145752,
              35.94746486880909
            ],
            [
              14.417334794998169,
              35.9474561832193
            ],
            [
              14.417366981506348,
              35.947417098053364
            ],
            [
              14.417468905448914,
              35.947399726862315
            ],
            [
              14.417608380317688,
              35.94743446924062
            ]
          ],
          [
            [
              14.418616890907288,
              35.94677870427313
            ],
            [
              14.41805362701416,
              35.946774361440646
            ],
            [
              14.417474269866943,
              35.946813446924494
            ]
          ],
          [
            [
              14.42380428314209,
              35.94364746009056
            ],
            [
              14.423857927322388,
              35.9435519139345
            ],
            [
              14.423739910125732,
              35.94352585587187
            ]
          ]
        ]
      },
      "properties": {
        "subclass": "path",
        "class": "path",
        "source_layer": "transportation",
        "source_tile": "https://tiles.openfreemap.org/planet/20261004_113936_pt/14/8848/6436.pbf"
      }
    },
    {
      "type": "Feature",
      "id": "transportation:391432470-0",
      "geometry": {
        "type": "MultiLineString",
        "coordinates": [
          [
            [
              14.418262839317322,
              35.956054449694506
            ],
            [
              14.418214559555054,
              35.95614129609683
            ],
            [
              14.418203830718994,
              35.95614998073181
            ],
            [
              14.418198466300964,
              35.95614563841444
            ]
          ],
          [
            [
              14.42382037639618,
              35.95879006549863
            ],
            [
              14.423766732215881,
              35.958781381153926
            ],
            [
              14.423616528511047,
              35.958737959416126
            ]
          ],
          [
            [
              14.423203468322754,
              35.95828202972771
            ],
            [
              14.422962069511414,
              35.95836018928978
            ],
            [
              14.422908425331116,
              35.958264660925636
            ],
            [
              14.422860145568848,
              35.95822992331003
            ],
            [
              14.422715306282043,
              35.958212554496484
            ],
            [
              14.422527551651001,
              35.95811268374452
            ],
            [
              14.422441720962524,
              35.95796939070594
            ],
            [
              14.422414898872375,
              35.95789557297856
            ]
          ],
          [
            [
              14.423605799674988,
              35.95844269096584
            ],
            [
              14.423589706420898,
              35.95863374714793
            ],
            [
              14.423654079437256,
              35.95865111586885
            ],
            [
              14.42380964756012,
              35.95866848458593
            ],
            [
              14.423906207084656,
              35.95866848458593
            ],
            [
              14.424249529838562,
              35.958559930041474
            ],
            [
              14.424458742141724,
              35.958507823807125
            ],
            [
              14.424512386322021,
              35.95857729877861
            ]
          ],
          [
            [
              14.421197175979614,
              35.95740055820053
            ],
            [
              14.42128300666809,
              35.95725726386998
            ]
          ],
          [
            [
              14.419909715652466,
              35.95443040438258
            ],
            [
              14.419502019882202,
              35.95475174220097
            ],
            [
              14.419271349906921,
              35.95455633422391
            ],
            [
              14.419265985488892,
              35.954473828488474
            ],
            [
              14.419389367103577,
              35.95436092576348
            ],
            [
              14.419437646865845,
              35.95437395300921
            ],
            [
              14.419684410095215,
              35.95430881675905
            ],
            [
              14.419882893562317,
              35.954408692320655
            ],
            [
              14.419990181922913,
              35.95449554053246
            ]
          ],
          [
            [
              14.420349597930908,
              35.95361836920529
            ],
            [
              14.421250820159912,
              35.95350980772014
            ]
          ],
          [
            [
              14.423884749412537,
              35.95525545831268
            ],
            [
              14.424002766609192,
              35.95518163804891
            ],
            [
              14.424195885658264,
              35.955151241449656
            ],
            [
              14.424195885658264,
              35.955164268565056
            ],
            [
              14.424131512641907,
              35.9551772956783
            ],
            [
              14.424136877059937,
              35.95519466515931
            ],
            [
              14.424211978912354,
              35.95518163804891
            ],
            [
              14.424211978912354,
              35.95519900752896
            ],
            [
              14.424147605895996,
              35.955207692267535
            ],
            [
              14.424158334732056,
              35.95526414304507
            ],
            [
              14.424211978912354,
              35.95527717014184
            ]
          ],
          [
            [
              14.4240403175354,
              35.95547257633568
            ],
            [
              14.423949122428894,
              35.9555029728113
            ]
          ],
          [
            [
              14.418214559555054,
              35.954426061970665
            ],
            [
              14.418150186538696,
              35.95456936143742
            ],
            [
              14.418155550956726,
              35.95458673105209
            ],
            [
              14.418187737464905,
              35.954612785466935
            ],
            [
              14.418225288391113,
              35.95463015507205
            ],
            [
              14.418262839317322,
              35.954669236669616
            ],
            [
              14.4182950258255,
              35.95475608459495
            ],
            [
              14.418278932571411,
              35.95484293242481
            ],
            [
              14.418257474899292,
              35.95486030197932
            ],
            [
              14.418187737464905,
              35.95486464436735
            ],
            [
              14.418144822120667,
              35.95482122047632
            ],
            [
              14.41803753376007,
              35.95478213895393
            ],
            [
              14.417989253997803,
              35.954743057412244
            ]
          ],
          [
            [
              14.419265985488892,
              35.954473828488474
            ],
            [
              14.419223070144653,
              35.95444343161682
            ],
            [
              14.419169425964355,
              35.95444343161682
            ],
            [
              14.419147968292236,
              35.9544521164385
            ],
            [
              14.419094324111938,
              35.95451291016336
            ],
            [
              14.4190514087677,
              35.95449554053246
            ]
          ],
          [
            [
              14.418144822120667,
              35.95482122047632
            ],
            [
              14.418203830718994,
              35.954773454168574
            ],
            [
              14.418225288391113,
              35.95472568783195
            ],
            [
              14.418214559555054,
              35.95467357906816
            ],
            [
              14.418198466300964,
              35.95466055187181
            ]
          ],
          [
            [
              14.418171644210815,
              35.9548472748138
            ],
            [
              14.418155550956726,
              35.954908068234545
            ],
            [
              14.418107271194458,
              35.95492543777473
            ],
            [
              14.41803753376007,
              35.95491675300512
            ],
            [
              14.417978525161743,
              35.95489938346303
            ],
            [
              14.417973160743713,
              35.95487767153003
            ],
            [
              14.417994618415833,
              35.95483859003559
            ],
            [
              14.417978525161743,
              35.954812535695226
            ],
            [
              14.417924880981445,
              35.9547951661302
            ],
            [
              14.417898058891296,
              35.95484293242481
            ],
            [
              14.417855143547058,
              35.9548472748138
            ],
            [
              14.417737126350403,
              35.9547951661302
            ],
            [
              14.417715668678284,
              35.954769111775505
            ],
            [
              14.417737126350403,
              35.95471266064422
            ],
            [
              14.417839050292969,
              35.95458673105209
            ],
            [
              14.418021440505981,
              35.95458673105209
            ],
            [
              14.418155550956726,
              35.95455633422391
            ]
          ],
          [
            [
              14.418107271194458,
              35.95492543777473
            ],
            [
              14.418085813522339,
              35.954968861608506
            ],
            [
              14.418101906776428,
              35.954994915897316
            ],
            [
              14.418171644210815,
              35.955016627798074
            ]
          ],
          [
            [
              14.417350888252258,
              35.95442171955851
            ],
            [
              14.417420625686646,
              35.954413034733506
            ]
          ],
          [
            [
              14.415103197097778,
              35.95277158566445
            ],
            [
              14.415221214294434,
              35.95284975067926
            ],
            [
              14.415886402130127,
              35.953192807329614
            ],
            [
              14.416878819465637,
              35.9536313965735
            ],
            [
              14.416986107826233,
              35.95370521828602
            ],
            [
              14.417130947113037,
              35.95382680683858
            ],
            [
              14.417254328727722,
              35.95399181957488
            ],
            [
              14.41730797290802,
              35.95410472282744
            ],
            [
              14.417350888252258,
              35.95442171955851
            ],
            [
              14.417452812194824,
              35.95489938346303
            ],
            [
              14.417533278465271,
              35.955116502464776
            ],
            [
              14.417694211006165,
              35.95547691869007
            ],
            [
              14.418005347251892,
              35.955915495252114
            ],
            [
              14.418219923973083,
              35.95612826914257
            ],
            [
              14.418525695800781,
              35.95636275399063
            ],
            [
              14.418686628341675,
              35.95646262695527
            ],
            [
              14.418895840644836,
              35.95653644602187
            ],
            [
              14.419856071472168,
              35.956840406157525
            ],
            [
              14.421138167381287,
              35.95737884695504
            ],
            [
              14.422248601913452,
              35.95782609740739
            ],
            [
              14.422329068183899,
              35.95786951964652
            ],
            [
              14.422414898872375,
              35.95789557297856
            ],
            [
              14.423128366470337,
              35.95825163432157
            ],
            [
              14.423605799674988,
              35.95844269096584
            ],
            [
              14.42379355430603,
              35.95849479724316
            ],
            [
              14.423890113830566,
              35.958507823807125
            ],
            [
              14.424270987510681,
              35.958503481619374
            ],
            [
              14.424474835395813,
              35.95844269096584
            ],
            [
              14.424582123756409,
              35.95844269096584
            ],
            [
              14.424630403518677,
              35.958481770677054
            ],
            [
              14.424700140953064,
              35.95843834877452
            ],
            [
              14.424721598625183,
              35.958481770677054
            ],
            [
              14.424775242805481,
              35.958468744108785
            ],
            [
              14.424855709075928,
              35.95847308629844
            ],
            [
              14.424920082092285,
              35.958342820504896
            ],
            [
              14.424877166748047,
              35.95822558110699
            ],
            [
              14.424962997436523,
              35.95806057721512
            ],
            [
              14.42506492137909,
              35.95790425742065
            ],
            [
              14.425113201141357,
              35.95776964846081
            ],
            [
              14.425177574157715,
              35.95747871863489
            ],
            [
              14.425150752067566,
              35.95724423709976
            ],
            [
              14.425048828125,
              35.95701409713841
            ],
            [
              14.424678683280945,
              35.95655815749893
            ],
            [
              14.42431926727295,
              35.95608050362523
            ],
            [
              14.423927664756775,
              35.955229404109815
            ]
          ],
          [
            [
              14.414105415344238,
              35.952002958899456
            ],
            [
              14.414164423942566,
              35.951911765397156
            ],
            [
              14.414142966270447,
              35.95183794200868
            ],
            [
              14.414180517196655,
              35.95170332271093
            ],
            [
              14.414164423942566,
              35.951638184258684
            ],
            [
              14.414126873016357,
              35.951581730889956
            ],
            [
              14.414094686508179,
              35.9515600180451
            ],
            [
              14.414024949073792,
              35.95154699033533
            ],
            [
              14.413949847221375,
              35.95156870318377
            ],
            [
              14.413885474205017,
              35.95161647142933
            ],
            [
              14.413847923278809,
              35.95169463758705
            ],
            [
              14.413858652114868,
              35.951772803667424
            ],
            [
              14.413719177246094,
              35.95184228456286
            ]
          ],
          [
            [
              14.413719177246094,
              35.94688293218141
            ],
            [
              14.413735270500183,
              35.94687858935464
            ]
          ],
          [
            [
              14.414733052253723,
              35.94450737029665
            ],
            [
              14.414636492729187,
              35.94452474212359
            ],
            [
              14.414389729499817,
              35.9445334280356
            ],
            [
              14.414110779762268,
              35.94458988644054
            ],
            [
              14.413965940475464,
              35.944637658905506
            ]
          ],
          [
            [
              14.417833685874939,
              35.94418599080966
            ],
            [
              14.417924880981445,
              35.94422073460099
            ],
            [
              14.418005347251892,
              35.944103474244
            ],
            [
              14.418107271194458,
              35.944025300576016
            ],
            [
              14.418198466300964,
              35.94394278384257
            ],
            [
              14.418531060218811,
              35.94379512210452
            ],
            [
              14.41956102848053,
              35.943369507315765
            ],
            [
              14.420006275177002,
              35.94316538512416
            ],
            [
              14.420328140258789,
              35.943039437125876
            ],
            [
              14.420585632324219,
              35.943000349775275
            ],
            [
              14.420912861824036,
              35.9430177219335
            ],
            [
              14.421079158782959,
              35.94305680927552
            ],
            [
              14.421347379684448,
              35.94316104209307
            ],
            [
              14.421894550323486,
              35.94349545478798
            ],
            [
              14.422125220298767,
              35.94363008807079
            ],
            [
              14.422259330749512,
              35.943699576127
            ],
            [
              14.422463178634644,
              35.94385592403009
            ],
            [
              14.422613382339478,
              35.943938440854225
            ],
            [
              14.42280113697052,
              35.94401227162383
            ],
            [
              14.422886967658997,
              35.94411216020235
            ],
            [
              14.422962069511414,
              35.94429022213785
            ],
            [
              14.4230318069458,
              35.94435536664814
            ],
            [
              14.423171281814575,
              35.94443353998962
            ],
            [
              14.423257112503052,
              35.94453777099126
            ],
            [
              14.4232839345932,
              35.944594229393104
            ],
            [
              14.423418045043945,
              35.94474623258215
            ],
            [
              14.423450231552124,
              35.94480269083503
            ]
          ],
          [
            [
              14.418107271194458,
              35.944025300576016
            ],
            [
              14.418160915374756,
              35.944038329526066
            ],
            [
              14.418348670005798,
              35.944060044438004
            ],
            [
              14.418911933898926,
              35.94431193698057
            ],
            [
              14.41904604434967,
              35.94440748221771
            ],
            [
              14.419212341308594,
              35.94446828367211
            ],
            [
              14.419882893562317,
              35.944581200534714
            ]
          ],
          [
            [
              14.419496655464172,
              35.94398187072707
            ],
            [
              14.4195556640625,
              35.94403398654295
            ],
            [
              14.41957712173462,
              35.94407741636327
            ]
          ],
          [
            [
              14.418981671333313,
              35.944476969590326
            ],
            [
              14.418938755989075,
              35.94452908507971
            ],
            [
              14.41855251789093,
              35.9451153819668
            ]
          ],
          [
            [
              14.419212341308594,
              35.94446828367211
            ],
            [
              14.419239163398743,
              35.94442919702823
            ],
            [
              14.41930890083313,
              35.94444656887234
            ],
            [
              14.4193035364151,
              35.94443353998962
            ],
            [
              14.419244527816772,
              35.944420511104724
            ],
            [
              14.419249892234802,
              35.94440748221771
            ],
            [
              14.41930890083313,
              35.944420511104724
            ],
            [
              14.41931426525116,
              35.944411825180296
            ],
            [
              14.419249892234802,
              35.944394453328556
            ],
            [
              14.41931962966919,
              35.94431193698057
            ],
            [
              14.419228434562683,
              35.94420336270723
            ],
            [
              14.419748783111572,
              35.94378209311439
            ]
          ],
          [
            [
              14.41756546497345,
              35.94496337948786
            ],
            [
              14.418225288391113,
              35.94521526915092
            ]
          ],
          [
            [
              14.418101906776428,
              35.945692988720225
            ],
            [
              14.418225288391113,
              35.94556704475049
            ],
            [
              14.418332576751709,
              35.94541504314034
            ],
            [
              14.41855251789093,
              35.94550190123907
            ],
            [
              14.418643712997437,
              35.945371614055176
            ],
            [
              14.418659806251526,
              35.94521526915092
            ],
            [
              14.41855251789093,
              35.9451153819668
            ],
            [
              14.418337941169739,
              35.94505023808307
            ],
            [
              14.418225288391113,
              35.94521526915092
            ],
            [
              14.418214559555054,
              35.9452717270687
            ],
            [
              14.418230652809143,
              35.94534555659261
            ],
            [
              14.418246746063232,
              35.94538029987413
            ],
            [
              14.41831648349762,
              35.94544110058
            ]
          ],
          [
            [
              14.419603943824768,
              35.94412953211615
            ],
            [
              14.419582486152649,
              35.944120846159734
            ],
            [
              14.41956639289856,
              35.944103474244
            ],
            [
              14.41957175731659,
              35.944086102324476
            ],
            [
              14.419598579406738,
              35.94406873040111
            ],
            [
              14.419630765914917,
              35.94407741636327
            ],
            [
              14.419641494750977,
              35.944094788284715
            ],
            [
              14.419630765914917,
              35.944120846159734
            ],
            [
              14.419603943824768,
              35.94412953211615
            ]
          ],
          [
            [
              14.41981852054596,
              35.944142561049006
            ],
            [
              14.420006275177002,
              35.94413821807163
            ]
          ],
          [
            [
              14.41956102848053,
              35.943369507315765
            ],
            [
              14.419748783111572,
              35.94369089012331
            ],
            [
              14.419732689857483,
              35.94370826212972
            ],
            [
              14.419721961021423,
              35.943747349130206
            ],
            [
              14.419732689857483,
              35.94376472112421
            ],
            [
              14.419770240783691,
              35.94379077910807
            ],
            [
              14.41981315612793,
              35.94379077910807
            ],
            [
              14.419850707054138,
              35.94376906412211
            ],
            [
              14.419861435890198,
              35.943747349130206
            ],
            [
              14.419861435890198,
              35.943721291132036
            ],
            [
              14.419845342636108,
              35.943699576127
            ],
            [
              14.41979706287384,
              35.94367786111599
            ],
            [
              14.419748783111572,
              35.94369089012331
            ]
          ],
          [
            [
              14.423525333404541,
              35.94455514281151
            ],
            [
              14.423847198486328,
              35.94534555659261
            ],
            [
              14.424083232879639,
              35.946040419320255
            ],
            [
              14.424104690551758,
              35.946036076447186
            ],
            [
              14.42406713962555,
              35.945923161663515
            ],
            [
              14.424093961715698,
              35.945923161663515
            ],
            [
              14.424120783805847,
              35.94604910506568
            ]
          ],
          [
            [
              14.421722888946533,
              35.94699150277299
            ],
            [
              14.421443939208984,
              35.946578933731345
            ],
            [
              14.421143531799316,
              35.94606213368202
            ],
            [
              14.421186447143555,
              35.94585367556263
            ],
            [
              14.421132802963257,
              35.945775503626066
            ],
            [
              14.42104160785675,
              35.94571470317749
            ],
            [
              14.420848488807678,
              35.945354242414425
            ],
            [
              14.420896768569946,
              35.94530647038266
            ],
            [
              14.420853853225708,
              35.94527606998378
            ]
          ],
          [
            [
              14.428594708442688,
              35.949419102239204
            ],
            [
              14.428680539131165,
              35.94937567535479
            ]
          ],
          [
            [
              14.428347945213318,
              35.94876335374333
            ],
            [
              14.428471326828003,
              35.948902320766464
            ],
            [
              14.428492784500122,
              35.94891534891235
            ],
            [
              14.42854106426239,
              35.94892403434174
            ]
          ],
          [
            [
              14.425928592681885,
              35.94815971289975
            ],
            [
              14.425950050354004,
              35.948190112189195
            ],
            [
              14.426100254058838,
              35.94824656798143
            ],
            [
              14.426448941230774,
              35.94840724963083
            ]
          ]
        ]
      },
      "properties": {
        "subclass": "footway",
        "surface": "paved",
        "class": "path",
        "source_layer": "transportation",
        "source_tile": "https://tiles.openfreemap.org/planet/20261004_113936_pt/14/8848/6436.pbf"
      }
    },
    {
      "type": "Feature",
      "id": "transportation:1389694760-0",
      "geometry": {
        "type": "MultiLineString",
        "coordinates": [
          [
            [
              14.424115419387817,
              35.95762201256366
            ],
            [
              14.42402958869934,
              35.9574439806736
            ],
            [
              14.423509240150452,
              35.95718778773734
            ]
          ],
          [
            [
              14.417334794998169,
              35.95452159497739
            ],
            [
              14.41731333732605,
              35.95452593738402
            ],
            [
              14.417248964309692,
              35.9541177501154
            ],
            [
              14.417200684547424,
              35.954048271221325
            ]
          ],
          [
            [
              14.41730797290802,
              35.95410472282744
            ],
            [
              14.417275786399841,
              35.9541177501154
            ],
            [
              14.417334794998169,
              35.95452159497739
            ],
            [
              14.417350888252258,
              35.95457370384145
            ]
          ],
          [
            [
              14.417179226875305,
              35.95388325860296
            ],
            [
              14.417109489440918,
              35.95392234057002
            ]
          ],
          [
            [
              14.419153332710266,
              35.950417913992894
            ],
            [
              14.419206976890564,
              35.950452655044046
            ],
            [
              14.419282078742981,
              35.95046568293428
            ],
            [
              14.419491291046143,
              35.95042225662513
            ],
            [
              14.419974088668823,
              35.95043094188888
            ],
            [
              14.42004382610321,
              35.95040054346158
            ]
          ],
          [
            [
              14.413719177246094,
              35.94673093310256
            ],
            [
              14.414196610450745,
              35.947516982327855
            ],
            [
              14.414255619049072,
              35.947638580404615
            ],
            [
              14.41430389881134,
              35.94781663439369
            ],
            [
              14.4143146276474,
              35.94801205904176
            ],
            [
              14.414266347885132,
              35.94820748320649
            ],
            [
              14.414191246032715,
              35.94836816493539
            ],
            [
              14.414014220237732,
              35.94863307193711
            ],
            [
              14.413912296295166,
              35.9490065458734
            ],
            [
              14.413944482803345,
              35.94929316420861
            ],
            [
              14.414014220237732,
              35.94948858520462
            ],
            [
              14.414421916007996,
              35.95017472620712
            ]
          ],
          [
            [
              14.414271712303162,
              35.944872177860134
            ],
            [
              14.414228796958923,
              35.94480703377589
            ],
            [
              14.41479742527008,
              35.94466371660151
            ],
            [
              14.414733052253723,
              35.94450737029665
            ]
          ],
          [
            [
              14.415897130966187,
              35.94445091183276
            ],
            [
              14.415907859802246,
              35.94452908507971
            ],
            [
              14.415972232818604,
              35.94471583196773
            ],
            [
              14.41604197025299,
              35.94474623258215
            ],
            [
              14.4160795211792,
              35.94480269083503
            ],
            [
              14.416165351867676,
              35.94484612023288
            ],
            [
              14.416197538375854,
              35.94487652079718
            ],
            [
              14.416240453720093,
              35.944972065351664
            ],
            [
              14.416283369064331,
              35.945037209299855
            ],
            [
              14.41630482673645,
              35.94510235319436
            ],
            [
              14.416272640228271,
              35.94517183995596
            ]
          ],
          [
            [
              14.419105052947998,
              35.94388198198385
            ],
            [
              14.419614672660828,
              35.94376037812606
            ],
            [
              14.419721961021423,
              35.943747349130206
            ]
          ],
          [
            [
              14.418938755989075,
              35.94452908507971
            ],
            [
              14.418863654136658,
              35.9444899984659
            ],
            [
              14.418831467628479,
              35.94443788295075
            ],
            [
              14.418847560882568,
              35.944377081472965
            ],
            [
              14.418938755989075,
              35.94432496588334
            ]
          ],
          [
            [
              14.419105052947998,
              35.94421639162792
            ],
            [
              14.41906750202179,
              35.944229420546435
            ],
            [
              14.419029951095581,
              35.944277193229325
            ],
            [
              14.419024586677551,
              35.944307594012486
            ],
            [
              14.41903531551361,
              35.94433799478398
            ],
            [
              14.41905677318573,
              35.94436405257878
            ],
            [
              14.419083595275879,
              35.94438142443721
            ],
            [
              14.419147968292236,
              35.94438576740124
            ],
            [
              14.419185519218445,
              35.944377081472965
            ],
            [
              14.419212341308594,
              35.94436405257878
            ],
            [
              14.419228434562683,
              35.94433799478398
            ],
            [
              14.419239163398743,
              35.944285879168575
            ],
            [
              14.419228434562683,
              35.944259821348
            ],
            [
              14.419206976890564,
              35.94423810649094
            ],
            [
              14.419174790382385,
              35.94422073460099
            ],
            [
              14.419137239456177,
              35.94421204865459
            ],
            [
              14.419105052947998,
              35.94421639162792
            ]
          ],
          [
            [
              14.418740272521973,
              35.944833091416044
            ],
            [
              14.419190883636475,
              35.94505458101031
            ],
            [
              14.419330358505249,
              35.94519789747581
            ],
            [
              14.419410824775696,
              35.94525435540598
            ],
            [
              14.419839978218079,
              35.945428071861244
            ],
            [
              14.419920444488525,
              35.94547584381948
            ],
            [
              14.419968724250793,
              35.94551492994566
            ],
            [
              14.420000910758972,
              35.945649559787825
            ],
            [
              14.420027732849121,
              35.94568864582807
            ],
            [
              14.420161843299866,
              35.945792875174206
            ],
            [
              14.420483708381653,
              35.946083848037844
            ],
            [
              14.42055344581604,
              35.946135962467466
            ],
            [
              14.420655369758606,
              35.94617070540143
            ],
            [
              14.420746564865112,
              35.94623584836144
            ],
            [
              14.420896768569946,
              35.94636613412038
            ],
            [
              14.420971870422363,
              35.94647470542208
            ],
            [
              14.42104160785675,
              35.94660064794513
            ],
            [
              14.4210684299469,
              35.946674476227386
            ],
            [
              14.42106306552887,
              35.946743961606515
            ],
            [
              14.42104697227478,
              35.94677870427313
            ]
          ],
          [
            [
              14.420140385627747,
              35.94682213258497
            ],
            [
              14.420140385627747,
              35.94675264727459
            ],
            [
              14.420430064201355,
              35.94666579055071
            ],
            [
              14.420499801635742,
              35.946618019311856
            ],
            [
              14.42055881023407,
              35.946557219511575
            ],
            [
              14.420349597930908,
              35.94624887694701
            ],
            [
              14.420263767242432,
              35.94619241972741
            ],
            [
              14.420199394226074,
              35.946114248125966
            ],
            [
              14.420108199119568,
              35.945944876057524
            ],
            [
              14.419748783111572,
              35.94564087399847
            ],
            [
              14.419636130332947,
              35.94553230155108
            ],
            [
              14.419180154800415,
              35.94536292823527
            ],
            [
              14.418751001358032,
              35.945384642783225
            ],
            [
              14.418643712997437,
              35.945371614055176
            ]
          ],
          [
            [
              14.420515894889832,
              35.94649641966451
            ],
            [
              14.420403242111206,
              35.9465528766669
            ],
            [
              14.420199394226074,
              35.94641390551149
            ],
            [
              14.419947266578674,
              35.94627927697162
            ]
          ],
          [
            [
              14.420354962348938,
              35.94412518913808
            ],
            [
              14.420006275177002,
              35.94413821807163
            ],
            [
              14.420108199119568,
              35.944303251044204
            ],
            [
              14.420108199119568,
              35.944333651817345
            ],
            [
              14.42006528377533,
              35.94438142443721
            ]
          ],
          [
            [
              14.420381784439087,
              35.94398621371303
            ],
            [
              14.420354962348938,
              35.94412518913808
            ],
            [
              14.420354962348938,
              35.94418599080966
            ],
            [
              14.420333504676819,
              35.944229420546435
            ],
            [
              14.419968724250793,
              35.94452474212359
            ],
            [
              14.419882893562317,
              35.944581200534714
            ],
            [
              14.419861435890198,
              35.944498684381756
            ],
            [
              14.419872164726257,
              35.94431193698057
            ],
            [
              14.41981852054596,
              35.944142561049006
            ],
            [
              14.419748783111572,
              35.94411216020235
            ],
            [
              14.419641494750977,
              35.944094788284715
            ]
          ],
          [
            [
              14.420478343963623,
              35.944020957592215
            ],
            [
              14.419850707054138,
              35.94376906412211
            ]
          ],
          [
            [
              14.4195556640625,
              35.94403398654295
            ],
            [
              14.419684410095215,
              35.94399924266952
            ],
            [
              14.419936537742615,
              35.944003585654514
            ],
            [
              14.420236945152283,
              35.943925411887705
            ]
          ],
          [
            [
              14.419668316841125,
              35.94356059995346
            ],
            [
              14.419105052947998,
              35.94388198198385
            ],
            [
              14.418756365776062,
              35.944020957592215
            ]
          ],
          [
            [
              14.423739910125732,
              35.94352585587187
            ],
            [
              14.423691630363464,
              35.94362574506522
            ],
            [
              14.423637986183167,
              35.943699576127
            ],
            [
              14.42353069782257,
              35.94379077910807
            ],
            [
              14.423477053642273,
              35.943821180078345
            ],
            [
              14.423423409461975,
              35.94384289504997
            ],
            [
              14.423359036445618,
              35.94385592403009
            ],
            [
              14.423176646232605,
              35.94385592403009
            ],
            [
              14.42306399345398,
              35.94386895300805
            ],
            [
              14.422994256019592,
              35.94386895300805
            ],
            [
              14.422929883003235,
              35.94385592403009
            ],
            [
              14.42282259464264,
              35.943808151092526
            ],
            [
              14.422527551651001,
              35.94363443107606
            ]
          ],
          [
            [
              14.423450231552124,
              35.94480269083503
            ],
            [
              14.42355751991272,
              35.94496772241989
            ],
            [
              14.423600435256958,
              35.94507629564302
            ],
            [
              14.423906207084656,
              35.94596224756843
            ],
            [
              14.423965215682983,
              35.94617939113253
            ]
          ],
          [
            [
              14.422007203102112,
              35.94693070326008
            ],
            [
              14.42180335521698,
              35.9465528766669
            ],
            [
              14.421738982200623,
              35.94646601972343
            ],
            [
              14.421637058258057,
              35.9462879626908
            ],
            [
              14.421626329421997,
              35.94620110545611
            ],
            [
              14.421583414077759,
              35.94615767680298
            ],
            [
              14.421438574790955,
              35.945905790144025
            ],
            [
              14.421250820159912,
              35.94573207473901
            ],
            [
              14.421127438545227,
              35.945692988720225
            ],
            [
              14.421105980873108,
              35.945671274256995
            ],
            [
              14.421084523200989,
              35.94561047372825
            ],
            [
              14.42105233669281,
              35.94556270185139
            ],
            [
              14.420966506004333,
              35.945384642783225
            ],
            [
              14.420896768569946,
              35.94530647038266
            ]
          ],
          [
            [
              14.4245445728302,
              35.950952055966084
            ],
            [
              14.424501657485962,
              35.95065675841103
            ],
            [
              14.424399733543396,
              35.95049608133651
            ],
            [
              14.424169063568115,
              35.95007484529252
            ],
            [
              14.42403495311737,
              35.9498577124339
            ]
          ],
          [
            [
              14.426454305648804,
              35.948085886005245
            ],
            [
              14.426454305648804,
              35.94800337351212
            ],
            [
              14.426443576812744,
              35.94798165968382
            ]
          ],
          [
            [
              14.426164627075195,
              35.94809891428578
            ],
            [
              14.426229000091553,
              35.94808154324461
            ]
          ],
          [
            [
              14.425950050354004,
              35.947794920514085
            ],
            [
              14.425987601280212,
              35.94791217539316
            ]
          ],
          [
            [
              14.426411390304565,
              35.94795560308198
            ],
            [
              14.426432847976685,
              35.94793823200929
            ],
            [
              14.42655622959137,
              35.94803377286172
            ],
            [
              14.427017569541931,
              35.94804245838803
            ]
          ],
          [
            [
              14.425515532493591,
              35.95776096400391
            ],
            [
              14.425928592681885,
              35.95773925285749
            ],
            [
              14.426025152206421,
              35.957743595087265
            ],
            [
              14.4260573387146,
              35.95775662177512
            ]
          ]
        ]
      },
      "properties": {
        "subclass": "footway",
        "class": "path",
        "source_layer": "transportation",
        "source_tile": "https://tiles.openfreemap.org/planet/20261004_113936_pt/14/8848/6436.pbf"
      }
    },
    {
      "type": "Feature",
      "id": "transportation:2255251500-0",
      "geometry": {
        "type": "MultiLineString",
        "coordinates": [
          [
            [
              14.423375129699707,
              35.95709660022054
            ],
            [
              14.423525333404541,
              35.957170418694645
            ],
            [
              14.423589706420898,
              35.9571487073859
            ],
            [
              14.423718452453613,
              35.95693593624428
            ],
            [
              14.423670172691345,
              35.95687514438424
            ],
            [
              14.423369765281677,
              35.95673184910049
            ]
          ],
          [
            [
              14.424608945846558,
              35.95585036027312
            ],
            [
              14.424625039100647,
              35.955663639702294
            ]
          ],
          [
            [
              14.424496293067932,
              35.95589378359841
            ],
            [
              14.424608945846558,
              35.95585036027312
            ],
            [
              14.424839615821838,
              35.95577219822741
            ]
          ],
          [
            [
              14.42330002784729,
              35.956844748436694
            ],
            [
              14.423096179962158,
              35.956710137671195
            ],
            [
              14.42281723022461,
              35.95675356052385
            ],
            [
              14.422747492790222,
              35.95628893476169
            ],
            [
              14.42280113697052,
              35.95624116934151
            ],
            [
              14.422978162765503,
              35.956193403892414
            ],
            [
              14.423101544380188,
              35.95624116934151
            ],
            [
              14.423149824142456,
              35.95621511546375
            ]
          ],
          [
            [
              14.422130584716797,
              35.957778332916774
            ],
            [
              14.422125220298767,
              35.95798675957295
            ],
            [
              14.422178864479065,
              35.958160448032956
            ],
            [
              14.42228615283966,
              35.95834716270146
            ],
            [
              14.422495365142822,
              35.958546903486095
            ],
            [
              14.422699213027954,
              35.95864677368897
            ]
          ],
          [
            [
              14.42452847957611,
              35.95296699805645
            ],
            [
              14.423788189888,
              35.95288883315767
            ]
          ],
          [
            [
              14.424694776535034,
              35.9514471111556
            ],
            [
              14.42481815814972,
              35.9514471111556
            ],
            [
              14.424989819526672,
              35.951577388321454
            ]
          ],
          [
            [
              14.4210684299469,
              35.95233299164691
            ],
            [
              14.421599507331848,
              35.9522027157271
            ]
          ],
          [
            [
              14.41855251789093,
              35.9517467483159
            ],
            [
              14.418429136276245,
              35.9515600180451
            ]
          ],
          [
            [
              14.418252110481262,
              35.951468824031494
            ],
            [
              14.41831648349762,
              35.95110404692444
            ],
            [
              14.418230652809143,
              35.9510302227812
            ]
          ],
          [
            [
              14.415183663368225,
              35.953110300170025
            ],
            [
              14.4150710105896,
              35.953279656878195
            ]
          ],
          [
            [
              14.418107271194458,
              35.95132117635775
            ],
            [
              14.418375492095947,
              35.95160344372886
            ],
            [
              14.418429136276245,
              35.9515600180451
            ],
            [
              14.418670535087585,
              35.951529620052256
            ]
          ],
          [
            [
              14.419131875038147,
              35.95024420850801
            ],
            [
              14.419088959693909,
              35.950248551149784
            ],
            [
              14.418836832046509,
              35.9504048860948
            ]
          ],
          [
            [
              14.418396949768066,
              35.950148670328545
            ],
            [
              14.418901205062866,
              35.95056990597888
            ],
            [
              14.418954849243164,
              35.95052647972703
            ],
            [
              14.419153332710266,
              35.950417913992894
            ],
            [
              14.419174790382385,
              35.95039620082818
            ],
            [
              14.419185519218445,
              35.950361459752216
            ],
            [
              14.419174790382385,
              35.95027460699545
            ],
            [
              14.419131875038147,
              35.95024420850801
            ],
            [
              14.419126510620117,
              35.94992719501357
            ]
          ],
          [
            [
              14.419233798980713,
              35.949718747091154
            ],
            [
              14.41931962966919,
              35.94984034177941
            ]
          ],
          [
            [
              14.419384002685547,
              35.948824151846026
            ],
            [
              14.419174790382385,
              35.94855924548493
            ]
          ],
          [
            [
              14.416642785072327,
              35.94559310214001
            ],
            [
              14.416658878326416,
              35.94535858532498
            ],
            [
              14.416519403457642,
              35.94528475581323
            ],
            [
              14.416401386260986,
              35.94525435540598
            ],
            [
              14.416385293006897,
              35.94516749703513
            ]
          ],
          [
            [
              14.41556990146637,
              35.945071952716944
            ],
            [
              14.416122436523438,
              35.94493732189066
            ]
          ],
          [
            [
              14.421004056930542,
              35.946817789754846
            ],
            [
              14.42103624343872,
              35.94680476126311
            ],
            [
              14.42104697227478,
              35.94677870427313
            ],
            [
              14.421127438545227,
              35.946809104093916
            ],
            [
              14.421197175979614,
              35.94693070326008
            ],
            [
              14.421374201774597,
              35.94698715995217
            ],
            [
              14.421384930610657,
              35.947034930967845
            ]
          ],
          [
            [
              14.423423409461975,
              35.94888929261842
            ],
            [
              14.423332214355469,
              35.94881546640565
            ]
          ],
          [
            [
              14.41956639289856,
              35.949805600459
            ],
            [
              14.41931962966919,
              35.94984034177941
            ],
            [
              14.419126510620117,
              35.94992719501357
            ],
            [
              14.41906750202179,
              35.949957593622955
            ],
            [
              14.418981671333313,
              35.949831656450726
            ],
            [
              14.419233798980713,
              35.949718747091154
            ],
            [
              14.419367909431458,
              35.94955806810897
            ]
          ],
          [
            [
              14.422951340675354,
              35.94994890830718
            ],
            [
              14.423241019248962,
              35.949827313786045
            ]
          ],
          [
            [
              14.428975582122803,
              35.94766897989459
            ],
            [
              14.428943395614624,
              35.947530010702195
            ],
            [
              14.428921937942505,
              35.947521325119524
            ],
            [
              14.428766369819641,
              35.94752566791098
            ],
            [
              14.428589344024658,
              35.947495268365884
            ]
          ],
          [
            [
              14.428144097328186,
              35.94534989950364
            ],
            [
              14.428487420082092,
              35.945150125349514
            ],
            [
              14.428911209106445,
              35.94506760979064
            ],
            [
              14.429136514663696,
              35.9451153819668
            ],
            [
              14.429179430007935,
              35.94528475581323
            ]
          ],
          [
            [
              14.428503513336182,
              35.945905790144025
            ],
            [
              14.428980946540833,
              35.94623584836144
            ],
            [
              14.429013133049011,
              35.94634876269828
            ],
            [
              14.429109692573547,
              35.9464182483638
            ],
            [
              14.429501295089722,
              35.94625756266953
            ]
          ],
          [
            [
              14.43627119064331,
              35.94588407573927
            ],
            [
              14.436330199241638,
              35.945927504542794
            ],
            [
              14.436373114585876,
              35.94600567632898
            ]
          ],
          [
            [
              14.425022006034851,
              35.94227505876165
            ],
            [
              14.425000548362732,
              35.94215779551757
            ]
          ]
        ]
      },
      "properties": {
        "class": "service",
        "source_layer": "transportation",
        "source_tile": "https://tiles.openfreemap.org/planet/20261004_113936_pt/14/8848/6436.pbf"
      }
    },
    {
      "type": "Feature",
      "id": "transportation:2633683220-0",
      "geometry": {
        "type": "MultiLineString",
        "coordinates": [
          [
            [
              14.418514966964722,
              35.942874401513976
            ],
            [
              14.4185471534729,
              35.94276582526554
            ],
            [
              14.418477416038513,
              35.94215779551757
            ]
          ],
          [
            [
              14.424136877059937,
              35.94401661460813
            ],
            [
              14.424437284469604,
              35.94389501095753
            ],
            [
              14.42456066608429,
              35.943938440854225
            ],
            [
              14.424871802330017,
              35.94380380809676
            ],
            [
              14.425022006034851,
              35.944142561049006
            ]
          ],
          [
            [
              14.422109127044678,
              35.94904128754517
            ],
            [
              14.422093033790588,
              35.94916288327606
            ],
            [
              14.42206084728241,
              35.94923670916421
            ]
          ],
          [
            [
              14.42228078842163,
              35.949380018044295
            ],
            [
              14.42206084728241,
              35.94923670916421
            ],
            [
              14.421969652175903,
              35.94922368107132
            ],
            [
              14.421873092651367,
              35.94916288327606
            ],
            [
              14.421712160110474,
              35.94895877604981
            ],
            [
              14.421588778495789,
              35.948828494565845
            ],
            [
              14.42156195640564,
              35.94874598284824
            ],
            [
              14.421663880348206,
              35.94864175739757
            ]
          ],
          [
            [
              14.421524405479431,
              35.94940607417638
            ],
            [
              14.421679973602295,
              35.94932356306197
            ],
            [
              14.421524405479431,
              35.94910642813856
            ],
            [
              14.421325922012329,
              35.948806780964304
            ],
            [
              14.421223998069763,
              35.94862872920656
            ]
          ],
          [
            [
              14.426481127738953,
              35.946796075600716
            ],
            [
              14.426502585411072,
              35.94673093310256
            ],
            [
              14.42656695842743,
              35.94659630510286
            ],
            [
              14.426615238189697,
              35.94640087695316
            ],
            [
              14.426770806312561,
              35.94629230555003
            ],
            [
              14.4268137216568,
              35.94620544832013
            ],
            [
              14.426845908164978,
              35.94597527619911
            ]
          ],
          [
            [
              14.426143169403076,
              35.945723388958726
            ],
            [
              14.426245093345642,
              35.945606130831536
            ],
            [
              14.426416754722595,
              35.94518486871695
            ],
            [
              14.426443576812744,
              35.94495903655559
            ],
            [
              14.426454305648804,
              35.94472017491334
            ]
          ],
          [
            [
              14.429485201835632,
              35.94381683708332
            ],
            [
              14.429630041122437,
              35.943825523073144
            ],
            [
              14.429748058319092,
              35.94390803992903
            ],
            [
              14.430091381072998,
              35.944120846159734
            ]
          ],
          [
            [
              14.428144097328186,
              35.94534989950364
            ],
            [
              14.428165555000305,
              35.94523698373945
            ],
            [
              14.428337216377258,
              35.944906921349784
            ],
            [
              14.428492784500122,
              35.94480269083503
            ],
            [
              14.428761005401611,
              35.944750575526115
            ],
            [
              14.42878246307373,
              35.94472017491334
            ],
            [
              14.428701996803284,
              35.94454211394668
            ],
            [
              14.428610801696777,
              35.944476969590326
            ],
            [
              14.428460597991943,
              35.944277193229325
            ],
            [
              14.428449869155884,
              35.94425113540588
            ],
            [
              14.428455233573914,
              35.94421639162792
            ],
            [
              14.42853569984436,
              35.94416861890825
            ],
            [
              14.42878246307373,
              35.944103474244
            ],
            [
              14.429485201835632,
              35.94381683708332
            ],
            [
              14.429587125778198,
              35.94375603512766
            ],
            [
              14.429640769958496,
              35.94370391912848
            ],
            [
              14.429656863212585,
              35.94364746009056
            ],
            [
              14.42980170249939,
              35.94351716984909
            ]
          ],
          [
            [
              14.431893825531006,
              35.94650076251227
            ],
            [
              14.431840181350708,
              35.946509448207095
            ],
            [
              14.431679248809814,
              35.94648773396824
            ],
            [
              14.43152904510498,
              35.94645733402382
            ],
            [
              14.431480765342712,
              35.94640956265896
            ],
            [
              14.431480765342712,
              35.94634441984215
            ],
            [
              14.43153440952301,
              35.94627059125152
            ],
            [
              14.431614875793457,
              35.94619241972741
            ],
            [
              14.431652426719666,
              35.946131619599626
            ],
            [
              14.431620240211487,
              35.94602739070032
            ],
            [
              14.431577324867249,
              35.94595356181347
            ],
            [
              14.431507587432861,
              35.94590144726355
            ],
            [
              14.431384205818176,
              35.94585367556263
            ],
            [
              14.431352019309998,
              35.945805903832806
            ],
            [
              14.431400299072266,
              35.94565390268214
            ],
            [
              14.431427121162415,
              35.94550190123907
            ],
            [
              14.431421756744385,
              35.94539767150913
            ],
            [
              14.431389570236206,
              35.94530647038266
            ]
          ],
          [
            [
              14.432451725006104,
              35.94598396195168
            ],
            [
              14.432097673416138,
              35.945458472201636
            ],
            [
              14.431899189949036,
              35.94514578242752
            ],
            [
              14.431652426719666,
              35.944594229393104
            ]
          ],
          [
            [
              14.432162046432495,
              35.942600789082235
            ],
            [
              14.432677030563354,
              35.94234889108532
            ],
            [
              14.432854056358337,
              35.94227940184142
            ],
            [
              14.433251023292542,
              35.94215779551757
            ]
          ],
          [
            [
              14.43428099155426,
              35.945792875174206
            ],
            [
              14.434817433357239,
              35.94574944629669
            ],
            [
              14.435616731643677,
              35.945393328600744
            ],
            [
              14.436378479003906,
              35.9449025784144
            ]
          ],
          [
            [
              14.43576693534851,
              35.946244534085395
            ],
            [
              14.435820579528809,
              35.94624887694701
            ],
            [
              14.435906410217285,
              35.94623150549913
            ],
            [
              14.435960054397583,
              35.94623150549913
            ],
            [
              14.43605124950409,
              35.94625321980838
            ],
            [
              14.436179995536804,
              35.94631836270038
            ],
            [
              14.436233639717102,
              35.94635310555417
            ],
            [
              14.43626582622528,
              35.9463921912464
            ],
            [
              14.43627119064331,
              35.94645299117367
            ],
            [
              14.436249732971191,
              35.94648339111977
            ]
          ],
          [
            [
              14.432108402252197,
              35.94809022876565
            ],
            [
              14.431931376457214,
              35.94792520370231
            ],
            [
              14.431861639022827,
              35.94765595154318
            ],
            [
              14.431829452514648,
              35.947490925572765
            ],
            [
              14.431840181350708,
              35.94727812841795
            ]
          ],
          [
            [
              14.43378210067749,
              35.950248551149784
            ],
            [
              14.4337660074234,
              35.950278949635546
            ],
            [
              14.433701634407043,
              35.95029197755443
            ],
            [
              14.433487057685852,
              35.950218152652354
            ],
            [
              14.433369040489197,
              35.950083530594455
            ],
            [
              14.432982802391052,
              35.94986639775969
            ]
          ],
          [
            [
              14.433605074882507,
              35.95065675841103
            ],
            [
              14.433701634407043,
              35.95059596171856
            ],
            [
              14.433825016021729,
              35.95059161909586
            ]
          ],
          [
            [
              14.43429708480835,
              35.949688348389856
            ],
            [
              14.434468746185303,
              35.949731775102435
            ],
            [
              14.434592127799988,
              35.94979691512653
            ],
            [
              14.434694051742554,
              35.94979691512653
            ],
            [
              14.43504273891449,
              35.94964057897849
            ],
            [
              14.435375332832336,
              35.949466871784495
            ],
            [
              14.435949325561523,
              35.94929750690265
            ],
            [
              14.436126351356506,
              35.94914985517097
            ]
          ],
          [
            [
              14.435949325561523,
              35.94929750690265
            ],
            [
              14.436153173446655,
              35.94955806810897
            ]
          ]
        ]
      },
      "properties": {
        "class": "track",
        "source_layer": "transportation",
        "source_tile": "https://tiles.openfreemap.org/planet/20261004_113936_pt/14/8848/6436.pbf"
      }
    },
    {
      "type": "Feature",
      "id": "transportation:3397422140-0",
      "geometry": {
        "type": "MultiLineString",
        "coordinates": [
          [
            [
              14.423026442527771,
              35.95599365715604
            ],
            [
              14.42355215549469,
              35.95582430626648
            ]
          ],
          [
            [
              14.421878457069397,
              35.956736191385644
            ],
            [
              14.41982388496399,
              35.95606313433903
            ]
          ],
          [
            [
              14.421519041061401,
              35.9574439806736
            ],
            [
              14.421878457069397,
              35.956736191385644
            ],
            [
              14.422125220298767,
              35.95621077314998
            ],
            [
              14.422178864479065,
              35.95591983758216
            ],
            [
              14.422130584716797,
              35.955576792774764
            ]
          ],
          [
            [
              14.419711232185364,
              35.95610655754737
            ],
            [
              14.419662952423096,
              35.95606747666092
            ],
            [
              14.419668316841125,
              35.95601971110682
            ],
            [
              14.419689774513245,
              35.95598931483008
            ],
            [
              14.419716596603394,
              35.955980630177436
            ],
            [
              14.419775605201721,
              35.955980630177436
            ],
            [
              14.41981852054596,
              35.95601536878229
            ],
            [
              14.41982388496399,
              35.95606313433903
            ],
            [
              14.41979169845581,
              35.95609787290759
            ],
            [
              14.419764876365662,
              35.9561108998669
            ],
            [
              14.419711232185364,
              35.95610655754737
            ],
            [
              14.419620037078857,
              35.95629327707117
            ]
          ],
          [
            [
              14.42005455493927,
              35.955563765727405
            ],
            [
              14.422125220298767,
              35.95621077314998
            ]
          ],
          [
            [
              14.421256184577942,
              35.95367916357182
            ],
            [
              14.421245455741882,
              35.953392561148604
            ],
            [
              14.421213269233704,
              35.95305819034061
            ],
            [
              14.421213269233704,
              35.952901860646165
            ],
            [
              14.4210684299469,
              35.95233299164691
            ],
            [
              14.420998692512512,
              35.952137577686614
            ],
            [
              14.420864582061768,
              35.95180754412277
            ],
            [
              14.420709013938904,
              35.95137762991264
            ],
            [
              14.420666098594666,
              35.95127775051884
            ],
            [
              14.420344233512878,
              35.95067847150413
            ]
          ],
          [
            [
              14.42279040813446,
              35.95545086456026
            ],
            [
              14.423026442527771,
              35.95599365715604
            ],
            [
              14.423407316207886,
              35.956675399371875
            ],
            [
              14.423192739486694,
              35.95701409713841
            ],
            [
              14.422951340675354,
              35.95743095393419
            ],
            [
              14.42379891872406,
              35.957847808529934
            ],
            [
              14.423997402191162,
              35.95788254631363
            ],
            [
              14.424190521240234,
              35.9578868885355
            ],
            [
              14.424244165420532,
              35.95786083520059
            ],
            [
              14.424464106559753,
              35.95769583054674
            ],
            [
              14.42453384399414,
              35.9575612212317
            ],
            [
              14.4245445728302,
              35.95742226944006
            ],
            [
              14.424517750740051,
              35.957305028675705
            ],
            [
              14.424405097961426,
              35.95712699607117
            ],
            [
              14.423906207084656,
              35.95647999615362
            ],
            [
              14.423718452453613,
              35.95615432304895
            ],
            [
              14.42355215549469,
              35.95582430626648
            ],
            [
              14.423375129699707,
              35.95540309863327
            ],
            [
              14.423353672027588,
              35.95532493614499
            ]
          ],
          [
            [
              14.422956705093384,
              35.95340558855402
            ],
            [
              14.423192739486694,
              35.954413034733506
            ]
          ],
          [
            [
              14.422661662101746,
              35.95228088130477
            ],
            [
              14.42281723022461,
              35.95188136753967
            ],
            [
              14.423171281814575,
              35.95109101913947
            ]
          ],
          [
            [
              14.42179262638092,
              35.951885710091446
            ],
            [
              14.422414898872375,
              35.95176846110944
            ],
            [
              14.42281723022461,
              35.95188136753967
            ]
          ],
          [
            [
              14.421620965003967,
              35.95137328733293
            ],
            [
              14.422844052314758,
              35.95114313026647
            ],
            [
              14.423171281814575,
              35.95109101913947
            ],
            [
              14.423841834068298,
              35.950960741171556
            ],
            [
              14.423906207084656,
              35.95093468555221
            ]
          ],
          [
            [
              14.421991109848022,
              35.95245458231159
            ],
            [
              14.42206621170044,
              35.9524415547493
            ],
            [
              14.422661662101746,
              35.95228088130477
            ],
            [
              14.423208832740784,
              35.952150605298996
            ],
            [
              14.42329466342926,
              35.952194030658134
            ],
            [
              14.423155188560486,
              35.95335347891941
            ]
          ],
          [
            [
              14.421706795692444,
              35.95286712067204
            ],
            [
              14.42179799079895,
              35.95375298523969
            ]
          ],
          [
            [
              14.422125220298767,
              35.95285409317782
            ],
            [
              14.421706795692444,
              35.95286712067204
            ],
            [
              14.421213269233704,
              35.952901860646165
            ]
          ],
          [
            [
              14.419893622398376,
              35.95285409317782
            ],
            [
              14.419518113136292,
              35.95303647790155
            ],
            [
              14.418273568153381,
              35.95376167013727
            ],
            [
              14.418160915374756,
              35.95379640971798
            ],
            [
              14.418010711669922,
              35.95380943705682
            ],
            [
              14.417769312858582,
              35.95377903992953
            ],
            [
              14.417688846588135,
              35.953783382377
            ],
            [
              14.417495727539062,
              35.95383114928342
            ],
            [
              14.41730260848999,
              35.95391365569013
            ]
          ],
          [
            [
              14.419598579406738,
              35.952528405123815
            ],
            [
              14.419180154800415,
              35.95279329817632
            ],
            [
              14.419437646865845,
              35.9530842452596
            ]
          ],
          [
            [
              14.420864582061768,
              35.95180754412277
            ],
            [
              14.421701431274414,
              35.951638184258684
            ]
          ],
          [
            [
              14.419233798980713,
              35.952150605298996
            ],
            [
              14.419598579406738,
              35.952528405123815
            ],
            [
              14.419646859169006,
              35.952537090156014
            ],
            [
              14.419695138931274,
              35.952567487761186
            ],
            [
              14.419770240783691,
              35.95265433799726
            ],
            [
              14.420349597930908,
              35.95361836920529
            ],
            [
              14.420424699783325,
              35.953757327688606
            ],
            [
              14.421030879020691,
              35.953661793757576
            ],
            [
              14.421256184577942,
              35.95367916357182
            ],
            [
              14.42179799079895,
              35.95375298523969
            ],
            [
              14.422243237495422,
              35.953874573718736
            ],
            [
              14.422473907470703,
              35.95391365569013
            ]
          ],
          [
            [
              14.41806435585022,
              35.9515209349093
            ],
            [
              14.418241381645203,
              35.951712007833805
            ],
            [
              14.41780149936676,
              35.95198558871664
            ]
          ],
          [
            [
              14.41705584526062,
              35.9521896881233
            ],
            [
              14.417973160743713,
              35.95249366498547
            ],
            [
              14.417860507965088,
              35.95267170803301
            ],
            [
              14.41780686378479,
              35.952736845633055
            ],
            [
              14.417688846588135,
              35.95283672318217
            ],
            [
              14.416610598564148,
              35.95249366498547
            ]
          ],
          [
            [
              14.417082667350769,
              35.95294962808562
            ],
            [
              14.417238235473633,
              35.95269342057232
            ]
          ],
          [
            [
              14.418332576751709,
              35.95535099031632
            ],
            [
              14.419126510620117,
              35.95440000749423
            ],
            [
              14.419228434562683,
              35.95434355609915
            ],
            [
              14.419727325439453,
              35.95410472282744
            ]
          ],
          [
            [
              14.41582202911377,
              35.95310595768554
            ],
            [
              14.416213631629944,
              35.952736845633055
            ],
            [
              14.416379928588867,
              35.95261959791428
            ],
            [
              14.416610598564148,
              35.95249366498547
            ],
            [
              14.416846632957458,
              35.95233733417386
            ],
            [
              14.417586922645569,
              35.95180320156669
            ]
          ],
          [
            [
              14.416213631629944,
              35.952736845633055
            ],
            [
              14.417517185211182,
              35.95330136925041
            ],
            [
              14.41732943058014,
              35.95361836920529
            ]
          ],
          [
            [
              14.415763020515442,
              35.95199427380854
            ],
            [
              14.416707158088684,
              35.952172317981564
            ],
            [
              14.416846632957458,
              35.95233733417386
            ]
          ],
          [
            [
              14.413719177246094,
              35.95152527748091
            ],
            [
              14.41380500793457,
              35.95154264776491
            ]
          ],
          [
            [
              14.414459466934204,
              35.95032671866096
            ],
            [
              14.414507746696472,
              35.95026157907368
            ],
            [
              14.41455602645874,
              35.950122614441355
            ]
          ],
          [
            [
              14.415242671966553,
              35.9492193383732
            ],
            [
              14.41529095172882,
              35.950248551149784
            ],
            [
              14.415596723556519,
              35.950604646963185
            ]
          ],
          [
            [
              14.416487216949463,
              35.9495928095382
            ],
            [
              14.416176080703735,
              35.94964057897849
            ],
            [
              14.415596723556519,
              35.950604646963185
            ],
            [
              14.415382146835327,
              35.95085217603422
            ]
          ],
          [
            [
              14.416685700416565,
              35.95034843184477
            ],
            [
              14.417635202407837,
              35.95000970549759
            ]
          ],
          [
            [
              14.41678762435913,
              35.95076966643006
            ],
            [
              14.417924880981445,
              35.95059161909586
            ]
          ],
          [
            [
              14.41680908203125,
              35.95088257428773
            ],
            [
              14.416283369064331,
              35.951004167184735
            ],
            [
              14.415988326072693,
              35.951455796306675
            ]
          ],
          [
            [
              14.418944120407104,
              35.94888494990194
            ],
            [
              14.419265985488892,
              35.94943647298628
            ],
            [
              14.419453740119934,
              35.949657949676876
            ],
            [
              14.41978633403778,
              35.95009221589545
            ],
            [
              14.42007064819336,
              35.95043094188888
            ],
            [
              14.420097470283508,
              35.9504700255639
            ],
            [
              14.420140385627747,
              35.95057859122639
            ],
            [
              14.420215487480164,
              35.95064807317212
            ],
            [
              14.420344233512878,
              35.95067847150413
            ],
            [
              14.420446157455444,
              35.95069149935715
            ],
            [
              14.420623183250427,
              35.95059161909586
            ],
            [
              14.420607089996338,
              35.95004010407524
            ],
            [
              14.42080557346344,
              35.94985336977061
            ]
          ],
          [
            [
              14.41953957080841,
              35.948363822190245
            ],
            [
              14.419780969619751,
              35.94864175739757
            ],
            [
              14.42080557346344,
              35.94985336977061
            ],
            [
              14.42129373550415,
              35.950448312413485
            ],
            [
              14.421411752700806,
              35.95075229597609
            ],
            [
              14.421701431274414,
              35.951638184258684
            ],
            [
              14.421991109848022,
              35.95245458231159
            ],
            [
              14.422125220298767,
              35.95285409317782
            ],
            [
              14.422345161437988,
              35.95346638308429
            ],
            [
              14.422473907470703,
              35.95391365569013
            ],
            [
              14.422661662101746,
              35.95444777402781
            ],
            [
              14.423026442527771,
              35.95539007155726
            ]
          ],
          [
            [
              14.418332576751709,
              35.94833342296765
            ],
            [
              14.418879747390747,
              35.94830302373333
            ],
            [
              14.419088959693909,
              35.94824656798143
            ],
            [
              14.419335722923279,
              35.94812497084034
            ]
          ],
          [
            [
              14.41832184791565,
              35.94779057773742
            ],
            [
              14.418917298316956,
              35.947721093278716
            ],
            [
              14.4190514087677,
              35.94774714995789
            ]
          ],
          [
            [
              14.417195320129395,
              35.947212986317226
            ],
            [
              14.417034387588501,
              35.9464182483638
            ],
            [
              14.417088031768799,
              35.94626624839108
            ],
            [
              14.41705584526062,
              35.94616636253551
            ],
            [
              14.416460394859314,
              35.94597961907553
            ],
            [
              14.416117072105408,
              35.94597961907553
            ],
            [
              14.416031241416931,
              35.946040419320255
            ],
            [
              14.415972232818604,
              35.94632270555793
            ]
          ],
          [
            [
              14.416524767875671,
              35.9470132168734
            ],
            [
              14.416379928588867,
              35.9464182483638
            ],
            [
              14.416363835334778,
              35.94632270555793
            ]
          ],
          [
            [
              14.415945410728455,
              35.947130472912505
            ],
            [
              14.416524767875671,
              35.9470132168734
            ],
            [
              14.416664242744446,
              35.94702624533079
            ],
            [
              14.417195320129395,
              35.947212986317226
            ],
            [
              14.41729187965393,
              35.94725641439034
            ],
            [
              14.4175386428833,
              35.94722601474167
            ],
            [
              14.417603015899658,
              35.94717390103101
            ],
            [
              14.417474269866943,
              35.946813446924494
            ]
          ],
          [
            [
              14.416111707687378,
              35.94790348985252
            ],
            [
              14.417259693145752,
              35.94780360606664
            ],
            [
              14.417511820793152,
              35.94885889359797
            ],
            [
              14.417479634284973,
              35.94892837705609
            ],
            [
              14.417501091957092,
              35.94943213029987
            ],
            [
              14.417635202407837,
              35.95000970549759
            ],
            [
              14.417924880981445,
              35.95059161909586
            ],
            [
              14.418230652809143,
              35.9510302227812
            ],
            [
              14.41803753376007,
              35.95114313026647
            ],
            [
              14.417989253997803,
              35.951190898769354
            ],
            [
              14.417999982833862,
              35.95122998206844
            ],
            [
              14.418107271194458,
              35.95132117635775
            ]
          ],
          [
            [
              14.41558063030243,
              35.9483290802206
            ],
            [
              14.415720105171204,
              35.9483073664818
            ],
            [
              14.416165351867676,
              35.94813799911442
            ]
          ],
          [
            [
              14.41479742527008,
              35.94807285772258
            ],
            [
              14.414963722229004,
              35.94727378561292
            ],
            [
              14.414657950401306,
              35.946813446924494
            ],
            [
              14.414421916007996,
              35.94639653409989
            ]
          ],
          [
            [
              14.414877891540527,
              35.947682008243845
            ],
            [
              14.415612816810608,
              35.947873090452774
            ],
            [
              14.415918588638306,
              35.947864404907875
            ],
            [
              14.416095614433289,
              35.947829662718604
            ]
          ],
          [
            [
              14.414963722229004,
              35.94727378561292
            ],
            [
              14.41504955291748,
              35.947247728777626
            ],
            [
              14.415253400802612,
              35.94724338597091
            ],
            [
              14.415687918663025,
              35.94733024205989
            ],
            [
              14.415982961654663,
              35.947286814027336
            ]
          ],
          [
            [
              14.413719177246094,
              35.94660933362897
            ],
            [
              14.414759874343872,
              35.94629230555003
            ],
            [
              14.41531777381897,
              35.94630533412628
            ],
            [
              14.415596723556519,
              35.94632704841527
            ],
            [
              14.415730834007263,
              35.94634441984215
            ],
            [
              14.415972232818604,
              35.94632270555793
            ],
            [
              14.41654086112976,
              35.94633139127234
            ],
            [
              14.417034387588501,
              35.9464182483638
            ],
            [
              14.417415261268616,
              35.946518133900966
            ]
          ],
          [
            [
              14.414657950401306,
              35.946813446924494
            ],
            [
              14.41581130027771,
              35.94662236215295
            ]
          ],
          [
            [
              14.415269494056702,
              35.946709218924596
            ],
            [
              14.415194392204285,
              35.94630099126776
            ]
          ],
          [
            [
              14.415730834007263,
              35.94634441984215
            ],
            [
              14.41581130027771,
              35.94662236215295
            ],
            [
              14.415945410728455,
              35.947130472912505
            ],
            [
              14.415982961654663,
              35.947286814027336
            ],
            [
              14.416095614433289,
              35.947829662718604
            ],
            [
              14.416111707687378,
              35.94790348985252
            ],
            [
              14.416165351867676,
              35.94813799911442
            ],
            [
              14.416218996047974,
              35.948359479444875
            ],
            [
              14.417511820793152,
              35.94885889359797
            ],
            [
              14.417640566825867,
              35.94888929261842
            ],
            [
              14.418139457702637,
              35.94887192175105
            ],
            [
              14.418944120407104,
              35.94888494990194
            ],
            [
              14.419180154800415,
              35.94886757903359
            ],
            [
              14.419464468955994,
              35.948806780964304
            ],
            [
              14.419780969619751,
              35.94864175739757
            ]
          ],
          [
            [
              14.418488144874573,
              35.94602304782654
            ],
            [
              14.418434500694275,
              35.94632270555793
            ],
            [
              14.418439865112305,
              35.94635744840981
            ],
            [
              14.418472051620483,
              35.94641390551149
            ],
            [
              14.418482780456543,
              35.94646601972343
            ],
            [
              14.418472051620483,
              35.94651379105416
            ]
          ],
          [
            [
              14.422377347946167,
              35.943434652585054
            ],
            [
              14.42230224609375,
              35.943369507315765
            ],
            [
              14.421899914741516,
              35.94311326873542
            ],
            [
              14.421470761299133,
              35.94290914588197
            ],
            [
              14.421191811561584,
              35.94281359883324
            ],
            [
              14.420993328094482,
              35.94276582526554
            ],
            [
              14.420768022537231,
              35.942744109997946
            ],
            [
              14.42055344581604,
              35.942453124836604
            ],
            [
              14.420274496078491,
              35.94215779551757
            ]
          ],
          [
            [
              14.424260258674622,
              35.94271805166896
            ],
            [
              14.424394369125366,
              35.94283965713072
            ],
            [
              14.424710869789124,
              35.94328264687314
            ],
            [
              14.424828886985779,
              35.94362140205946
            ]
          ],
          [
            [
              14.423761367797852,
              35.944094788284715
            ],
            [
              14.423841834068298,
              35.944099131264494
            ],
            [
              14.424083232879639,
              35.94420770568104
            ],
            [
              14.424276351928711,
              35.94426416431867
            ],
            [
              14.424394369125366,
              35.944320622915996
            ],
            [
              14.424480199813843,
              35.944411825180296
            ],
            [
              14.424603581428528,
              35.944511713253746
            ],
            [
              14.42478597164154,
              35.94485480610959
            ],
            [
              14.424941539764404,
              35.94512406781391
            ],
            [
              14.425172209739685,
              35.94544978639131
            ],
            [
              14.425268769264221,
              35.94554098735236
            ],
            [
              14.425386786460876,
              35.945584416344445
            ],
            [
              14.425649642944336,
              35.94570601739531
            ],
            [
              14.42579448223114,
              35.945758132074104
            ],
            [
              14.426223635673523,
              35.9457103602865
            ],
            [
              14.426851272583008,
              35.94571904606822
            ],
            [
              14.427376985549927,
              35.94578853228752
            ],
            [
              14.427468180656433,
              35.94578853228752
            ],
            [
              14.42752718925476,
              35.945766817850554
            ],
            [
              14.428122639656067,
              35.94546281510647
            ]
          ],
          [
            [
              14.424120783805847,
              35.94604910506568
            ],
            [
              14.424211978912354,
              35.94623584836144
            ],
            [
              14.42430853843689,
              35.94638350553869
            ],
            [
              14.424850344657898,
              35.94697847430987
            ]
          ],
          [
            [
              14.422500729560852,
              35.948007716277075
            ],
            [
              14.422586560249329,
              35.948263938986315
            ],
            [
              14.42278504371643,
              35.94862872920656
            ],
            [
              14.423525333404541,
              35.94921499567485
            ]
          ],
          [
            [
              14.421100616455078,
              35.94706967350655
            ],
            [
              14.421722888946533,
              35.94699150277299
            ],
            [
              14.42181944847107,
              35.94706533069004
            ],
            [
              14.422141313552856,
              35.94792086093281
            ]
          ],
          [
            [
              14.42079484462738,
              35.948824151846026
            ],
            [
              14.420977234840393,
              35.948828494565845
            ]
          ],
          [
            [
              14.421181082725525,
              35.948216168713714
            ],
            [
              14.422645568847656,
              35.94952332666443
            ]
          ],
          [
            [
              14.421100616455078,
              35.94825091073301
            ],
            [
              14.420998692512512,
              35.94837685042495
            ],
            [
              14.420950412750244,
              35.948463705267926
            ],
            [
              14.420934319496155,
              35.94854621728034
            ],
            [
              14.420928955078125,
              35.94865044285703
            ],
            [
              14.420939683914185,
              35.948732954674426
            ],
            [
              14.420977234840393,
              35.948828494565845
            ],
            [
              14.421964287757874,
              35.94987942574659
            ],
            [
              14.422457814216614,
              35.95054819285595
            ],
            [
              14.42282259464264,
              35.95107364875618
            ],
            [
              14.422844052314758,
              35.95114313026647
            ]
          ],
          [
            [
              14.421368837356567,
              35.94809022876565
            ],
            [
              14.421100616455078,
              35.94706967350655
            ],
            [
              14.421004056930542,
              35.946817789754846
            ],
            [
              14.420891404151917,
              35.946796075600716
            ],
            [
              14.420328140258789,
              35.94686556087291
            ],
            [
              14.420140385627747,
              35.94682213258497
            ],
            [
              14.42003846168518,
              35.946817789754846
            ]
          ],
          [
            [
              14.421776533126831,
              35.94828565273703
            ],
            [
              14.421878457069397,
              35.948216168713714
            ],
            [
              14.422141313552856,
              35.94792086093281
            ],
            [
              14.422366619110107,
              35.94785571936197
            ],
            [
              14.422500729560852,
              35.948007716277075
            ],
            [
              14.422854781150818,
              35.94856358821933
            ],
            [
              14.423160552978516,
              35.948776381912126
            ],
            [
              14.423659443855286,
              35.94918893947974
            ],
            [
              14.42403495311737,
              35.9498577124339
            ]
          ],
          [
            [
              14.421964287757874,
              35.94987942574659
            ],
            [
              14.422645568847656,
              35.94952332666443
            ],
            [
              14.422940611839294,
              35.94935830459433
            ]
          ],
          [
            [
              14.420585632324219,
              35.9495928095382
            ],
            [
              14.420703649520874,
              35.949505955936445
            ],
            [
              14.420757293701172,
              35.94940607417638
            ],
            [
              14.420768022537231,
              35.949080371907655
            ],
            [
              14.420869946479797,
              35.948198797698325
            ]
          ],
          [
            [
              14.42155659198761,
              35.95121261171569
            ],
            [
              14.420773386955261,
              35.951355917011696
            ],
            [
              14.420709013938904,
              35.95137762991264
            ]
          ],
          [
            [
              14.421411752700806,
              35.95075229597609
            ],
            [
              14.422457814216614,
              35.95054819285595
            ]
          ],
          [
            [
              14.421830177307129,
              35.951004167184735
            ],
            [
              14.422661662101746,
              35.950843490816794
            ]
          ],
          [
            [
              14.42629337310791,
              35.94759515254155
            ],
            [
              14.426609873771667,
              35.947317213652624
            ],
            [
              14.426668882369995,
              35.9472520715841
            ],
            [
              14.426668882369995,
              35.94719995789063
            ],
            [
              14.42655622959137,
              35.94692636043594
            ],
            [
              14.426481127738953,
              35.946796075600716
            ],
            [
              14.426207542419434,
              35.946591962260314
            ],
            [
              14.42606806755066,
              35.946435619770654
            ],
            [
              14.425907135009766,
              35.94623150549913
            ],
            [
              14.425869584083557,
              35.94616636253551
            ],
            [
              14.425842761993408,
              35.94594921893561
            ],
            [
              14.42579448223114,
              35.945758132074104
            ]
          ],
          [
            [
              14.429447650909424,
              35.945597445037436
            ],
            [
              14.429120421409607,
              35.945671274256995
            ],
            [
              14.428503513336182,
              35.945905790144025
            ],
            [
              14.428460597991943,
              35.945871047093576
            ],
            [
              14.428122639656067,
              35.94546281510647
            ],
            [
              14.428144097328186,
              35.94534989950364
            ]
          ]
        ]
      },
      "properties": {
        "surface": "paved",
        "class": "minor",
        "source_layer": "transportation",
        "source_tile": "https://tiles.openfreemap.org/planet/20261004_113936_pt/14/8848/6436.pbf"
      }
    },
    {
      "type": "Feature",
      "id": "transportation:3431373240-0",
      "geometry": {
        "type": "MultiLineString",
        "coordinates": [
          [
            [
              14.424244165420532,
              35.95786083520059
            ],
            [
              14.424115419387817,
              35.95762201256366
            ]
          ],
          [
            [
              14.418230652809143,
              35.9510302227812
            ],
            [
              14.418901205062866,
              35.95056990597888
            ]
          ],
          [
            [
              14.416664242744446,
              35.94702624533079
            ],
            [
              14.416739344596863,
              35.947130472912505
            ],
            [
              14.416755437850952,
              35.94726510000211
            ],
            [
              14.416696429252625,
              35.94740841245833
            ],
            [
              14.416776895523071,
              35.94784269104137
            ]
          ],
          [
            [
              14.415671825408936,
              35.94539767150913
            ],
            [
              14.41556990146637,
              35.945071952716944
            ]
          ],
          [
            [
              14.418622255325317,
              35.9467179045965
            ],
            [
              14.418600797653198,
              35.946943731731054
            ],
            [
              14.418708086013794,
              35.94709573040056
            ]
          ],
          [
            [
              14.420768022537231,
              35.942744109997946
            ],
            [
              14.42054808139801,
              35.94273976694373
            ],
            [
              14.420253038406372,
              35.94277885442324
            ]
          ],
          [
            [
              14.42229151725769,
              35.94788177599676
            ],
            [
              14.422597289085388,
              35.94850713265362
            ],
            [
              14.422715306282043,
              35.94871558377265
            ],
            [
              14.423428773880005,
              35.94935396190361
            ]
          ],
          [
            [
              14.432982802391052,
              35.9537356154417
            ],
            [
              14.433218836784363,
              35.95392234057002
            ],
            [
              14.433395862579346,
              35.95401787418595
            ],
            [
              14.433599710464478,
              35.95406998338228
            ],
            [
              14.433878660202026,
              35.95408735310676
            ],
            [
              14.434120059013367,
              35.95404392878841
            ],
            [
              14.43428099155426,
              35.9540005044462
            ],
            [
              14.434581398963928,
              35.95387891616096
            ],
            [
              14.435176849365234,
              35.95362705411766
            ],
            [
              14.435353875160217,
              35.9535315200291
            ],
            [
              14.43552017211914,
              35.9533969036173
            ],
            [
              14.435815215110779,
              35.95305819034061
            ]
          ]
        ]
      },
      "properties": {
        "class": "minor",
        "source_layer": "transportation",
        "source_tile": "https://tiles.openfreemap.org/planet/20261004_113936_pt/14/8848/6436.pbf"
      }
    },
    {
      "type": "Feature",
      "id": "transportation:4503076020-0",
      "geometry": {
        "type": "MultiLineString",
        "coordinates": [
          [
            [
              14.417340159416199,
              35.945041552227835
            ],
            [
              14.417238235473633,
              35.945154468271284
            ],
            [
              14.417136311531067,
              35.945210926232505
            ],
            [
              14.416385293006897,
              35.94516749703513
            ]
          ],
          [
            [
              14.423981308937073,
              35.95059596171856
            ],
            [
              14.424018859863281,
              35.95049608133651
            ],
            [
              14.423584342002869,
              35.94968400571729
            ]
          ],
          [
            [
              14.425086379051208,
              35.94769503659093
            ],
            [
              14.425005912780762,
              35.94759080975392
            ],
            [
              14.424952268600464,
              35.947399726862315
            ]
          ]
        ]
      },
      "properties": {
        "surface": "paved",
        "class": "track",
        "source_layer": "transportation",
        "source_tile": "https://tiles.openfreemap.org/planet/20261004_113936_pt/14/8848/6436.pbf"
      }
    },
    {
      "type": "Feature",
      "id": "transportation:4656351330-0",
      "geometry": {
        "type": "MultiLineString",
        "coordinates": [
          [
            [
              14.422007203102112,
              35.94693070326008
            ],
            [
              14.422114491462708,
              35.9471956150813
            ],
            [
              14.422146677970886,
              35.94732155645529
            ],
            [
              14.422232508659363,
              35.94739104126535
            ],
            [
              14.42229688167572,
              35.947734121619376
            ],
            [
              14.422366619110107,
              35.94785571936197
            ]
          ],
          [
            [
              14.435563087463379,
              35.952689078064935
            ],
            [
              14.4357830286026,
              35.95254577518725
            ]
          ],
          [
            [
              14.436378479003906,
              35.94504589515556
            ],
            [
              14.436222910881042,
              35.94512841073711
            ],
            [
              14.436147809028625,
              35.945219612069096
            ],
            [
              14.436078071594238,
              35.945367271145344
            ]
          ]
        ]
      },
      "properties": {
        "surface": "unpaved",
        "class": "service",
        "source_layer": "transportation",
        "source_tile": "https://tiles.openfreemap.org/planet/20261004_113936_pt/14/8848/6436.pbf"
      }
    },
    {
      "type": "Feature",
      "id": "transportation:6083975280-0",
      "geometry": {
        "type": "MultiLineString",
        "coordinates": [
          [
            [
              14.417420625686646,
              35.954747399806706
            ],
            [
              14.417383074760437,
              35.95475174220097
            ],
            [
              14.417350888252258,
              35.95457370384145
            ]
          ],
          [
            [
              14.419083595275879,
              35.94438142443721
            ],
            [
              14.41904604434967,
              35.94440748221771
            ],
            [
              14.418981671333313,
              35.944476969590326
            ]
          ],
          [
            [
              14.426443576812744,
              35.94798165968382
            ],
            [
              14.426411390304565,
              35.94795560308198
            ]
          ],
          [
            [
              14.42605197429657,
              35.94802943009822
            ],
            [
              14.425928592681885,
              35.94815971289975
            ]
          ],
          [
            [
              14.425987601280212,
              35.94791217539316
            ],
            [
              14.42605197429657,
              35.94802943009822
            ],
            [
              14.426164627075195,
              35.94809891428578
            ]
          ]
        ]
      },
      "properties": {
        "subclass": "steps",
        "class": "path",
        "source_layer": "transportation",
        "source_tile": "https://tiles.openfreemap.org/planet/20261004_113936_pt/14/8848/6436.pbf"
      }
    },
    {
      "type": "Feature",
      "id": "transportation:6336288662-0",
      "geometry": {
        "type": "LineString",
        "coordinates": [
          [
            14.423262476921082,
            35.94489823547879
          ],
          [
            14.423359036445618,
            35.94499378000704
          ],
          [
            14.423460960388184,
            35.945150125349514
          ],
          [
            14.423643350601196,
            35.94551927284739
          ],
          [
            14.423868656158447,
            35.946214134047395
          ],
          [
            14.423927664756775,
            35.94633139127234
          ],
          [
            14.42431926727295,
            35.94687858935464
          ],
          [
            14.424437284469604,
            35.94708270195461
          ],
          [
            14.424930810928345,
            35.94775149273691
          ]
        ]
      },
      "properties": {
        "subclass": "path",
        "bicycle": "yes",
        "surface": "paved",
        "class": "path",
        "foot": "yes",
        "source_layer": "transportation",
        "source_tile": "https://tiles.openfreemap.org/planet/20261004_113936_pt/14/8848/6436.pbf"
      }
    },
    {
      "type": "Feature",
      "id": "transportation:7428591880-0",
      "geometry": {
        "type": "MultiLineString",
        "coordinates": [
          [
            [
              14.422125220298767,
              35.94363008807079
            ],
            [
              14.422205686569214,
              35.9435519139345
            ],
            [
              14.422248601913452,
              35.94358231499669
            ],
            [
              14.422329068183899,
              35.94350414081315
            ],
            [
              14.422430992126465,
              35.94357362898012
            ],
            [
              14.422452449798584,
              35.94352151286061
            ]
          ],
          [
            [
              14.423525333404541,
              35.94455514281151
            ],
            [
              14.423503875732422,
              35.94446828367211
            ],
            [
              14.423514604568481,
              35.944359709613565
            ],
            [
              14.423578977584839,
              35.944246792434484
            ],
            [
              14.423637986183167,
              35.94416861890825
            ],
            [
              14.423734545707703,
              35.94413387509401
            ],
            [
              14.423836469650269,
              35.944142561049006
            ],
            [
              14.423981308937073,
              35.94421204865459
            ],
            [
              14.424018859863281,
              35.94417730485942
            ]
          ],
          [
            [
              14.428262114524841,
              35.94853318907357
            ],
            [
              14.42829430103302,
              35.94858964462067
            ]
          ]
        ]
      },
      "properties": {
        "subclass": "path",
        "surface": "paved",
        "class": "path",
        "foot": "yes",
        "source_layer": "transportation",
        "source_tile": "https://tiles.openfreemap.org/planet/20261004_113936_pt/14/8848/6436.pbf"
      }
    },
    {
      "type": "Feature",
      "id": "transportation:7630670830-0",
      "geometry": {
        "type": "MultiLineString",
        "coordinates": [
          [
            [
              14.417898058891296,
              35.956866459829
            ],
            [
              14.417865872383118,
              35.95690554032011
            ]
          ],
          [
            [
              14.418182373046875,
              35.95612826914257
            ],
            [
              14.418171644210815,
              35.95611958450522
            ],
            [
              14.418123364448547,
              35.956163007682505
            ],
            [
              14.418118000030518,
              35.95619774620717
            ],
            [
              14.418144822120667,
              35.956328015538546
            ],
            [
              14.418139457702637,
              35.956423546245006
            ],
            [
              14.418123364448547,
              35.95651039224154
            ],
            [
              14.418091177940369,
              35.95657552667629
            ],
            [
              14.41805362701416,
              35.956627634185395
            ],
            [
              14.418021440505981,
              35.95664500334746
            ],
            [
              14.417903423309326,
              35.956766587374986
            ],
            [
              14.417898058891296,
              35.956792641070805
            ],
            [
              14.417930245399475,
              35.956857775272795
            ]
          ],
          [
            [
              14.424018859863281,
              35.94378209311439
            ],
            [
              14.424018859863281,
              35.94383420906203
            ],
            [
              14.423938393592834,
              35.94385158103695
            ],
            [
              14.423831105232239,
              35.943812494088036
            ],
            [
              14.423841834068298,
              35.94365180309491
            ],
            [
              14.423825740814209,
              35.94364746009056
            ],
            [
              14.42380428314209,
              35.943808151092526
            ],
            [
              14.423788189888,
              35.943812494088036
            ],
            [
              14.42380428314209,
              35.94364746009056
            ]
          ]
        ]
      },
      "properties": {
        "subclass": "path",
        "surface": "paved",
        "class": "path",
        "source_layer": "transportation",
        "source_tile": "https://tiles.openfreemap.org/planet/20261004_113936_pt/14/8848/6436.pbf"
      }
    },
    {
      "type": "Feature",
      "id": "transportation:265879580-0",
      "geometry": {
        "type": "MultiLineString",
        "coordinates": [
          [
            [
              14.4190514087677,
              35.94774714995789
            ],
            [
              14.418675899505615,
              35.94730418524321
            ],
            [
              14.418632984161377,
              35.94720430069974
            ],
            [
              14.418708086013794,
              35.94709573040056
            ],
            [
              14.41957712173462,
              35.94637481983001
            ]
          ],
          [
            [
              14.43331003189087,
              35.94215779551757
            ],
            [
              14.433352947235107,
              35.942874401513976
            ],
            [
              14.433621168136597,
              35.944390110365006
            ],
            [
              14.433760643005371,
              35.94455514281151
            ],
            [
              14.433851838111877,
              35.94476360435657
            ],
            [
              14.433996677398682,
              35.945584416344445
            ]
          ]
        ]
      },
      "properties": {
        "bicycle": "yes",
        "surface": "paved",
        "class": "minor",
        "foot": "yes",
        "source_layer": "transportation",
        "source_tile": "https://tiles.openfreemap.org/planet/20261004_113936_pt/14/8848/6436.pbf"
      }
    },
    {
      "type": "Feature",
      "id": "transportation:274578582-0",
      "geometry": {
        "type": "LineString",
        "coordinates": [
          [
            14.424694776535034,
            35.9514471111556
          ],
          [
            14.4245445728302,
            35.950952055966084
          ],
          [
            14.424394369125366,
            35.950795722103834
          ],
          [
            14.423981308937073,
            35.95059596171856
          ],
          [
            14.423664808273315,
            35.950057474685806
          ],
          [
            14.423428773880005,
            35.94989245373135
          ]
        ]
      },
      "properties": {
        "surface": "paved",
        "class": "minor",
        "oneway": 1,
        "source_layer": "transportation",
        "source_tile": "https://tiles.openfreemap.org/planet/20261004_113936_pt/14/8848/6436.pbf"
      }
    },
    {
      "type": "Feature",
      "id": "transportation:391486542-0",
      "geometry": {
        "type": "LineString",
        "coordinates": [
          [
            14.41953957080841,
            35.948363822190245
          ],
          [
            14.420617818832397,
            35.94781663439369
          ]
        ]
      },
      "properties": {
        "surface": "paved",
        "class": "minor",
        "oneway": 1,
        "source_layer": "transportation",
        "source_tile": "https://tiles.openfreemap.org/planet/20261004_113936_pt/14/8848/6436.pbf"
      }
    },
    {
      "type": "Feature",
      "id": "transportation:244155390-0",
      "geometry": {
        "type": "MultiLineString",
        "coordinates": [
          [
            [
              14.415017366409302,
              35.952641310467925
            ],
            [
              14.415130019187927,
              35.95272381811735
            ],
            [
              14.41582202911377,
              35.95310595768554
            ],
            [
              14.41681981086731,
              35.953544547411624
            ],
            [
              14.417029023170471,
              35.953661793757576
            ],
            [
              14.417179226875305,
              35.953783382377
            ],
            [
              14.41730260848999,
              35.95391365569013
            ],
            [
              14.417377710342407,
              35.95408301067599
            ],
            [
              14.417420625686646,
              35.954413034733506
            ],
            [
              14.417527914047241,
              35.954908068234545
            ],
            [
              14.41756010055542,
              35.95501228541839
            ],
            [
              14.417699575424194,
              35.95531625141929
            ],
            [
              14.417839050292969,
              35.955563765727405
            ],
            [
              14.417967796325684,
              35.955746144194975
            ],
            [
              14.418128728866577,
              35.955932864570784
            ],
            [
              14.418262839317322,
              35.956054449694506
            ],
            [
              14.418498873710632,
              35.95623248471655
            ],
            [
              14.418632984161377,
              35.95631933092312
            ],
            [
              14.418879747390747,
              35.9564452577531
            ],
            [
              14.4195556640625,
              35.956662372505704
            ],
            [
              14.420344233512878,
              35.95695330533853
            ],
            [
              14.422227144241333,
              35.95773056839724
            ],
            [
              14.422436356544495,
              35.957834781857116
            ],
            [
              14.423375129699707,
              35.95827334532714
            ],
            [
              14.423723816871643,
              35.958399269041806
            ],
            [
              14.423992037773132,
              35.95843834877452
            ],
            [
              14.42429780960083,
              35.95840361123528
            ],
            [
              14.424608945846558,
              35.95824729211974
            ],
            [
              14.424775242805481,
              35.95811702595377
            ],
            [
              14.424941539764404,
              35.9578782040915
            ],
            [
              14.42502737045288,
              35.9577131994739
            ],
            [
              14.42505419254303,
              35.95757424794964
            ],
            [
              14.42507028579712,
              35.957318055435906
            ],
            [
              14.42503809928894,
              35.95716173417186
            ],
            [
              14.424957633018494,
              35.957027123946574
            ],
            [
              14.42453920841217,
              35.95654078831777
            ],
            [
              14.424222707748413,
              35.95602839575517
            ],
            [
              14.423949122428894,
              35.9555029728113
            ],
            [
              14.423874020576477,
              35.955207692267535
            ],
            [
              14.423766732215881,
              35.95438698025279
            ],
            [
              14.423702359199524,
              35.9536313965735
            ],
            [
              14.423691630363464,
              35.95330571172414
            ],
            [
              14.423788189888,
              35.95288883315767
            ],
            [
              14.423970580101013,
              35.951924793046786
            ],
            [
              14.423992037773132,
              35.951625156561775
            ],
            [
              14.423959851264954,
              35.95116484322594
            ],
            [
              14.423906207084656,
              35.95093468555221
            ]
          ],
          [
            [
              14.414427280426025,
              35.95047871082238
            ],
            [
              14.414459466934204,
              35.95032671866096
            ],
            [
              14.41407859325409,
              35.949731775102435
            ],
            [
              14.414014220237732,
              35.949614522923724
            ],
            [
              14.413890838623047,
              35.949301849596466
            ],
            [
              14.413853287696838,
              35.949071686495444
            ],
            [
              14.413864016532898,
              35.948828494565845
            ],
            [
              14.413960576057434,
              35.94858095915451
            ],
            [
              14.414153695106506,
              35.948272624487316
            ],
            [
              14.414239525794983,
              35.94809891428578
            ],
            [
              14.414250254631042,
              35.94793823200929
            ],
            [
              14.414191246032715,
              35.9476516087589
            ],
            [
              14.413719177246094,
              35.94685253238903
            ]
          ],
          [
            [
              14.416642785072327,
              35.94559310214001
            ],
            [
              14.416036605834961,
              35.945623502416936
            ],
            [
              14.415940046310425,
              35.94561047372825
            ],
            [
              14.41556990146637,
              35.945510587043714
            ],
            [
              14.415467977523804,
              35.94551927284739
            ],
            [
              14.414250254631042,
              35.94581024671852
            ],
            [
              14.41404640674591,
              35.94582327537425
            ],
            [
              14.413788914680481,
              35.94580156094683
            ],
            [
              14.413719177246094,
              35.94578853228752
            ]
          ],
          [
            [
              14.417957067489624,
              35.945871047093576
            ],
            [
              14.418488144874573,
              35.94602304782654
            ],
            [
              14.419196248054504,
              35.94620110545611
            ],
            [
              14.41957712173462,
              35.94637481983001
            ],
            [
              14.419856071472168,
              35.94656156235601
            ],
            [
              14.419936537742615,
              35.9466440763548
            ],
            [
              14.420000910758972,
              35.946735275937456
            ],
            [
              14.420161843299866,
              35.94706533069004
            ],
            [
              14.420762658119202,
              35.948046801150824
            ],
            [
              14.420869946479797,
              35.948198797698325
            ],
            [
              14.420912861824036,
              35.94823353972525
            ],
            [
              14.421014785766602,
              35.948263938986315
            ],
            [
              14.421100616455078,
              35.94825091073301
            ],
            [
              14.421181082725525,
              35.948216168713714
            ],
            [
              14.421368837356567,
              35.94809022876565
            ],
            [
              14.421486854553223,
              35.94809022876565
            ],
            [
              14.421610236167908,
              35.94814668462928
            ],
            [
              14.421776533126831,
              35.94828565273703
            ],
            [
              14.422329068183899,
              35.94881546640565
            ],
            [
              14.422940611839294,
              35.94935830459433
            ]
          ]
        ]
      },
      "properties": {
        "surface": "paved",
        "class": "tertiary",
        "source_layer": "transportation",
        "source_tile": "https://tiles.openfreemap.org/planet/20261004_113936_pt/14/8848/6436.pbf"
      }
    },
    {
      "type": "Feature",
      "id": "transportation:274578552-0",
      "geometry": {
        "type": "LineString",
        "coordinates": [
          [
            14.422940611839294,
            35.94935830459433
          ],
          [
            14.423015713691711,
            35.94953635470793
          ],
          [
            14.423241019248962,
            35.949827313786045
          ],
          [
            14.423627257347107,
            35.95042659925711
          ],
          [
            14.423841834068298,
            35.95090428731878
          ],
          [
            14.423906207084656,
            35.95093468555221
          ]
        ]
      },
      "properties": {
        "surface": "paved",
        "class": "tertiary",
        "oneway": 1,
        "source_layer": "transportation",
        "source_tile": "https://tiles.openfreemap.org/planet/20261004_113936_pt/14/8848/6436.pbf"
      }
    },
    {
      "type": "Feature",
      "id": "transportation:274578572-0",
      "geometry": {
        "type": "LineString",
        "coordinates": [
          [
            14.423906207084656,
            35.95093468555221
          ],
          [
            14.423906207084656,
            35.95088691689439
          ],
          [
            14.42382037639618,
            35.95059596171856
          ],
          [
            14.423428773880005,
            35.94989245373135
          ],
          [
            14.423171281814575,
            35.94954504006904
          ],
          [
            14.423101544380188,
            35.949471214469
          ],
          [
            14.422940611839294,
            35.94935830459433
          ]
        ]
      },
      "properties": {
        "surface": "paved",
        "class": "tertiary",
        "oneway": 1,
        "source_layer": "transportation",
        "source_tile": "https://tiles.openfreemap.org/planet/20261004_113936_pt/14/8848/6436.pbf"
      }
    },
    {
      "type": "Feature",
      "id": "transportation:3865536452-0",
      "geometry": {
        "type": "LineString",
        "coordinates": [
          [
            14.423096179962158,
            35.94434233775037
          ],
          [
            14.423257112503052,
            35.94447262663134
          ],
          [
            14.423342943191528,
            35.94456817167418
          ],
          [
            14.423493146896362,
            35.94478097612716
          ],
          [
            14.423573613166809,
            35.944946007757366
          ],
          [
            14.423761367797852,
            35.9454107002329
          ],
          [
            14.423954486846924,
            35.94603173357385
          ],
          [
            14.424024224281311,
            35.94622281977375
          ],
          [
            14.424152970314026,
            35.9464269340677
          ],
          [
            14.42455530166626,
            35.94692201761157
          ],
          [
            14.425107836723328,
            35.94758212417797
          ],
          [
            14.42554771900177,
            35.948068514961236
          ],
          [
            14.425896406173706,
            35.94831605197804
          ]
        ]
      },
      "properties": {
        "surface": "paved",
        "class": "trunk",
        "foot": "yes",
        "oneway": 1,
        "source_layer": "transportation",
        "source_tile": "https://tiles.openfreemap.org/planet/20261004_113936_pt/14/8848/6436.pbf"
      }
    },
    {
      "type": "Feature",
      "id": "transportation:6268712242-0",
      "geometry": {
        "type": "LineString",
        "coordinates": [
          [
            14.42805826663971,
            35.948498447178366
          ],
          [
            14.42781150341034,
            35.948498447178366
          ],
          [
            14.427430629730225,
            35.948524503601206
          ],
          [
            14.426915645599365,
            35.94853318907357
          ],
          [
            14.426658153533936,
            35.948524503601206
          ],
          [
            14.426389932632446,
            35.948476733486146
          ],
          [
            14.425966143608093,
            35.948294338235655
          ],
          [
            14.425590634346008,
            35.948046801150824
          ],
          [
            14.42528486251831,
            35.9477297788394
          ],
          [
            14.424249529838562,
            35.94647036257287
          ],
          [
            14.424110054969788,
            35.946261905530434
          ],
          [
            14.42406713962555,
            35.94614899106948
          ],
          [
            14.423970580101013,
            35.9457841894006
          ],
          [
            14.423772096633911,
            35.94522829790476
          ],
          [
            14.423482418060303,
            35.94456817167418
          ],
          [
            14.423455595970154,
            35.944420511104724
          ],
          [
            14.423498511314392,
            35.944259821348
          ]
        ]
      },
      "properties": {
        "surface": "paved",
        "class": "trunk",
        "foot": "yes",
        "oneway": 1,
        "source_layer": "transportation",
        "source_tile": "https://tiles.openfreemap.org/planet/20261004_113936_pt/14/8848/6436.pbf"
      }
    },
    {
      "type": "Feature",
      "id": "transportation_name:242745360-0",
      "geometry": {
        "type": "MultiLineString",
        "coordinates": [
          [
            [
              14.415918588638306,
              35.947864404907875
            ],
            [
              14.41605806350708,
              35.94818142667913
            ]
          ],
          [
            [
              14.415730834007263,
              35.94634441984215
            ],
            [
              14.41581130027771,
              35.94662236215295
            ],
            [
              14.415982961654663,
              35.947286814027336
            ],
            [
              14.416111707687378,
              35.94790348985252
            ],
            [
              14.416218996047974,
              35.948359479444875
            ],
            [
              14.416261911392212,
              35.94859833008586
            ],
            [
              14.416487216949463,
              35.9495928095382
            ],
            [
              14.416685700416565,
              35.95034843184477
            ],
            [
              14.41680908203125,
              35.95088257428773
            ],
            [
              14.416905641555786,
              35.95113010248795
            ],
            [
              14.41729187965393,
              35.95154699033533
            ],
            [
              14.41780149936676,
              35.95198558871664
            ],
            [
              14.418177008628845,
              35.95245023979105
            ],
            [
              14.418702721595764,
              35.95298002553207
            ],
            [
              14.419024586677551,
              35.95332742408921
            ],
            [
              14.4193035364151,
              35.953666136211496
            ],
            [
              14.419727325439453,
              35.95410472282744
            ],
            [
              14.419856071472168,
              35.954252365298785
            ],
            [
              14.420194029808044,
              35.954612785466935
            ],
            [
              14.420655369758606,
              35.95507307871215
            ],
            [
              14.420875310897827,
              35.955259800679
            ],
            [
              14.421154260635376,
              35.95543783749211
            ],
            [
              14.421486854553223,
              35.95552902692394
            ],
            [
              14.421760439872742,
              35.95558981981996
            ],
            [
              14.421916007995605,
              35.95560284686306
            ],
            [
              14.422130584716797,
              35.955576792774764
            ],
            [
              14.42279040813446,
              35.95545086456026
            ],
            [
              14.423026442527771,
              35.95539007155726
            ],
            [
              14.423788189888,
              35.95523374647756
            ],
            [
              14.423874020576477,
              35.955207692267535
            ]
          ]
        ]
      },
      "properties": {
        "name_int": "Tourist Street",
        "name:mt": "Triq it-Turisti",
        "name_de": "Triq it-Turisti",
        "name": "Triq it-Turisti",
        "name:en": "Tourist Street",
        "class": "minor",
        "name:latin": "Triq it-Turisti",
        "name_en": "Tourist Street",
        "source_layer": "transportation_name",
        "source_tile": "https://tiles.openfreemap.org/planet/20261004_113936_pt/14/8848/6436.pbf"
      }
    },
    {
      "type": "Feature",
      "id": "transportation_name:242745400-0",
      "geometry": {
        "type": "LineString",
        "coordinates": [
          [
            14.423026442527771,
            35.95539007155726
          ],
          [
            14.422661662101746,
            35.95444777402781
          ],
          [
            14.422473907470703,
            35.95391365569013
          ],
          [
            14.422345161437988,
            35.95346638308429
          ],
          [
            14.421701431274414,
            35.951638184258684
          ],
          [
            14.421411752700806,
            35.95075229597609
          ],
          [
            14.42129373550415,
            35.950448312413485
          ],
          [
            14.42080557346344,
            35.94985336977061
          ],
          [
            14.419335722923279,
            35.94812497084034
          ],
          [
            14.4190514087677,
            35.94774714995789
          ]
        ]
      },
      "properties": {
        "name": "Triq it-Tamar",
        "name_int": "Triq it-Tamar",
        "class": "minor",
        "name:latin": "Triq it-Tamar",
        "name_de": "Triq it-Tamar",
        "name_en": "Triq it-Tamar",
        "source_layer": "transportation_name",
        "source_tile": "https://tiles.openfreemap.org/planet/20261004_113936_pt/14/8848/6436.pbf"
      }
    },
    {
      "type": "Feature",
      "id": "transportation_name:243210292-0",
      "geometry": {
        "type": "LineString",
        "coordinates": [
          [
            14.42079484462738,
            35.948824151846026
          ],
          [
            14.420977234840393,
            35.948828494565845
          ],
          [
            14.421964287757874,
            35.94987942574659
          ],
          [
            14.422457814216614,
            35.95054819285595
          ],
          [
            14.42282259464264,
            35.95107364875618
          ],
          [
            14.422844052314758,
            35.95114313026647
          ]
        ]
      },
      "properties": {
        "name": "Triq Andrew Cunningham",
        "name_int": "Triq Andrew Cunningham",
        "class": "minor",
        "name:latin": "Triq Andrew Cunningham",
        "name_de": "Triq Andrew Cunningham",
        "name_en": "Triq Andrew Cunningham",
        "source_layer": "transportation_name",
        "source_tile": "https://tiles.openfreemap.org/planet/20261004_113936_pt/14/8848/6436.pbf"
      }
    },
    {
      "type": "Feature",
      "id": "transportation_name:243210302-0",
      "geometry": {
        "type": "LineString",
        "coordinates": [
          [
            14.421964287757874,
            35.94987942574659
          ],
          [
            14.422645568847656,
            35.94952332666443
          ],
          [
            14.422940611839294,
            35.94935830459433
          ]
        ]
      },
      "properties": {
        "name": "Triq ta‘ Nawċiera",
        "name_int": "Triq ta‘ Nawċiera",
        "class": "minor",
        "name:latin": "Triq ta‘ Nawċiera",
        "name_de": "Triq ta‘ Nawċiera",
        "name_en": "Triq ta‘ Nawċiera",
        "source_layer": "transportation_name",
        "source_tile": "https://tiles.openfreemap.org/planet/20261004_113936_pt/14/8848/6436.pbf"
      }
    },
    {
      "type": "Feature",
      "id": "transportation_name:244153222-0",
      "geometry": {
        "type": "LineString",
        "coordinates": [
          [
            14.421368837356567,
            35.94809022876565
          ],
          [
            14.421100616455078,
            35.94706967350655
          ]
        ]
      },
      "properties": {
        "name": "Triq il-Qala",
        "name_int": "Triq il-Qala",
        "class": "minor",
        "name:latin": "Triq il-Qala",
        "name_de": "Triq il-Qala",
        "name_en": "Triq il-Qala",
        "source_layer": "transportation_name",
        "source_tile": "https://tiles.openfreemap.org/planet/20261004_113936_pt/14/8848/6436.pbf"
      }
    },
    {
      "type": "Feature",
      "id": "transportation_name:244153232-0",
      "geometry": {
        "type": "LineString",
        "coordinates": [
          [
            14.421181082725525,
            35.948216168713714
          ],
          [
            14.422645568847656,
            35.94952332666443
          ]
        ]
      },
      "properties": {
        "name_int": "Triq il-Lanċa",
        "name:mt": "Triq il-Lanċa",
        "name_de": "Triq il-Lanċa",
        "name": "Triq il-Lanċa",
        "class": "minor",
        "name:latin": "Triq il-Lanċa",
        "name_en": "Triq il-Lanċa",
        "source_layer": "transportation_name",
        "source_tile": "https://tiles.openfreemap.org/planet/20261004_113936_pt/14/8848/6436.pbf"
      }
    },
    {
      "type": "Feature",
      "id": "transportation_name:269739110-0",
      "geometry": {
        "type": "LineString",
        "coordinates": [
          [
            14.421256184577942,
            35.95367916357182
          ],
          [
            14.421245455741882,
            35.953392561148604
          ],
          [
            14.421213269233704,
            35.95305819034061
          ],
          [
            14.421213269233704,
            35.952901860646165
          ],
          [
            14.4210684299469,
            35.95233299164691
          ],
          [
            14.420666098594666,
            35.95127775051884
          ],
          [
            14.420344233512878,
            35.95067847150413
          ],
          [
            14.420215487480164,
            35.95064807317212
          ],
          [
            14.420140385627747,
            35.95057859122639
          ],
          [
            14.420097470283508,
            35.9504700255639
          ],
          [
            14.42007064819336,
            35.95043094188888
          ],
          [
            14.41978633403778,
            35.95009221589545
          ],
          [
            14.419453740119934,
            35.949657949676876
          ],
          [
            14.419265985488892,
            35.94943647298628
          ],
          [
            14.418944120407104,
            35.94888494990194
          ]
        ]
      },
      "properties": {
        "name": "Triq il-Port Ruman",
        "name_int": "Triq il-Port Ruman",
        "class": "minor",
        "name:latin": "Triq il-Port Ruman",
        "name_de": "Triq il-Port Ruman",
        "name_en": "Triq il-Port Ruman",
        "source_layer": "transportation_name",
        "source_tile": "https://tiles.openfreemap.org/planet/20261004_113936_pt/14/8848/6436.pbf"
      }
    },
    {
      "type": "Feature",
      "id": "transportation_name:274578580-0",
      "geometry": {
        "type": "LineString",
        "coordinates": [
          [
            14.423890113830566,
            35.952372074380946
          ],
          [
            14.424517750740051,
            35.95196387598277
          ],
          [
            14.424684047698975,
            35.951829256899615
          ],
          [
            14.424694776535034,
            35.9514471111556
          ],
          [
            14.4245445728302,
            35.950952055966084
          ],
          [
            14.424394369125366,
            35.950795722103834
          ],
          [
            14.423981308937073,
            35.95059596171856
          ],
          [
            14.423664808273315,
            35.950057474685806
          ],
          [
            14.423428773880005,
            35.94989245373135
          ]
        ]
      },
      "properties": {
        "name": "Triq il-Luzzu",
        "name_int": "Triq il-Luzzu",
        "class": "minor",
        "name:latin": "Triq il-Luzzu",
        "name_de": "Triq il-Luzzu",
        "name_en": "Triq il-Luzzu",
        "source_layer": "transportation_name",
        "source_tile": "https://tiles.openfreemap.org/planet/20261004_113936_pt/14/8848/6436.pbf"
      }
    },
    {
      "type": "Feature",
      "id": "transportation_name:390108410-0",
      "geometry": {
        "type": "MultiLineString",
        "coordinates": [
          [
            [
              14.420977234840393,
              35.948828494565845
            ],
            [
              14.420939683914185,
              35.948732954674426
            ],
            [
              14.420928955078125,
              35.94865044285703
            ],
            [
              14.420934319496155,
              35.94854621728034
            ],
            [
              14.420950412750244,
              35.948463705267926
            ],
            [
              14.420998692512512,
              35.94837685042495
            ],
            [
              14.421100616455078,
              35.94825091073301
            ]
          ],
          [
            [
              14.420585632324219,
              35.9495928095382
            ],
            [
              14.420703649520874,
              35.949505955936445
            ],
            [
              14.420757293701172,
              35.94940607417638
            ],
            [
              14.420768022537231,
              35.949080371907655
            ],
            [
              14.420869946479797,
              35.948198797698325
            ]
          ]
        ]
      },
      "properties": {
        "name_int": "Triq il-Ħamra",
        "name:mt": "Triq il-Ħamra",
        "name_de": "Triq il-Ħamra",
        "name": "Triq il-Ħamra",
        "class": "minor",
        "name:latin": "Triq il-Ħamra",
        "name_en": "Triq il-Ħamra",
        "source_layer": "transportation_name",
        "source_tile": "https://tiles.openfreemap.org/planet/20261004_113936_pt/14/8848/6436.pbf"
      }
    },
    {
      "type": "Feature",
      "id": "transportation_name:391486542-0",
      "geometry": {
        "type": "LineString",
        "coordinates": [
          [
            14.41953957080841,
            35.948363822190245
          ],
          [
            14.420617818832397,
            35.94781663439369
          ]
        ]
      },
      "properties": {
        "name": "Triq il-Frejgatina",
        "name_int": "Triq il-Frejgatina",
        "class": "minor",
        "name:latin": "Triq il-Frejgatina",
        "name_de": "Triq il-Frejgatina",
        "name_en": "Triq il-Frejgatina",
        "source_layer": "transportation_name",
        "source_tile": "https://tiles.openfreemap.org/planet/20261004_113936_pt/14/8848/6436.pbf"
      }
    },
    {
      "type": "Feature",
      "id": "transportation_name:1368968090-0",
      "geometry": {
        "type": "MultiLineString",
        "coordinates": [
          [
            [
              14.422500729560852,
              35.948007716277075
            ],
            [
              14.422586560249329,
              35.948263938986315
            ],
            [
              14.42278504371643,
              35.94862872920656
            ],
            [
              14.423525333404541,
              35.94921499567485
            ]
          ],
          [
            [
              14.421776533126831,
              35.94828565273703
            ],
            [
              14.421878457069397,
              35.948216168713714
            ],
            [
              14.422141313552856,
              35.94792086093281
            ],
            [
              14.422366619110107,
              35.94785571936197
            ],
            [
              14.422500729560852,
              35.948007716277075
            ],
            [
              14.422854781150818,
              35.94856358821933
            ],
            [
              14.423160552978516,
              35.948776381912126
            ],
            [
              14.423659443855286,
              35.94918893947974
            ],
            [
              14.42403495311737,
              35.9498577124339
            ]
          ]
        ]
      },
      "properties": {
        "name": "Triq il-Boxxla",
        "name_int": "Triq il-Boxxla",
        "class": "minor",
        "name:latin": "Triq il-Boxxla",
        "name_de": "Triq il-Boxxla",
        "name_en": "Triq il-Boxxla",
        "source_layer": "transportation_name",
        "source_tile": "https://tiles.openfreemap.org/planet/20261004_113936_pt/14/8848/6436.pbf"
      }
    },
    {
      "type": "Feature",
      "id": "transportation_name:1480990880-0",
      "geometry": {
        "type": "MultiLineString",
        "coordinates": [
          [
            [
              14.421722888946533,
              35.94699150277299
            ],
            [
              14.42181944847107,
              35.94706533069004
            ],
            [
              14.422141313552856,
              35.94792086093281
            ]
          ],
          [
            [
              14.42229151725769,
              35.94788177599676
            ],
            [
              14.422597289085388,
              35.94850713265362
            ],
            [
              14.422715306282043,
              35.94871558377265
            ],
            [
              14.423428773880005,
              35.94935396190361
            ]
          ]
        ]
      },
      "properties": {
        "name": "Triq tax-Xtut",
        "name_int": "Triq tax-Xtut",
        "class": "minor",
        "name:latin": "Triq tax-Xtut",
        "name_de": "Triq tax-Xtut",
        "name_en": "Triq tax-Xtut",
        "source_layer": "transportation_name",
        "source_tile": "https://tiles.openfreemap.org/planet/20261004_113936_pt/14/8848/6436.pbf"
      }
    },
    {
      "type": "Feature",
      "id": "transportation_name:1530193382-0",
      "geometry": {
        "type": "LineString",
        "coordinates": [
          [
            14.420344233512878,
            35.95067847150413
          ],
          [
            14.420446157455444,
            35.95069149935715
          ],
          [
            14.420623183250427,
            35.95059161909586
          ],
          [
            14.420607089996338,
            35.95004010407524
          ],
          [
            14.42080557346344,
            35.94985336977061
          ]
        ]
      },
      "properties": {
        "name": "Triq it-Tmun",
        "name_int": "Triq it-Tmun",
        "class": "minor",
        "name:latin": "Triq it-Tmun",
        "name_de": "Triq it-Tmun",
        "name_en": "Triq it-Tmun",
        "source_layer": "transportation_name",
        "source_tile": "https://tiles.openfreemap.org/planet/20261004_113936_pt/14/8848/6436.pbf"
      }
    },
    {
      "type": "Feature",
      "id": "transportation_name:274578550-0",
      "geometry": {
        "type": "MultiLineString",
        "coordinates": [
          [
            [
              14.424775242805481,
              35.95811702595377
            ],
            [
              14.424941539764404,
              35.9578782040915
            ],
            [
              14.42502737045288,
              35.9577131994739
            ],
            [
              14.42505419254303,
              35.95757424794964
            ],
            [
              14.42507028579712,
              35.957318055435906
            ],
            [
              14.42503809928894,
              35.95716173417186
            ],
            [
              14.424957633018494,
              35.957027123946574
            ],
            [
              14.42453920841217,
              35.95654078831777
            ],
            [
              14.424222707748413,
              35.95602839575517
            ],
            [
              14.423949122428894,
              35.9555029728113
            ],
            [
              14.423874020576477,
              35.955207692267535
            ],
            [
              14.423766732215881,
              35.95438698025279
            ],
            [
              14.423702359199524,
              35.9536313965735
            ],
            [
              14.423691630363464,
              35.95330571172414
            ],
            [
              14.423788189888,
              35.95288883315767
            ],
            [
              14.423970580101013,
              35.951924793046786
            ],
            [
              14.423992037773132,
              35.951625156561775
            ],
            [
              14.423959851264954,
              35.95116484322594
            ],
            [
              14.423906207084656,
              35.95093468555221
            ],
            [
              14.423906207084656,
              35.95088691689439
            ],
            [
              14.42382037639618,
              35.95059596171856
            ],
            [
              14.423428773880005,
              35.94989245373135
            ],
            [
              14.423171281814575,
              35.94954504006904
            ],
            [
              14.423101544380188,
              35.949471214469
            ],
            [
              14.422940611839294,
              35.94935830459433
            ],
            [
              14.422329068183899,
              35.94881546640565
            ],
            [
              14.421776533126831,
              35.94828565273703
            ],
            [
              14.421610236167908,
              35.94814668462928
            ],
            [
              14.421486854553223,
              35.94809022876565
            ],
            [
              14.421368837356567,
              35.94809022876565
            ],
            [
              14.421181082725525,
              35.948216168713714
            ],
            [
              14.421100616455078,
              35.94825091073301
            ],
            [
              14.421014785766602,
              35.948263938986315
            ],
            [
              14.420912861824036,
              35.94823353972525
            ],
            [
              14.420869946479797,
              35.948198797698325
            ],
            [
              14.420762658119202,
              35.948046801150824
            ],
            [
              14.420161843299866,
              35.94706533069004
            ],
            [
              14.420000910758972,
              35.946735275937456
            ],
            [
              14.419936537742615,
              35.9466440763548
            ],
            [
              14.419856071472168,
              35.94656156235601
            ],
            [
              14.41957712173462,
              35.94637481983001
            ],
            [
              14.419196248054504,
              35.94620110545611
            ],
            [
              14.418488144874573,
              35.94602304782654
            ],
            [
              14.417957067489624,
              35.945871047093576
            ]
          ],
          [
            [
              14.422940611839294,
              35.94935830459433
            ],
            [
              14.423015713691711,
              35.94953635470793
            ],
            [
              14.423241019248962,
              35.949827313786045
            ],
            [
              14.423627257347107,
              35.95042659925711
            ],
            [
              14.423841834068298,
              35.95090428731878
            ],
            [
              14.423906207084656,
              35.95093468555221
            ]
          ]
        ]
      },
      "properties": {
        "name_int": "Island Promenade",
        "name:mt": "Triq il-Qawra",
        "name_de": "Triq il-Qawra",
        "name": "Triq il-Qawra",
        "name:en": "Qawra Road",
        "class": "tertiary",
        "name:latin": "Triq il-Qawra",
        "name_en": "Qawra Road",
        "source_layer": "transportation_name",
        "source_tile": "https://tiles.openfreemap.org/planet/20261004_113936_pt/14/8848/6436.pbf"
      }
    },
    {
      "type": "Feature",
      "id": "transportation_name:3865536450-0",
      "geometry": {
        "type": "MultiLineString",
        "coordinates": [
          [
            [
              14.423096179962158,
              35.94434233775037
            ],
            [
              14.423257112503052,
              35.94447262663134
            ],
            [
              14.423342943191528,
              35.94456817167418
            ],
            [
              14.423493146896362,
              35.94478097612716
            ],
            [
              14.423573613166809,
              35.944946007757366
            ],
            [
              14.423761367797852,
              35.9454107002329
            ],
            [
              14.423954486846924,
              35.94603173357385
            ],
            [
              14.424024224281311,
              35.94622281977375
            ],
            [
              14.424152970314026,
              35.9464269340677
            ],
            [
              14.42455530166626,
              35.94692201761157
            ],
            [
              14.425107836723328,
              35.94758212417797
            ],
            [
              14.42554771900177,
              35.948068514961236
            ],
            [
              14.425896406173706,
              35.94831605197804
            ],
            [
              14.426379203796387,
              35.948524503601206
            ],
            [
              14.426652789115906,
              35.948572273687404
            ],
            [
              14.427103400230408,
              35.94858964462067
            ],
            [
              14.428068995475769,
              35.94854621728034
            ],
            [
              14.42829430103302,
              35.94858964462067
            ],
            [
              14.428476691246033,
              35.948663471044455
            ],
            [
              14.428632259368896,
              35.94878941007876
            ],
            [
              14.428712725639343,
              35.94888929261842
            ],
            [
              14.428755640983582,
              35.94896311876222
            ],
            [
              14.428771734237671,
              35.94903260212865
            ],
            [
              14.4287770986557,
              35.949158540574615
            ],
            [
              14.42879855632782,
              35.94920631027743
            ],
            [
              14.428836107254028,
              35.949241051861364
            ],
            [
              14.428889751434326,
              35.94926710803928
            ],
            [
              14.428975582122803,
              35.94933224844647
            ],
            [
              14.42927598953247,
              35.94972308976182
            ],
            [
              14.429458379745483,
              35.94992719501357
            ],
            [
              14.429667592048645,
              35.95011827179266
            ],
            [
              14.429866075515747,
              35.950278949635546
            ],
            [
              14.431652426719666,
              35.951581730889956
            ],
            [
              14.43204939365387,
              35.95195084833961
            ],
            [
              14.432215690612793,
              35.95213323514868
            ],
            [
              14.432392716407776,
              35.95240247204964
            ],
            [
              14.43255364894867,
              35.95268039304945
            ],
            [
              14.432896971702576,
              35.95346638308429
            ],
            [
              14.43305253982544,
              35.953648766394394
            ],
            [
              14.43328857421875,
              35.95380943705682
            ],
            [
              14.433444142341614,
              35.953887601044684
            ],
            [
              14.43379282951355,
              35.95394839520401
            ],
            [
              14.434125423431396,
              35.95392234057002
            ],
            [
              14.43428635597229,
              35.95388325860296
            ],
            [
              14.434452652931213,
              35.95380943705682
            ],
            [
              14.434720873832703,
              35.95363573902908
            ],
            [
              14.435986876487732,
              35.95274553064233
            ],
            [
              14.43630337715149,
              35.952580515302685
            ],
            [
              14.436641335487366,
              35.95247195239125
            ],
            [
              14.436721801757812,
              35.95245458231159
            ]
          ],
          [
            [
              14.436721801757812,
              35.952359046805086
            ],
            [
              14.436421394348145,
              35.95242852718489
            ],
            [
              14.436072707176208,
              35.95259354284204
            ],
            [
              14.435659646987915,
              35.95286712067204
            ],
            [
              14.434399008750916,
              35.953757327688606
            ],
            [
              14.434061050415039,
              35.95385720394748
            ],
            [
              14.43377673625946,
              35.953865888833576
            ],
            [
              14.433615803718567,
              35.95384417661651
            ],
            [
              14.433240294456482,
              35.953666136211496
            ],
            [
              14.433090090751648,
              35.953535862490185
            ],
            [
              14.432977437973022,
              35.953392561148604
            ],
            [
              14.432682394981384,
              35.95268039304945
            ],
            [
              14.432580471038818,
              35.95249366498547
            ],
            [
              14.432473182678223,
              35.95231127900851
            ],
            [
              14.4323068857193,
              35.95208980975613
            ],
            [
              14.432140588760376,
              35.951894395194316
            ],
            [
              14.431888461112976,
              35.95165121195343
            ],
            [
              14.429957270622253,
              35.950239865865996
            ],
            [
              14.429694414138794,
              35.950035761422
            ],
            [
              14.429436922073364,
              35.94978822979307
            ],
            [
              14.42929208278656,
              35.949614522923724
            ],
            [
              14.429136514663696,
              35.949393046111425
            ],
            [
              14.429104328155518,
              35.94931922036935
            ],
            [
              14.429088234901428,
              35.949180254079465
            ],
            [
              14.429098963737488,
              35.949136827063754
            ],
            [
              14.429088234901428,
              35.9490890573189
            ],
            [
              14.429066777229309,
              35.94904997296074
            ],
            [
              14.42902386188507,
              35.94901957400212
            ],
            [
              14.428895115852356,
              35.94895009062421
            ],
            [
              14.428830742835999,
              35.94889797805068
            ],
            [
              14.428675174713135,
              35.94873729739926
            ],
            [
              14.428428411483765,
              35.94859398735339
            ],
            [
              14.428262114524841,
              35.94853318907357
            ],
            [
              14.42805826663971,
              35.948498447178366
            ],
            [
              14.42781150341034,
              35.948498447178366
            ],
            [
              14.427430629730225,
              35.948524503601206
            ],
            [
              14.426915645599365,
              35.94853318907357
            ],
            [
              14.426658153533936,
              35.948524503601206
            ],
            [
              14.426389932632446,
              35.948476733486146
            ],
            [
              14.425966143608093,
              35.948294338235655
            ],
            [
              14.425590634346008,
              35.948046801150824
            ],
            [
              14.42528486251831,
              35.9477297788394
            ],
            [
              14.424249529838562,
              35.94647036257287
            ],
            [
              14.424110054969788,
              35.946261905530434
            ],
            [
              14.42406713962555,
              35.94614899106948
            ],
            [
              14.423970580101013,
              35.9457841894006
            ],
            [
              14.423772096633911,
              35.94522829790476
            ],
            [
              14.423482418060303,
              35.94456817167418
            ],
            [
              14.423455595970154,
              35.944420511104724
            ],
            [
              14.423498511314392,
              35.944259821348
            ]
          ]
        ]
      },
      "properties": {
        "route_1_ref": "1",
        "name_int": "Coast Road",
        "ref": "1",
        "name_de": "Tul il-Kosta",
        "name": "Tul il-Kosta",
        "ref_length": 1,
        "name:en": "Coast Road",
        "route_1_network": "arterial roads",
        "class": "trunk",
        "name:latin": "Tul il-Kosta",
        "name_en": "Coast Road",
        "network": "road",
        "source_layer": "transportation_name",
        "source_tile": "https://tiles.openfreemap.org/planet/20261004_113936_pt/14/8848/6436.pbf"
      }
    },
    {
      "type": "Feature",
      "id": "poi:4681599991-0",
      "geometry": {
        "type": "Point",
        "coordinates": [
          14.422135949134827,
          35.948520160864675
        ]
      },
      "properties": {
        "name_int": "Il-Qawra - Qawra",
        "name_de": "Il-Qawra - Qawra",
        "name": "Il-Qawra - Qawra",
        "subclass": "bus_stop",
        "rank": 1,
        "class": "bus",
        "name:latin": "Il-Qawra - Qawra",
        "name_en": "Il-Qawra - Qawra",
        "source_layer": "poi",
        "source_tile": "https://tiles.openfreemap.org/planet/20261004_113936_pt/14/8848/6436.pbf"
      }
    },
    {
      "type": "Feature",
      "id": "poi:50226964121-0",
      "geometry": {
        "type": "Point",
        "coordinates": [
          14.42303717136383,
          35.94958412418232
        ]
      },
      "properties": {
        "name_int": "Il-Qawra - Qawra",
        "name_de": "Il-Qawra - Qawra",
        "name": "Il-Qawra - Qawra",
        "subclass": "bus_stop",
        "rank": 3,
        "class": "bus",
        "name:latin": "Il-Qawra - Qawra",
        "name_en": "Il-Qawra - Qawra",
        "source_layer": "poi",
        "source_tile": "https://tiles.openfreemap.org/planet/20261004_113936_pt/14/8848/6436.pbf"
      }
    },
    {
      "type": "Feature",
      "id": "poi:50644265231-0",
      "geometry": {
        "type": "Point",
        "coordinates": [
          14.422962069511414,
          35.949479899837286
        ]
      },
      "properties": {
        "name_int": "Iceland Foods",
        "name_de": "Iceland Foods",
        "name": "Iceland Foods",
        "subclass": "convenience",
        "rank": 5,
        "class": "shop",
        "name:latin": "Iceland Foods",
        "name_en": "Iceland Foods",
        "source_layer": "poi",
        "source_tile": "https://tiles.openfreemap.org/planet/20261004_113936_pt/14/8848/6436.pbf"
      }
    },
    {
      "type": "Feature",
      "id": "poi:50644265741-0",
      "geometry": {
        "type": "Point",
        "coordinates": [
          14.423080086708069,
          35.94963189362785
        ]
      },
      "properties": {
        "name_int": "Sfax",
        "name_de": "Sfax",
        "name": "Sfax",
        "subclass": "convenience",
        "rank": 6,
        "class": "shop",
        "name:latin": "Sfax",
        "name_en": "Sfax",
        "source_layer": "poi",
        "source_tile": "https://tiles.openfreemap.org/planet/20261004_113936_pt/14/8848/6436.pbf"
      }
    },
    {
      "type": "Feature",
      "id": "poi:50644302251-0",
      "geometry": {
        "type": "Point",
        "coordinates": [
          14.423219561576843,
          35.94984468444338
        ]
      },
      "properties": {
        "name_int": "MyConvenience",
        "name_de": "MyConvenience",
        "name": "MyConvenience",
        "subclass": "convenience",
        "rank": 7,
        "class": "shop",
        "name:latin": "MyConvenience",
        "name_en": "MyConvenience",
        "source_layer": "poi",
        "source_tile": "https://tiles.openfreemap.org/planet/20261004_113936_pt/14/8848/6436.pbf"
      }
    },
    {
      "type": "Feature",
      "id": "poi:140722612751-0",
      "geometry": {
        "type": "Point",
        "coordinates": [
          14.420827031135559,
          35.94980125779287
        ]
      },
      "properties": {
        "name_int": "MyConvenience",
        "name_de": "MyConvenience",
        "name": "MyConvenience",
        "subclass": "convenience",
        "rank": 8,
        "class": "shop",
        "name:latin": "MyConvenience",
        "name_en": "MyConvenience",
        "source_layer": "poi",
        "source_tile": "https://tiles.openfreemap.org/planet/20261004_113936_pt/14/8848/6436.pbf"
      }
    },
    {
      "type": "Feature",
      "id": "poi:51090531601-0",
      "geometry": {
        "type": "Point",
        "coordinates": [
          14.423477053642273,
          35.950278949635546
        ]
      },
      "properties": {
        "name_int": "White Dolphin",
        "name_de": "White Dolphin",
        "name": "White Dolphin",
        "subclass": "hotel",
        "rank": 10,
        "name:en": "White Dolphin Complex",
        "class": "lodging",
        "name:latin": "White Dolphin",
        "name_en": "White Dolphin",
        "source_layer": "poi",
        "source_tile": "https://tiles.openfreemap.org/planet/20261004_113936_pt/14/8848/6436.pbf"
      }
    },
    {
      "type": "Feature",
      "id": "poi:6126399922-0",
      "geometry": {
        "type": "Point",
        "coordinates": [
          14.421996474266052,
          35.950148670328545
        ]
      },
      "properties": {
        "subclass": "swimming_pool",
        "class": "swimming_pool",
        "rank": 14,
        "source_layer": "poi",
        "source_tile": "https://tiles.openfreemap.org/planet/20261004_113936_pt/14/8848/6436.pbf"
      }
    },
    {
      "type": "Feature",
      "id": "poi:13395437262-0",
      "geometry": {
        "type": "Point",
        "coordinates": [
          14.420875310897827,
          35.94859833008586
        ]
      },
      "properties": {
        "subclass": "parking",
        "class": "parking",
        "rank": 15,
        "source_layer": "poi",
        "source_tile": "https://tiles.openfreemap.org/planet/20261004_113936_pt/14/8848/6436.pbf"
      }
    },
    {
      "type": "Feature",
      "id": "poi:70381551441-0",
      "geometry": {
        "type": "Point",
        "coordinates": [
          14.422248601913452,
          35.94860701555011
        ]
      },
      "properties": {
        "subclass": "waste_basket",
        "class": "waste_basket",
        "rank": 18,
        "source_layer": "poi",
        "source_tile": "https://tiles.openfreemap.org/planet/20261004_113936_pt/14/8848/6436.pbf"
      }
    },
    {
      "type": "Feature",
      "id": "poi:121976283011-0",
      "geometry": {
        "type": "Point",
        "coordinates": [
          14.421465396881104,
          35.94845936252804
        ]
      },
      "properties": {
        "subclass": "gate",
        "class": "gate",
        "rank": 20,
        "source_layer": "poi",
        "source_tile": "https://tiles.openfreemap.org/planet/20261004_113936_pt/14/8848/6436.pbf"
      }
    },
    {
      "type": "Feature",
      "id": "poi:134041689011-0",
      "geometry": {
        "type": "Point",
        "coordinates": [
          14.422972798347473,
          35.94948424252108
        ]
      },
      "properties": {
        "subclass": "recycling",
        "class": "recycling",
        "rank": 21,
        "source_layer": "poi",
        "source_tile": "https://tiles.openfreemap.org/planet/20261004_113936_pt/14/8848/6436.pbf"
      }
    },
    {
      "type": "Feature",
      "id": "landuse:335438340-0",
      "geometry": {
        "type": "Polygon",
        "coordinates": [
          [
            [
              14.422586560249329,
              35.95592852224149
            ],
            [
              14.422618746757507,
              35.95620208852168
            ],
            [
              14.422650933265686,
              35.95640617703424
            ],
            [
              14.422699213027954,
              35.956562499793634
            ],
            [
              14.422704577445984,
              35.95672750681511
            ],
            [
              14.422736763954163,
              35.9568056679155
            ],
            [
              14.422972798347473,
              35.957239894842544
            ],
            [
              14.42305326461792,
              35.95742226944006
            ],
            [
              14.423772096633911,
              35.95779570182579
            ],
            [
              14.423739910125732,
              35.95786083520059
            ],
            [
              14.423627257347107,
              35.95801715508102
            ],
            [
              14.423857927322388,
              35.958160448032956
            ],
            [
              14.423992037773132,
              35.958329793913705
            ],
            [
              14.42429780960083,
              35.95830808292365
            ],
            [
              14.424474835395813,
              35.95824294991766
            ],
            [
              14.424641132354736,
              35.95814307920415
            ],
            [
              14.424764513969421,
              35.95800847065135
            ],
            [
              14.424903988838196,
              35.95782175518217
            ],
            [
              14.424989819526672,
              35.95758293242707
            ],
            [
              14.424995183944702,
              35.95737016245516
            ],
            [
              14.424925446510315,
              35.95707054662496
            ],
            [
              14.424496293067932,
              35.956592895849795
            ],
            [
              14.424324631690979,
              35.956267223210645
            ],
            [
              14.424190521240234,
              35.956054449694506
            ],
            [
              14.42381501197815,
              35.95533796323174
            ],
            [
              14.423766732215881,
              35.955164268565056
            ],
            [
              14.423643350601196,
              35.953931025448966
            ],
            [
              14.423659443855286,
              35.953887601044684
            ],
            [
              14.423637986183167,
              35.95336216386089
            ],
            [
              14.423922300338745,
              35.9517771462252
            ],
            [
              14.424667954444885,
              35.95164252682383
            ],
            [
              14.42453384399414,
              35.950760981203544
            ],
            [
              14.424260258674622,
              35.95032671866096
            ],
            [
              14.423981308937073,
              35.94966229235088
            ],
            [
              14.423632621765137,
              35.94919328217952
            ],
            [
              14.423578977584839,
              35.949336591138376
            ],
            [
              14.423455595970154,
              35.949471214469
            ],
            [
              14.423278570175171,
              35.94954504006904
            ],
            [
              14.4227796792984,
              35.949084714613406
            ],
            [
              14.42255973815918,
              35.94881546640565
            ],
            [
              14.42231833934784,
              35.948385535913545
            ],
            [
              14.422173500061035,
              35.94802508733444
            ],
            [
              14.421722888946533,
              35.94703058814943
            ],
            [
              14.4210684299469,
              35.947182586651834
            ],
            [
              14.420966506004333,
              35.946856875217236
            ],
            [
              14.420918226242065,
              35.94683516107385
            ],
            [
              14.420510530471802,
              35.94690030348609
            ],
            [
              14.420403242111206,
              35.94692201761157
            ],
            [
              14.420215487480164,
              35.94698281713114
            ],
            [
              14.4200599193573,
              35.94700887405378
            ],
            [
              14.419957995414734,
              35.9467179045965
            ],
            [
              14.419593214988708,
              35.94643127691931
            ],
            [
              14.419239163398743,
              35.9462879626908
            ],
            [
              14.418638348579407,
              35.946114248125966
            ],
            [
              14.417527914047241,
              35.945775503626066
            ],
            [
              14.41683053970337,
              35.945606130831536
            ],
            [
              14.416202902793884,
              35.94565390268214
            ],
            [
              14.416015148162842,
              35.94565824557621
            ],
            [
              14.415537714958191,
              35.94556704475049
            ],
            [
              14.4150710105896,
              35.94566258847004
            ],
            [
              14.414518475532532,
              35.945818932489246
            ],
            [
              14.414336085319519,
              35.94587973285762
            ],
            [
              14.41432535648346,
              35.94590144726355
            ],
            [
              14.413842558860779,
              35.945866704211184
            ],
            [
              14.413719177246094,
              35.9458449897957
            ],
            [
              14.413719177246094,
              35.946591962260314
            ],
            [
              14.414346814155579,
              35.94759080975392
            ],
            [
              14.414400458335876,
              35.9478209771689
            ],
            [
              14.414427280426025,
              35.948038115624996
            ],
            [
              14.414395093917847,
              35.94822051146697
            ],
            [
              14.41429316997528,
              35.948402906887864
            ],
            [
              14.414212703704834,
              35.94851147539086
            ],
            [
              14.414116144180298,
              35.94865478558641
            ],
            [
              14.414024949073792,
              35.948902320766464
            ],
            [
              14.41405177116394,
              35.94894574791108
            ],
            [
              14.41404640674591,
              35.94904563025308
            ],
            [
              14.414148330688477,
              35.949349619212654
            ],
            [
              14.414454102516174,
              35.94988376840843
            ],
            [
              14.414620399475098,
              35.95019643943273
            ],
            [
              14.414491653442383,
              35.95051779447377
            ],
            [
              14.415162205696106,
              35.951933478145335
            ],
            [
              14.41530704498291,
              35.952302593951515
            ],
            [
              14.415124654769897,
              35.95249366498547
            ],
            [
              14.415119290351868,
              35.95261525540283
            ],
            [
              14.41531240940094,
              35.952767243161375
            ],
            [
              14.416342377662659,
              35.95329702677644
            ],
            [
              14.416964650154114,
              35.95354020495101
            ],
            [
              14.41732943058014,
              35.953839834172385
            ],
            [
              14.417393803596497,
              35.95396142251778
            ],
            [
              14.41757082939148,
              35.954825562866475
            ],
            [
              14.417876601219177,
              35.955524684572424
            ],
            [
              14.418203830718994,
              35.955967603196655
            ],
            [
              14.418590068817139,
              35.956245511653606
            ],
            [
              14.418777823448181,
              35.95631933092312
            ],
            [
              14.418981671333313,
              35.95603708040257
            ],
            [
              14.419255256652832,
              35.95618471926221
            ],
            [
              14.419233798980713,
              35.95621945777732
            ],
            [
              14.419217705726624,
              35.95621945777732
            ],
            [
              14.419164061546326,
              35.95630196168946
            ],
            [
              14.419105052947998,
              35.95628025014197
            ],
            [
              14.419019222259521,
              35.95640617703424
            ],
            [
              14.419260621070862,
              35.95650170764617
            ],
            [
              14.421079158782959,
              35.95708357342383
            ],
            [
              14.4213205575943,
              35.95660592272745
            ],
            [
              14.4215726852417,
              35.956688426235914
            ],
            [
              14.421374201774597,
              35.95717476095567
            ],
            [
              14.42155122756958,
              35.957239894842544
            ],
            [
              14.422093033790588,
              35.95609353058735
            ],
            [
              14.422243237495422,
              35.95599365715604
            ],
            [
              14.422216415405273,
              35.955967603196655
            ],
            [
              14.422586560249329,
              35.95592852224149
            ]
          ]
        ]
      },
      "properties": {
        "class": "residential",
        "source_layer": "landuse",
        "source_tile": "https://tiles.openfreemap.org/planet/20261004_113936_pt/14/8848/6436.pbf"
      }
    }
  ]
}
