{
  "type": "FeatureCollection",
  "source": "https://tiles.openfreemap.org/planet/20261004_113936_pt/14/8854/6441.pbf",
  "sources": [
    "https://tiles.openfreemap.org/planet/20261004_113936_pt/14/8854/6441.pbf"
  ],
  "fetched_at": "2026-10-09T09:15:15.856Z",
  "attribution": "Map data © OpenStreetMap contributors, ODbL: https://www.openstreetmap.org/copyright",
  "description": "OpenFreeMap vector-tile features intersecting a query box extending 160 m from the centre in each direction. Complete intersecting features are retained. Tile/component IDs are not OSM way IDs.",
  "church_id": "0046",
  "context_center": [
    14.56411,
    35.86592
  ],
  "context_bbox": [
    14.562336412727102,
    35.864482702120014,
    14.565883587272896,
    35.86735729787999
  ],
  "features": [
    {
      "type": "Feature",
      "id": "building:1367054270-291",
      "geometry": {
        "type": "Polygon",
        "coordinates": [
          [
            [
              14.565269351005554,
              35.86566078385495
            ],
            [
              14.565290808677673,
              35.86558253266061
            ],
            [
              14.565247893333435,
              35.865569490787365
            ],
            [
              14.565237164497375,
              35.865604269111245
            ],
            [
              14.565151333808899,
              35.865586879951195
            ],
            [
              14.56513524055481,
              35.86563035284411
            ],
            [
              14.565269351005554,
              35.86566078385495
            ]
          ]
        ]
      },
      "properties": {
        "render_height": 5,
        "render_min_height": 0,
        "source_layer": "building",
        "source_tile": "https://tiles.openfreemap.org/planet/20261004_113936_pt/14/8854/6441.pbf"
      }
    },
    {
      "type": "Feature",
      "id": "building:1367054270-292",
      "geometry": {
        "type": "Polygon",
        "coordinates": [
          [
            [
              14.56539273262024,
              35.86561296368981
            ],
            [
              14.565424919128418,
              35.8654955867985
            ],
            [
              14.56535518169403,
              35.86548254491095
            ],
            [
              14.565344452857971,
              35.86553471244825
            ],
            [
              14.56538200378418,
              35.86554340703445
            ],
            [
              14.56536591053009,
              35.865586879951195
            ],
            [
              14.56539273262024,
              35.86561296368981
            ]
          ]
        ]
      },
      "properties": {
        "render_height": 5,
        "render_min_height": 0,
        "source_layer": "building",
        "source_tile": "https://tiles.openfreemap.org/planet/20261004_113936_pt/14/8854/6441.pbf"
      }
    },
    {
      "type": "Feature",
      "id": "building:1367054270-293",
      "geometry": {
        "type": "Polygon",
        "coordinates": [
          [
            [
              14.565022587776184,
              35.86563035284411
            ],
            [
              14.56536591053009,
              35.86569990942314
            ],
            [
              14.56539273262024,
              35.86561296368981
            ],
            [
              14.565242528915405,
              35.86546515572422
            ],
            [
              14.565038681030273,
              35.86553905974148
            ],
            [
              14.565022587776184,
              35.86563035284411
            ]
          ]
        ]
      },
      "properties": {
        "render_height": 5,
        "render_min_height": 0,
        "source_layer": "building",
        "source_tile": "https://tiles.openfreemap.org/planet/20261004_113936_pt/14/8854/6441.pbf"
      }
    },
    {
      "type": "Feature",
      "id": "building:1367054270-294",
      "geometry": {
        "type": "Polygon",
        "coordinates": [
          [
            [
              14.565049409866333,
              35.86576946594113
            ],
            [
              14.56485629081726,
              35.86572599312453
            ],
            [
              14.564824104309082,
              35.86570425670729
            ],
            [
              14.564700722694397,
              35.86574338225404
            ],
            [
              14.564652442932129,
              35.86588249515266
            ],
            [
              14.564695358276367,
              35.865886842426804
            ],
            [
              14.564679265022278,
              35.86594770423983
            ],
            [
              14.56463634967804,
              35.86594770423983
            ],
            [
              14.56464171409607,
              35.866021607807085
            ],
            [
              14.564700722694397,
              35.86601726054032
            ],
            [
              14.564706087112427,
              35.866078122253185
            ],
            [
              14.564657807350159,
              35.8660911640427
            ],
            [
              14.564695358276367,
              35.86618680376705
            ],
            [
              14.564968943595886,
              35.8660911640427
            ],
            [
              14.564952850341797,
              35.8659781351288
            ],
            [
              14.564974308013916,
              35.86589118970072
            ],
            [
              14.565049409866333,
              35.86576946594113
            ]
          ]
        ]
      },
      "properties": {
        "render_height": 5,
        "render_min_height": 0,
        "source_layer": "building",
        "source_tile": "https://tiles.openfreemap.org/planet/20261004_113936_pt/14/8854/6441.pbf"
      }
    },
    {
      "type": "Feature",
      "id": "building:1367054270-295",
      "geometry": {
        "type": "Polygon",
        "coordinates": [
          [
            [
              14.564577341079712,
              35.86575642409865
            ],
            [
              14.564512968063354,
              35.86564774199458
            ],
            [
              14.56437349319458,
              35.86569990942314
            ],
            [
              14.564443230628967,
              35.86580859145566
            ],
            [
              14.564577341079712,
              35.86575642409865
            ]
          ]
        ]
      },
      "properties": {
        "render_height": 5,
        "render_min_height": 0,
        "source_layer": "building",
        "source_tile": "https://tiles.openfreemap.org/planet/20261004_113936_pt/14/8854/6441.pbf"
      }
    },
    {
      "type": "Feature",
      "id": "building:1367054270-296",
      "geometry": {
        "type": "Polygon",
        "coordinates": [
          [
            [
              14.563778042793274,
              35.86659544492538
            ],
            [
              14.56410527229309,
              35.8664606805209
            ],
            [
              14.564083814620972,
              35.86643024981724
            ],
            [
              14.563965797424316,
              35.86643894430517
            ],
            [
              14.563713669776917,
              35.86652588913233
            ],
            [
              14.563745856285095,
              35.86657805598284
            ],
            [
              14.563778042793274,
              35.86659544492538
            ]
          ]
        ]
      },
      "properties": {
        "render_height": 5,
        "render_min_height": 0,
        "source_layer": "building",
        "source_tile": "https://tiles.openfreemap.org/planet/20261004_113936_pt/14/8854/6441.pbf"
      }
    },
    {
      "type": "Feature",
      "id": "building:1367054270-297",
      "geometry": {
        "type": "Polygon",
        "coordinates": [
          [
            [
              14.563955068588257,
              35.866052038667675
            ],
            [
              14.5641428232193,
              35.8659824823977
            ],
            [
              14.564185738563538,
              35.866047691402585
            ],
            [
              14.564432501792908,
              35.86595205151039
            ],
            [
              14.564287662506104,
              35.86571729855835
            ],
            [
              14.564046263694763,
              35.86581293873385
            ],
            [
              14.564094543457031,
              35.86589118970072
            ],
            [
              14.563906788825989,
              35.86596509332067
            ],
            [
              14.563955068588257,
              35.866052038667675
            ]
          ]
        ]
      },
      "properties": {
        "render_height": 5,
        "render_min_height": 0,
        "source_layer": "building",
        "source_tile": "https://tiles.openfreemap.org/planet/20261004_113936_pt/14/8854/6441.pbf"
      }
    },
    {
      "type": "Feature",
      "id": "building:1367054270-298",
      "geometry": {
        "type": "Polygon",
        "coordinates": [
          [
            [
              14.564416408538818,
              35.86616941473484
            ],
            [
              14.564470052719116,
              35.86612159487662
            ],
            [
              14.564437866210938,
              35.866099858567864
            ],
            [
              14.56438422203064,
              35.86614767843922
            ],
            [
              14.564416408538818,
              35.86616941473484
            ]
          ]
        ]
      },
      "properties": {
        "render_height": 5,
        "render_min_height": 0,
        "source_layer": "building",
        "source_tile": "https://tiles.openfreemap.org/planet/20261004_113936_pt/14/8854/6441.pbf"
      }
    },
    {
      "type": "Feature",
      "id": "building:1367054270-299",
      "geometry": {
        "type": "Polygon",
        "coordinates": [
          [
            [
              14.56313967704773,
              35.86587814787825
            ],
            [
              14.563187956809998,
              35.86589553697438
            ],
            [
              14.563193321228027,
              35.86587380060365
            ],
            [
              14.563161134719849,
              35.86585641150276
            ],
            [
              14.56313967704773,
              35.86587814787825
            ]
          ]
        ]
      },
      "properties": {
        "render_height": 5,
        "render_min_height": 0,
        "source_layer": "building",
        "source_tile": "https://tiles.openfreemap.org/planet/20261004_113936_pt/14/8854/6441.pbf"
      }
    },
    {
      "type": "Feature",
      "id": "building:1367054270-300",
      "geometry": {
        "type": "Polygon",
        "coordinates": [
          [
            [
              14.56310749053955,
              35.86589553697438
            ],
            [
              14.563069939613342,
              35.86595205151039
            ],
            [
              14.563091397285461,
              35.86596509332067
            ],
            [
              14.5631343126297,
              35.865904231520986
            ],
            [
              14.56310749053955,
              35.86589553697438
            ]
          ]
        ]
      },
      "properties": {
        "render_height": 5,
        "render_min_height": 0,
        "source_layer": "building",
        "source_tile": "https://tiles.openfreemap.org/planet/20261004_113936_pt/14/8854/6441.pbf"
      }
    },
    {
      "type": "Feature",
      "id": "building:1367054270-301",
      "geometry": {
        "type": "Polygon",
        "coordinates": [
          [
            [
              14.563686847686768,
              35.86639547185585
            ],
            [
              14.563761949539185,
              35.866425902572885
            ],
            [
              14.563788771629333,
              35.86637808286942
            ],
            [
              14.563713669776917,
              35.866347652134024
            ],
            [
              14.563686847686768,
              35.86639547185585
            ]
          ]
        ]
      },
      "properties": {
        "render_height": 5,
        "render_min_height": 0,
        "source_layer": "building",
        "source_tile": "https://tiles.openfreemap.org/planet/20261004_113936_pt/14/8854/6441.pbf"
      }
    },
    {
      "type": "Feature",
      "id": "building:1367054270-302",
      "geometry": {
        "type": "Polygon",
        "coordinates": [
          [
            [
              14.563241600990295,
              35.86655197256188
            ],
            [
              14.563402533531189,
              35.866512847414356
            ],
            [
              14.563525915145874,
              35.866447638792195
            ],
            [
              14.563440084457397,
              35.86635634663105
            ],
            [
              14.563343524932861,
              35.86640851359314
            ],
            [
              14.563230872154236,
              35.866421555328316
            ],
            [
              14.563241600990295,
              35.86655197256188
            ]
          ]
        ]
      },
      "properties": {
        "render_height": 5,
        "render_min_height": 0,
        "source_layer": "building",
        "source_tile": "https://tiles.openfreemap.org/planet/20261004_113936_pt/14/8854/6441.pbf"
      }
    },
    {
      "type": "Feature",
      "id": "building:1367054270-303",
      "geometry": {
        "type": "Polygon",
        "coordinates": [
          [
            [
              14.563187956809998,
              35.866512847414356
            ],
            [
              14.562962651252747,
              35.866569361510145
            ],
            [
              14.562984108924866,
              35.86663022279899
            ],
            [
              14.563214778900146,
              35.8665737087466
            ],
            [
              14.563187956809998,
              35.866512847414356
            ]
          ]
        ]
      },
      "properties": {
        "render_height": 5,
        "render_min_height": 0,
        "source_layer": "building",
        "source_tile": "https://tiles.openfreemap.org/planet/20261004_113936_pt/14/8854/6441.pbf"
      }
    },
    {
      "type": "Feature",
      "id": "building:1367054270-304",
      "geometry": {
        "type": "Polygon",
        "coordinates": [
          [
            [
              14.562683701515198,
              35.86516084433883
            ],
            [
              14.562785625457764,
              35.86526517980259
            ],
            [
              14.56288754940033,
              35.86520431746544
            ],
            [
              14.562785625457764,
              35.86509563460422
            ],
            [
              14.562683701515198,
              35.86516084433883
            ]
          ]
        ]
      },
      "properties": {
        "render_height": 5,
        "render_min_height": 0,
        "source_layer": "building",
        "source_tile": "https://tiles.openfreemap.org/planet/20261004_113936_pt/14/8854/6441.pbf"
      }
    },
    {
      "type": "Feature",
      "id": "building:1367054270-305",
      "geometry": {
        "type": "Polygon",
        "coordinates": [
          [
            [
              14.562817811965942,
              35.8653043055661
            ],
            [
              14.562930464744568,
              35.86542168274072
            ],
            [
              14.563032388687134,
              35.86535647322073
            ],
            [
              14.562919735908508,
              35.86523909594953
            ],
            [
              14.562817811965942,
              35.8653043055661
            ]
          ]
        ]
      },
      "properties": {
        "render_height": 5,
        "render_min_height": 0,
        "source_layer": "building",
        "source_tile": "https://tiles.openfreemap.org/planet/20261004_113936_pt/14/8854/6441.pbf"
      }
    },
    {
      "type": "Feature",
      "id": "building:1367054270-306",
      "geometry": {
        "type": "Polygon",
        "coordinates": [
          [
            [
              14.562844634056091,
              35.865508628683884
            ],
            [
              14.562828540802002,
              35.86547819761462
            ],
            [
              14.562812447547913,
              35.86548254491095
            ],
            [
              14.562828540802002,
              35.86551297597855
            ],
            [
              14.562844634056091,
              35.865508628683884
            ]
          ]
        ]
      },
      "properties": {
        "render_height": 5,
        "render_min_height": 0,
        "source_layer": "building",
        "source_tile": "https://tiles.openfreemap.org/planet/20261004_113936_pt/14/8854/6441.pbf"
      }
    },
    {
      "type": "Feature",
      "id": "building:1367054270-307",
      "geometry": {
        "type": "Polygon",
        "coordinates": [
          [
            [
              14.562592506408691,
              35.86505650873771
            ],
            [
              14.56264615058899,
              35.86510432923859
            ],
            [
              14.562699794769287,
              35.86506955069537
            ],
            [
              14.56264615058899,
              35.86501738285186
            ],
            [
              14.562592506408691,
              35.86505650873771
            ]
          ]
        ]
      },
      "properties": {
        "render_height": 5,
        "render_min_height": 0,
        "source_layer": "building",
        "source_tile": "https://tiles.openfreemap.org/planet/20261004_113936_pt/14/8854/6441.pbf"
      }
    },
    {
      "type": "Feature",
      "id": "building:1367054270-324",
      "geometry": {
        "type": "Polygon",
        "coordinates": [
          [
            [
              14.562216997146606,
              35.86531300017761
            ],
            [
              14.562340378761292,
              35.865273874418364
            ],
            [
              14.562318921089172,
              35.86522605401977
            ],
            [
              14.562195539474487,
              35.86526517980259
            ],
            [
              14.562216997146606,
              35.86531300017761
            ]
          ]
        ]
      },
      "properties": {
        "render_height": 5,
        "render_min_height": 0,
        "source_layer": "building",
        "source_tile": "https://tiles.openfreemap.org/planet/20261004_113936_pt/14/8854/6441.pbf"
      }
    },
    {
      "type": "Feature",
      "id": "building:1367054270-336",
      "geometry": {
        "type": "Polygon",
        "coordinates": [
          [
            [
              14.563225507736206,
              35.86693887575862
            ],
            [
              14.563343524932861,
              35.866886709145646
            ],
            [
              14.563295245170593,
              35.866808459161774
            ],
            [
              14.563171863555908,
              35.86686062582628
            ],
            [
              14.563225507736206,
              35.86693887575862
            ]
          ]
        ]
      },
      "properties": {
        "render_height": 5,
        "render_min_height": 0,
        "source_layer": "building",
        "source_tile": "https://tiles.openfreemap.org/planet/20261004_113936_pt/14/8854/6441.pbf"
      }
    },
    {
      "type": "Feature",
      "id": "building:1367054270-337",
      "geometry": {
        "type": "Polygon",
        "coordinates": [
          [
            [
              14.563601016998291,
              35.86683888972024
            ],
            [
              14.563649296760559,
              35.86681715360824
            ],
            [
              14.56360638141632,
              35.866778028591625
            ],
            [
              14.563660025596619,
              35.866743250782875
            ],
            [
              14.563724398612976,
              35.86679541749028
            ],
            [
              14.563756585121155,
              35.86676933414088
            ],
            [
              14.5636385679245,
              35.866669347888575
            ],
            [
              14.563515186309814,
              35.86676063968916
            ],
            [
              14.563601016998291,
              35.86683888972024
            ]
          ]
        ]
      },
      "properties": {
        "render_height": 5,
        "render_min_height": 0,
        "source_layer": "building",
        "source_tile": "https://tiles.openfreemap.org/planet/20261004_113936_pt/14/8854/6441.pbf"
      }
    },
    {
      "type": "Feature",
      "id": "building:1367054270-338",
      "geometry": {
        "type": "Polygon",
        "coordinates": [
          [
            [
              14.564212560653687,
              35.86710841701367
            ],
            [
              14.564352035522461,
              35.86700843118918
            ],
            [
              14.56413209438324,
              35.866799764714344
            ],
            [
              14.564459323883057,
              35.8665737087466
            ],
            [
              14.564539790153503,
              35.86664761173009
            ],
            [
              14.564689993858337,
              35.866543278086326
            ],
            [
              14.564518332481384,
              35.86637373562225
            ],
            [
              14.564405679702759,
              35.86645633327825
            ],
            [
              14.564421772956848,
              35.86646937500552
            ],
            [
              14.563997983932495,
              35.86677368136638
            ],
            [
              14.563922882080078,
              35.86670412572977
            ],
            [
              14.563837051391602,
              35.86676063968916
            ],
            [
              14.564212560653687,
              35.86710841701367
            ]
          ]
        ]
      },
      "properties": {
        "render_height": 5,
        "render_min_height": 0,
        "source_layer": "building",
        "source_tile": "https://tiles.openfreemap.org/planet/20261004_113936_pt/14/8854/6441.pbf"
      }
    },
    {
      "type": "Feature",
      "id": "building:1367054270-339",
      "geometry": {
        "type": "Polygon",
        "coordinates": [
          [
            [
              14.564448595046997,
              35.866869320267014
            ],
            [
              14.564512968063354,
              35.86683019527615
            ],
            [
              14.564486145973206,
              35.866799764714344
            ],
            [
              14.564421772956848,
              35.86683454249831
            ],
            [
              14.564448595046997,
              35.866869320267014
            ]
          ]
        ]
      },
      "properties": {
        "render_height": 5,
        "render_min_height": 0,
        "source_layer": "building",
        "source_tile": "https://tiles.openfreemap.org/planet/20261004_113936_pt/14/8854/6441.pbf"
      }
    },
    {
      "type": "Feature",
      "id": "building:1367054270-341",
      "geometry": {
        "type": "Polygon",
        "coordinates": [
          [
            [
              14.565328359603882,
              35.86718231949848
            ],
            [
              14.565306901931763,
              35.867225791516205
            ],
            [
              14.565414190292358,
              35.86739098496599
            ],
            [
              14.565457105636597,
              35.867312735480084
            ],
            [
              14.565537571907043,
              35.867343165844915
            ],
            [
              14.565580487251282,
              35.86726926351007
            ],
            [
              14.565328359603882,
              35.86718231949848
            ]
          ]
        ]
      },
      "properties": {
        "render_height": 5,
        "render_min_height": 0,
        "source_layer": "building",
        "source_tile": "https://tiles.openfreemap.org/planet/20261004_113936_pt/14/8854/6441.pbf"
      }
    },
    {
      "type": "Feature",
      "id": "building:1367054270-342",
      "geometry": {
        "type": "Polygon",
        "coordinates": [
          [
            [
              14.565575122833252,
              35.86684758416338
            ],
            [
              14.565660953521729,
              35.86675194523649
            ],
            [
              14.565494656562805,
              35.86668238958082
            ],
            [
              14.56536054611206,
              35.866651958962265
            ],
            [
              14.565172791481018,
              35.86663457003212
            ],
            [
              14.565054774284363,
              35.86663891726502
            ],
            [
              14.565065503120422,
              35.86675629246295
            ],
            [
              14.565204977989197,
              35.866743250782875
            ],
            [
              14.565339088439941,
              35.86676063968916
            ],
            [
              14.565467834472656,
              35.866791070266004
            ],
            [
              14.565575122833252,
              35.86684758416338
            ]
          ]
        ]
      },
      "properties": {
        "render_height": 5,
        "render_min_height": 0,
        "source_layer": "building",
        "source_tile": "https://tiles.openfreemap.org/planet/20261004_113936_pt/14/8854/6441.pbf"
      }
    },
    {
      "type": "Feature",
      "id": "building:1367054270-343",
      "geometry": {
        "type": "Polygon",
        "coordinates": [
          [
            [
              14.565902352333069,
              35.86691279245643
            ],
            [
              14.565795063972473,
              35.866986695123686
            ],
            [
              14.566052556037903,
              35.8671605834807
            ],
            [
              14.566331505775452,
              35.86724752751613
            ],
            [
              14.5663583278656,
              35.86713884745696
            ],
            [
              14.56611156463623,
              35.86705625051229
            ],
            [
              14.565902352333069,
              35.86691279245643
            ]
          ]
        ]
      },
      "properties": {
        "render_height": 5,
        "render_min_height": 0,
        "source_layer": "building",
        "source_tile": "https://tiles.openfreemap.org/planet/20261004_113936_pt/14/8854/6441.pbf"
      }
    },
    {
      "type": "Feature",
      "id": "transportation:13849119382-0",
      "geometry": {
        "type": "Polygon",
        "coordinates": [
          [
            [
              14.56339716911316,
              35.86547819761462
            ],
            [
              14.562420845031738,
              35.86445657636564
            ],
            [
              14.5623779296875,
              35.86448700782718
            ],
            [
              14.563327431678772,
              35.86551732327297
            ],
            [
              14.56339716911316,
              35.86547819761462
            ]
          ]
        ]
      },
      "properties": {
        "subclass": "pedestrian",
        "class": "path",
        "source_layer": "transportation",
        "source_tile": "https://tiles.openfreemap.org/planet/20261004_113936_pt/14/8854/6441.pbf"
      }
    },
    {
      "type": "Feature",
      "id": "transportation:14536498412-0",
      "geometry": {
        "type": "Polygon",
        "coordinates": [
          [
            [
              14.563327431678772,
              35.86551732327297
            ],
            [
              14.563434720039368,
              35.86561296368981
            ],
            [
              14.563536643981934,
              35.86566078385495
            ],
            [
              14.563761949539185,
              35.86566078385495
            ],
            [
              14.563965797424316,
              35.865595574531696
            ],
            [
              14.564062356948853,
              35.86546515572422
            ],
            [
              14.564040899276733,
              35.86531300017761
            ],
            [
              14.564003348350525,
              35.86526083249436
            ],
            [
              14.563976526260376,
              35.865247790568176
            ],
            [
              14.564003348350525,
              35.865426030040155
            ],
            [
              14.563944339752197,
              35.86544776653368
            ],
            [
              14.563906788825989,
              35.86526952711061
            ],
            [
              14.56388533115387,
              35.865273874418364
            ],
            [
              14.563906788825989,
              35.86539125163806
            ],
            [
              14.563440084457397,
              35.86545211383168
            ],
            [
              14.563327431678772,
              35.86551732327297
            ]
          ]
        ]
      },
      "properties": {
        "subclass": "pedestrian",
        "class": "path",
        "source_layer": "transportation",
        "source_tile": "https://tiles.openfreemap.org/planet/20261004_113936_pt/14/8854/6441.pbf"
      }
    },
    {
      "type": "Feature",
      "id": "transportation:1365724830-0",
      "geometry": {
        "type": "MultiLineString",
        "coordinates": [
          [
            [
              14.551327228546143,
              35.86696930626702
            ],
            [
              14.551337957382202,
              35.866899750802105
            ],
            [
              14.551225304603577,
              35.866808459161774
            ],
            [
              14.551214575767517,
              35.86677368136638
            ],
            [
              14.551203846931458,
              35.86645198603533
            ]
          ],
          [
            [
              14.555838704109192,
              35.87149028053321
            ],
            [
              14.555838704109192,
              35.87152505625862
            ]
          ],
          [
            [
              14.554942846298218,
              35.86998186875462
            ],
            [
              14.554728269577026,
              35.870120974212824
            ],
            [
              14.554465413093567,
              35.87022965018211
            ],
            [
              14.55411672592163,
              35.87033397897241
            ],
            [
              14.553730487823486,
              35.87043396060086
            ]
          ],
          [
            [
              14.554991126060486,
              35.869821027764175
            ],
            [
              14.554835557937622,
              35.86982537482227
            ],
            [
              14.55465853214264,
              35.86986449833432
            ],
            [
              14.554588794708252,
              35.86980363952944
            ],
            [
              14.554266929626465,
              35.86991666298704
            ]
          ],
          [
            [
              14.55465316772461,
              35.86858210648968
            ],
            [
              14.555001854896545,
              35.86856471798308
            ],
            [
              14.55514132976532,
              35.86857775936339
            ],
            [
              14.555264711380005,
              35.86863861910979
            ],
            [
              14.555339813232422,
              35.868664701843954
            ],
            [
              14.555414915084839,
              35.868660354722195
            ],
            [
              14.555500745773315,
              35.86863861910979
            ],
            [
              14.555683135986328,
              35.868521246699885
            ],
            [
              14.555811882019043,
              35.86854732947265
            ]
          ],
          [
            [
              14.555924534797668,
              35.86831693134937
            ],
            [
              14.555811882019043,
              35.86854732947265
            ],
            [
              14.55588161945343,
              35.868703825929074
            ],
            [
              14.556037187576294,
              35.86879511538595
            ],
            [
              14.55637514591217,
              35.86901681791474
            ],
            [
              14.556503891944885,
              35.869047247625176
            ],
            [
              14.556756019592285,
              35.869264602359934
            ]
          ],
          [
            [
              14.553446173667908,
              35.8673518602327
            ],
            [
              14.553317427635193,
              35.867112764220565
            ],
            [
              14.553177952766418,
              35.866956264621976
            ],
            [
              14.55312967300415,
              35.86695191740651
            ],
            [
              14.553049206733704,
              35.866991042337276
            ],
            [
              14.552925825119019,
              35.86700408397655
            ],
            [
              14.552780985832214,
              35.86699973676372
            ],
            [
              14.55263614654541,
              35.866899750802105
            ],
            [
              14.552314281463623,
              35.866825848053765
            ]
          ],
          [
            [
              14.551751017570496,
              35.86652588913233
            ],
            [
              14.55186903476715,
              35.866182456509335
            ],
            [
              14.551970958709717,
              35.866069427725634
            ],
            [
              14.552105069160461,
              35.86600856600609
            ]
          ],
          [
            [
              14.554352760314941,
              35.86489565775018
            ],
            [
              14.554347395896912,
              35.86514345508151
            ]
          ],
          [
            [
              14.555988907814026,
              35.863721870390506
            ],
            [
              14.556444883346558,
              35.863695786029496
            ]
          ],
          [
            [
              14.552496671676636,
              35.86335668855533
            ],
            [
              14.552587866783142,
              35.86365231207543
            ]
          ],
          [
            [
              14.552008509635925,
              35.86239590449985
            ],
            [
              14.551793932914734,
              35.862343734896484
            ],
            [
              14.55163836479187,
              35.862287217787454
            ],
            [
              14.551579356193542,
              35.86223504811257
            ],
            [
              14.551541805267334,
              35.86215679353586
            ],
            [
              14.551520347595215,
              35.86203941152591
            ],
            [
              14.551547169685364,
              35.86193507181558
            ],
            [
              14.551514983177185,
              35.86180464698454
            ],
            [
              14.551514983177185,
              35.86158727178919
            ],
            [
              14.551525712013245,
              35.86146554141939
            ],
            [
              14.551713466644287,
              35.861304683143985
            ]
          ],
          [
            [
              14.547604322433472,
              35.866317221386936
            ],
            [
              14.547470211982727,
              35.86635634663105
            ],
            [
              14.547368288040161,
              35.86640851359314
            ],
            [
              14.547309279441833,
              35.8664606805209
            ],
            [
              14.547260999679565,
              35.86652588913233
            ]
          ],
          [
            [
              14.545614123344421,
              35.865217359398756
            ],
            [
              14.546064734458923,
              35.864900005078454
            ],
            [
              14.546075463294983,
              35.86484783712338
            ],
            [
              14.545866250991821,
              35.86462612293114
            ],
            [
              14.54591453075409,
              35.86459569152302
            ]
          ],
          [
            [
              14.548215866088867,
              35.86267414180445
            ],
            [
              14.54762578010559,
              35.862165488492636
            ],
            [
              14.54788327217102,
              35.8619481142869
            ],
            [
              14.547588229179382,
              35.861717696977934
            ],
            [
              14.547593593597412,
              35.86166987443363
            ],
            [
              14.54740047454834,
              35.86181334197994
            ],
            [
              14.547336101531982,
              35.861765519493375
            ]
          ],
          [
            [
              14.548451900482178,
              35.86253502327423
            ],
            [
              14.548618197441101,
              35.862665446903435
            ],
            [
              14.548720121383667,
              35.86265675200153
            ],
            [
              14.548854231834412,
              35.862543718189514
            ],
            [
              14.548870325088501,
              35.862456768993695
            ],
            [
              14.548709392547607,
              35.86232199755163
            ]
          ],
          [
            [
              14.548591375350952,
              35.862417641824436
            ],
            [
              14.548172950744629,
              35.86208288636466
            ]
          ],
          [
            [
              14.546987414360046,
              35.86269587905272
            ],
            [
              14.547357559204102,
              35.86300454733504
            ],
            [
              14.54739511013031,
              35.86301324219882
            ],
            [
              14.547459483146667,
              35.862991505037556
            ],
            [
              14.547620415687561,
              35.86286977682441
            ],
            [
              14.547802805900574,
              35.86280021776152
            ],
            [
              14.548215866088867,
              35.86267414180445
            ],
            [
              14.548296332359314,
              35.86266109945261
            ],
            [
              14.549041986465454,
              35.862043759010845
            ]
          ],
          [
            [
              14.545598030090332,
              35.86213070865978
            ],
            [
              14.545555114746094,
              35.86198724168791
            ]
          ],
          [
            [
              14.545555114746094,
              35.8617568244927
            ],
            [
              14.545839428901672,
              35.86151771160077
            ]
          ],
          [
            [
              14.54812467098236,
              35.86052647228291
            ],
            [
              14.548280239105225,
              35.860587338212255
            ],
            [
              14.548527002334595,
              35.86048299659045
            ],
            [
              14.548720121383667,
              35.86044821601935
            ]
          ],
          [
            [
              14.548457264900208,
              35.86028735567939
            ],
            [
              14.548301696777344,
              35.86028300809811
            ],
            [
              14.548199772834778,
              35.86032648390025
            ],
            [
              14.54812467098236,
              35.86053081985084
            ],
            [
              14.548081755638123,
              35.860765588165094
            ],
            [
              14.547985196113586,
              35.86090036225356
            ],
            [
              14.548012018203735,
              35.86098296561386
            ],
            [
              14.548178315162659,
              35.86113947700784
            ],
            [
              14.548210501670837,
              35.86123512270758
            ]
          ],
          [
            [
              14.548081755638123,
              35.860765588165094
            ],
            [
              14.54814612865448,
              35.860852539216125
            ]
          ],
          [
            [
              14.548108577728271,
              35.861152519610044
            ],
            [
              14.548451900482178,
              35.861430761279394
            ]
          ],
          [
            [
              14.548591375350952,
              35.86174812949106
            ],
            [
              14.548859596252441,
              35.86197854671157
            ],
            [
              14.548966884613037,
              35.861891596895745
            ]
          ],
          [
            [
              14.547588229179382,
              35.861717696977934
            ],
            [
              14.547979831695557,
              35.861426413760825
            ],
            [
              14.54887568950653,
              35.86218287840333
            ]
          ],
          [
            [
              14.549009799957275,
              35.861091654114674
            ],
            [
              14.54916000366211,
              35.8609134048951
            ],
            [
              14.549084901809692,
              35.86076124061002
            ],
            [
              14.54865574836731,
              35.86039604513405
            ],
            [
              14.548457264900208,
              35.86028735567939
            ],
            [
              14.548253417015076,
              35.8602134467651
            ],
            [
              14.548113942146301,
              35.86015258054866
            ]
          ],
          [
            [
              14.547936916351318,
              35.856083133205004
            ],
            [
              14.547856450080872,
              35.855974437836835
            ],
            [
              14.547818899154663,
              35.85596139438262
            ],
            [
              14.547491669654846,
              35.855900524901344
            ],
            [
              14.547346830368042,
              35.855891829257345
            ],
            [
              14.547277092933655,
              35.85587443796648
            ],
            [
              14.547218084335327,
              35.8558570466718
            ],
            [
              14.547083973884583,
              35.855757046653395
            ],
            [
              14.547067880630493,
              35.85572226400872
            ],
            [
              14.547073245048523,
              35.85569182918212
            ],
            [
              14.547105431556702,
              35.8556353073303
            ],
            [
              14.547105431556702,
              35.85561791598316
            ],
            [
              14.547014236450195,
              35.85547878506877
            ],
            [
              14.547003507614136,
              35.85522226180527
            ],
            [
              14.547046422958374,
              35.855165739618684
            ],
            [
              14.547073245048523,
              35.85507443446291
            ]
          ],
          [
            [
              14.545555114746094,
              35.853896153732734
            ],
            [
              14.545587301254272,
              35.853852674404024
            ],
            [
              14.545785784721375,
              35.85371354039182
            ]
          ],
          [
            [
              14.552260637283325,
              35.85697877736547
            ],
            [
              14.552083611488342,
              35.85744833433856
            ]
          ],
          [
            [
              14.553043842315674,
              35.8562222630588
            ],
            [
              14.553006291389465,
              35.85606139414327
            ],
            [
              14.552963376045227,
              35.8559526987453
            ],
            [
              14.55288827419281,
              35.855904872722974
            ],
            [
              14.552598595619202,
              35.855783133626886
            ],
            [
              14.55264687538147,
              35.855709220513035
            ],
            [
              14.552507400512695,
              35.855644003002425
            ],
            [
              14.552443027496338,
              35.85577443797
            ],
            [
              14.55241084098816,
              35.85576574231219
            ],
            [
              14.55238401889801,
              35.85581356841844
            ]
          ],
          [
            [
              14.554293751716614,
              35.85664399893632
            ],
            [
              14.554170370101929,
              35.856609216680795
            ],
            [
              14.55412745475769,
              35.85653530433713
            ],
            [
              14.554181098937988,
              35.85637878385248
            ],
            [
              14.55414354801178,
              35.856226610862805
            ],
            [
              14.55411672592163,
              35.85617443719909
            ]
          ],
          [
            [
              14.551520347595215,
              35.86203941152591
            ],
            [
              14.551600813865662,
              35.86192637683351
            ],
            [
              14.551708102226257,
              35.86187420692113
            ],
            [
              14.551917314529419,
              35.86178725699082
            ],
            [
              14.551976323127747,
              35.86168291694857
            ]
          ],
          [
            [
              14.557018876075745,
              35.860417783007094
            ],
            [
              14.557458758354187,
              35.86086123431599
            ],
            [
              14.557608962059021,
              35.86084384411532
            ],
            [
              14.55790400505066,
              35.86103078857259
            ],
            [
              14.557753801345825,
              35.86126555540601
            ],
            [
              14.557684063911438,
              35.86141337120368
            ],
            [
              14.557662606239319,
              35.86157422925851
            ],
            [
              14.557576775550842,
              35.86168291694857
            ],
            [
              14.55737829208374,
              35.861843774456375
            ],
            [
              14.557222723960876,
              35.86190898686655
            ]
          ],
          [
            [
              14.55763578414917,
              35.85692660419676
            ],
            [
              14.55739438533783,
              35.856709215624306
            ]
          ],
          [
            [
              14.557238817214966,
              35.85567009001312
            ],
            [
              14.55713152885437,
              35.85576574231219
            ],
            [
              14.556857943534851,
              35.85580487276489
            ],
            [
              14.556793570518494,
              35.855752698823636
            ]
          ],
          [
            [
              14.560216069221497,
              35.85644834855046
            ],
            [
              14.560173153877258,
              35.85640052282716
            ],
            [
              14.560049772262573,
              35.85637008826093
            ],
            [
              14.559996128082275,
              35.85633965368302
            ]
          ],
          [
            [
              14.5643949508667,
              35.857196165198744
            ],
            [
              14.564421772956848,
              35.85707008032804
            ],
            [
              14.564427137374878,
              35.856952690785405
            ],
            [
              14.564512968063354,
              35.8567657367105
            ]
          ],
          [
            [
              14.564083814620972,
              35.85630052349427
            ],
            [
              14.563976526260376,
              35.856274436691024
            ],
            [
              14.563912153244019,
              35.85623965427335
            ],
            [
              14.56386387348175,
              35.8561961762298
            ],
            [
              14.563815593719482,
              35.85601356818654
            ],
            [
              14.563745856285095,
              35.85588748143499
            ],
            [
              14.563799500465393,
              35.85584835102304
            ]
          ],
          [
            [
              14.563702940940857,
              35.85450920972964
            ],
            [
              14.563509821891785,
              35.85458747185615
            ],
            [
              14.563413262367249,
              35.854604863429316
            ]
          ],
          [
            [
              14.56386923789978,
              35.85466138601578
            ],
            [
              14.564035534858704,
              35.854548340802566
            ]
          ],
          [
            [
              14.564255475997925,
              35.85484399717356
            ],
            [
              14.563971161842346,
              35.85490051958955
            ],
            [
              14.56387996673584,
              35.85483964929375
            ],
            [
              14.563804864883423,
              35.854874432325644
            ],
            [
              14.563756585121155,
              35.85490921534229
            ]
          ],
          [
            [
              14.56363320350647,
              35.86375230213416
            ],
            [
              14.56385850906372,
              35.86363492248711
            ],
            [
              14.56387460231781,
              35.863617532895006
            ],
            [
              14.56387996673584,
              35.863556669292535
            ]
          ],
          [
            [
              14.55988347530365,
              35.86374360735144
            ],
            [
              14.559406042098999,
              35.863547974488355
            ]
          ],
          [
            [
              14.560591578483582,
              35.86791699339378
            ],
            [
              14.560752511024475,
              35.868025672385784
            ],
            [
              14.560098052024841,
              35.86863427198661
            ],
            [
              14.559996128082275,
              35.86885597496541
            ]
          ],
          [
            [
              14.561058282852173,
              35.87123815606752
            ],
            [
              14.561074376106262,
              35.87118599228478
            ],
            [
              14.56112802028656,
              35.87108166461633
            ],
            [
              14.561187028884888,
              35.871003418774805
            ],
            [
              14.561423063278198,
              35.870790415814824
            ]
          ],
          [
            [
              14.568214416503906,
              35.8647782797965
            ],
            [
              14.568214416503906,
              35.864821753132944
            ]
          ],
          [
            [
              14.568214416503906,
              35.86411313477531
            ],
            [
              14.568091034889221,
              35.86401314517181
            ]
          ],
          [
            [
              14.562925100326538,
              35.853161349873574
            ],
            [
              14.562909007072449,
              35.85331787671025
            ]
          ],
          [
            [
              14.562978744506836,
              35.853287440960656
            ],
            [
              14.562909007072449,
              35.85331787671025
            ],
            [
              14.56286072731018,
              35.85321787348914
            ],
            [
              14.562812447547913,
              35.853161349873574
            ]
          ],
          [
            [
              14.547159075737,
              35.853161349873574
            ],
            [
              14.547067880630493,
              35.85343961959181
            ]
          ]
        ]
      },
      "properties": {
        "class": "service",
        "source_layer": "transportation",
        "source_tile": "https://tiles.openfreemap.org/planet/20261004_113936_pt/14/8854/6441.pbf"
      }
    },
    {
      "type": "Feature",
      "id": "transportation:1367014810-0",
      "geometry": {
        "type": "MultiLineString",
        "coordinates": [
          [
            [
              14.560092687606812,
              35.86011779983255
            ],
            [
              14.560017585754395,
              35.86034822179238
            ]
          ],
          [
            [
              14.566433429718018,
              35.85562226382032
            ],
            [
              14.566449522972107,
              35.85507878232983
            ]
          ],
          [
            [
              14.566825032234192,
              35.85567009001312
            ],
            [
              14.566841125488281,
              35.85560922030817
            ],
            [
              14.566916227340698,
              35.85544835014872
            ],
            [
              14.566975235939026,
              35.855365741021046
            ],
            [
              14.567066431045532,
              35.85529182751807
            ],
            [
              14.567152261734009,
              35.855239653239195
            ],
            [
              14.567313194274902,
              35.85517443534232
            ],
            [
              14.567538499832153,
              35.85517878320378
            ]
          ],
          [
            [
              14.563751220703125,
              35.866221581819985
            ],
            [
              14.564024806022644,
              35.86611290035384
            ],
            [
              14.564234018325806,
              35.866060733197145
            ],
            [
              14.564486145973206,
              35.86595639878071
            ]
          ],
          [
            [
              14.568214416503906,
              35.864900005078454
            ],
            [
              14.567248821258545,
              35.86415226110755
            ],
            [
              14.566932320594788,
              35.863895765911096
            ],
            [
              14.566792845726013,
              35.86381316558639
            ],
            [
              14.566712379455566,
              35.86377403908675
            ],
            [
              14.566524624824524,
              35.86370448081745
            ],
            [
              14.566417336463928,
              35.86367404905546
            ]
          ]
        ]
      },
      "properties": {
        "surface": "paved",
        "class": "service",
        "source_layer": "transportation",
        "source_tile": "https://tiles.openfreemap.org/planet/20261004_113936_pt/14/8854/6441.pbf"
      }
    },
    {
      "type": "Feature",
      "id": "transportation:1367094120-0",
      "geometry": {
        "type": "MultiLineString",
        "coordinates": [
          [
            [
              14.548065662384033,
              35.87152505625862
            ],
            [
              14.548290967941284,
              35.87122076814374
            ],
            [
              14.548505544662476,
              35.87102080674626
            ]
          ],
          [
            [
              14.548360705375671,
              35.87057741228223
            ],
            [
              14.548811316490173,
              35.87003403333007
            ],
            [
              14.548226594924927,
              35.86981668070584
            ],
            [
              14.547958374023438,
              35.869395014914616
            ],
            [
              14.547572135925293,
              35.86894291714073
            ]
          ],
          [
            [
              14.548564553260803,
              35.87033397897241
            ],
            [
              14.549020528793335,
              35.87040353142295
            ],
            [
              14.549058079719543,
              35.87044265464955
            ],
            [
              14.549063444137573,
              35.8705469831594
            ],
            [
              14.549347758293152,
              35.870590453331275
            ],
            [
              14.549497961997986,
              35.870590453331275
            ],
            [
              14.549551606178284,
              35.870694781646534
            ],
            [
              14.550173878669739,
              35.87056437123101
            ]
          ],
          [
            [
              14.54664409160614,
              35.86923417273296
            ],
            [
              14.547196626663208,
              35.870151403499264
            ],
            [
              14.547223448753357,
              35.870255732392565
            ],
            [
              14.547180533409119,
              35.87027312052811
            ]
          ],
          [
            [
              14.549825191497803,
              35.87152505625862
            ],
            [
              14.549497961997986,
              35.87095560183363
            ]
          ],
          [
            [
              14.551788568496704,
              35.87130336074762
            ],
            [
              14.551981687545776,
              35.87102515373854
            ]
          ],
          [
            [
              14.551831483840942,
              35.87029485569215
            ],
            [
              14.551965594291687,
              35.8706600055567
            ],
            [
              14.551922678947449,
              35.87089039686734
            ],
            [
              14.551981687545776,
              35.87102515373854
            ],
            [
              14.55212652683258,
              35.87123815606752
            ],
            [
              14.552308917045593,
              35.87139899418139
            ],
            [
              14.552550315856934,
              35.871507668397825
            ],
            [
              14.552571773529053,
              35.87152505625862
            ]
          ],
          [
            [
              14.552925825119019,
              35.870116627170944
            ],
            [
              14.553188681602478,
              35.86969061591063
            ],
            [
              14.553338885307312,
              35.86963410404077
            ]
          ],
          [
            [
              14.553773403167725,
              35.87027312052811
            ],
            [
              14.553338885307312,
              35.86963410404077
            ],
            [
              14.553210139274597,
              35.869386320751005
            ],
            [
              14.553049206733704,
              35.8692428669133
            ],
            [
              14.55289363861084,
              35.869190701817004
            ],
            [
              14.552823901176453,
              35.869021165016946
            ],
            [
              14.552829265594482,
              35.8688429336309
            ],
            [
              14.552770256996155,
              35.868708173048475
            ],
            [
              14.552721977233887,
              35.868495163918524
            ]
          ],
          [
            [
              14.554336667060852,
              35.87098168380513
            ],
            [
              14.555270075798035,
              35.87075563976698
            ]
          ],
          [
            [
              14.556729197502136,
              35.87120338021619
            ],
            [
              14.556825757026672,
              35.871133828467705
            ],
            [
              14.556927680969238,
              35.871029500730586
            ],
            [
              14.556970596313477,
              35.870964295825104
            ],
            [
              14.557099342346191,
              35.87066435256877
            ],
            [
              14.55714762210846,
              35.87058610631516
            ],
            [
              14.557281732559204,
              35.87052959508395
            ],
            [
              14.557351469993591,
              35.87051220700472
            ],
            [
              14.557426571846008,
              35.87046873678989
            ],
            [
              14.557549953460693,
              35.87036875520532
            ]
          ],
          [
            [
              14.554663896560669,
              35.86855167660062
            ],
            [
              14.55487310886383,
              35.86842126265802
            ],
            [
              14.554932117462158,
              35.868264765643545
            ],
            [
              14.555066227912903,
              35.868073491095046
            ],
            [
              14.555431008338928,
              35.868047408166305
            ],
            [
              14.555522203445435,
              35.868073491095046
            ],
            [
              14.555929899215698,
              35.867977853647645
            ]
          ],
          [
            [
              14.55141305923462,
              35.868525593829276
            ],
            [
              14.551563262939453,
              35.86872121440517
            ],
            [
              14.551606178283691,
              35.868834239406695
            ],
            [
              14.551713466644287,
              35.868977693984135
            ],
            [
              14.551702737808228,
              35.869021165016946
            ],
            [
              14.551606178283691,
              35.869042900524406
            ],
            [
              14.551536440849304,
              35.86902551211891
            ],
            [
              14.551434516906738,
              35.86903420632213
            ],
            [
              14.551193118095398,
              35.86938197366881
            ],
            [
              14.551514983177185,
              35.86949065065164
            ],
            [
              14.551611542701721,
              35.86955150969693
            ],
            [
              14.551198482513428,
              35.86991666298704
            ]
          ],
          [
            [
              14.552201628684998,
              35.86505650873771
            ],
            [
              14.55265760421753,
              35.86495652032441
            ],
            [
              14.553038477897644,
              35.864960867649344
            ],
            [
              14.553161859512329,
              35.86492608904314
            ]
          ],
          [
            [
              14.55215334892273,
              35.86548254491095
            ],
            [
              14.552051424980164,
              35.86511302387201
            ],
            [
              14.551236033439636,
              35.86520866477679
            ],
            [
              14.550817608833313,
              35.86532604209303
            ]
          ],
          [
            [
              14.553194046020508,
              35.865586879951195
            ],
            [
              14.553076028823853,
              35.86559122724158
            ],
            [
              14.552931189537048,
              35.865569490787365
            ],
            [
              14.552797079086304,
              35.86553905974148
            ],
            [
              14.5526522397995,
              35.86543037733934
            ],
            [
              14.552443027496338,
              35.865408640841
            ],
            [
              14.55215334892273,
              35.86548254491095
            ],
            [
              14.551724195480347,
              35.86564774199458
            ],
            [
              14.551831483840942,
              35.86584336967461
            ]
          ],
          [
            [
              14.554234743118286,
              35.86658675045457
            ],
            [
              14.555168151855469,
              35.86655197256188
            ],
            [
              14.55536663532257,
              35.86651719465392
            ],
            [
              14.555361270904541,
              35.86645198603533
            ],
            [
              14.55514669418335,
              35.86614767843922
            ],
            [
              14.554985761642456,
              35.86595205151039
            ],
            [
              14.554438591003418,
              35.86585641150276
            ],
            [
              14.553827047348022,
              35.86578685506109
            ]
          ],
          [
            [
              14.555361270904541,
              35.86645198603533
            ],
            [
              14.555742144584656,
              35.866421555328316
            ],
            [
              14.555811882019043,
              35.8664606805209
            ],
            [
              14.556182026863098,
              35.86646937500552
            ],
            [
              14.556305408477783,
              35.8664606805209
            ],
            [
              14.556444883346558,
              35.86651719465392
            ],
            [
              14.556664824485779,
              35.8665563197993
            ],
            [
              14.556965231895447,
              35.866486763971906
            ],
            [
              14.557233452796936,
              35.866486763971906
            ],
            [
              14.557426571846008,
              35.86668238958082
            ],
            [
              14.557576775550842,
              35.86671716741628
            ],
            [
              14.557844996452332,
              35.8666563061942
            ]
          ],
          [
            [
              14.553253054618835,
              35.86306106393259
            ],
            [
              14.553365707397461,
              35.86300889476705
            ],
            [
              14.553424715995789,
              35.86290455633298
            ]
          ],
          [
            [
              14.548784494400024,
              35.86298281017139
            ],
            [
              14.548709392547607,
              35.86294368326183
            ],
            [
              14.548596739768982,
              35.86290455633298
            ]
          ],
          [
            [
              14.549020528793335,
              35.863826207748644
            ],
            [
              14.548929333686829,
              35.86395228187314
            ],
            [
              14.548870325088501,
              35.864004450417724
            ],
            [
              14.548816680908203,
              35.86402183992496
            ],
            [
              14.548489451408386,
              35.86406966105014
            ],
            [
              14.548301696777344,
              35.864173997950445
            ],
            [
              14.5481675863266,
              35.86418704005331
            ]
          ],
          [
            [
              14.550189971923828,
              35.86411313477531
            ],
            [
              14.550474286079407,
              35.86460438621225
            ],
            [
              14.550817608833313,
              35.86532604209303
            ],
            [
              14.551241397857666,
              35.86617376199324
            ],
            [
              14.551300406455994,
              35.86644329154882
            ]
          ],
          [
            [
              14.549750089645386,
              35.8658694533288
            ],
            [
              14.549733996391296,
              35.86581728601185
            ],
            [
              14.549583792686462,
              35.865604269111245
            ],
            [
              14.549438953399658,
              35.865460808426946
            ],
            [
              14.549235105514526,
              35.86533473670214
            ],
            [
              14.549100995063782,
              35.86522170670939
            ],
            [
              14.549090266227722,
              35.86517823359233
            ],
            [
              14.549455046653748,
              35.86495652032441
            ],
            [
              14.549744725227356,
              35.86485653178495
            ],
            [
              14.54988956451416,
              35.8647348064362
            ]
          ],
          [
            [
              14.548269510269165,
              35.86579989689855
            ],
            [
              14.54838216304779,
              35.86562600555588
            ],
            [
              14.548763036727905,
              35.86522170670939
            ],
            [
              14.549428224563599,
              35.86483479512924
            ],
            [
              14.549803733825684,
              35.86467829103219
            ]
          ],
          [
            [
              14.54641342163086,
              35.86510432923859
            ],
            [
              14.546231031417847,
              35.86493913102224
            ],
            [
              14.545850157737732,
              35.86452613397485
            ],
            [
              14.545555114746094,
              35.86416965058234
            ]
          ],
          [
            [
              14.547432661056519,
              35.8635871010996
            ],
            [
              14.547041058540344,
              35.863834902522285
            ],
            [
              14.5466548204422,
              35.86412182951746
            ],
            [
              14.546590447425842,
              35.86412617688819
            ],
            [
              14.545850157737732,
              35.86452613397485
            ]
          ],
          [
            [
              14.547604322433472,
              35.862369819702465
            ],
            [
              14.547116160392761,
              35.86280891264772
            ]
          ],
          [
            [
              14.550763964653015,
              35.8597091252752
            ],
            [
              14.550769329071045,
              35.85955261105698
            ],
            [
              14.550576210021973,
              35.85933522968564
            ],
            [
              14.550093412399292,
              35.85908306654807
            ]
          ],
          [
            [
              14.55137014389038,
              35.85953956819151
            ],
            [
              14.551702737808228,
              35.85924392933191
            ],
            [
              14.55191195011139,
              35.85908306654807
            ],
            [
              14.55214262008667,
              35.85884829325063
            ],
            [
              14.552190899848938,
              35.85873960167376
            ]
          ],
          [
            [
              14.54789936542511,
              35.85860047623788
            ],
            [
              14.547706246376038,
              35.8586396052914
            ],
            [
              14.547491669654846,
              35.85866569131636
            ]
          ],
          [
            [
              14.54841434955597,
              35.85887003154812
            ],
            [
              14.548290967941284,
              35.85878742598594
            ],
            [
              14.54814612865448,
              35.8587439493397
            ],
            [
              14.54789936542511,
              35.85860047623788
            ],
            [
              14.547845721244812,
              35.858474393600716
            ],
            [
              14.547674059867859,
              35.8581439691864
            ],
            [
              14.54715371131897,
              35.857687459506025
            ],
            [
              14.547019600868225,
              35.8576222436228
            ],
            [
              14.546772837638855,
              35.85743529112685
            ]
          ],
          [
            [
              14.54814612865448,
              35.86002650038016
            ],
            [
              14.548543095588684,
              35.86022648951969
            ],
            [
              14.548714756965637,
              35.86025692260539
            ],
            [
              14.548843502998352,
              35.860239532272146
            ],
            [
              14.548999071121216,
              35.86007867150869
            ],
            [
              14.549100995063782,
              35.86007432391595
            ],
            [
              14.549181461334229,
              35.860091714285446
            ],
            [
              14.549310207366943,
              35.86002215278458
            ]
          ],
          [
            [
              14.547073245048523,
              35.85507443446291
            ],
            [
              14.546976685523987,
              35.854935302594725
            ],
            [
              14.546762108802795,
              35.854848345053156
            ],
            [
              14.546767473220825,
              35.85480921412831
            ],
            [
              14.546794295310974,
              35.85474399587736
            ],
            [
              14.546729922294617,
              35.854665733905364
            ],
            [
              14.54663336277008,
              35.854626602890434
            ],
            [
              14.546493887901306,
              35.854522253422786
            ],
            [
              14.5464026927948,
              35.85450051393305
            ],
            [
              14.546257853507996,
              35.85448747023638
            ],
            [
              14.545957446098328,
              35.85442659962344
            ]
          ],
          [
            [
              14.546794295310974,
              35.85474399587736
            ],
            [
              14.546874761581421,
              35.854730952220734
            ],
            [
              14.547014236450195,
              35.85469182123795
            ],
            [
              14.547057151794434,
              35.85466138601578
            ],
            [
              14.547105431556702,
              35.85451355762761
            ]
          ],
          [
            [
              14.549717903137207,
              35.855043999387604
            ],
            [
              14.549015164375305,
              35.85455268869838
            ],
            [
              14.548800587654114,
              35.85444833913343
            ],
            [
              14.548575282096863,
              35.85444833913343
            ],
            [
              14.548462629318237,
              35.85446573073712
            ]
          ],
          [
            [
              14.551214575767517,
              35.85350918686878
            ],
            [
              14.551799297332764,
              35.85371788833341
            ]
          ],
          [
            [
              14.550281167030334,
              35.85757441860764
            ],
            [
              14.549519419670105,
              35.857739632173974
            ]
          ],
          [
            [
              14.552083611488342,
              35.85744833433856
            ],
            [
              14.552094340324402,
              35.85748311622592
            ],
            [
              14.55213725566864,
              35.85750485489777
            ],
            [
              14.552276730537415,
              35.85755267995488
            ],
            [
              14.552298188209534,
              35.8576092004397
            ]
          ],
          [
            [
              14.5531564950943,
              35.85747876849085
            ],
            [
              14.553188681602478,
              35.85739616147889
            ],
            [
              14.553306698799133,
              35.85728746791098
            ],
            [
              14.553360342979431,
              35.85725703368526
            ]
          ],
          [
            [
              14.5536607503891,
              35.85599182910576
            ],
            [
              14.553784132003784,
              35.8553135667908
            ],
            [
              14.553768038749695,
              35.85524834895473
            ],
            [
              14.55362319946289,
              35.85522226180527
            ],
            [
              14.553521275520325,
              35.85526574038292
            ],
            [
              14.553354978561401,
              35.85588748143499
            ],
            [
              14.55337643623352,
              35.85593965528753
            ],
            [
              14.553430080413818,
              35.85596574220094
            ],
            [
              14.5536607503891,
              35.85599182910576
            ]
          ],
          [
            [
              14.552748799324036,
              35.85463964656421
            ],
            [
              14.553027749061584,
              35.854730952220734
            ],
            [
              14.553537368774414,
              35.854748343762424
            ],
            [
              14.553751945495605,
              35.85455268869838
            ],
            [
              14.553843140602112,
              35.85453964501025
            ],
            [
              14.554095268249512,
              35.85458312396226
            ],
            [
              14.554256200790405,
              35.85452660131999
            ],
            [
              14.554706811904907,
              35.854548340802566
            ],
            [
              14.555602669715881,
              35.855052695124584
            ]
          ],
          [
            [
              14.552850723266602,
              35.85482660565286
            ],
            [
              14.553569555282593,
              35.85506139086063
            ],
            [
              14.553827047348022,
              35.855204870367544
            ],
            [
              14.555066227912903,
              35.855235305381086
            ],
            [
              14.555291533470154,
              35.8553309582047
            ]
          ],
          [
            [
              14.555237889289856,
              35.85409181041699
            ],
            [
              14.5553719997406,
              35.85399180817204
            ],
            [
              14.555463194847107,
              35.853970068536896
            ],
            [
              14.555661678314209,
              35.85410920209891
            ],
            [
              14.555597305297852,
              35.854165725038726
            ]
          ],
          [
            [
              14.556761384010315,
              35.854822257772085
            ],
            [
              14.556777477264404,
              35.854652690235866
            ],
            [
              14.556954503059387,
              35.85444399123189
            ]
          ],
          [
            [
              14.554781913757324,
              35.85637443605681
            ],
            [
              14.554819464683533,
              35.856109220071176
            ]
          ],
          [
            [
              14.55536663532257,
              35.85636139266843
            ],
            [
              14.556289315223694,
              35.85653530433713
            ]
          ],
          [
            [
              14.55488920211792,
              35.85725703368526
            ],
            [
              14.555414915084839,
              35.85710486238138
            ]
          ],
          [
            [
              14.556112289428711,
              35.857261381432494
            ],
            [
              14.556182026863098,
              35.857757023055655
            ],
            [
              14.556428790092468,
              35.858013538117405
            ],
            [
              14.556434154510498,
              35.858078753678726
            ],
            [
              14.555999636650085,
              35.85849178432122
            ],
            [
              14.556208848953247,
              35.85872221100763
            ]
          ],
          [
            [
              14.556074738502502,
              35.85952217770087
            ],
            [
              14.556262493133545,
              35.85964391105517
            ]
          ],
          [
            [
              14.554744362831116,
              35.85801788582316
            ],
            [
              14.555237889289856,
              35.85791354081918
            ],
            [
              14.555549025535583,
              35.857900497684014
            ],
            [
              14.556182026863098,
              35.857757023055655
            ]
          ],
          [
            [
              14.552088975906372,
              35.85996128642124
            ],
            [
              14.55213189125061,
              35.85996563402017
            ],
            [
              14.552249908447266,
              35.86007432391595
            ],
            [
              14.55238401889801,
              35.86013519019252
            ],
            [
              14.5529043674469,
              35.86031344116209
            ],
            [
              14.552925825119019,
              35.86026127018809
            ],
            [
              14.55289363861084,
              35.86016127572529
            ],
            [
              14.552963376045227,
              35.85996998161886
            ],
            [
              14.553210139274597,
              35.85980912030841
            ],
            [
              14.553317427635193,
              35.859543915813575
            ],
            [
              14.553542733192444,
              35.859370010745124
            ]
          ],
          [
            [
              14.551852941513062,
              35.86055690525343
            ],
            [
              14.55140769481659,
              35.86053516741853
            ],
            [
              14.551354050636292,
              35.86066994189878
            ]
          ],
          [
            [
              14.552051424980164,
              35.86074385038742
            ],
            [
              14.551852941513062,
              35.86071341748867
            ],
            [
              14.551836848258972,
              35.86072211260378
            ],
            [
              14.551826119422913,
              35.86080471614986
            ]
          ],
          [
            [
              14.558569192886353,
              35.85845265519474
            ],
            [
              14.558510184288025,
              35.85838309225552
            ],
            [
              14.558290243148804,
              35.85839613531128
            ],
            [
              14.55815076828003,
              35.858352658450414
            ],
            [
              14.558145403862,
              35.85824396619397
            ],
            [
              14.558472633361816,
              35.85799179958504
            ],
            [
              14.558435082435608,
              35.857943974792846
            ],
            [
              14.55836534500122,
              35.85793093166269
            ],
            [
              14.558274149894714,
              35.857961365629706
            ],
            [
              14.558145403862,
              35.8580439720527
            ],
            [
              14.558000564575195,
              35.85795701792087
            ]
          ],
          [
            [
              14.558826684951782,
              35.8562222630588
            ],
            [
              14.559030532836914,
              35.85599182910576
            ],
            [
              14.5591539144516,
              35.855913568365565
            ],
            [
              14.559357762336731,
              35.85587443796648
            ],
            [
              14.560162425041199,
              35.855157043894096
            ],
            [
              14.56039309501648,
              35.85488747595868
            ]
          ],
          [
            [
              14.5573890209198,
              35.855730959671334
            ],
            [
              14.557764530181885,
              35.8551440003054
            ],
            [
              14.557839632034302,
              35.85488747595868
            ],
            [
              14.55813467502594,
              35.85414398545126
            ],
            [
              14.558204412460327,
              35.85392224131856
            ],
            [
              14.558199048042297,
              35.85371354039182
            ],
            [
              14.55863893032074,
              35.853161349873574
            ]
          ],
          [
            [
              14.561755657196045,
              35.85613095911977
            ],
            [
              14.561948776245117,
              35.85644834855046
            ],
            [
              14.562056064605713,
              35.85680486666962
            ],
            [
              14.562329649925232,
              35.85684834437936
            ],
            [
              14.562340378761292,
              35.856948343021216
            ],
            [
              14.562313556671143,
              35.85703529825946
            ]
          ],
          [
            [
              14.560006856918335,
              35.85656573883992
            ],
            [
              14.56013560295105,
              35.85650486982264
            ],
            [
              14.560264348983765,
              35.856409218415365
            ],
            [
              14.56038236618042,
              35.85619182842416
            ],
            [
              14.561101198196411,
              35.85557878543818
            ],
            [
              14.561262130737305,
              35.85540487167118
            ],
            [
              14.561471343040466,
              35.855239653239195
            ]
          ],
          [
            [
              14.561197757720947,
              35.857239642693884
            ],
            [
              14.561197757720947,
              35.85728312016515
            ],
            [
              14.561213850975037,
              35.857322249868915
            ],
            [
              14.561777114868164,
              35.85765702543385
            ]
          ],
          [
            [
              14.56287682056427,
              35.85918306237102
            ],
            [
              14.562082886695862,
              35.85937870600762
            ],
            [
              14.561846852302551,
              35.85923088641567
            ],
            [
              14.561573266983032,
              35.85883959792997
            ],
            [
              14.561406970024109,
              35.85875699233608
            ],
            [
              14.560908079147339,
              35.858948289369735
            ],
            [
              14.560532569885254,
              35.85900915651091
            ],
            [
              14.560178518295288,
              35.85928740570397
            ],
            [
              14.560006856918335,
              35.85928740570397
            ],
            [
              14.559819102287292,
              35.85920480057672
            ],
            [
              14.559604525566101,
              35.85918741001264
            ],
            [
              14.559411406517029,
              35.85921784349726
            ]
          ],
          [
            [
              14.559239745140076,
              35.86540429354062
            ],
            [
              14.559288024902344,
              35.86540429354062
            ],
            [
              14.559288024902344,
              35.86523909594953
            ]
          ],
          [
            [
              14.557233452796936,
              35.866486763971906
            ],
            [
              14.557287096977234,
              35.86641286083844
            ],
            [
              14.557190537452698,
              35.86627809612351
            ],
            [
              14.557163715362549,
              35.86607377498953
            ],
            [
              14.55737292766571,
              35.865865106053676
            ],
            [
              14.557335376739502,
              35.86564339470732
            ]
          ],
          [
            [
              14.559754729270935,
              35.86577816050158
            ],
            [
              14.559829831123352,
              35.865747729535826
            ],
            [
              14.560039043426514,
              35.865556448911974
            ]
          ],
          [
            [
              14.559937119483948,
              35.86544341923546
            ],
            [
              14.559792280197144,
              35.86555210161971
            ],
            [
              14.559588432312012,
              35.86546515572422
            ],
            [
              14.55938458442688,
              35.86551732327297
            ],
            [
              14.55913782119751,
              35.86550428138901
            ],
            [
              14.558821320533752,
              35.86558253266061
            ],
            [
              14.55862820148468,
              35.86580424417721
            ],
            [
              14.558252692222595,
              35.86580859145566
            ],
            [
              14.55813467502594,
              35.865734687689766
            ],
            [
              14.558263421058655,
              35.86559992182157
            ],
            [
              14.558268785476685,
              35.865521670567134
            ]
          ],
          [
            [
              14.561401605606079,
              35.868542982344465
            ],
            [
              14.561294317245483,
              35.8684734282608
            ],
            [
              14.561229944229126,
              35.86846473399606
            ],
            [
              14.561154842376709,
              35.8684821225246
            ],
            [
              14.560763239860535,
              35.86869947880949
            ],
            [
              14.560720324516296,
              35.86869947880949
            ],
            [
              14.560586214065552,
              35.86862992486317
            ],
            [
              14.560511112213135,
              35.868616883491455
            ],
            [
              14.560462832450867,
              35.868642966232755
            ],
            [
              14.560334086418152,
              35.86873860287743
            ],
            [
              14.56011950969696,
              35.868834239406695
            ]
          ],
          [
            [
              14.559969305992126,
              35.86813000407787
            ],
            [
              14.559819102287292,
              35.86821259990339
            ],
            [
              14.558204412460327,
              35.86691713967406
            ]
          ],
          [
            [
              14.55960988998413,
              35.86922113146068
            ],
            [
              14.559298753738403,
              35.869434138639164
            ],
            [
              14.559180736541748,
              35.86968192177942
            ],
            [
              14.558933973312378,
              35.86986015127839
            ]
          ],
          [
            [
              14.559540152549744,
              35.86918635472411
            ],
            [
              14.559529423713684,
              35.86886032207643
            ],
            [
              14.559668898582458,
              35.868642966232755
            ],
            [
              14.559668898582458,
              35.86853863521603
            ],
            [
              14.559840559959412,
              35.868334319910346
            ],
            [
              14.55988347530365,
              35.868182169872426
            ]
          ],
          [
            [
              14.55762505531311,
              35.86954281555046
            ],
            [
              14.557356834411621,
              35.870177485735454
            ],
            [
              14.557206630706787,
              35.870347020061544
            ],
            [
              14.557190537452698,
              35.870381796288726
            ],
            [
              14.557217359542847,
              35.8704513486973
            ],
            [
              14.557281732559204,
              35.87052959508395
            ]
          ],
          [
            [
              14.559786915779114,
              35.86923851982324
            ],
            [
              14.55960988998413,
              35.86922113146068
            ],
            [
              14.559266567230225,
              35.86905594182602
            ],
            [
              14.559170007705688,
              35.86892552871328
            ]
          ],
          [
            [
              14.561154842376709,
              35.870560024213475
            ],
            [
              14.560189247131348,
              35.86958628627325
            ],
            [
              14.55987811088562,
              35.86934284991851
            ],
            [
              14.560006856918335,
              35.869095065717985
            ],
            [
              14.559980034828186,
              35.869012470812294
            ]
          ],
          [
            [
              14.563826322555542,
              35.869368932420855
            ],
            [
              14.563713669776917,
              35.86911680120515
            ],
            [
              14.563499093055725,
              35.868947264246984
            ],
            [
              14.563504457473755,
              35.86876903269473
            ],
            [
              14.563086032867432,
              35.8688168509554
            ],
            [
              14.562930464744568,
              35.86897334687953
            ],
            [
              14.562780261039734,
              35.869325461578825
            ],
            [
              14.562571048736572,
              35.86959932748543
            ],
            [
              14.562560319900513,
              35.87004272742264
            ],
            [
              14.562453031539917,
              35.87032963194223
            ],
            [
              14.562002420425415,
              35.87094256084468
            ],
            [
              14.561986327171326,
              35.87101645975376
            ],
            [
              14.562013149261475,
              35.871077317627154
            ]
          ],
          [
            [
              14.566653370857239,
              35.870607841393365
            ],
            [
              14.567034244537354,
              35.87072955772106
            ],
            [
              14.567699432373047,
              35.87109470558238
            ],
            [
              14.567812085151672,
              35.87112948148142
            ],
            [
              14.568214416503906,
              35.87137725932023
            ]
          ],
          [
            [
              14.556981325149536,
              35.853161349873574
            ],
            [
              14.557002782821655,
              35.85318308973049
            ],
            [
              14.557930827140808,
              35.853665713018756
            ],
            [
              14.558199048042297,
              35.85371354039182
            ]
          ],
          [
            [
              14.556450247764587,
              35.853161349873574
            ],
            [
              14.556471705436707,
              35.853170045817066
            ]
          ],
          [
            [
              14.556031823158264,
              35.853161349873574
            ],
            [
              14.555999636650085,
              35.85321352552015
            ],
            [
              14.555962085723877,
              35.853243961298105
            ],
            [
              14.555586576461792,
              35.853470055283
            ]
          ],
          [
            [
              14.553462266921997,
              35.853270049098484
            ],
            [
              14.553558826446533,
              35.85331787671025
            ],
            [
              14.553676843643188,
              35.85340048797168
            ],
            [
              14.553993344306946,
              35.853591797930875
            ],
            [
              14.554325938224792,
              35.85388310993663
            ],
            [
              14.554830193519592,
              35.85408311457462
            ],
            [
              14.55513596534729,
              35.85406137496449
            ]
          ],
          [
            [
              14.551332592964172,
              35.85324830926544
            ],
            [
              14.551214575767517,
              35.85350918686878
            ],
            [
              14.55116093158722,
              35.85362223356363
            ],
            [
              14.551101922988892,
              35.853817890923864
            ],
            [
              14.551075100898743,
              35.854017895726344
            ],
            [
              14.551042914390564,
              35.85405267911878
            ],
            [
              14.550688862800598,
              35.8537396280377
            ],
            [
              14.550592303276062,
              35.85362658151023
            ],
            [
              14.550366997718811,
              35.85349614300897
            ],
            [
              14.550168514251709,
              35.8534439675484
            ],
            [
              14.549841284751892,
              35.853391792053486
            ],
            [
              14.550206065177917,
              35.853161349873574
            ]
          ],
          [
            [
              14.549294114112854,
              35.853161349873574
            ],
            [
              14.54940140247345,
              35.85321787348914
            ],
            [
              14.549583792686462,
              35.853243961298105
            ],
            [
              14.549680352210999,
              35.853270049098484
            ],
            [
              14.549787640571594,
              35.85333092059936
            ],
            [
              14.549841284751892,
              35.853391792053486
            ],
            [
              14.549835920333862,
              35.85346570732783
            ],
            [
              14.549573063850403,
              35.853874414071356
            ]
          ]
        ]
      },
      "properties": {
        "class": "track",
        "source_layer": "transportation",
        "source_tile": "https://tiles.openfreemap.org/planet/20261004_113936_pt/14/8854/6441.pbf"
      }
    },
    {
      "type": "Feature",
      "id": "transportation:1378435180-0",
      "geometry": {
        "type": "MultiLineString",
        "coordinates": [
          [
            [
              14.555506110191345,
              35.86230895514184
            ],
            [
              14.555785059928894,
              35.862269827899624
            ],
            [
              14.555994272232056,
              35.86235242983278
            ],
            [
              14.556026458740234,
              35.86241329435998
            ],
            [
              14.556106925010681,
              35.86250893852264
            ],
            [
              14.556090831756592,
              35.86255676056068
            ],
            [
              14.555854797363281,
              35.86281326009046
            ],
            [
              14.555264711380005,
              35.86297411530428
            ],
            [
              14.554932117462158,
              35.86302193706166
            ],
            [
              14.55465316772461,
              35.863039326784445
            ],
            [
              14.554325938224792,
              35.86301324219882
            ],
            [
              14.552920460700989,
              35.86276543820718
            ],
            [
              14.552459120750427,
              35.86269587905272
            ],
            [
              14.551954865455627,
              35.86263501474251
            ]
          ],
          [
            [
              14.564754366874695,
              35.855261392526245
            ],
            [
              14.565065503120422,
              35.85530921893675
            ],
            [
              14.565097689628601,
              35.8553266103516
            ],
            [
              14.565408825874329,
              35.85539617597284
            ],
            [
              14.566052556037903,
              35.85549182860237
            ],
            [
              14.566197395324707,
              35.85552226350576
            ],
            [
              14.566841125488281,
              35.85560922030817
            ],
            [
              14.567216634750366,
              35.85570487268069
            ],
            [
              14.567409753799438,
              35.85578748145495
            ],
            [
              14.567763805389404,
              35.856022263817195
            ],
            [
              14.567903280258179,
              35.85616574158513
            ],
            [
              14.56810712814331,
              35.85643965296656
            ],
            [
              14.568214416503906,
              35.85664399893632
            ]
          ],
          [
            [
              14.564770460128784,
              35.85534834961477
            ],
            [
              14.564754366874695,
              35.855261392526245
            ],
            [
              14.564775824546814,
              35.855139652442034
            ],
            [
              14.564808011054993,
              35.855109217391785
            ]
          ],
          [
            [
              14.565408825874329,
              35.85539617597284
            ],
            [
              14.565473198890686,
              35.855217913946205
            ]
          ],
          [
            [
              14.565441012382507,
              35.8553135667908
            ],
            [
              14.565709233283997,
              35.855352697466714
            ],
            [
              14.565768241882324,
              35.855339653910235
            ],
            [
              14.565805792808533,
              35.8553570453184
            ],
            [
              14.565902352333069,
              35.85537008887202
            ],
            [
              14.566004276275635,
              35.85540052382213
            ],
            [
              14.566052556037903,
              35.85549182860237
            ]
          ],
          [
            [
              14.565768241882324,
              35.855339653910235
            ],
            [
              14.565778970718384,
              35.85530921893675
            ],
            [
              14.565736055374146,
              35.855252696812144
            ]
          ],
          [
            [
              14.566197395324707,
              35.85552226350576
            ],
            [
              14.566208124160767,
              35.8554135673686
            ]
          ],
          [
            [
              14.566272497177124,
              35.85537878457325
            ],
            [
              14.566288590431213,
              35.85537878457325
            ],
            [
              14.566315412521362,
              35.85534400176263
            ],
            [
              14.566315412521362,
              35.8553135667908
            ],
            [
              14.566251039505005,
              35.85528313180731
            ],
            [
              14.566197395324707,
              35.85527008823938
            ],
            [
              14.566154479980469,
              35.85518747892597
            ],
            [
              14.56611692905426,
              35.85517443534232
            ],
            [
              14.566084742546082,
              35.855104869526514
            ]
          ],
          [
            [
              14.565902352333069,
              35.85537008887202
            ],
            [
              14.565929174423218,
              35.85534834961477
            ],
            [
              14.565961360931396,
              35.85530052322788
            ],
            [
              14.566063284873962,
              35.855239653239195
            ],
            [
              14.566444158554077,
              35.85522226180527
            ],
            [
              14.566916227340698,
              35.855217913946205
            ],
            [
              14.566953778266907,
              35.85519617464723
            ],
            [
              14.566969871520996,
              35.855157043894096
            ],
            [
              14.566959142684937,
              35.85507878232983
            ]
          ],
          [
            [
              14.566975235939026,
              35.855365741021046
            ],
            [
              14.566943049430847,
              35.85533530605758
            ],
            [
              14.566948413848877,
              35.855239653239195
            ],
            [
              14.566916227340698,
              35.855217913946205
            ]
          ],
          [
            [
              14.566948413848877,
              35.855239653239195
            ],
            [
              14.566980600357056,
              35.8552266096641
            ],
            [
              14.567146897315979,
              35.85518747892597
            ],
            [
              14.567243456840515,
              35.855135304578425
            ],
            [
              14.567200541496277,
              35.85507443446291
            ],
            [
              14.567157626152039,
              35.855052695124584
            ],
            [
              14.567050337791443,
              35.85507443446291
            ],
            [
              14.566959142684937,
              35.85507878232983
            ],
            [
              14.56661581993103,
              35.855065738728285
            ],
            [
              14.566578269004822,
              35.85508313019655
            ],
            [
              14.566449522972107,
              35.85507878232983
            ],
            [
              14.566326141357422,
              35.85507008659569
            ],
            [
              14.566315412521362,
              35.855052695124584
            ],
            [
              14.566170573234558,
              35.85507008659569
            ],
            [
              14.565805792808533,
              35.85524400109709
            ],
            [
              14.565698504447937,
              35.855257044669315
            ],
            [
              14.565473198890686,
              35.855217913946205
            ],
            [
              14.565054774284363,
              35.85510052166099
            ],
            [
              14.564985036849976,
              35.85517878320378
            ],
            [
              14.564775824546814,
              35.855139652442034
            ]
          ],
          [
            [
              14.566953778266907,
              35.85519617464723
            ],
            [
              14.566980600357056,
              35.8552266096641
            ]
          ],
          [
            [
              14.566749930381775,
              35.85541791521695
            ],
            [
              14.566916227340698,
              35.85544835014872
            ]
          ],
          [
            [
              14.566669464111328,
              35.855587481116515
            ],
            [
              14.566701650619507,
              35.85545269799516
            ]
          ],
          [
            [
              14.566417336463928,
              35.86367404905546
            ],
            [
              14.566422700881958,
              35.86366535426414
            ],
            [
              14.566438794136047,
              35.86366535426414
            ]
          ],
          [
            [
              14.567302465438843,
              35.86419138742045
            ],
            [
              14.567323923110962,
              35.864173997950445
            ]
          ],
          [
            [
              14.56561803817749,
              35.865473850318054
            ],
            [
              14.56563413143158,
              35.865273874418364
            ]
          ],
          [
            [
              14.562694430351257,
              35.863056716503436
            ],
            [
              14.562710523605347,
              35.863000199902785
            ],
            [
              14.562672972679138,
              35.862908903770446
            ],
            [
              14.562678337097168,
              35.86285673450476
            ],
            [
              14.562699794769287,
              35.86280891264772
            ],
            [
              14.562753438949585,
              35.86276109076182
            ],
            [
              14.562769532203674,
              35.862713268847074
            ]
          ]
        ]
      },
      "properties": {
        "subclass": "footway",
        "surface": "paved",
        "class": "path",
        "source_layer": "transportation",
        "source_tile": "https://tiles.openfreemap.org/planet/20261004_113936_pt/14/8854/6441.pbf"
      }
    },
    {
      "type": "Feature",
      "id": "transportation:1791891052-0",
      "geometry": {
        "type": "LineString",
        "coordinates": [
          [
            14.563837051391602,
            35.86363492248711
          ],
          [
            14.565918445587158,
            35.86357405889801
          ],
          [
            14.56639051437378,
            35.863621880293394
          ],
          [
            14.56686794757843,
            35.86380012342198
          ],
          [
            14.567264914512634,
            35.86408705054308
          ],
          [
            14.567930102348328,
            35.86464351230197
          ],
          [
            14.568214416503906,
            35.86481305846759
          ]
        ]
      },
      "properties": {
        "bicycle": "designated",
        "subclass": "footway",
        "class": "path",
        "source_layer": "transportation",
        "source_tile": "https://tiles.openfreemap.org/planet/20261004_113936_pt/14/8854/6441.pbf"
      }
    },
    {
      "type": "Feature",
      "id": "transportation:2237987820-0",
      "geometry": {
        "type": "MultiLineString",
        "coordinates": [
          [
            [
              14.549546241760254,
              35.868529940958425
            ],
            [
              14.549583792686462,
              35.86886032207643
            ],
            [
              14.549846649169922,
              35.86915157797226
            ],
            [
              14.549852013587952,
              35.86917766053759
            ],
            [
              14.549814462661743,
              35.869212437277966
            ],
            [
              14.549717903137207,
              35.86927329653693
            ],
            [
              14.549562335014343,
              35.869325461578825
            ],
            [
              14.549481868743896,
              35.86941240323904
            ],
            [
              14.549573063850403,
              35.86955150969693
            ],
            [
              14.549535512924194,
              35.86962540990338
            ],
            [
              14.549793004989624,
              35.869794945410646
            ]
          ],
          [
            [
              14.556756019592285,
              35.869264602359934
            ],
            [
              14.556831121444702,
              35.869308073235345
            ],
            [
              14.55762505531311,
              35.86954281555046
            ]
          ],
          [
            [
              14.552437663078308,
              35.86827780707321
            ],
            [
              14.55263614654541,
              35.86849081678746
            ],
            [
              14.553017020225525,
              35.86850385817992
            ],
            [
              14.553274512290955,
              35.86862557773951
            ],
            [
              14.553692936897278,
              35.86859514786714
            ],
            [
              14.553805589675903,
              35.86850385817992
            ]
          ],
          [
            [
              14.555854797363281,
              35.86281326009046
            ],
            [
              14.556723833084106,
              35.86260458256986
            ],
            [
              14.557292461395264,
              35.86249589614363
            ],
            [
              14.5576411485672,
              35.862408946895314
            ],
            [
              14.55764651298523,
              35.8623611247681
            ],
            [
              14.557700157165527,
              35.86235677730055
            ]
          ],
          [
            [
              14.55440640449524,
              35.862417641824436
            ],
            [
              14.554529786109924,
              35.86238286210224
            ],
            [
              14.554551243782043,
              35.86233503995928
            ],
            [
              14.55463171005249,
              35.86224809053451
            ],
            [
              14.554755091667175,
              35.8622176582133
            ],
            [
              14.554975032806396,
              35.86220896326225
            ],
            [
              14.555098414421082,
              35.86216983597066
            ],
            [
              14.55515742301941,
              35.86210897125649
            ],
            [
              14.555361270904541,
              35.86200463163772
            ],
            [
              14.55540418624878,
              35.86193507181558
            ],
            [
              14.555409550666809,
              35.86185681694269
            ],
            [
              14.555345177650452,
              35.86165683191656
            ],
            [
              14.55540418624878,
              35.86134815838574
            ],
            [
              14.555414915084839,
              35.86122642764873
            ],
            [
              14.55539345741272,
              35.86116990974298
            ],
            [
              14.555355906486511,
              35.86112208686822
            ],
            [
              14.555339813232422,
              35.86107426396457
            ],
            [
              14.555350542068481,
              35.86103513611286
            ],
            [
              14.55539345741272,
              35.861000355783986
            ],
            [
              14.555463194847107,
              35.860974270527336
            ],
            [
              14.55561876296997,
              35.86094383771709
            ]
          ],
          [
            [
              14.55213189125061,
              35.862652404550175
            ],
            [
              14.55212652683258,
              35.862587192751676
            ],
            [
              14.552169442176819,
              35.86242198928865
            ],
            [
              14.552239179611206,
              35.862369819702465
            ],
            [
              14.552308917045593,
              35.862343734896484
            ],
            [
              14.552459120750427,
              35.862339387427994
            ],
            [
              14.552475214004517,
              35.862326345021074
            ],
            [
              14.552480578422546,
              35.86230895514184
            ],
            [
              14.55240547657013,
              35.86215679353586
            ],
            [
              14.552421569824219,
              35.86213505613972
            ],
            [
              14.55263078212738,
              35.862078538881875
            ]
          ],
          [
            [
              14.54641878604889,
              35.857509202631434
            ],
            [
              14.546268582344055,
              35.857239642693884
            ]
          ],
          [
            [
              14.546349048614502,
              35.85737877051804
            ],
            [
              14.546601176261902,
              35.857296163401884
            ]
          ],
          [
            [
              14.551976323127747,
              35.860765588165094
            ],
            [
              14.551992416381836,
              35.8607699357199
            ],
            [
              14.552003145217896,
              35.8607699357199
            ]
          ],
          [
            [
              14.551992416381836,
              35.8607699357199
            ],
            [
              14.551981687545776,
              35.86080471614986
            ],
            [
              14.552035331726074,
              35.860813411254966
            ],
            [
              14.552035331726074,
              35.860826453910846
            ],
            [
              14.55190658569336,
              35.860813411254966
            ],
            [
              14.55190658569336,
              35.86083080146231
            ],
            [
              14.552046060562134,
              35.86084819166585
            ],
            [
              14.552067518234253,
              35.860752545499196
            ]
          ],
          [
            [
              14.552029967308044,
              35.860774283274495
            ],
            [
              14.552062153816223,
              35.860774283274495
            ]
          ],
          [
            [
              14.55262541770935,
              35.86203941152591
            ],
            [
              14.55263078212738,
              35.862078538881875
            ],
            [
              14.552695155143738,
              35.862213310737886
            ],
            [
              14.55290973186493,
              35.862417641824436
            ],
            [
              14.553086757659912,
              35.8625219808995
            ],
            [
              14.553220868110657,
              35.862582845296544
            ],
            [
              14.553322792053223,
              35.86260458256986
            ],
            [
              14.553542733192444,
              35.86260458256986
            ],
            [
              14.553692936897278,
              35.862582845296544
            ],
            [
              14.553784132003784,
              35.86246981137914
            ],
            [
              14.55389142036438,
              35.86243937914307
            ],
            [
              14.553966522216797,
              35.86243937914307
            ],
            [
              14.554036259651184,
              35.86245242153139
            ],
            [
              14.554105997085571,
              35.862365472235396
            ],
            [
              14.554202556610107,
              35.86231765008195
            ],
            [
              14.554309844970703,
              35.862326345021074
            ],
            [
              14.55438494682312,
              35.862365472235396
            ],
            [
              14.55440640449524,
              35.862417641824436
            ],
            [
              14.554481506347656,
              35.86242198928865
            ],
            [
              14.554701447486877,
              35.86255676056068
            ],
            [
              14.554948210716248,
              35.862617624931005
            ],
            [
              14.555237889289856,
              35.8626089300238
            ],
            [
              14.555441737174988,
              35.86255241310387
            ],
            [
              14.555506110191345,
              35.86246111645575
            ],
            [
              14.555506110191345,
              35.86230895514184
            ],
            [
              14.555473923683167,
              35.86225678548125
            ],
            [
              14.555511474609375,
              35.86213940361941
            ],
            [
              14.555479288101196,
              35.862030716555296
            ],
            [
              14.55540418624878,
              35.86193507181558
            ]
          ],
          [
            [
              14.553424715995789,
              35.86180029948645
            ],
            [
              14.553494453430176,
              35.861826384471286
            ],
            [
              14.553719758987427,
              35.86183073196791
            ]
          ],
          [
            [
              14.553269147872925,
              35.86146119390273
            ],
            [
              14.553532004356384,
              35.86147858396795
            ],
            [
              14.55363392829895,
              35.861409023684146
            ],
            [
              14.55362856388092,
              35.86129598809279
            ],
            [
              14.553596377372742,
              35.861243817765455
            ],
            [
              14.553510546684265,
              35.861230775178285
            ]
          ],
          [
            [
              14.553236961364746,
              35.861426413760825
            ],
            [
              14.553269147872925,
              35.86146119390273
            ],
            [
              14.553306698799133,
              35.86157857676895
            ],
            [
              14.553317427635193,
              35.861691611957355
            ],
            [
              14.553295969963074,
              35.86178725699082
            ],
            [
              14.553242325782776,
              35.86188290190891
            ],
            [
              14.55314040184021,
              35.86198289419988
            ],
            [
              14.552941918373108,
              35.86207419139882
            ],
            [
              14.55290973186493,
              35.86210897125649
            ],
            [
              14.552925825119019,
              35.862161141014354
            ],
            [
              14.552974104881287,
              35.86218287840333
            ],
            [
              14.553059935569763,
              35.862161141014354
            ],
            [
              14.553183317184448,
              35.86205245398004
            ],
            [
              14.553301334381104,
              35.86201767409759
            ],
            [
              14.553360342979431,
              35.86198724168791
            ],
            [
              14.55338180065155,
              35.861891596895745
            ],
            [
              14.553424715995789,
              35.86180029948645
            ],
            [
              14.553510546684265,
              35.86171334947508
            ],
            [
              14.553612470626831,
              35.861665526928164
            ],
            [
              14.553735852241516,
              35.86165683191656
            ],
            [
              14.55388605594635,
              35.861717696977934
            ],
            [
              14.553955793380737,
              35.86180464698454
            ],
            [
              14.553982615470886,
              35.86189594438879
            ],
            [
              14.554063081741333,
              35.8619437667967
            ],
            [
              14.55414354801178,
              35.86195246177684
            ],
            [
              14.554218649864197,
              35.8619481142869
            ],
            [
              14.554272294044495,
              35.861930724324665
            ],
            [
              14.554325938224792,
              35.861891596895745
            ],
            [
              14.554352760314941,
              35.86185681694269
            ],
            [
              14.55437421798706,
              35.86174812949106
            ],
            [
              14.554486870765686,
              35.861661179422484
            ],
            [
              14.554513692855835,
              35.861617704352426
            ],
            [
              14.554529786109924,
              35.86152640662765
            ],
            [
              14.554588794708252,
              35.86144380383368
            ],
            [
              14.55465316772461,
              35.86140467616438
            ],
            [
              14.554717540740967,
              35.861400328644365
            ],
            [
              14.554803371429443,
              35.86141337120368
            ]
          ],
          [
            [
              14.554272294044495,
              35.861930724324665
            ],
            [
              14.554336667060852,
              35.86205680146428
            ],
            [
              14.554443955421448,
              35.862143751098884
            ],
            [
              14.554449319839478,
              35.86224809053451
            ],
            [
              14.554465413093567,
              35.862295912729934
            ],
            [
              14.554551243782043,
              35.86233503995928
            ]
          ],
          [
            [
              14.55487310886383,
              35.86151771160077
            ],
            [
              14.55512523651123,
              35.86134381086265
            ],
            [
              14.55514669418335,
              35.86131772571902
            ],
            [
              14.55515742301941,
              35.86127859798748
            ],
            [
              14.55513060092926,
              35.861222080118964
            ],
            [
              14.555076956748962,
              35.86117425727565
            ],
            [
              14.555071592330933,
              35.861109044261
            ],
            [
              14.555103778839111,
              35.86106991642643
            ],
            [
              14.555205702781677,
              35.86099166069941
            ]
          ],
          [
            [
              14.555023312568665,
              35.86151336408696
            ],
            [
              14.555082321166992,
              35.86155683921426
            ],
            [
              14.555093050003052,
              35.86160900933555
            ],
            [
              14.554980397224426,
              35.8619176818505
            ],
            [
              14.55489993095398,
              35.86196985173429
            ],
            [
              14.554771184921265,
              35.86199593666329
            ],
            [
              14.554669260978699,
              35.862043759010845
            ],
            [
              14.554835557937622,
              35.862048106495564
            ],
            [
              14.554969668388367,
              35.86208723384725
            ],
            [
              14.55515742301941,
              35.86210897125649
            ]
          ],
          [
            [
              14.55540418624878,
              35.86134815838574
            ],
            [
              14.555484652519226,
              35.86129598809279
            ],
            [
              14.555559754371643,
              35.8612699029334
            ]
          ],
          [
            [
              14.55514669418335,
              35.86131772571902
            ],
            [
              14.555205702781677,
              35.86133946333929
            ],
            [
              14.555227160453796,
              35.861374243519364
            ],
            [
              14.555232524871826,
              35.861422066242
            ],
            [
              14.555211067199707,
              35.86157857676895
            ],
            [
              14.555221796035767,
              35.86168726445308
            ],
            [
              14.555243253707886,
              35.86171334947508
            ],
            [
              14.555264711380005,
              35.86170900197202
            ],
            [
              14.555286169052124,
              35.86167422193887
            ],
            [
              14.555302262306213,
              35.86153510165357
            ],
            [
              14.555323719978333,
              35.86146554141939
            ],
            [
              14.555350542068481,
              35.861426413760825
            ],
            [
              14.55539345741272,
              35.86141771872296
            ]
          ],
          [
            [
              14.555023312568665,
              35.861222080118964
            ],
            [
              14.554808735847473,
              35.861230775178285
            ],
            [
              14.55463171005249,
              35.861304683143985
            ],
            [
              14.554728269577026,
              35.86134815838574
            ],
            [
              14.554803371429443,
              35.86141337120368
            ],
            [
              14.554857015609741,
              35.86147423645201
            ],
            [
              14.55488383769989,
              35.86153075414073
            ],
            [
              14.554921388626099,
              35.86167422193887
            ],
            [
              14.55490529537201,
              35.86177856199255
            ],
            [
              14.554910659790039,
              35.86183073196791
            ],
            [
              14.554948210716248,
              35.86180029948645
            ],
            [
              14.554980397224426,
              35.86173943448851
            ],
            [
              14.555017948150635,
              35.86152205911432
            ],
            [
              14.555087685585022,
              35.86144815135128
            ],
            [
              14.55512523651123,
              35.86134381086265
            ]
          ],
          [
            [
              14.559980034828186,
              35.860343874214394
            ],
            [
              14.560017585754395,
              35.86034822179238
            ]
          ],
          [
            [
              14.56663727760315,
              35.855217913946205
            ],
            [
              14.56663727760315,
              35.85519617464723
            ],
            [
              14.566653370857239,
              35.85517443534232
            ],
            [
              14.566696286201477,
              35.85507008659569
            ]
          ],
          [
            [
              14.566572904586792,
              35.86368709124061
            ],
            [
              14.566508531570435,
              35.86367839645074
            ]
          ],
          [
            [
              14.567221999168396,
              35.86405661892795
            ],
            [
              14.567200541496277,
              35.86406966105014
            ],
            [
              14.567227363586426,
              35.8640957452881
            ]
          ],
          [
            [
              14.56360638141632,
              35.8661042058301
            ],
            [
              14.562812447547913,
              35.866347652134024
            ],
            [
              14.562978744506836,
              35.86643024981724
            ],
            [
              14.563187956809998,
              35.86635634663105
            ],
            [
              14.563096761703491,
              35.86626070711132
            ],
            [
              14.563284516334534,
              35.86599117693477
            ],
            [
              14.563230872154236,
              35.865847716950896
            ],
            [
              14.562930464744568,
              35.86581728601185
            ]
          ],
          [
            [
              14.562597870826721,
              35.86668673681109
            ],
            [
              14.563053846359253,
              35.86597378785967
            ],
            [
              14.56310749053955,
              35.86599987147093
            ],
            [
              14.563230872154236,
              35.865847716950896
            ],
            [
              14.563284516334534,
              35.86580859145566
            ],
            [
              14.563525915145874,
              35.86580424417721
            ],
            [
              14.563520550727844,
              35.865886842426804
            ],
            [
              14.56361711025238,
              35.86587380060365
            ],
            [
              14.563788771629333,
              35.86579989689855
            ],
            [
              14.563751220703125,
              35.86571729855835
            ]
          ],
          [
            [
              14.562994837760925,
              35.866078122253185
            ],
            [
              14.562807083129883,
              35.866025955073596
            ]
          ],
          [
            [
              14.5628821849823,
              35.86330886699993
            ],
            [
              14.562839269638062,
              35.86333060407415
            ]
          ],
          [
            [
              14.561326503753662,
              35.86335668855533
            ],
            [
              14.561460614204407,
              35.86341320490179
            ]
          ],
          [
            [
              14.557067155838013,
              35.868034366698694
            ],
            [
              14.556707739830017,
              35.868364749882886
            ],
            [
              14.556541442871094,
              35.868495163918524
            ],
            [
              14.55636978149414,
              35.86858210648968
            ],
            [
              14.55615520477295,
              35.868725561523604
            ],
            [
              14.556037187576294,
              35.86879511538595
            ]
          ],
          [
            [
              14.563504457473755,
              35.86876903269473
            ],
            [
              14.563670754432678,
              35.86872990864177
            ],
            [
              14.56386923789978,
              35.86860384211758
            ],
            [
              14.564212560653687,
              35.86857341223687
            ],
            [
              14.564309120178223,
              35.86842126265802
            ],
            [
              14.564309120178223,
              35.8683560556062
            ]
          ],
          [
            [
              14.568214416503906,
              35.86683019527615
            ],
            [
              14.567221999168396,
              35.86650850017453
            ],
            [
              14.567061066627502,
              35.866330263137115
            ],
            [
              14.566310048103333,
              35.865834675121306
            ],
            [
              14.56636369228363,
              35.86584336967461
            ],
            [
              14.566336870193481,
              35.86580859145566
            ],
            [
              14.56637978553772,
              35.86582598056704
            ],
            [
              14.5663583278656,
              35.86577816050158
            ],
            [
              14.566347599029541,
              35.86572164584156
            ],
            [
              14.566256403923035,
              35.86564339470732
            ],
            [
              14.565730690956116,
              35.86529126364708
            ],
            [
              14.56563413143158,
              35.865273874418364
            ]
          ]
        ]
      },
      "properties": {
        "subclass": "footway",
        "class": "path",
        "source_layer": "transportation",
        "source_tile": "https://tiles.openfreemap.org/planet/20261004_113936_pt/14/8854/6441.pbf"
      }
    },
    {
      "type": "Feature",
      "id": "transportation:2237987840-0",
      "geometry": {
        "type": "MultiLineString",
        "coordinates": [
          [
            [
              14.549256563186646,
              35.85394398096683
            ],
            [
              14.549245834350586,
              35.85390050166431
            ]
          ],
          [
            [
              14.555672407150269,
              35.8544005122036
            ],
            [
              14.55590307712555,
              35.8542092041958
            ],
            [
              14.555994272232056,
              35.85419181253582
            ],
            [
              14.55614447593689,
              35.85422224793827
            ],
            [
              14.556203484535217,
              35.85427007497562
            ]
          ],
          [
            [
              14.556058645248413,
              35.862161141014354
            ],
            [
              14.556112289428711,
              35.86203941152591
            ],
            [
              14.55614984035492,
              35.86186985942689
            ],
            [
              14.556267857551575,
              35.861617704352426
            ],
            [
              14.55639123916626,
              35.86146554141939
            ],
            [
              14.556471705436707,
              35.86139598112415
            ]
          ],
          [
            [
              14.564759731292725,
              35.866569361510145
            ],
            [
              14.564287662506104,
              35.866869320267014
            ]
          ],
          [
            [
              14.564695358276367,
              35.86632591588729
            ],
            [
              14.564663171768188,
              35.86645633327825
            ],
            [
              14.564759731292725,
              35.866569361510145
            ],
            [
              14.564770460128784,
              35.86668673681109
            ],
            [
              14.56437349319458,
              35.86696495905224
            ]
          ],
          [
            [
              14.564545154571533,
              35.86684758416338
            ],
            [
              14.564518332481384,
              35.86715188907192
            ]
          ],
          [
            [
              14.567978382110596,
              35.857039646018876
            ],
            [
              14.568214416503906,
              35.856974429602715
            ]
          ]
        ]
      },
      "properties": {
        "class": "service",
        "service": "driveway",
        "source_layer": "transportation",
        "source_tile": "https://tiles.openfreemap.org/planet/20261004_113936_pt/14/8854/6441.pbf"
      }
    },
    {
      "type": "Feature",
      "id": "transportation:2237987860-0",
      "geometry": {
        "type": "MultiLineString",
        "coordinates": [
          [
            [
              14.545555114746094,
              35.869429791559625
            ],
            [
              14.546016454696655,
              35.86932111449332
            ],
            [
              14.546290040016174,
              35.86931242032158
            ],
            [
              14.54664409160614,
              35.86923417273296
            ],
            [
              14.54689085483551,
              35.86914288378192
            ],
            [
              14.547325372695923,
              35.868964652669646
            ],
            [
              14.547716975212097,
              35.86892987582051
            ],
            [
              14.548827409744263,
              35.868695131689634
            ],
            [
              14.549417495727539,
              35.868542982344465
            ],
            [
              14.549546241760254,
              35.868529940958425
            ],
            [
              14.55014169216156,
              35.86851689957024
            ],
            [
              14.550721049308777,
              35.86847777539283
            ],
            [
              14.550855159759521,
              35.86847777539283
            ],
            [
              14.550983905792236,
              35.86848646965615
            ],
            [
              14.551262855529785,
              35.868529940958425
            ],
            [
              14.55141305923462,
              35.868525593829276
            ],
            [
              14.552271366119385,
              35.868334319910346
            ],
            [
              14.552437663078308,
              35.86827780707321
            ],
            [
              14.552603960037231,
              35.86804306101065
            ],
            [
              14.552732706069946,
              35.867912646231005
            ],
            [
              14.553059935569763,
              35.86770398213707
            ],
            [
              14.553081393241882,
              35.86760834424376
            ],
            [
              14.553446173667908,
              35.8673518602327
            ],
            [
              14.553730487823486,
              35.86729099949807
            ],
            [
              14.553794860839844,
              35.867221444315504
            ],
            [
              14.55388069152832,
              35.86716493068474
            ],
            [
              14.55414354801178,
              35.8670258200373
            ]
          ],
          [
            [
              14.555549025535583,
              35.86573903497201
            ],
            [
              14.555559754371643,
              35.86487826843468
            ]
          ],
          [
            [
              14.556176662445068,
              35.8652825690332
            ],
            [
              14.55762505531311,
              35.86525648518585
            ],
            [
              14.559416770935059,
              35.86523474863985
            ],
            [
              14.559556245803833,
              35.86506955069537
            ],
            [
              14.55963671207428,
              35.86493043636975
            ],
            [
              14.559985399246216,
              35.86467394369173
            ]
          ],
          [
            [
              14.556165933609009,
              35.864873921105215
            ],
            [
              14.556176662445068,
              35.8652825690332
            ],
            [
              14.556182026863098,
              35.86559992182157
            ],
            [
              14.555549025535583,
              35.86573903497201
            ],
            [
              14.555248618125916,
              35.86581728601185
            ]
          ],
          [
            [
              14.554535150527954,
              35.864900005078454
            ],
            [
              14.554556608200073,
              35.8640957452881
            ]
          ],
          [
            [
              14.55536663532257,
              35.8641174821465
            ],
            [
              14.555329084396362,
              35.864886963092914
            ]
          ],
          [
            [
              14.556466341018677,
              35.864160955845406
            ],
            [
              14.556477069854736,
              35.86431311360383
            ],
            [
              14.556584358215332,
              35.86486522644556
            ]
          ],
          [
            [
              14.556326866149902,
              35.862834997300595
            ],
            [
              14.556734561920166,
              35.86282630241725
            ],
            [
              14.557775259017944,
              35.862995852470306
            ],
            [
              14.558821320533752,
              35.86314366504112
            ],
            [
              14.559491872787476,
              35.86329582475254
            ],
            [
              14.55988883972168,
              35.86342624712985
            ],
            [
              14.560489654541016,
              35.863739259959715
            ],
            [
              14.560913443565369,
              35.86403053467713
            ],
            [
              14.561310410499573,
              35.864408755473875
            ],
            [
              14.561921954154968,
              35.865156497024856
            ],
            [
              14.561997056007385,
              35.86534343131028
            ]
          ],
          [
            [
              14.547598958015442,
              35.86617376199324
            ],
            [
              14.548060297966003,
              35.86588249515266
            ],
            [
              14.548269510269165,
              35.86579989689855
            ],
            [
              14.548441171646118,
              35.865847716950896
            ],
            [
              14.548805952072144,
              35.865865106053676
            ],
            [
              14.549294114112854,
              35.86583902239806
            ],
            [
              14.549685716629028,
              35.86586075877834
            ],
            [
              14.550007581710815,
              35.865912926066656
            ],
            [
              14.550050497055054,
              35.8659781351288
            ],
            [
              14.550061225891113,
              35.86616072021731
            ],
            [
              14.550088047981262,
              35.86622592907554
            ],
            [
              14.550222158432007,
              35.86628244337595
            ],
            [
              14.550501108169556,
              35.8663346103867
            ],
            [
              14.550951719284058,
              35.86644329154882
            ],
            [
              14.551203846931458,
              35.86645198603533
            ],
            [
              14.551300406455994,
              35.86644329154882
            ],
            [
              14.551472067832947,
              35.86645198603533
            ],
            [
              14.551751017570496,
              35.86652588913233
            ],
            [
              14.551976323127747,
              35.866599792160414
            ],
            [
              14.552314281463623,
              35.866825848053765
            ],
            [
              14.552217721939087,
              35.86691713967406
            ],
            [
              14.55241084098816,
              35.867117111427234
            ],
            [
              14.55264687538147,
              35.86738229058251
            ],
            [
              14.552754163742065,
              35.86745619281194
            ],
            [
              14.553081393241882,
              35.86760834424376
            ]
          ],
          [
            [
              14.547609686851501,
              35.85637878385248
            ],
            [
              14.54762578010559,
              35.856313566892666
            ],
            [
              14.547668695449829,
              35.85623095866654
            ],
            [
              14.547936916351318,
              35.856083133205004
            ],
            [
              14.548253417015076,
              35.855974437836835
            ],
            [
              14.548451900482178,
              35.85587443796648
            ]
          ],
          [
            [
              14.549680352210999,
              35.85510052166099
            ],
            [
              14.549707174301147,
              35.85518747892597
            ],
            [
              14.551059007644653,
              35.8559353074678
            ],
            [
              14.551096558570862,
              35.856004872554934
            ]
          ],
          [
            [
              14.552968740463257,
              35.86108295904009
            ],
            [
              14.552979469299316,
              35.86106991642643
            ],
            [
              14.553022384643555,
              35.86105687381064
            ],
            [
              14.553059935569763,
              35.86106991642643
            ],
            [
              14.553076028823853,
              35.86108295904009
            ],
            [
              14.553086757659912,
              35.861109044261
            ],
            [
              14.553070664405823,
              35.86113947700784
            ],
            [
              14.553027749061584,
              35.861161214677
            ],
            [
              14.552974104881287,
              35.86114382454214
            ],
            [
              14.552958011627197,
              35.86111339179696
            ],
            [
              14.552968740463257,
              35.86108295904009
            ],
            [
              14.55265760421753,
              35.86083949656455
            ],
            [
              14.552539587020874,
              35.86077863082883
            ],
            [
              14.55214262008667,
              35.8607699357199
            ],
            [
              14.552067518234253,
              35.860752545499196
            ],
            [
              14.551960229873657,
              35.86067428945884
            ],
            [
              14.551992416381836,
              35.86053951498597
            ],
            [
              14.552035331726074,
              35.860239532272146
            ],
            [
              14.552088975906372,
              35.85996128642124
            ],
            [
              14.55189049243927,
              35.85982216312952
            ],
            [
              14.551026821136475,
              35.85935696784962
            ],
            [
              14.55087125301361,
              35.8592395816934
            ],
            [
              14.550093412399292,
              35.85908306654807
            ],
            [
              14.549964666366577,
              35.85903524241425
            ],
            [
              14.549846649169922,
              35.8589091604686
            ]
          ],
          [
            [
              14.555264711380005,
              35.86052212471472
            ],
            [
              14.55512523651123,
              35.860587338212255
            ],
            [
              14.554476141929626,
              35.86101339840913
            ],
            [
              14.554288387298584,
              35.86106556888808
            ],
            [
              14.554020166397095,
              35.861126434403474
            ],
            [
              14.553483724594116,
              35.86113947700784
            ],
            [
              14.553086757659912,
              35.86110034918832
            ]
          ],
          [
            [
              14.558960795402527,
              35.86190463937419
            ],
            [
              14.559068083763123,
              35.86094818526212
            ],
            [
              14.559105634689331,
              35.86083080146231
            ],
            [
              14.559159278869629,
              35.860717765046374
            ],
            [
              14.559325575828552,
              35.8605003868703
            ],
            [
              14.559550881385803,
              35.86029605084126
            ],
            [
              14.559824466705322,
              35.860343874214394
            ],
            [
              14.560012221336365,
              35.86040474028398
            ],
            [
              14.55964207649231,
              35.86150032154411
            ],
            [
              14.560285806655884,
              35.861643789397306
            ],
            [
              14.56037163734436,
              35.861356853431246
            ],
            [
              14.560736417770386,
              35.86016562331325
            ]
          ],
          [
            [
              14.561026096343994,
              35.861487278999135
            ],
            [
              14.56037163734436,
              35.861356853431246
            ]
          ],
          [
            [
              14.560419917106628,
              35.861213385058676
            ],
            [
              14.561069011688232,
              35.861356853431246
            ]
          ],
          [
            [
              14.564824104309082,
              35.857330945356026
            ],
            [
              14.564598798751831,
              35.85770919812185
            ],
            [
              14.56435739994049,
              35.858078753678726
            ],
            [
              14.56412136554718,
              35.857952670211745
            ],
            [
              14.5631343126297,
              35.85741790017458
            ]
          ],
          [
            [
              14.564019441604614,
              35.856391827237985
            ],
            [
              14.566165208816528,
              35.857091819113165
            ]
          ],
          [
            [
              14.564255475997925,
              35.85484399717356
            ],
            [
              14.564078450202942,
              35.85478312683438
            ],
            [
              14.563997983932495,
              35.85474399587736
            ],
            [
              14.56386923789978,
              35.85466138601578
            ],
            [
              14.563719034194946,
              35.85453094921698
            ],
            [
              14.563482999801636,
              35.85423094376537
            ],
            [
              14.563402533531189,
              35.85408746249591
            ],
            [
              14.563075304031372,
              35.85340048797168
            ],
            [
              14.562978744506836,
              35.853287440960656
            ],
            [
              14.562984108924866,
              35.853161349873574
            ]
          ],
          [
            [
              14.564663171768188,
              35.8553266103516
            ],
            [
              14.564684629440308,
              35.855278783951576
            ]
          ],
          [
            [
              14.565757513046265,
              35.85755267995488
            ],
            [
              14.566009640693665,
              35.857178774194026
            ],
            [
              14.566165208816528,
              35.857091819113165
            ],
            [
              14.566588997840881,
              35.856917908665324
            ],
            [
              14.567248821258545,
              35.85663095559228
            ]
          ],
          [
            [
              14.566588997840881,
              35.856917908665324
            ],
            [
              14.566964507102966,
              35.8578005002432
            ],
            [
              14.567484855651855,
              35.85793527937298
            ],
            [
              14.567699432373047,
              35.857883106833796
            ],
            [
              14.568214416503906,
              35.85773528445294
            ]
          ],
          [
            [
              14.567699432373047,
              35.857883106833796
            ],
            [
              14.567248821258545,
              35.85663095559228
            ],
            [
              14.566969871520996,
              35.85643965296656
            ],
            [
              14.566519260406494,
              35.856313566892666
            ],
            [
              14.5643949508667,
              35.85585269884754
            ]
          ],
          [
            [
              14.567281007766724,
              35.85940479178933
            ],
            [
              14.565929174423218,
              35.85963521582177
            ]
          ],
          [
            [
              14.567345380783081,
              35.8596091301159
            ],
            [
              14.567281007766724,
              35.85940479178933
            ],
            [
              14.567254185676575,
              35.859317839150194
            ],
            [
              14.56710398197174,
              35.85878742598594
            ]
          ],
          [
            [
              14.566937685012817,
              35.85967434436455
            ],
            [
              14.567345380783081,
              35.8596091301159
            ],
            [
              14.568214416503906,
              35.85950478720642
            ]
          ],
          [
            [
              14.56585943698883,
              35.85909610948866
            ],
            [
              14.566894769668579,
              35.8589091604686
            ],
            [
              14.56710398197174,
              35.85878742598594
            ],
            [
              14.567838907241821,
              35.85837874456979
            ],
            [
              14.568032026290894,
              35.85831352925527
            ],
            [
              14.568214416503906,
              35.85826135696503
            ]
          ],
          [
            [
              14.565301537513733,
              35.85997432921731
            ],
            [
              14.564985036849976,
              35.86049169173086
            ],
            [
              14.564464688301086,
              35.86083949656455
            ],
            [
              14.564014077186584,
              35.86116990974298
            ]
          ],
          [
            [
              14.566293954849243,
              35.85836570151119
            ],
            [
              14.564598798751831,
              35.85770919812185
            ]
          ],
          [
            [
              14.563767313957214,
              35.85827005234911
            ],
            [
              14.564325213432312,
              35.85877003533032
            ],
            [
              14.565258622169495,
              35.85937870600762
            ],
            [
              14.565333724021912,
              35.859413487048016
            ],
            [
              14.565435647964478,
              35.85940913941879
            ],
            [
              14.56587553024292,
              35.859352620217294
            ]
          ],
          [
            [
              14.562592506408691,
              35.858013538117405
            ],
            [
              14.563311338424683,
              35.85863525761974
            ],
            [
              14.563847780227661,
              35.85912654300833
            ],
            [
              14.563938975334167,
              35.859226538776454
            ],
            [
              14.564480781555176,
              35.85968738720784
            ],
            [
              14.564716815948486,
              35.85982216312952
            ],
            [
              14.565033316612244,
              35.85993085322205
            ],
            [
              14.565301537513733,
              35.85997432921731
            ],
            [
              14.565955996513367,
              35.85991346281726
            ]
          ],
          [
            [
              14.563311338424683,
              35.85863525761974
            ],
            [
              14.563767313957214,
              35.85827005234911
            ],
            [
              14.56412136554718,
              35.857952670211745
            ]
          ],
          [
            [
              14.563847780227661,
              35.85912654300833
            ],
            [
              14.564325213432312,
              35.85877003533032
            ]
          ],
          [
            [
              14.564985036849976,
              35.86049169173086
            ],
            [
              14.565403461456299,
              35.86111339179696
            ],
            [
              14.565757513046265,
              35.861730739485
            ]
          ],
          [
            [
              14.563912153244019,
              35.8608699294149
            ],
            [
              14.563509821891785,
              35.860765588165094
            ]
          ],
          [
            [
              14.563960433006287,
              35.86088297206146
            ],
            [
              14.564073085784912,
              35.86090905734817
            ]
          ],
          [
            [
              14.562715888023376,
              35.861000355783986
            ],
            [
              14.56339180469513,
              35.86116990974298
            ]
          ],
          [
            [
              14.563295245170593,
              35.8616350943833
            ],
            [
              14.563906788825989,
              35.86158727178919
            ]
          ],
          [
            [
              14.565253257751465,
              35.861956809266545
            ],
            [
              14.565065503120422,
              35.8623915570342
            ],
            [
              14.564926028251648,
              35.862691531603545
            ],
            [
              14.566288590431213,
              35.8631480124655
            ]
          ],
          [
            [
              14.566245675086975,
              35.8612699029334
            ],
            [
              14.567511677742004,
              35.86051342957768
            ]
          ],
          [
            [
              14.565693140029907,
              35.861765519493375
            ],
            [
              14.565253257751465,
              35.861956809266545
            ],
            [
              14.565188884735107,
              35.86196985173429
            ],
            [
              14.564464688301086,
              35.86083949656455
            ]
          ],
          [
            [
              14.565403461456299,
              35.86111339179696
            ],
            [
              14.565827250480652,
              35.8609394901718
            ],
            [
              14.566031098365784,
              35.86031344116209
            ],
            [
              14.565955996513367,
              35.85991346281726
            ],
            [
              14.565929174423218,
              35.85963521582177
            ],
            [
              14.56587553024292,
              35.859352620217294
            ],
            [
              14.56585943698883,
              35.85909610948866
            ],
            [
              14.56585943698883,
              35.859013504162064
            ],
            [
              14.56588625907898,
              35.85893524640484
            ],
            [
              14.566293954849243,
              35.85836570151119
            ],
            [
              14.566664099693298,
              35.857743979894764
            ],
            [
              14.565757513046265,
              35.85755267995488
            ],
            [
              14.564824104309082,
              35.857330945356026
            ],
            [
              14.563595652580261,
              35.856948343021216
            ]
          ],
          [
            [
              14.566031098365784,
              35.86031344116209
            ],
            [
              14.567270278930664,
              35.860139537781905
            ],
            [
              14.568214416503906,
              35.86004389076017
            ]
          ],
          [
            [
              14.565827250480652,
              35.8609394901718
            ],
            [
              14.56688940525055,
              35.86177421449307
            ],
            [
              14.567018151283264,
              35.86192202934214
            ],
            [
              14.566991329193115,
              35.86202202158371
            ],
            [
              14.56685185432434,
              35.86266979435406
            ]
          ],
          [
            [
              14.567704796791077,
              35.860765588165094
            ],
            [
              14.568214416503906,
              35.86050473443966
            ]
          ],
          [
            [
              14.56688940525055,
              35.86177421449307
            ],
            [
              14.567806720733643,
              35.86091775244181
            ]
          ],
          [
            [
              14.566277861595154,
              35.86255676056068
            ],
            [
              14.566218852996826,
              35.86276109076182
            ],
            [
              14.566229581832886,
              35.86280891264772
            ],
            [
              14.566320776939392,
              35.86285673450476
            ],
            [
              14.567447304725647,
              35.863339298902176
            ],
            [
              14.567688703536987,
              35.863395815261015
            ],
            [
              14.568048119544983,
              35.86336103596804
            ],
            [
              14.568214416503906,
              35.86331321441527
            ]
          ],
          [
            [
              14.56588089466095,
              35.86249589614363
            ],
            [
              14.566047191619873,
              35.86190463937419
            ]
          ],
          [
            [
              14.565993547439575,
              35.8659259678834
            ],
            [
              14.565746784210205,
              35.86579989689855
            ],
            [
              14.56539273262024,
              35.86573903497201
            ]
          ],
          [
            [
              14.566165208816528,
              35.866025955073596
            ],
            [
              14.56589162349701,
              35.8665563197993
            ]
          ],
          [
            [
              14.56563413143158,
              35.865273874418364
            ],
            [
              14.56537127494812,
              35.8651825809051
            ],
            [
              14.56462562084198,
              35.86528691634027
            ],
            [
              14.564416408538818,
              35.86533038939771
            ],
            [
              14.564169645309448,
              35.86543037733934
            ],
            [
              14.564062356948853,
              35.8654955867985
            ],
            [
              14.564046263694763,
              35.865526017861086
            ],
            [
              14.564078450202942,
              35.865578185369756
            ]
          ],
          [
            [
              14.56487774848938,
              35.86660848662979
            ],
            [
              14.565204977989197,
              35.866599792160414
            ],
            [
              14.565430283546448,
              35.86663022279899
            ],
            [
              14.565596580505371,
              35.86668238958082
            ],
            [
              14.565805792808533,
              35.866778028591625
            ],
            [
              14.566218852996826,
              35.86703016724873
            ],
            [
              14.566401243209839,
              35.8670779865587
            ],
            [
              14.566422700881958,
              35.86700843118918
            ],
            [
              14.566342234611511,
              35.86697365348155
            ],
            [
              14.566347599029541,
              35.86679541749028
            ]
          ],
          [
            [
              14.5646470785141,
              35.866247665349704
            ],
            [
              14.565006494522095,
              35.86681280638514
            ],
            [
              14.565204977989197,
              35.867104069806516
            ],
            [
              14.56538736820221,
              35.86740837373017
            ],
            [
              14.565591216087341,
              35.86779527274578
            ],
            [
              14.565591216087341,
              35.86785178592703
            ],
            [
              14.565580487251282,
              35.867899604741226
            ],
            [
              14.565596580505371,
              35.867969159328524
            ],
            [
              14.56562340259552,
              35.868030019542346
            ],
            [
              14.56564486026764,
              35.86849081678746
            ],
            [
              14.56563949584961,
              35.868521246699885
            ],
            [
              14.56562876701355,
              35.868529940958425
            ],
            [
              14.565591216087341,
              35.868534288087346
            ],
            [
              14.565510749816895,
              35.868521246699885
            ]
          ],
          [
            [
              14.563563466072083,
              35.86580859145566
            ],
            [
              14.56360638141632,
              35.86583902239806
            ],
            [
              14.563751220703125,
              35.866221581819985
            ],
            [
              14.563837051391602,
              35.86635199938266
            ],
            [
              14.56387460231781,
              35.86637373562225
            ],
            [
              14.563922882080078,
              35.866386777363104
            ],
            [
              14.564164280891418,
              35.866386777363104
            ],
            [
              14.564303755760193,
              35.86636938837478
            ],
            [
              14.5646470785141,
              35.866247665349704
            ],
            [
              14.565011858940125,
              35.86612159487662
            ],
            [
              14.565237164497375,
              35.8661998455387
            ],
            [
              14.56561267375946,
              35.86636938837478
            ],
            [
              14.56589162349701,
              35.8665563197993
            ],
            [
              14.566095471382141,
              35.866669347888575
            ],
            [
              14.566347599029541,
              35.86679541749028
            ],
            [
              14.56686794757843,
              35.86702147282561
            ],
            [
              14.567801356315613,
              35.867343165844915
            ],
            [
              14.568214416503906,
              35.867486623121664
            ]
          ],
          [
            [
              14.562780261039734,
              35.86677368136638
            ],
            [
              14.563171863555908,
              35.86668673681109
            ],
            [
              14.563456177711487,
              35.86660413939521
            ],
            [
              14.563568830490112,
              35.86652154189325
            ],
            [
              14.563649296760559,
              35.866417208083504
            ],
            [
              14.563681483268738,
              35.866330263137115
            ],
            [
              14.563670754432678,
              35.86625201260382
            ],
            [
              14.563547372817993,
              35.86593466242668
            ],
            [
              14.563563466072083,
              35.86580859145566
            ],
            [
              14.563579559326172,
              35.865734687689766
            ]
          ],
          [
            [
              14.56387460231781,
              35.862713268847074
            ],
            [
              14.564196467399597,
              35.8627567433162
            ],
            [
              14.564904570579529,
              35.86274804842428
            ]
          ],
          [
            [
              14.560672044754028,
              35.8627567433162
            ],
            [
              14.561026096343994,
              35.861487278999135
            ],
            [
              14.561069011688232,
              35.861356853431246
            ],
            [
              14.56139087677002,
              35.86035256937008
            ],
            [
              14.560736417770386,
              35.86016562331325
            ],
            [
              14.560462832450867,
              35.86010475706007
            ],
            [
              14.560092687606812,
              35.86011779983255
            ],
            [
              14.559931755065918,
              35.860139537781905
            ],
            [
              14.559824466705322,
              35.860343874214394
            ]
          ],
          [
            [
              14.559679627418518,
              35.862691531603545
            ],
            [
              14.559491872787476,
              35.86329582475254
            ],
            [
              14.559186100959778,
              35.86424355580765
            ],
            [
              14.558950066566467,
              35.864265292625504
            ],
            [
              14.556477069854736,
              35.86431311360383
            ]
          ],
          [
            [
              14.557271003723145,
              35.864860879115355
            ],
            [
              14.55762505531311,
              35.86525648518585
            ]
          ],
          [
            [
              14.55963671207428,
              35.86493043636975
            ],
            [
              14.559491872787476,
              35.86481305846759
            ],
            [
              14.557271003723145,
              35.864860879115355
            ],
            [
              14.556584358215332,
              35.86486522644556
            ],
            [
              14.556165933609009,
              35.864873921105215
            ],
            [
              14.554535150527954,
              35.864900005078454
            ],
            [
              14.554352760314941,
              35.86489565775018
            ]
          ],
          [
            [
              14.563289880752563,
              35.87092517285605
            ],
            [
              14.563402533531189,
              35.8710990525706
            ],
            [
              14.563493728637695,
              35.871159910380555
            ],
            [
              14.563568830490112,
              35.871190339268
            ],
            [
              14.563831686973572,
              35.871264237945994
            ],
            [
              14.564067721366882,
              35.871316401677205
            ],
            [
              14.564335942268372,
              35.87152505625862
            ]
          ],
          [
            [
              14.564453959465027,
              35.87112948148142
            ],
            [
              14.564464688301086,
              35.87049916594276
            ],
            [
              14.564411044120789,
              35.87039918439659
            ]
          ],
          [
            [
              14.565204977989197,
              35.867104069806516
            ],
            [
              14.566583633422852,
              35.86757356679938
            ],
            [
              14.566444158554077,
              35.86783874442723
            ]
          ],
          [
            [
              14.56686794757843,
              35.86702147282561
            ],
            [
              14.566578269004822,
              35.86753009497244
            ]
          ],
          [
            [
              14.567570686340332,
              35.86779527274578
            ],
            [
              14.567801356315613,
              35.867343165844915
            ],
            [
              14.568080306053162,
              35.86684758416338
            ]
          ],
          [
            [
              14.565832614898682,
              35.86903420632213
            ],
            [
              14.565167427062988,
              35.869216784369456
            ],
            [
              14.56413209438324,
              35.86970365710566
            ],
            [
              14.564550518989563,
              35.87032093788113
            ]
          ],
          [
            [
              14.565553665161133,
              35.86990362182708
            ],
            [
              14.565596580505371,
              35.87005142151423
            ],
            [
              14.565596580505371,
              35.87016009757893
            ],
            [
              14.565553665161133,
              35.870407878449086
            ],
            [
              14.565505385398865,
              35.8705426361409
            ],
            [
              14.565151333808899,
              35.87103384772237
            ],
            [
              14.565065503120422,
              35.8710686236481
            ],
            [
              14.564775824546814,
              35.87112078750809
            ],
            [
              14.564453959465027,
              35.87112948148142
            ],
            [
              14.564250111579895,
              35.871181645301334
            ],
            [
              14.564185738563538,
              35.87121207418045
            ],
            [
              14.56413209438324,
              35.87124685002797
            ],
            [
              14.564067721366882,
              35.871316401677205
            ]
          ],
          [
            [
              14.566283226013184,
              35.87026877349456
            ],
            [
              14.566186666488647,
              35.8702513853581
            ],
            [
              14.5661062002182,
              35.870168791657676
            ],
            [
              14.566031098365784,
              35.87005142151423
            ],
            [
              14.565966725349426,
              35.86981233364729
            ]
          ],
          [
            [
              14.565424919128418,
              35.87065565854441
            ],
            [
              14.56561267375946,
              35.87072955772106
            ],
            [
              14.565660953521729,
              35.87073390472932
            ],
            [
              14.565703868865967,
              35.87071216968572
            ],
            [
              14.565741419792175,
              35.87066869958059
            ]
          ],
          [
            [
              14.56535518169403,
              35.87152505625862
            ],
            [
              14.565677046775818,
              35.87133813655505
            ],
            [
              14.566165208816528,
              35.87112948148142
            ],
            [
              14.566406607627869,
              35.8709729898156
            ],
            [
              14.566653370857239,
              35.870607841393365
            ],
            [
              14.566680192947388,
              35.870516554024874
            ],
            [
              14.566685557365417,
              35.870407878449086
            ],
            [
              14.566669464111328,
              35.8702513853581
            ],
            [
              14.566599726676941,
              35.86995143940308
            ]
          ],
          [
            [
              14.565151333808899,
              35.87103384772237
            ],
            [
              14.565473198890686,
              35.871455504792536
            ]
          ],
          [
            [
              14.566669464111328,
              35.8702513853581
            ],
            [
              14.566347599029541,
              35.870233997217795
            ],
            [
              14.566283226013184,
              35.87026877349456
            ],
            [
              14.565677046775818,
              35.87133813655505
            ]
          ],
          [
            [
              14.568214416503906,
              35.862161141014354
            ],
            [
              14.56813395023346,
              35.86219592083384
            ],
            [
              14.566991329193115,
              35.86202202158371
            ],
            [
              14.566047191619873,
              35.86190463937419
            ],
            [
              14.565821886062622,
              35.86183073196791
            ]
          ],
          [
            [
              14.568214416503906,
              35.86144380383368
            ],
            [
              14.56811785697937,
              35.86130903066925
            ],
            [
              14.567806720733643,
              35.86091775244181
            ],
            [
              14.567704796791077,
              35.860765588165094
            ],
            [
              14.567511677742004,
              35.86051342957768
            ],
            [
              14.567270278930664,
              35.860139537781905
            ],
            [
              14.566937685012817,
              35.85967434436455
            ],
            [
              14.56685185432434,
              35.8595656539203
            ]
          ],
          [
            [
              14.56811785697937,
              35.86130903066925
            ],
            [
              14.568214416503906,
              35.861261207878385
            ]
          ],
          [
            [
              14.568214416503906,
              35.85920045293605
            ],
            [
              14.567254185676575,
              35.859317839150194
            ]
          ],
          [
            [
              14.568032026290894,
              35.85831352925527
            ],
            [
              14.567490220069885,
              35.85804831975679
            ],
            [
              14.567458033561707,
              35.85797875646274
            ],
            [
              14.567484855651855,
              35.85793527937298
            ]
          ]
        ]
      },
      "properties": {
        "surface": "paved",
        "class": "minor",
        "source_layer": "transportation",
        "source_tile": "https://tiles.openfreemap.org/planet/20261004_113936_pt/14/8854/6441.pbf"
      }
    },
    {
      "type": "Feature",
      "id": "transportation:2237987940-0",
      "geometry": {
        "type": "MultiLineString",
        "coordinates": [
          [
            [
              14.56238329410553,
              35.866060733197145
            ],
            [
              14.562592506408691,
              35.86580424417721
            ],
            [
              14.562678337097168,
              35.865752076817344
            ],
            [
              14.562930464744568,
              35.86577816050158
            ]
          ],
          [
            [
              14.562844634056091,
              35.866099858567864
            ],
            [
              14.562678337097168,
              35.866117247615335
            ],
            [
              14.562463760375977,
              35.86616506747619
            ]
          ],
          [
            [
              14.5626300573349,
              35.865147802396194
            ],
            [
              14.562812447547913,
              35.86502607749483
            ]
          ],
          [
            [
              14.562780261039734,
              35.86530865287196
            ],
            [
              14.562957286834717,
              35.86519127552995
            ]
          ]
        ]
      },
      "properties": {
        "surface": "paved",
        "class": "service",
        "service": "alley",
        "source_layer": "transportation",
        "source_tile": "https://tiles.openfreemap.org/planet/20261004_113936_pt/14/8854/6441.pbf"
      }
    },
    {
      "type": "Feature",
      "id": "transportation:2237995960-0",
      "geometry": {
        "type": "MultiLineString",
        "coordinates": [
          [
            [
              14.564046263694763,
              35.865526017861086
            ],
            [
              14.563719034194946,
              35.86563904741982
            ],
            [
              14.563504457473755,
              35.86562165826744
            ],
            [
              14.561530351638794,
              35.8635349322803
            ],
            [
              14.561562538146973,
              35.863382773027936
            ],
            [
              14.561798572540283,
              35.863195834117946
            ],
            [
              14.56213653087616,
              35.86306106393259
            ],
            [
              14.562238454818726,
              35.863039326784445
            ],
            [
              14.56237256526947,
              35.86304367421455
            ],
            [
              14.5626300573349,
              35.86313497019165
            ],
            [
              14.563000202178955,
              35.86348276342669
            ],
            [
              14.563220143318176,
              35.86359144849966
            ],
            [
              14.563440084457397,
              35.86363926988456
            ],
            [
              14.563837051391602,
              35.86363492248711
            ]
          ],
          [
            [
              14.563719034194946,
              35.86563904741982
            ],
            [
              14.563751220703125,
              35.86571729855835
            ]
          ]
        ]
      },
      "properties": {
        "subclass": "footway",
        "bicycle": "designated",
        "surface": "paved",
        "class": "path",
        "source_layer": "transportation",
        "source_tile": "https://tiles.openfreemap.org/planet/20261004_113936_pt/14/8854/6441.pbf"
      }
    },
    {
      "type": "Feature",
      "id": "transportation:3151769820-0",
      "geometry": {
        "type": "MultiLineString",
        "coordinates": [
          [
            [
              14.55188512802124,
              35.861152519610044
            ],
            [
              14.55188512802124,
              35.86107861150245
            ],
            [
              14.551992416381836,
              35.86107426396457
            ],
            [
              14.55215871334076,
              35.86117425727565
            ],
            [
              14.552239179611206,
              35.86116556221012
            ],
            [
              14.552282094955444,
              35.8611829523402
            ],
            [
              14.552325010299683,
              35.861230775178285
            ],
            [
              14.552228450775146,
              35.8612699029334
            ],
            [
              14.552164077758789,
              35.86133076829191
            ],
            [
              14.55212652683258,
              35.861400328644365
            ]
          ],
          [
            [
              14.554857015609741,
              35.86147423645201
            ],
            [
              14.555093050003052,
              35.86132642076785
            ],
            [
              14.555082321166992,
              35.861261207878385
            ],
            [
              14.555023312568665,
              35.861222080118964
            ]
          ],
          [
            [
              14.55464243888855,
              35.86125686035051
            ],
            [
              14.554771184921265,
              35.86120468999745
            ],
            [
              14.554808735847473,
              35.861230775178285
            ]
          ],
          [
            [
              14.554261565208435,
              35.861765519493375
            ],
            [
              14.554309844970703,
              35.86178725699082
            ],
            [
              14.554347395896912,
              35.86186116443767
            ]
          ],
          [
            [
              14.558569192886353,
              35.85845265519474
            ],
            [
              14.559459686279297,
              35.85926566752093
            ]
          ],
          [
            [
              14.557592868804932,
              35.85770050267624
            ],
            [
              14.557330012321472,
              35.85777876165241
            ],
            [
              14.556943774223328,
              35.85770050267624
            ],
            [
              14.556418061256409,
              35.857696154953075
            ],
            [
              14.556182026863098,
              35.857757023055655
            ]
          ],
          [
            [
              14.558778405189514,
              35.85712660115696
            ],
            [
              14.55913245677948,
              35.85717442644224
            ],
            [
              14.559561610221863,
              35.85727007692627
            ]
          ],
          [
            [
              14.566519260406494,
              35.856313566892666
            ],
            [
              14.566674828529358,
              35.85565269867361
            ]
          ],
          [
            [
              14.55763578414917,
              35.86348276342669
            ],
            [
              14.557775259017944,
              35.862995852470306
            ]
          ],
          [
            [
              14.557088613510132,
              35.86377838647654
            ],
            [
              14.557110071182251,
              35.86373491256779
            ],
            [
              14.557093977928162,
              35.86351319526214
            ],
            [
              14.55712616443634,
              35.863395815261015
            ]
          ],
          [
            [
              14.56588625907898,
              35.870407878449086
            ],
            [
              14.565966725349426,
              35.87033397897241
            ],
            [
              14.566015005111694,
              35.87032963194223
            ],
            [
              14.56612765789032,
              35.870377449261156
            ],
            [
              14.566202759742737,
              35.870420919526055
            ]
          ]
        ]
      },
      "properties": {
        "subclass": "path",
        "class": "path",
        "source_layer": "transportation",
        "source_tile": "https://tiles.openfreemap.org/planet/20261004_113936_pt/14/8854/6441.pbf"
      }
    },
    {
      "type": "Feature",
      "id": "transportation:3628845450-0",
      "geometry": {
        "type": "MultiLineString",
        "coordinates": [
          [
            [
              14.556444883346558,
              35.86380012342198
            ],
            [
              14.557088613510132,
              35.86377838647654
            ],
            [
              14.557458758354187,
              35.86377838647654
            ],
            [
              14.55888569355011,
              35.86410444003218
            ],
            [
              14.559577703475952,
              35.86442179753814
            ],
            [
              14.559985399246216,
              35.86467394369173
            ],
            [
              14.5603609085083,
              35.864995646240274
            ],
            [
              14.560559391975403,
              35.86526083249436
            ],
            [
              14.56063449382782,
              35.865426030040155
            ],
            [
              14.560602307319641,
              35.86559122724158
            ],
            [
              14.560516476631165,
              35.865652089281596
            ]
          ],
          [
            [
              14.55640196800232,
              35.86329147733626
            ],
            [
              14.55712616443634,
              35.863395815261015
            ],
            [
              14.558907151222229,
              35.863695786029496
            ],
            [
              14.559684991836548,
              35.863947934492884
            ]
          ],
          [
            [
              14.551949501037598,
              35.86268283670448
            ],
            [
              14.551976323127747,
              35.862487201223075
            ],
            [
              14.552008509635925,
              35.86239590449985
            ],
            [
              14.552164077758789,
              35.86213505613972
            ],
            [
              14.552228450775146,
              35.86209158132958
            ],
            [
              14.552448391914368,
              35.86208723384725
            ],
            [
              14.55262541770935,
              35.86203941152591
            ],
            [
              14.553210139274597,
              35.86180464698454
            ],
            [
              14.553253054618835,
              35.861661179422484
            ],
            [
              14.553011655807495,
              35.86128294551416
            ],
            [
              14.553006291389465,
              35.86115686714365
            ]
          ],
          [
            [
              14.5456463098526,
              35.85657443441001
            ],
            [
              14.545619487762451,
              35.8566222600284
            ],
            [
              14.545555114746094,
              35.85667443339737
            ]
          ],
          [
            [
              14.547926187515259,
              35.853843978535394
            ],
            [
              14.547674059867859,
              35.85377006361372
            ],
            [
              14.547067880630493,
              35.85343961959181
            ]
          ],
          [
            [
              14.555162787437439,
              35.85384832646983
            ],
            [
              14.55490529537201,
              35.8536831047941
            ]
          ],
          [
            [
              14.555586576461792,
              35.853470055283
            ],
            [
              14.55538809299469,
              35.853735280097325
            ],
            [
              14.555162787437439,
              35.85384832646983
            ],
            [
              14.55513596534729,
              35.85406137496449
            ],
            [
              14.555248618125916,
              35.854096158337825
            ],
            [
              14.555280804634094,
              35.85412224585781
            ],
            [
              14.555436372756958,
              35.85430485825739
            ],
            [
              14.555495381355286,
              35.85434833733815
            ],
            [
              14.55561876296997,
              35.854378772680505
            ],
            [
              14.555672407150269,
              35.8544005122036
            ],
            [
              14.555704593658447,
              35.85443964333014
            ],
            [
              14.555779695510864,
              35.854748343762424
            ],
            [
              14.555602669715881,
              35.855052695124584
            ],
            [
              14.555506110191345,
              35.85519617464723
            ]
          ],
          [
            [
              14.554331302642822,
              35.85611356788138
            ],
            [
              14.554309844970703,
              35.85709616686948
            ],
            [
              14.554036259651184,
              35.85710051462554
            ]
          ],
          [
            [
              14.554513692855835,
              35.85600922037084
            ],
            [
              14.554583430290222,
              35.85607878539314
            ],
            [
              14.55463707447052,
              35.85611356788138
            ],
            [
              14.554819464683533,
              35.856109220071176
            ],
            [
              14.555259346961975,
              35.856148350354374
            ],
            [
              14.555334448814392,
              35.85623965427335
            ],
            [
              14.555361270904541,
              35.856317914691644
            ],
            [
              14.55536663532257,
              35.85636139266843
            ],
            [
              14.555339813232422,
              35.85659182554731
            ],
            [
              14.555339813232422,
              35.85680921444168
            ],
            [
              14.555355906486511,
              35.856939647492155
            ],
            [
              14.555414915084839,
              35.85710486238138
            ],
            [
              14.555484652519226,
              35.85720051294933
            ],
            [
              14.55562949180603,
              35.85727877241911
            ],
            [
              14.555768966674805,
              35.857296163401884
            ],
            [
              14.55589234828949,
              35.857296163401884
            ],
            [
              14.556112289428711,
              35.857261381432494
            ],
            [
              14.556273221969604,
              35.857196165198744
            ],
            [
              14.55636978149414,
              35.857109210136954
            ],
            [
              14.55665409564972,
              35.85692225643115
            ],
            [
              14.557034969329834,
              35.85687877876197
            ],
            [
              14.55736219882965,
              35.856939647492155
            ],
            [
              14.557855725288391,
              35.856917908665324
            ]
          ],
          [
            [
              14.555473923683167,
              35.86022214193507
            ],
            [
              14.555318355560303,
              35.860052585948736
            ],
            [
              14.555361270904541,
              35.85926566752093
            ],
            [
              14.555339813232422,
              35.85911784771818
            ],
            [
              14.555211067199707,
              35.85889611749724
            ],
            [
              14.554851651191711,
              35.85856569484078
            ],
            [
              14.55464243888855,
              35.858309181565716
            ],
            [
              14.554744362831116,
              35.85801788582316
            ],
            [
              14.554706811904907,
              35.857757023055655
            ],
            [
              14.554197192192078,
              35.8575831140671
            ],
            [
              14.553360342979431,
              35.85725703368526
            ],
            [
              14.55265760421753,
              35.85705703705412
            ],
            [
              14.552260637283325,
              35.85697877736547
            ],
            [
              14.550549387931824,
              35.85672660673204
            ],
            [
              14.549943208694458,
              35.85665269449781
            ]
          ],
          [
            [
              14.558000564575195,
              35.85795701792087
            ],
            [
              14.557753801345825,
              35.85782658654426
            ],
            [
              14.557592868804932,
              35.85770050267624
            ],
            [
              14.557587504386902,
              35.8573439885849
            ],
            [
              14.557603597640991,
              35.85714833992657
            ],
            [
              14.55763578414917,
              35.857061384812326
            ],
            [
              14.557705521583557,
              35.856991820652254
            ],
            [
              14.557855725288391,
              35.856917908665324
            ],
            [
              14.55811858177185,
              35.85665704227819
            ],
            [
              14.558177590370178,
              35.85657443441001
            ],
            [
              14.558220505714417,
              35.856017916001974
            ]
          ],
          [
            [
              14.557705521583557,
              35.856991820652254
            ],
            [
              14.558778405189514,
              35.85712660115696
            ]
          ],
          [
            [
              14.557764530181885,
              35.8551440003054
            ],
            [
              14.557158350944519,
              35.854852692932496
            ],
            [
              14.557008147239685,
              35.85479617048243
            ],
            [
              14.556761384010315,
              35.854822257772085
            ],
            [
              14.556337594985962,
              35.854813562009824
            ],
            [
              14.555779695510864,
              35.854748343762424
            ]
          ],
          [
            [
              14.56164836883545,
              35.853665713018756
            ],
            [
              14.562163352966309,
              35.85364397329417
            ],
            [
              14.562442302703857,
              35.85359614587912
            ],
            [
              14.562748074531555,
              35.85350483891574
            ],
            [
              14.562909007072449,
              35.85342222776303
            ],
            [
              14.562978744506836,
              35.853287440960656
            ]
          ],
          [
            [
              14.56189513206482,
              35.854548340802566
            ],
            [
              14.561927318572998,
              35.85422224793827
            ],
            [
              14.561997056007385,
              35.85419616045118
            ],
            [
              14.563482999801636,
              35.85423094376537
            ]
          ],
          [
            [
              14.562538862228394,
              35.85356571023634
            ],
            [
              14.562195539474487,
              35.8535178827741
            ],
            [
              14.562157988548279,
              35.85348744710126
            ],
            [
              14.56214189529419,
              35.85338309613432
            ],
            [
              14.562517404556274,
              35.85334831244816
            ],
            [
              14.562560319900513,
              35.85331787671025
            ]
          ],
          [
            [
              14.567838907241821,
              35.85837874456979
            ],
            [
              14.568214416503906,
              35.85920045293605
            ]
          ],
          [
            [
              14.561514258384705,
              35.86428268207551
            ],
            [
              14.560843706130981,
              35.86467829103219
            ]
          ],
          [
            [
              14.559958577156067,
              35.86405661892795
            ],
            [
              14.560285806655884,
              35.864221818983836
            ],
            [
              14.560843706130981,
              35.86467829103219
            ],
            [
              14.561219215393066,
              35.86512171850451
            ],
            [
              14.561401605606079,
              35.86543472463826
            ],
            [
              14.561417698860168,
              35.86573903497201
            ]
          ],
          [
            [
              14.557802081108093,
              35.862408946895314
            ],
            [
              14.557356834411621,
              35.862178530926016
            ],
            [
              14.557217359542847,
              35.861974199223056
            ],
            [
              14.557222723960876,
              35.86190898686655
            ],
            [
              14.557179808616638,
              35.86185246944751
            ],
            [
              14.556471705436707,
              35.86139598112415
            ],
            [
              14.55636441707611,
              35.86131772571902
            ],
            [
              14.55589234828949,
              35.86114817207621
            ],
            [
              14.555752873420715,
              35.86106991642643
            ],
            [
              14.55561876296997,
              35.86094383771709
            ],
            [
              14.555323719978333,
              35.860643856533386
            ],
            [
              14.555264711380005,
              35.86052212471472
            ],
            [
              14.555473923683167,
              35.86022214193507
            ],
            [
              14.556074738502502,
              35.85952217770087
            ],
            [
              14.55638587474823,
              35.85913089065305
            ],
            [
              14.55713152885437,
              35.85851352271648
            ],
            [
              14.558000564575195,
              35.85795701792087
            ],
            [
              14.559207558631897,
              35.857322249868915
            ],
            [
              14.559561610221863,
              35.85727007692627
            ],
            [
              14.560822248458862,
              35.857261381432494
            ],
            [
              14.561229944229126,
              35.857239642693884
            ],
            [
              14.561766386032104,
              35.85718312194555
            ],
            [
              14.561970233917236,
              35.857109210136954
            ],
            [
              14.562034606933594,
              35.85703529825946
            ]
          ],
          [
            [
              14.56014096736908,
              35.865669478427336
            ],
            [
              14.559937119483948,
              35.86544341923546
            ],
            [
              14.559556245803833,
              35.86506955069537
            ]
          ],
          [
            [
              14.561401605606079,
              35.86543472463826
            ],
            [
              14.561997056007385,
              35.86534343131028
            ]
          ],
          [
            [
              14.561347961425781,
              35.86640416634762
            ],
            [
              14.560489654541016,
              35.86708233376727
            ],
            [
              14.560183882713318,
              35.8673518602327
            ],
            [
              14.5601087808609,
              35.867551830888885
            ],
            [
              14.560012221336365,
              35.86792134055632
            ],
            [
              14.560028314590454,
              35.86795611784807
            ],
            [
              14.560098052024841,
              35.86801697807191
            ]
          ],
          [
            [
              14.561798572540283,
              35.86657805598284
            ],
            [
              14.561600089073181,
              35.86639112460959
            ]
          ],
          [
            [
              14.560489654541016,
              35.86708233376727
            ],
            [
              14.561181664466858,
              35.86777353689611
            ]
          ],
          [
            [
              14.557233452796936,
              35.87117295133373
            ],
            [
              14.557265639305115,
              35.8712294621061
            ],
            [
              14.557276368141174,
              35.87127727888202
            ],
            [
              14.557281732559204,
              35.87148158659949
            ],
            [
              14.557303190231323,
              35.87152505625862
            ]
          ],
          [
            [
              14.561728835105896,
              35.87152505625862
            ],
            [
              14.562098979949951,
              35.87105992966809
            ]
          ],
          [
            [
              14.56214725971222,
              35.853161349873574
            ],
            [
              14.562318921089172,
              35.85337005225382
            ]
          ],
          [
            [
              14.562254548072815,
              35.853161349873574
            ],
            [
              14.562415480613708,
              35.85335700837115
            ]
          ],
          [
            [
              14.56236183643341,
              35.853161349873574
            ],
            [
              14.562517404556274,
              35.85334831244816
            ]
          ],
          [
            [
              14.562029242515564,
              35.853161349873574
            ],
            [
              14.562200903892517,
              35.85337874817441
            ]
          ],
          [
            [
              14.548462629318237,
              35.853161349873574
            ],
            [
              14.548290967941284,
              35.85345701141675
            ],
            [
              14.547936916351318,
              35.8537396280377
            ],
            [
              14.547926187515259,
              35.853843978535394
            ],
            [
              14.547969102859497,
              35.85390050166431
            ],
            [
              14.548178315162659,
              35.854004851950265
            ],
            [
              14.548478722572327,
              35.85409181041699
            ],
            [
              14.548763036727905,
              35.854035287424466
            ],
            [
              14.549041986465454,
              35.85402224365126
            ],
            [
              14.549245834350586,
              35.85390050166431
            ],
            [
              14.549615979194641,
              35.85391789338817
            ]
          ]
        ]
      },
      "properties": {
        "class": "minor",
        "source_layer": "transportation",
        "source_tile": "https://tiles.openfreemap.org/planet/20261004_113936_pt/14/8854/6441.pbf"
      }
    },
    {
      "type": "Feature",
      "id": "transportation:3945405342-0",
      "geometry": {
        "type": "LineString",
        "coordinates": [
          [
            14.564486145973206,
            35.86595639878071
          ],
          [
            14.564309120178223,
            35.865652089281596
          ],
          [
            14.564534425735474,
            35.865569490787365
          ],
          [
            14.56461489200592,
            35.86547819761462
          ]
        ]
      },
      "properties": {
        "class": "service",
        "oneway": 1,
        "source_layer": "transportation",
        "source_tile": "https://tiles.openfreemap.org/planet/20261004_113936_pt/14/8854/6441.pbf"
      }
    },
    {
      "type": "Feature",
      "id": "transportation:4890420122-0",
      "geometry": {
        "type": "LineString",
        "coordinates": [
          [
            14.562533497810364,
            35.865043466777905
          ],
          [
            14.562667608261108,
            35.8649695622985
          ],
          [
            14.562656879425049,
            35.86495652032441
          ],
          [
            14.562710523605347,
            35.864917394389195
          ]
        ]
      },
      "properties": {
        "subclass": "path",
        "surface": "paved",
        "class": "path",
        "source_layer": "transportation",
        "source_tile": "https://tiles.openfreemap.org/planet/20261004_113936_pt/14/8854/6441.pbf"
      }
    },
    {
      "type": "Feature",
      "id": "transportation:4890420130-0",
      "geometry": {
        "type": "MultiLineString",
        "coordinates": [
          [
            [
              14.563912153244019,
              35.8608699294149
            ],
            [
              14.563928246498108,
              35.86084819166585
            ],
            [
              14.563944339752197,
              35.860852539216125
            ],
            [
              14.563933610916138,
              35.86089166715797
            ],
            [
              14.563960433006287,
              35.86089601470589
            ],
            [
              14.563960433006287,
              35.86088297206146
            ]
          ],
          [
            [
              14.565398097038269,
              35.86541733544104
            ],
            [
              14.56537127494812,
              35.8651825809051
            ]
          ],
          [
            [
              14.561927318572998,
              35.864382671338944
            ],
            [
              14.562104344367981,
              35.86426963998838
            ]
          ],
          [
            [
              14.56214725971222,
              35.86460003886775
            ],
            [
              14.562308192253113,
              35.86449135517786
            ]
          ],
          [
            [
              14.562329649925232,
              35.86479566913394
            ],
            [
              14.562495946884155,
              35.864691333052065
            ]
          ]
        ]
      },
      "properties": {
        "subclass": "steps",
        "surface": "paved",
        "class": "path",
        "source_layer": "transportation",
        "source_tile": "https://tiles.openfreemap.org/planet/20261004_113936_pt/14/8854/6441.pbf"
      }
    },
    {
      "type": "Feature",
      "id": "transportation:5404117480-0",
      "geometry": {
        "type": "MultiLineString",
        "coordinates": [
          [
            [
              14.552003145217896,
              35.8607699357199
            ],
            [
              14.552029967308044,
              35.860774283274495
            ]
          ],
          [
            [
              14.559996128082275,
              35.86029605084126
            ],
            [
              14.559958577156067,
              35.86038734998316
            ]
          ],
          [
            [
              14.566508531570435,
              35.86367839645074
            ],
            [
              14.566438794136047,
              35.86366535426414
            ]
          ],
          [
            [
              14.567227363586426,
              35.8640957452881
            ],
            [
              14.567323923110962,
              35.864173997950445
            ]
          ],
          [
            [
              14.566310048103333,
              35.865834675121306
            ],
            [
              14.5663583278656,
              35.86577816050158
            ]
          ],
          [
            [
              14.56613838672638,
              35.86576511866055
            ],
            [
              14.566256403923035,
              35.86564339470732
            ]
          ],
          [
            [
              14.56539273262024,
              35.86573903497201
            ],
            [
              14.565500020980835,
              35.86544341923546
            ]
          ],
          [
            [
              14.565349817276001,
              35.86555210161971
            ],
            [
              14.565242528915405,
              35.86543037733934
            ]
          ],
          [
            [
              14.564309120178223,
              35.865652089281596
            ],
            [
              14.564276933670044,
              35.865652089281596
            ]
          ],
          [
            [
              14.561514258384705,
              35.86428268207551
            ],
            [
              14.561546444892883,
              35.86430441888264
            ],
            [
              14.561728835105896,
              35.86417834531831
            ]
          ],
          [
            [
              14.561594724655151,
              35.86421312425264
            ],
            [
              14.561696648597717,
              35.86413921899894
            ]
          ]
        ]
      },
      "properties": {
        "subclass": "steps",
        "class": "path",
        "source_layer": "transportation",
        "source_tile": "https://tiles.openfreemap.org/planet/20261004_113936_pt/14/8854/6441.pbf"
      }
    },
    {
      "type": "Feature",
      "id": "transportation:15274618062-0",
      "geometry": {
        "type": "LineString",
        "coordinates": [
          [
            14.561997056007385,
            35.86534343131028
          ],
          [
            14.562190175056458,
            35.86530865287196
          ],
          [
            14.562453031539917,
            35.865669478427336
          ],
          [
            14.562501311302185,
            35.86579989689855
          ],
          [
            14.562560319900513,
            35.86579120234049
          ],
          [
            14.562678337097168,
            35.865752076817344
          ]
        ]
      },
      "properties": {
        "horse": "no",
        "class": "service",
        "service": "alley",
        "source_layer": "transportation",
        "source_tile": "https://tiles.openfreemap.org/planet/20261004_113936_pt/14/8854/6441.pbf"
      }
    },
    {
      "type": "Feature",
      "id": "transportation:1367054292-0",
      "geometry": {
        "type": "LineString",
        "coordinates": [
          [
            14.562436938285828,
            35.86682150083111
          ],
          [
            14.56260859966278,
            35.866804111938194
          ],
          [
            14.562780261039734,
            35.86677368136638
          ]
        ]
      },
      "properties": {
        "surface": "paved",
        "class": "minor",
        "oneway": 1,
        "source_layer": "transportation",
        "source_tile": "https://tiles.openfreemap.org/planet/20261004_113936_pt/14/8854/6441.pbf"
      }
    },
    {
      "type": "Feature",
      "id": "transportation:2193872982-0",
      "geometry": {
        "type": "LineString",
        "coordinates": [
          [
            14.562780261039734,
            35.86677368136638
          ],
          [
            14.562651515007019,
            35.866743250782875
          ],
          [
            14.562597870826721,
            35.86668673681109
          ],
          [
            14.562576413154602,
            35.86663891726502
          ]
        ]
      },
      "properties": {
        "surface": "paved",
        "class": "minor",
        "oneway": 1,
        "source_layer": "transportation",
        "source_tile": "https://tiles.openfreemap.org/planet/20261004_113936_pt/14/8854/6441.pbf"
      }
    },
    {
      "type": "Feature",
      "id": "transportation:15359046692-0",
      "geometry": {
        "type": "LineString",
        "coordinates": [
          [
            14.563456177711487,
            35.865682520284096
          ],
          [
            14.56310749053955,
            35.8653738624313
          ]
        ]
      },
      "properties": {
        "class": "secondary",
        "oneway": 1,
        "ramp": 1,
        "source_layer": "transportation",
        "source_tile": "https://tiles.openfreemap.org/planet/20261004_113936_pt/14/8854/6441.pbf"
      }
    },
    {
      "type": "Feature",
      "id": "transportation:150893020-0",
      "geometry": {
        "type": "MultiLineString",
        "coordinates": [
          [
            [
              14.553059935569763,
              35.86770398213707
            ],
            [
              14.55340325832367,
              35.868199558462976
            ],
            [
              14.553564190864563,
              35.86833866705
            ],
            [
              14.553735852241516,
              35.86842995692754
            ],
            [
              14.553805589675903,
              35.86850385817992
            ],
            [
              14.553918242454529,
              35.86860384211758
            ],
            [
              14.554583430290222,
              35.868829892294215
            ]
          ],
          [
            [
              14.553086757659912,
              35.86402183992496
            ],
            [
              14.553113579750061,
              35.86460003886775
            ],
            [
              14.553161859512329,
              35.86492608904314
            ],
            [
              14.553210139274597,
              35.86502607749483
            ],
            [
              14.553220868110657,
              35.86507824533261
            ],
            [
              14.553194046020508,
              35.86535647322073
            ],
            [
              14.553194046020508,
              35.865586879951195
            ],
            [
              14.553349614143372,
              35.865682520284096
            ],
            [
              14.553462266921997,
              35.86572599312453
            ],
            [
              14.55363929271698,
              35.865734687689766
            ],
            [
              14.553827047348022,
              35.86578685506109
            ],
            [
              14.553864598274231,
              35.86616506747619
            ],
            [
              14.554234743118286,
              35.86658675045457
            ],
            [
              14.554111361503601,
              35.8669258341086
            ],
            [
              14.55414354801178,
              35.8670258200373
            ],
            [
              14.554202556610107,
              35.86733881865064
            ],
            [
              14.55438494682312,
              35.867617038602475
            ],
            [
              14.554465413093567,
              35.867760495383436
            ],
            [
              14.554599523544312,
              35.868169128427
            ],
            [
              14.554674625396729,
              35.86842995692754
            ],
            [
              14.554669260978699,
              35.86851689957024
            ],
            [
              14.55465316772461,
              35.86858210648968
            ],
            [
              14.554594159126282,
              35.868664701843954
            ],
            [
              14.554578065872192,
              35.86874294999491
            ],
            [
              14.554583430290222,
              35.868829892294215
            ],
            [
              14.554690718650818,
              35.869008123709605
            ],
            [
              14.554824829101562,
              35.869190701817004
            ],
            [
              14.554948210716248,
              35.8694471798764
            ],
            [
              14.554980397224426,
              35.86961671576502
            ],
            [
              14.554991126060486,
              35.869821027764175
            ],
            [
              14.554942846298218,
              35.86998186875462
            ],
            [
              14.554942846298218,
              35.870142709418616
            ],
            [
              14.555023312568665,
              35.8703252849118
            ],
            [
              14.55514132976532,
              35.87055133017765
            ],
            [
              14.555270075798035,
              35.87075563976698
            ],
            [
              14.555355906486511,
              35.87082953885039
            ],
            [
              14.55538809299469,
              35.870868661866666
            ],
            [
              14.555473923683167,
              35.87101211276101
            ],
            [
              14.555565118789673,
              35.871125134494875
            ],
            [
              14.555597305297852,
              35.87114252243961
            ],
            [
              14.555677771568298,
              35.871159910380555
            ],
            [
              14.556729197502136,
              35.87120338021619
            ],
            [
              14.557051062583923,
              35.87123815606752
            ]
          ],
          [
            [
              14.550452828407288,
              35.862713268847074
            ],
            [
              14.550844430923462,
              35.862952378132306
            ],
            [
              14.552587866783142,
              35.86365231207543
            ],
            [
              14.552673697471619,
              35.86382186036147
            ],
            [
              14.553086757659912,
              35.86402183992496
            ],
            [
              14.553344249725342,
              35.86406966105014
            ],
            [
              14.55536663532257,
              35.8641174821465
            ],
            [
              14.556466341018677,
              35.864160955845406
            ]
          ],
          [
            [
              14.5481675863266,
              35.86418704005331
            ],
            [
              14.54813539981842,
              35.86418269268593
            ],
            [
              14.547432661056519,
              35.8635871010996
            ],
            [
              14.546670913696289,
              35.86288716658058
            ],
            [
              14.546349048614502,
              35.862617624931005
            ],
            [
              14.546268582344055,
              35.86255676056068
            ],
            [
              14.545834064483643,
              35.862343734896484
            ],
            [
              14.545689225196838,
              35.86223504811257
            ],
            [
              14.545598030090332,
              35.86213070865978
            ],
            [
              14.545555114746094,
              35.862143751098884
            ]
          ],
          [
            [
              14.548451900482178,
              35.85587443796648
            ],
            [
              14.54866647720337,
              35.855696177015204
            ],
            [
              14.548800587654114,
              35.85560052463222
            ],
            [
              14.54891324043274,
              35.855552698397446
            ],
            [
              14.549219012260437,
              35.85546574153304
            ],
            [
              14.549583792686462,
              35.85517878320378
            ],
            [
              14.54963207244873,
              35.855200522507516
            ],
            [
              14.549707174301147,
              35.85518747892597
            ]
          ],
          [
            [
              14.549680352210999,
              35.85510052166099
            ],
            [
              14.549793004989624,
              35.854935302594725
            ],
            [
              14.549739360809326,
              35.854326597800764
            ],
            [
              14.549701809883118,
              35.85410050625842
            ],
            [
              14.549615979194641,
              35.85391789338817
            ],
            [
              14.549573063850403,
              35.853874414071356
            ],
            [
              14.549219012260437,
              35.85324830926544
            ],
            [
              14.549186825752258,
              35.853161349873574
            ]
          ],
          [
            [
              14.549771547317505,
              35.85637443605681
            ],
            [
              14.550018310546875,
              35.856787475579054
            ],
            [
              14.550227522850037,
              35.85729181565654
            ],
            [
              14.550281167030334,
              35.85757441860764
            ],
            [
              14.550329446792603,
              35.857752675335604
            ],
            [
              14.550506472587585,
              35.85819614155392
            ],
            [
              14.550517201423645,
              35.85844395983068
            ],
            [
              14.550436735153198,
              35.85861351925789
            ],
            [
              14.55037236213684,
              35.8586830819949
            ],
            [
              14.550302624702454,
              35.858730906341165
            ],
            [
              14.549674987792969,
              35.85898307059898
            ],
            [
              14.549599885940552,
              35.85899176590391
            ],
            [
              14.549481868743896,
              35.85897002763981
            ],
            [
              14.549417495727539,
              35.85894394171501
            ],
            [
              14.549219012260437,
              35.85882655494717
            ],
            [
              14.549117088317871,
              35.858800468975176
            ],
            [
              14.548564553260803,
              35.85883525026928
            ],
            [
              14.54841434955597,
              35.85887003154812
            ],
            [
              14.548366069793701,
              35.85889611749724
            ],
            [
              14.548333883285522,
              35.85893524640484
            ],
            [
              14.548280239105225,
              35.8590526330117
            ],
            [
              14.548183679580688,
              35.85982216312952
            ],
            [
              14.548060297966003,
              35.86041343543296
            ],
            [
              14.548012018203735,
              35.8605656003857
            ],
            [
              14.54789400100708,
              35.860765588165094
            ],
            [
              14.547829627990723,
              35.86082210635912
            ],
            [
              14.547765254974365,
              35.86086123431599
            ],
            [
              14.54741656780243,
              35.861017745950335
            ],
            [
              14.547298550605774,
              35.86110034918832
            ],
            [
              14.547073245048523,
              35.86131337819424
            ],
            [
              14.547008872032166,
              35.861422066242
            ],
            [
              14.546987414360046,
              35.86152205911432
            ],
            [
              14.546987414360046,
              35.8616350943833
            ],
            [
              14.547024965286255,
              35.86177856199255
            ],
            [
              14.547083973884583,
              35.86188290190891
            ],
            [
              14.547169804573059,
              35.861974199223056
            ],
            [
              14.54741656780243,
              35.862178530926016
            ],
            [
              14.547577500343323,
              35.862339387427994
            ],
            [
              14.54763114452362,
              35.862408946895314
            ],
            [
              14.547861814498901,
              35.862952378132306
            ],
            [
              14.547953009605408,
              35.86308714850246
            ],
            [
              14.548081755638123,
              35.863200181539455
            ],
            [
              14.548205137252808,
              35.86327408766881
            ]
          ],
          [
            [
              14.5631343126297,
              35.85741790017458
            ],
            [
              14.562694430351257,
              35.85787006369364
            ],
            [
              14.562592506408691,
              35.858013538117405
            ]
          ],
          [
            [
              14.559786915779114,
              35.86923851982324
            ],
            [
              14.55938458442688,
              35.869821027764175
            ],
            [
              14.559175372123718,
              35.87004707446856
            ],
            [
              14.558821320533752,
              35.87034267303207
            ],
            [
              14.558349251747131,
              35.87065565854441
            ],
            [
              14.557276368141174,
              35.87115121641057
            ],
            [
              14.557185173034668,
              35.871190339268
            ],
            [
              14.556584358215332,
              35.87139464720963
            ],
            [
              14.55636978149414,
              35.87144681085499
            ],
            [
              14.556171298027039,
              35.87147723963224
            ],
            [
              14.555838704109192,
              35.87149028053321
            ],
            [
              14.554862380027771,
              35.871494627499715
            ],
            [
              14.554583430290222,
              35.87152505625862
            ]
          ],
          [
            [
              14.568214416503906,
              35.86933415574916
            ],
            [
              14.567930102348328,
              35.86941240323904
            ],
            [
              14.565966725349426,
              35.86981233364729
            ],
            [
              14.565553665161133,
              35.86990362182708
            ],
            [
              14.565237164497375,
              35.869990562852934
            ],
            [
              14.564550518989563,
              35.87032093788113
            ],
            [
              14.563756585121155,
              35.87075563976698
            ],
            [
              14.563563466072083,
              35.87084692686001
            ],
            [
              14.563434720039368,
              35.870894743866785
            ],
            [
              14.563289880752563,
              35.87092517285605
            ],
            [
              14.562994837760925,
              35.87096864282044
            ],
            [
              14.562281370162964,
              35.87104688869631
            ],
            [
              14.562098979949951,
              35.87105992966809
            ],
            [
              14.561417698860168,
              35.871207727198424
            ],
            [
              14.561219215393066,
              35.8712294621061
            ],
            [
              14.561058282852173,
              35.87123815606752
            ],
            [
              14.560929536819458,
              35.87123815606752
            ],
            [
              14.560468196868896,
              35.871207727198424
            ],
            [
              14.56015169620514,
              35.871164257365166
            ],
            [
              14.560006856918335,
              35.87113817545381
            ],
            [
              14.55937385559082,
              35.87095560183363
            ],
            [
              14.559170007705688,
              35.87092082585828
            ],
            [
              14.559041261672974,
              35.870912131862084
            ],
            [
              14.558703303337097,
              35.87093386685085
            ],
            [
              14.55838143825531,
              35.87098168380513
            ]
          ]
        ]
      },
      "properties": {
        "surface": "paved",
        "class": "tertiary",
        "source_layer": "transportation",
        "source_tile": "https://tiles.openfreemap.org/planet/20261004_113936_pt/14/8854/6441.pbf"
      }
    },
    {
      "type": "Feature",
      "id": "transportation:338456642-0",
      "geometry": {
        "type": "LineString",
        "coordinates": [
          [
            14.561980962753296,
            35.8669258341086
          ],
          [
            14.562436938285828,
            35.86682150083111
          ]
        ]
      },
      "properties": {
        "surface": "paved",
        "class": "secondary",
        "oneway": 1,
        "source_layer": "transportation",
        "source_tile": "https://tiles.openfreemap.org/planet/20261004_113936_pt/14/8854/6441.pbf"
      }
    },
    {
      "type": "Feature",
      "id": "transportation:1367054050-0",
      "geometry": {
        "type": "MultiLineString",
        "coordinates": [
          [
            [
              14.545555114746094,
              35.85654834769689
            ],
            [
              14.546016454696655,
              35.856687476734265
            ],
            [
              14.546118378639221,
              35.856709215624306
            ],
            [
              14.546338319778442,
              35.856739650060334
            ],
            [
              14.546477794647217,
              35.85674834561134
            ],
            [
              14.546590447425842,
              35.85673530228448
            ],
            [
              14.546676278114319,
              35.856709215624306
            ],
            [
              14.547325372695923,
              35.85643965296656
            ],
            [
              14.547609686851501,
              35.85637878385248
            ],
            [
              14.549052715301514,
              35.85643530517423
            ],
            [
              14.549771547317505,
              35.85637443605681
            ],
            [
              14.550061225891113,
              35.85630487129397
            ],
            [
              14.551096558570862,
              35.856004872554934
            ],
            [
              14.551171660423279,
              35.855996176922375
            ],
            [
              14.551246762275696,
              35.856004872554934
            ],
            [
              14.552206993103027,
              35.856274436691024
            ],
            [
              14.552308917045593,
              35.85629182789414
            ],
            [
              14.552512764930725,
              35.85629617569431
            ],
            [
              14.5526522397995,
              35.85628313229306
            ],
            [
              14.553043842315674,
              35.8562222630588
            ],
            [
              14.553199410438538,
              35.856209219645365
            ],
            [
              14.553751945495605,
              35.85620487184043
            ],
            [
              14.553912878036499,
              35.8561961762298
            ],
            [
              14.55411672592163,
              35.85617443719909
            ],
            [
              14.554331302642822,
              35.85611356788138
            ],
            [
              14.554513692855835,
              35.85600922037084
            ],
            [
              14.55464780330658,
              35.855904872722974
            ],
            [
              14.555039405822754,
              35.855539654873866
            ],
            [
              14.555291533470154,
              35.8553309582047
            ],
            [
              14.55539882183075,
              35.855257044669315
            ],
            [
              14.555506110191345,
              35.85519617464723
            ],
            [
              14.55564022064209,
              35.85519182678672
            ],
            [
              14.555806517601013,
              35.855217913946205
            ],
            [
              14.556949138641357,
              35.85555704623816
            ],
            [
              14.5573890209198,
              35.855730959671334
            ],
            [
              14.558826684951782,
              35.8562222630588
            ],
            [
              14.559475779533386,
              35.85638747944304
            ],
            [
              14.560006856918335,
              35.85656573883992
            ],
            [
              14.560344815254211,
              35.85665269449781
            ],
            [
              14.56139624118805,
              35.85686573545655
            ],
            [
              14.56185758113861,
              35.8570005161756
            ],
            [
              14.562034606933594,
              35.85703529825946
            ],
            [
              14.562512040138245,
              35.85704399377805
            ],
            [
              14.562774896621704,
              35.85710486238138
            ]
          ],
          [
            [
              14.563579559326172,
              35.865734687689766
            ],
            [
              14.563654661178589,
              35.865734687689766
            ],
            [
              14.563751220703125,
              35.86571729855835
            ],
            [
              14.564078450202942,
              35.865578185369756
            ],
            [
              14.564416408538818,
              35.86549123950289
            ],
            [
              14.565398097038269,
              35.86541733544104
            ],
            [
              14.56561803817749,
              35.865473850318054
            ],
            [
              14.565698504447937,
              35.865508628683884
            ],
            [
              14.56613838672638,
              35.86576511866055
            ]
          ],
          [
            [
              14.56286609172821,
              35.866182456509335
            ],
            [
              14.562753438949585,
              35.86637808286942
            ]
          ],
          [
            [
              14.562957286834717,
              35.86563470013209
            ],
            [
              14.562951922416687,
              35.865652089281596
            ],
            [
              14.562968015670776,
              35.86571295127493
            ],
            [
              14.563016295433044,
              35.86573903497201
            ],
            [
              14.563069939613342,
              35.86574338225404
            ],
            [
              14.563096761703491,
              35.865734687689766
            ],
            [
              14.56313967704773,
              35.86570425670729
            ],
            [
              14.563150405883789,
              35.86564339470732
            ],
            [
              14.56312894821167,
              35.86560861640062
            ]
          ],
          [
            [
              14.563037753105164,
              35.862582845296544
            ],
            [
              14.563220143318176,
              35.862513285981834
            ],
            [
              14.563552737236023,
              35.86243937914307
            ],
            [
              14.56387996673584,
              35.8623915570342
            ],
            [
              14.56463098526001,
              35.86237851463588
            ],
            [
              14.565065503120422,
              35.8623915570342
            ],
            [
              14.56588089466095,
              35.86249589614363
            ],
            [
              14.566277861595154,
              35.86255676056068
            ],
            [
              14.568214416503906,
              35.86293933582624
            ]
          ],
          [
            [
              14.568214416503906,
              35.86689540358353
            ],
            [
              14.5671147108078,
              35.86653023637119
            ]
          ],
          [
            [
              14.568214416503906,
              35.85680921444168
            ],
            [
              14.568085670471191,
              35.85652660876276
            ],
            [
              14.56786036491394,
              35.85620052403523
            ],
            [
              14.567742347717285,
              35.856087481016644
            ],
            [
              14.56760287284851,
              35.855978785654415
            ],
            [
              14.567479491233826,
              35.85589617707946
            ],
            [
              14.567334651947021,
              35.85581791624486
            ],
            [
              14.567173719406128,
              35.855752698823636
            ],
            [
              14.566932320594788,
              35.85569182918212
            ],
            [
              14.566766023635864,
              35.85566139434384
            ],
            [
              14.566433429718018,
              35.85562226382032
            ],
            [
              14.564663171768188,
              35.8553266103516
            ],
            [
              14.5643949508667,
              35.85585269884754
            ],
            [
              14.563686847686768,
              35.856852692149005
            ],
            [
              14.563316702842712,
              35.85724833819005
            ],
            [
              14.5631343126297,
              35.85741790017458
            ]
          ]
        ]
      },
      "properties": {
        "surface": "paved",
        "class": "secondary",
        "source_layer": "transportation",
        "source_tile": "https://tiles.openfreemap.org/planet/20261004_113936_pt/14/8854/6441.pbf"
      }
    },
    {
      "type": "Feature",
      "id": "transportation:1367054080-0",
      "geometry": {
        "type": "LineString",
        "coordinates": [
          [
            14.56312894821167,
            35.86560861640062
          ],
          [
            14.563102126121521,
            35.86559122724158
          ],
          [
            14.563027024269104,
            35.86558253266061
          ],
          [
            14.562994837760925,
            35.865595574531696
          ],
          [
            14.562957286834717,
            35.86563470013209
          ]
        ]
      },
      "properties": {
        "surface": "paved",
        "class": "secondary",
        "foot": "no",
        "source_layer": "transportation",
        "source_tile": "https://tiles.openfreemap.org/planet/20261004_113936_pt/14/8854/6441.pbf"
      }
    },
    {
      "type": "Feature",
      "id": "transportation:1367054222-0",
      "geometry": {
        "type": "LineString",
        "coordinates": [
          [
            14.56312358379364,
            35.86572164584156
          ],
          [
            14.563418626785278,
            35.865752076817344
          ],
          [
            14.563579559326172,
            35.865734687689766
          ]
        ]
      },
      "properties": {
        "surface": "paved",
        "class": "secondary",
        "oneway": 1,
        "source_layer": "transportation",
        "source_tile": "https://tiles.openfreemap.org/planet/20261004_113936_pt/14/8854/6441.pbf"
      }
    },
    {
      "type": "Feature",
      "id": "transportation:1367094322-0",
      "geometry": {
        "type": "LineString",
        "coordinates": [
          [
            14.56286609172821,
            35.866182456509335
          ],
          [
            14.563021659851074,
            35.865904231520986
          ],
          [
            14.563096761703491,
            35.865734687689766
          ]
        ]
      },
      "properties": {
        "surface": "paved",
        "class": "secondary",
        "oneway": 1,
        "source_layer": "transportation",
        "source_tile": "https://tiles.openfreemap.org/planet/20261004_113936_pt/14/8854/6441.pbf"
      }
    },
    {
      "type": "Feature",
      "id": "transportation:1576643402-0",
      "geometry": {
        "type": "LineString",
        "coordinates": [
          [
            14.560537934303284,
            35.862913251207715
          ],
          [
            14.56089735031128,
            35.863326256659775
          ],
          [
            14.561927318572998,
            35.864382671338944
          ],
          [
            14.562211632728577,
            35.864660901669
          ],
          [
            14.562533497810364,
            35.865043466777905
          ],
          [
            14.562780261039734,
            35.86530865287196
          ],
          [
            14.562994837760925,
            35.865595574531696
          ]
        ]
      },
      "properties": {
        "surface": "paved",
        "class": "secondary",
        "oneway": 1,
        "source_layer": "transportation",
        "source_tile": "https://tiles.openfreemap.org/planet/20261004_113936_pt/14/8854/6441.pbf"
      }
    },
    {
      "type": "Feature",
      "id": "transportation:3645841072-0",
      "geometry": {
        "type": "LineString",
        "coordinates": [
          [
            14.562957286834717,
            35.865691214854095
          ],
          [
            14.562930464744568,
            35.86577816050158
          ],
          [
            14.562930464744568,
            35.86581728601185
          ],
          [
            14.562844634056091,
            35.866099858567864
          ],
          [
            14.56286609172821,
            35.866182456509335
          ]
        ]
      },
      "properties": {
        "surface": "paved",
        "class": "secondary",
        "oneway": 1,
        "source_layer": "transportation",
        "source_tile": "https://tiles.openfreemap.org/planet/20261004_113936_pt/14/8854/6441.pbf"
      }
    },
    {
      "type": "Feature",
      "id": "transportation:3677806892-0",
      "geometry": {
        "type": "LineString",
        "coordinates": [
          [
            14.56312894821167,
            35.86560861640062
          ],
          [
            14.56310749053955,
            35.8653738624313
          ],
          [
            14.562957286834717,
            35.86519127552995
          ],
          [
            14.561589360237122,
            35.86371317560446
          ]
        ]
      },
      "properties": {
        "surface": "paved",
        "class": "secondary",
        "oneway": 1,
        "source_layer": "transportation",
        "source_tile": "https://tiles.openfreemap.org/planet/20261004_113936_pt/14/8854/6441.pbf"
      }
    },
    {
      "type": "Feature",
      "id": "transportation:15126666672-0",
      "geometry": {
        "type": "LineString",
        "coordinates": [
          [
            14.562436938285828,
            35.86682150083111
          ],
          [
            14.562576413154602,
            35.86663891726502
          ]
        ]
      },
      "properties": {
        "surface": "paved",
        "class": "secondary",
        "oneway": 1,
        "source_layer": "transportation",
        "source_tile": "https://tiles.openfreemap.org/planet/20261004_113936_pt/14/8854/6441.pbf"
      }
    },
    {
      "type": "Feature",
      "id": "transportation:15126666682-0",
      "geometry": {
        "type": "LineString",
        "coordinates": [
          [
            14.562576413154602,
            35.86663891726502
          ],
          [
            14.562753438949585,
            35.86637808286942
          ]
        ]
      },
      "properties": {
        "surface": "paved",
        "class": "secondary",
        "oneway": 1,
        "source_layer": "transportation",
        "source_tile": "https://tiles.openfreemap.org/planet/20261004_113936_pt/14/8854/6441.pbf"
      }
    },
    {
      "type": "Feature",
      "id": "transportation:15126666692-0",
      "geometry": {
        "type": "LineString",
        "coordinates": [
          [
            14.562753438949585,
            35.86637808286942
          ],
          [
            14.56189513206482,
            35.866547625324216
          ],
          [
            14.561798572540283,
            35.86657805598284
          ]
        ]
      },
      "properties": {
        "surface": "paved",
        "class": "secondary",
        "oneway": 1,
        "source_layer": "transportation",
        "source_tile": "https://tiles.openfreemap.org/planet/20261004_113936_pt/14/8854/6441.pbf"
      }
    },
    {
      "type": "Feature",
      "id": "transportation:15359046682-0",
      "geometry": {
        "type": "LineString",
        "coordinates": [
          [
            14.563579559326172,
            35.865734687689766
          ],
          [
            14.563456177711487,
            35.865682520284096
          ],
          [
            14.563150405883789,
            35.86564339470732
          ]
        ]
      },
      "properties": {
        "surface": "paved",
        "class": "secondary",
        "oneway": 1,
        "source_layer": "transportation",
        "source_tile": "https://tiles.openfreemap.org/planet/20261004_113936_pt/14/8854/6441.pbf"
      }
    },
    {
      "type": "Feature",
      "id": "transportation:5621554470-0",
      "geometry": {
        "type": "MultiLineString",
        "coordinates": [
          [
            [
              14.551166296005249,
              35.862243743060745
            ],
            [
              14.551434516906738,
              35.8623611247681
            ],
            [
              14.551493525505066,
              35.862365472235396
            ],
            [
              14.551552534103394,
              35.862343734896484
            ],
            [
              14.551557898521423,
              35.86230895514184
            ],
            [
              14.551520347595215,
              35.86227852284401
            ],
            [
              14.551466703414917,
              35.8622915652588
            ],
            [
              14.551434516906738,
              35.86231330261201
            ],
            [
              14.55138623714447,
              35.86230026020081
            ],
            [
              14.551359415054321,
              35.8622611329543
            ],
            [
              14.551418423652649,
              35.86211766621851
            ],
            [
              14.55190658569336,
              35.8622611329543
            ]
          ],
          [
            [
              14.565237164497375,
              35.8661998455387
            ],
            [
              14.56539273262024,
              35.86573903497201
            ]
          ]
        ]
      },
      "properties": {
        "subclass": "footway",
        "brunnel": "bridge",
        "class": "path",
        "layer": 1,
        "source_layer": "transportation",
        "source_tile": "https://tiles.openfreemap.org/planet/20261004_113936_pt/14/8854/6441.pbf"
      }
    },
    {
      "type": "Feature",
      "id": "transportation_name:2237987862-0",
      "geometry": {
        "type": "LineString",
        "coordinates": [
          [
            14.56487774848938,
            35.86660848662979
          ],
          [
            14.565204977989197,
            35.866599792160414
          ],
          [
            14.565430283546448,
            35.86663022279899
          ],
          [
            14.565596580505371,
            35.86668238958082
          ],
          [
            14.565805792808533,
            35.866778028591625
          ],
          [
            14.566218852996826,
            35.86703016724873
          ],
          [
            14.566401243209839,
            35.8670779865587
          ],
          [
            14.566422700881958,
            35.86700843118918
          ],
          [
            14.566342234611511,
            35.86697365348155
          ],
          [
            14.566347599029541,
            35.86679541749028
          ]
        ]
      },
      "properties": {
        "name": "Triq Papa Ġwanni Pawlu II",
        "name_int": "Triq Papa Ġwanni Pawlu II",
        "class": "minor",
        "name:latin": "Triq Papa Ġwanni Pawlu II",
        "name_de": "Triq Papa Ġwanni Pawlu II",
        "name_en": "Triq Papa Ġwanni Pawlu II",
        "source_layer": "transportation_name",
        "source_tile": "https://tiles.openfreemap.org/planet/20261004_113936_pt/14/8854/6441.pbf"
      }
    },
    {
      "type": "Feature",
      "id": "transportation_name:2237987942-0",
      "geometry": {
        "type": "LineString",
        "coordinates": [
          [
            14.562844634056091,
            35.866099858567864
          ],
          [
            14.562678337097168,
            35.866117247615335
          ],
          [
            14.562463760375977,
            35.86616506747619
          ]
        ]
      },
      "properties": {
        "name": "Sqaq Sant' Anna",
        "name_int": "Sqaq Sant' Anna",
        "class": "service",
        "name:latin": "Sqaq Sant' Anna",
        "name_de": "Sqaq Sant' Anna",
        "name_en": "Sqaq Sant' Anna",
        "source_layer": "transportation_name",
        "source_tile": "https://tiles.openfreemap.org/planet/20261004_113936_pt/14/8854/6441.pbf"
      }
    },
    {
      "type": "Feature",
      "id": "transportation_name:2237995962-0",
      "geometry": {
        "type": "LineString",
        "coordinates": [
          [
            14.563719034194946,
            35.86563904741982
          ],
          [
            14.563504457473755,
            35.86562165826744
          ],
          [
            14.561530351638794,
            35.8635349322803
          ],
          [
            14.561562538146973,
            35.863382773027936
          ],
          [
            14.561798572540283,
            35.863195834117946
          ],
          [
            14.56213653087616,
            35.86306106393259
          ],
          [
            14.562238454818726,
            35.863039326784445
          ],
          [
            14.56237256526947,
            35.86304367421455
          ],
          [
            14.5626300573349,
            35.86313497019165
          ],
          [
            14.563000202178955,
            35.86348276342669
          ],
          [
            14.563220143318176,
            35.86359144849966
          ],
          [
            14.563440084457397,
            35.86363926988456
          ],
          [
            14.563837051391602,
            35.86363492248711
          ]
        ]
      },
      "properties": {
        "name_int": "Triq ix-Xatt",
        "route_2_name": "Tas-Silġ Walk B",
        "route_2_network": "lwn",
        "route_1_name": "Tas-Silġ Walk A",
        "name_de": "Triq ix-Xatt",
        "name": "Triq ix-Xatt",
        "subclass": "footway",
        "route_1_network": "lwn",
        "class": "path",
        "name:latin": "Triq ix-Xatt",
        "name_en": "Triq ix-Xatt",
        "source_layer": "transportation_name",
        "source_tile": "https://tiles.openfreemap.org/planet/20261004_113936_pt/14/8854/6441.pbf"
      }
    },
    {
      "type": "Feature",
      "id": "transportation_name:3677806832-0",
      "geometry": {
        "type": "LineString",
        "coordinates": [
          [
            14.56238329410553,
            35.866060733197145
          ],
          [
            14.562592506408691,
            35.86580424417721
          ],
          [
            14.562678337097168,
            35.865752076817344
          ],
          [
            14.562930464744568,
            35.86577816050158
          ]
        ]
      },
      "properties": {
        "name": "Sqaq San Ġwakkin",
        "name_int": "Sqaq San Ġwakkin",
        "class": "service",
        "name:latin": "Sqaq San Ġwakkin",
        "name_de": "Sqaq San Ġwakkin",
        "name_en": "Sqaq San Ġwakkin",
        "source_layer": "transportation_name",
        "source_tile": "https://tiles.openfreemap.org/planet/20261004_113936_pt/14/8854/6441.pbf"
      }
    },
    {
      "type": "Feature",
      "id": "transportation_name:3945405342-0",
      "geometry": {
        "type": "LineString",
        "coordinates": [
          [
            14.564486145973206,
            35.86595639878071
          ],
          [
            14.564309120178223,
            35.865652089281596
          ],
          [
            14.564534425735474,
            35.865569490787365
          ],
          [
            14.56461489200592,
            35.86547819761462
          ]
        ]
      },
      "properties": {
        "name": "Triq ta' Monita",
        "name_int": "Triq ta' Monita",
        "class": "service",
        "name:latin": "Triq ta' Monita",
        "name_de": "Triq ta' Monita",
        "name_en": "Triq ta' Monita",
        "source_layer": "transportation_name",
        "source_tile": "https://tiles.openfreemap.org/planet/20261004_113936_pt/14/8854/6441.pbf"
      }
    },
    {
      "type": "Feature",
      "id": "transportation_name:4890420102-0",
      "geometry": {
        "type": "LineString",
        "coordinates": [
          [
            14.562780261039734,
            35.86530865287196
          ],
          [
            14.562957286834717,
            35.86519127552995
          ]
        ]
      },
      "properties": {
        "name": "L-Ewwel Trejqa fi Triq ix-Xatt",
        "name_int": "L-Ewwel Trejqa fi Triq ix-Xatt",
        "class": "service",
        "name:latin": "L-Ewwel Trejqa fi Triq ix-Xatt",
        "name_de": "L-Ewwel Trejqa fi Triq ix-Xatt",
        "name_en": "L-Ewwel Trejqa fi Triq ix-Xatt",
        "source_layer": "transportation_name",
        "source_tile": "https://tiles.openfreemap.org/planet/20261004_113936_pt/14/8854/6441.pbf"
      }
    },
    {
      "type": "Feature",
      "id": "transportation_name:4890420112-0",
      "geometry": {
        "type": "LineString",
        "coordinates": [
          [
            14.5626300573349,
            35.865147802396194
          ],
          [
            14.562812447547913,
            35.86502607749483
          ]
        ]
      },
      "properties": {
        "name": "It-Tieni Trejqa fi Triq ix-Xatt",
        "name_int": "It-Tieni Trejqa fi Triq ix-Xatt",
        "class": "service",
        "name:latin": "It-Tieni Trejqa fi Triq ix-Xatt",
        "name_de": "It-Tieni Trejqa fi Triq ix-Xatt",
        "name_en": "It-Tieni Trejqa fi Triq ix-Xatt",
        "source_layer": "transportation_name",
        "source_tile": "https://tiles.openfreemap.org/planet/20261004_113936_pt/14/8854/6441.pbf"
      }
    },
    {
      "type": "Feature",
      "id": "transportation_name:4890420122-0",
      "geometry": {
        "type": "LineString",
        "coordinates": [
          [
            14.562533497810364,
            35.865043466777905
          ],
          [
            14.562667608261108,
            35.8649695622985
          ],
          [
            14.562656879425049,
            35.86495652032441
          ],
          [
            14.562710523605347,
            35.864917394389195
          ]
        ]
      },
      "properties": {
        "name_int": "It-Tielet Trejqa fi Triq ix-Xatt",
        "name_de": "It-Tielet Trejqa fi Triq ix-Xatt",
        "name": "It-Tielet Trejqa fi Triq ix-Xatt",
        "subclass": "path",
        "class": "path",
        "name:latin": "It-Tielet Trejqa fi Triq ix-Xatt",
        "name_en": "It-Tielet Trejqa fi Triq ix-Xatt",
        "source_layer": "transportation_name",
        "source_tile": "https://tiles.openfreemap.org/planet/20261004_113936_pt/14/8854/6441.pbf"
      }
    },
    {
      "type": "Feature",
      "id": "transportation_name:4890420132-0",
      "geometry": {
        "type": "LineString",
        "coordinates": [
          [
            14.562329649925232,
            35.86479566913394
          ],
          [
            14.562495946884155,
            35.864691333052065
          ]
        ]
      },
      "properties": {
        "name_int": "Ir-Raba' Trejqa fi Triq ix-Xatt",
        "name_de": "Ir-Raba' Trejqa fi Triq ix-Xatt",
        "name": "Ir-Raba' Trejqa fi Triq ix-Xatt",
        "subclass": "steps",
        "class": "path",
        "name:latin": "Ir-Raba' Trejqa fi Triq ix-Xatt",
        "name_en": "Ir-Raba' Trejqa fi Triq ix-Xatt",
        "source_layer": "transportation_name",
        "source_tile": "https://tiles.openfreemap.org/planet/20261004_113936_pt/14/8854/6441.pbf"
      }
    },
    {
      "type": "Feature",
      "id": "transportation_name:5404117612-0",
      "geometry": {
        "type": "LineString",
        "coordinates": [
          [
            14.56539273262024,
            35.86573903497201
          ],
          [
            14.565500020980835,
            35.86544341923546
          ]
        ]
      },
      "properties": {
        "name_int": "Saint John the Baptist Street",
        "name:mt": "Triq San Ġwann il-Battista",
        "name_de": "Triq San Ġwann il-Battista",
        "name": "Triq San Ġwann il-Battista",
        "subclass": "steps",
        "name:en": "Saint John the Baptist Street",
        "class": "path",
        "name:latin": "Triq San Ġwann il-Battista",
        "name_en": "Saint John the Baptist Street",
        "source_layer": "transportation_name",
        "source_tile": "https://tiles.openfreemap.org/planet/20261004_113936_pt/14/8854/6441.pbf"
      }
    },
    {
      "type": "Feature",
      "id": "transportation_name:11800014132-0",
      "geometry": {
        "type": "LineString",
        "coordinates": [
          [
            14.564046263694763,
            35.865526017861086
          ],
          [
            14.563719034194946,
            35.86563904741982
          ]
        ]
      },
      "properties": {
        "name_int": "Triq ix-Xatt",
        "name_de": "Triq ix-Xatt",
        "name": "Triq ix-Xatt",
        "subclass": "footway",
        "class": "path",
        "name:latin": "Triq ix-Xatt",
        "name_en": "Triq ix-Xatt",
        "source_layer": "transportation_name",
        "source_tile": "https://tiles.openfreemap.org/planet/20261004_113936_pt/14/8854/6441.pbf"
      }
    },
    {
      "type": "Feature",
      "id": "transportation_name:338456620-0",
      "geometry": {
        "type": "LineString",
        "coordinates": [
          [
            14.56539273262024,
            35.86573903497201
          ],
          [
            14.565746784210205,
            35.86579989689855
          ],
          [
            14.565993547439575,
            35.8659259678834
          ],
          [
            14.566588997840881,
            35.86626505436473
          ],
          [
            14.5671147108078,
            35.86653023637119
          ]
        ]
      },
      "properties": {
        "name_int": "Saint Joseph Street",
        "name:ar": "طريق القديس يوسف",
        "name:mt": "Triq San Ġużepp",
        "name_de": "Triq San Ġużepp",
        "name": "Triq San Ġużepp",
        "name:en": "Saint Joseph Street",
        "class": "minor",
        "name:es": "Calle San José",
        "name:latin": "Triq San Ġużepp",
        "name_en": "Saint Joseph Street",
        "source_layer": "transportation_name",
        "source_tile": "https://tiles.openfreemap.org/planet/20261004_113936_pt/14/8854/6441.pbf"
      }
    },
    {
      "type": "Feature",
      "id": "transportation_name:644445700-0",
      "geometry": {
        "type": "LineString",
        "coordinates": [
          [
            14.5646470785141,
            35.866247665349704
          ],
          [
            14.565006494522095,
            35.86681280638514
          ],
          [
            14.565204977989197,
            35.867104069806516
          ],
          [
            14.56538736820221,
            35.86740837373017
          ],
          [
            14.565591216087341,
            35.86779527274578
          ],
          [
            14.565591216087341,
            35.86785178592703
          ],
          [
            14.565580487251282,
            35.867899604741226
          ],
          [
            14.565596580505371,
            35.867969159328524
          ],
          [
            14.56562340259552,
            35.868030019542346
          ],
          [
            14.56564486026764,
            35.86849081678746
          ],
          [
            14.56563949584961,
            35.868521246699885
          ],
          [
            14.56562876701355,
            35.868529940958425
          ],
          [
            14.565591216087341,
            35.868534288087346
          ],
          [
            14.565510749816895,
            35.868521246699885
          ]
        ]
      },
      "properties": {
        "name": "Triq ta' Monita",
        "name_int": "Triq ta' Monita",
        "class": "minor",
        "name:latin": "Triq ta' Monita",
        "name_de": "Triq ta' Monita",
        "name_en": "Triq ta' Monita",
        "source_layer": "transportation_name",
        "source_tile": "https://tiles.openfreemap.org/planet/20261004_113936_pt/14/8854/6441.pbf"
      }
    },
    {
      "type": "Feature",
      "id": "transportation_name:644446032-0",
      "geometry": {
        "type": "LineString",
        "coordinates": [
          [
            14.56387460231781,
            35.86637373562225
          ],
          [
            14.563837051391602,
            35.86635199938266
          ],
          [
            14.563751220703125,
            35.866221581819985
          ],
          [
            14.56360638141632,
            35.86583902239806
          ],
          [
            14.563563466072083,
            35.86580859145566
          ]
        ]
      },
      "properties": {
        "name": "Triq Dun Frans Bianco",
        "name_int": "Triq Dun Frans Bianco",
        "class": "minor",
        "name:latin": "Triq Dun Frans Bianco",
        "name_de": "Triq Dun Frans Bianco",
        "name_en": "Triq Dun Frans Bianco",
        "source_layer": "transportation_name",
        "source_tile": "https://tiles.openfreemap.org/planet/20261004_113936_pt/14/8854/6441.pbf"
      }
    },
    {
      "type": "Feature",
      "id": "transportation_name:644446150-0",
      "geometry": {
        "type": "LineString",
        "coordinates": [
          [
            14.56387460231781,
            35.86637373562225
          ],
          [
            14.563922882080078,
            35.866386777363104
          ],
          [
            14.564164280891418,
            35.866386777363104
          ],
          [
            14.564303755760193,
            35.86636938837478
          ],
          [
            14.565011858940125,
            35.86612159487662
          ],
          [
            14.565237164497375,
            35.8661998455387
          ],
          [
            14.56561267375946,
            35.86636938837478
          ],
          [
            14.56589162349701,
            35.8665563197993
          ],
          [
            14.566095471382141,
            35.866669347888575
          ],
          [
            14.566347599029541,
            35.86679541749028
          ],
          [
            14.56686794757843,
            35.86702147282561
          ],
          [
            14.568552374839783,
            35.867599649884085
          ]
        ]
      },
      "properties": {
        "name": "Triq il-Bajja",
        "name_int": "Triq il-Bajja",
        "class": "minor",
        "name:latin": "Triq il-Bajja",
        "name_de": "Triq il-Bajja",
        "name_en": "Triq il-Bajja",
        "source_layer": "transportation_name",
        "source_tile": "https://tiles.openfreemap.org/planet/20261004_113936_pt/14/8854/6441.pbf"
      }
    },
    {
      "type": "Feature",
      "id": "transportation_name:1367054190-0",
      "geometry": {
        "type": "MultiLineString",
        "coordinates": [
          [
            [
              14.56312894821167,
              35.86560861640062
            ],
            [
              14.56310749053955,
              35.8653738624313
            ],
            [
              14.562957286834717,
              35.86519127552995
            ],
            [
              14.561476707458496,
              35.86359144849966
            ],
            [
              14.561449885368347,
              35.86353927968325
            ],
            [
              14.561439156532288,
              35.86347841602067
            ],
            [
              14.561460614204407,
              35.86341320490179
            ],
            [
              14.561498165130615,
              35.86335668855533
            ],
            [
              14.5616215467453,
              35.863248003160436
            ],
            [
              14.56188976764679,
              35.863039326784445
            ],
            [
              14.561986327171326,
              35.862995852470306
            ]
          ],
          [
            [
              14.5616215467453,
              35.863248003160436
            ],
            [
              14.561669826507568,
              35.86315235988964
            ],
            [
              14.561680555343628,
              35.86302628449272
            ],
            [
              14.56161081790924,
              35.8629480306972
            ],
            [
              14.561562538146973,
              35.862913251207715
            ]
          ]
        ]
      },
      "properties": {
        "name_int": "Triq ix-Xatt",
        "ref": "134",
        "name:mt": "Triq ix-Xatt",
        "name_de": "Triq ix-Xatt",
        "name": "Triq ix-Xatt",
        "ref_length": 3,
        "class": "secondary",
        "name:latin": "Triq ix-Xatt",
        "name_en": "Triq ix-Xatt",
        "network": "road",
        "source_layer": "transportation_name",
        "source_tile": "https://tiles.openfreemap.org/planet/20261004_113936_pt/14/8854/6441.pbf"
      }
    },
    {
      "type": "Feature",
      "id": "transportation_name:1367054290-0",
      "geometry": {
        "type": "MultiLineString",
        "coordinates": [
          [
            [
              14.562780261039734,
              35.86677368136638
            ],
            [
              14.562651515007019,
              35.866743250782875
            ],
            [
              14.562597870826721,
              35.86668673681109
            ],
            [
              14.562576413154602,
              35.86663891726502
            ]
          ],
          [
            [
              14.562436938285828,
              35.86682150083111
            ],
            [
              14.56260859966278,
              35.866804111938194
            ],
            [
              14.562780261039734,
              35.86677368136638
            ],
            [
              14.563171863555908,
              35.86668673681109
            ],
            [
              14.563456177711487,
              35.86660413939521
            ],
            [
              14.563568830490112,
              35.86652154189325
            ],
            [
              14.563649296760559,
              35.866417208083504
            ],
            [
              14.563681483268738,
              35.866330263137115
            ],
            [
              14.563670754432678,
              35.86625201260382
            ],
            [
              14.563547372817993,
              35.86593466242668
            ],
            [
              14.563579559326172,
              35.865734687689766
            ]
          ]
        ]
      },
      "properties": {
        "name": "Triq Santa Tereża",
        "name_int": "Triq Santa Tereża",
        "class": "minor",
        "name:latin": "Triq Santa Tereża",
        "name_de": "Triq Santa Tereża",
        "name_en": "Triq Santa Tereża",
        "source_layer": "transportation_name",
        "source_tile": "https://tiles.openfreemap.org/planet/20261004_113936_pt/14/8854/6441.pbf"
      }
    },
    {
      "type": "Feature",
      "id": "transportation_name:1367054360-0",
      "geometry": {
        "type": "MultiLineString",
        "coordinates": [
          [
            [
              14.562715888023376,
              35.861000355783986
            ],
            [
              14.56339180469513,
              35.86116990974298
            ]
          ],
          [
            [
              14.566165208816528,
              35.866025955073596
            ],
            [
              14.56589162349701,
              35.8665563197993
            ]
          ]
        ]
      },
      "properties": {
        "name": "Triq is-Sallur",
        "name_int": "Triq is-Sallur",
        "class": "minor",
        "name:latin": "Triq is-Sallur",
        "name_de": "Triq is-Sallur",
        "name_en": "Triq is-Sallur",
        "source_layer": "transportation_name",
        "source_tile": "https://tiles.openfreemap.org/planet/20261004_113936_pt/14/8854/6441.pbf"
      }
    },
    {
      "type": "Feature",
      "id": "transportation_name:1576633760-0",
      "geometry": {
        "type": "LineString",
        "coordinates": [
          [
            14.562270641326904,
            35.862908903770446
          ],
          [
            14.56237256526947,
            35.86290455633298
          ],
          [
            14.562463760375977,
            35.862921946081514
          ],
          [
            14.562587141990662,
            35.862978462737956
          ],
          [
            14.562656879425049,
            35.86302193706166
          ],
          [
            14.562721252441406,
            35.86307845364681
          ],
          [
            14.5628821849823,
            35.86330886699993
          ],
          [
            14.56312894821167,
            35.86347841602067
          ],
          [
            14.56337571144104,
            35.863565364095734
          ],
          [
            14.563493728637695,
            35.86356971149701
          ],
          [
            14.564754366874695,
            35.86352623747378
          ],
          [
            14.565017223358154,
            35.8635088478578
          ],
          [
            14.56563413143158,
            35.86349145823803
          ],
          [
            14.566267132759094,
            35.86351754266626
          ],
          [
            14.56660509109497,
            35.86360014329907
          ],
          [
            14.56686794757843,
            35.86370448081745
          ],
          [
            14.567023515701294,
            35.86378708125544
          ],
          [
            14.567238092422485,
            35.86394358711239
          ],
          [
            14.568042755126953,
            35.864608733556494
          ],
          [
            14.568219780921936,
            35.86471306974711
          ],
          [
            14.56835925579071,
            35.86475219578318
          ],
          [
            14.568557739257812,
            35.86479132179994
          ]
        ]
      },
      "properties": {
        "name_int": "Triq is-Salini",
        "name:mt": "Triq is-Salini",
        "name_de": "Triq is-Salini",
        "name": "Triq is-Salini",
        "class": "minor",
        "name:latin": "Triq is-Salini",
        "name_en": "Triq is-Salini",
        "source_layer": "transportation_name",
        "source_tile": "https://tiles.openfreemap.org/planet/20261004_113936_pt/14/8854/6441.pbf"
      }
    },
    {
      "type": "Feature",
      "id": "transportation_name:2237995972-0",
      "geometry": {
        "type": "LineString",
        "coordinates": [
          [
            14.56563413143158,
            35.865273874418364
          ],
          [
            14.56537127494812,
            35.8651825809051
          ],
          [
            14.56462562084198,
            35.86528691634027
          ],
          [
            14.564416408538818,
            35.86533038939771
          ],
          [
            14.564169645309448,
            35.86543037733934
          ],
          [
            14.564062356948853,
            35.8654955867985
          ],
          [
            14.564046263694763,
            35.865526017861086
          ],
          [
            14.564078450202942,
            35.865578185369756
          ]
        ]
      },
      "properties": {
        "name": "Triq San Ġorġ",
        "name_int": "Triq San Ġorġ",
        "class": "minor",
        "name:latin": "Triq San Ġorġ",
        "name_de": "Triq San Ġorġ",
        "name_en": "Triq San Ġorġ",
        "source_layer": "transportation_name",
        "source_tile": "https://tiles.openfreemap.org/planet/20261004_113936_pt/14/8854/6441.pbf"
      }
    },
    {
      "type": "Feature",
      "id": "transportation_name:3945405352-0",
      "geometry": {
        "type": "LineString",
        "coordinates": [
          [
            14.565204977989197,
            35.867104069806516
          ],
          [
            14.566583633422852,
            35.86757356679938
          ]
        ]
      },
      "properties": {
        "name": "Triq l-Immakulata",
        "name_int": "Triq l-Immakulata",
        "class": "minor",
        "name:latin": "Triq l-Immakulata",
        "name_de": "Triq l-Immakulata",
        "name_en": "Triq l-Immakulata",
        "source_layer": "transportation_name",
        "source_tile": "https://tiles.openfreemap.org/planet/20261004_113936_pt/14/8854/6441.pbf"
      }
    },
    {
      "type": "Feature",
      "id": "transportation_name:9076622150-0",
      "geometry": {
        "type": "MultiLineString",
        "coordinates": [
          [
            [
              14.56039845943451,
              35.86278717543043
            ],
            [
              14.560537934303284,
              35.862913251207715
            ],
            [
              14.56089735031128,
              35.863326256659775
            ],
            [
              14.561927318572998,
              35.864382671338944
            ],
            [
              14.562211632728577,
              35.864660901669
            ],
            [
              14.562533497810364,
              35.865043466777905
            ],
            [
              14.562780261039734,
              35.86530865287196
            ],
            [
              14.562994837760925,
              35.865595574531696
            ]
          ],
          [
            [
              14.560505747795105,
              35.86280456520474
            ],
            [
              14.560537934303284,
              35.862913251207715
            ]
          ]
        ]
      },
      "properties": {
        "name_int": "Triq Sant' Anna",
        "ref": "134",
        "name:mt": "Triq Sant' Anna",
        "name_de": "Triq Sant' Anna",
        "name": "Triq Sant' Anna",
        "ref_length": 3,
        "class": "secondary",
        "name:latin": "Triq Sant' Anna",
        "name_en": "Triq Sant' Anna",
        "network": "road",
        "source_layer": "transportation_name",
        "source_tile": "https://tiles.openfreemap.org/planet/20261004_113936_pt/14/8854/6441.pbf"
      }
    },
    {
      "type": "Feature",
      "id": "transportation_name:338456640-0",
      "geometry": {
        "type": "LineString",
        "coordinates": [
          [
            14.561980962753296,
            35.8669258341086
          ],
          [
            14.562436938285828,
            35.86682150083111
          ],
          [
            14.562576413154602,
            35.86663891726502
          ],
          [
            14.562753438949585,
            35.86637808286942
          ]
        ]
      },
      "properties": {
        "name_int": "Triq San Ġwakkin",
        "name:mt": "Triq San Ġwakkin",
        "name_de": "Triq San Ġwakkin",
        "name": "Triq San Ġwakkin",
        "class": "secondary",
        "name:latin": "Triq San Ġwakkin",
        "name_en": "Triq San Ġwakkin",
        "source_layer": "transportation_name",
        "source_tile": "https://tiles.openfreemap.org/planet/20261004_113936_pt/14/8854/6441.pbf"
      }
    },
    {
      "type": "Feature",
      "id": "transportation_name:1367054050-0",
      "geometry": {
        "type": "LineString",
        "coordinates": [
          [
            14.568557739257812,
            35.867017125613714
          ],
          [
            14.568080306053162,
            35.86684758416338
          ],
          [
            14.5671147108078,
            35.86653023637119
          ],
          [
            14.567018151283264,
            35.866338957636046
          ],
          [
            14.56613838672638,
            35.86576511866055
          ],
          [
            14.565698504447937,
            35.865508628683884
          ],
          [
            14.56561803817749,
            35.865473850318054
          ],
          [
            14.565398097038269,
            35.86541733544104
          ],
          [
            14.564416408538818,
            35.86549123950289
          ],
          [
            14.564078450202942,
            35.865578185369756
          ],
          [
            14.563751220703125,
            35.86571729855835
          ],
          [
            14.563654661178589,
            35.865734687689766
          ],
          [
            14.563579559326172,
            35.865734687689766
          ],
          [
            14.563456177711487,
            35.865682520284096
          ],
          [
            14.563150405883789,
            35.86564339470732
          ]
        ]
      },
      "properties": {
        "name_int": "Żonqor Road",
        "ref": "134",
        "name:mt": "Triq iż-Żonqor",
        "name_de": "Triq iż-Żonqor",
        "name": "Triq iż-Żonqor",
        "ref_length": 3,
        "class": "secondary",
        "name:latin": "Triq iż-Żonqor",
        "name_en": "Triq iż-Żonqor",
        "network": "road",
        "source_layer": "transportation_name",
        "source_tile": "https://tiles.openfreemap.org/planet/20261004_113936_pt/14/8854/6441.pbf"
      }
    },
    {
      "type": "Feature",
      "id": "transportation_name:1367054080-0",
      "geometry": {
        "type": "LineString",
        "coordinates": [
          [
            14.56312894821167,
            35.86560861640062
          ],
          [
            14.563102126121521,
            35.86559122724158
          ],
          [
            14.563064575195312,
            35.86558253266061
          ],
          [
            14.563027024269104,
            35.86558253266061
          ],
          [
            14.562994837760925,
            35.865595574531696
          ],
          [
            14.562957286834717,
            35.86563470013209
          ],
          [
            14.562951922416687,
            35.865652089281596
          ],
          [
            14.562968015670776,
            35.86571295127493
          ],
          [
            14.563016295433044,
            35.86573903497201
          ],
          [
            14.563069939613342,
            35.86574338225404
          ],
          [
            14.563096761703491,
            35.865734687689766
          ],
          [
            14.56313967704773,
            35.86570425670729
          ],
          [
            14.563150405883789,
            35.86564339470732
          ],
          [
            14.56312894821167,
            35.86560861640062
          ]
        ]
      },
      "properties": {
        "name_int": "Pjazza Dun Tarċiż Agius",
        "ref": "134",
        "name:mt": "Pjazza Dun Tarċiż Agius",
        "name_de": "Pjazza Dun Tarċiż Agius",
        "name": "Pjazza Dun Tarċiż Agius",
        "ref_length": 3,
        "class": "secondary",
        "name:latin": "Pjazza Dun Tarċiż Agius",
        "name_en": "Pjazza Dun Tarċiż Agius",
        "network": "road",
        "source_layer": "transportation_name",
        "source_tile": "https://tiles.openfreemap.org/planet/20261004_113936_pt/14/8854/6441.pbf"
      }
    },
    {
      "type": "Feature",
      "id": "transportation_name:1367054222-0",
      "geometry": {
        "type": "LineString",
        "coordinates": [
          [
            14.56312358379364,
            35.86572164584156
          ],
          [
            14.563418626785278,
            35.865752076817344
          ],
          [
            14.563579559326172,
            35.865734687689766
          ]
        ]
      },
      "properties": {
        "name_int": "Triq iż-Żonqor",
        "ref": "134",
        "name_de": "Triq iż-Żonqor",
        "name": "Triq iż-Żonqor",
        "ref_length": 3,
        "class": "secondary",
        "name:latin": "Triq iż-Żonqor",
        "name_en": "Triq iż-Żonqor",
        "network": "road",
        "source_layer": "transportation_name",
        "source_tile": "https://tiles.openfreemap.org/planet/20261004_113936_pt/14/8854/6441.pbf"
      }
    },
    {
      "type": "Feature",
      "id": "transportation_name:1367094320-0",
      "geometry": {
        "type": "LineString",
        "coordinates": [
          [
            14.562957286834717,
            35.865691214854095
          ],
          [
            14.562930464744568,
            35.86577816050158
          ],
          [
            14.562930464744568,
            35.86581728601185
          ],
          [
            14.562844634056091,
            35.866099858567864
          ],
          [
            14.56286609172821,
            35.866182456509335
          ],
          [
            14.563021659851074,
            35.865904231520986
          ],
          [
            14.563096761703491,
            35.865734687689766
          ]
        ]
      },
      "properties": {
        "name": "Triq San Ġwakkin",
        "name_int": "Triq San Ġwakkin",
        "class": "secondary",
        "name:latin": "Triq San Ġwakkin",
        "name_de": "Triq San Ġwakkin",
        "name_en": "Triq San Ġwakkin",
        "source_layer": "transportation_name",
        "source_tile": "https://tiles.openfreemap.org/planet/20261004_113936_pt/14/8854/6441.pbf"
      }
    },
    {
      "type": "Feature",
      "id": "transportation_name:10560721512-0",
      "geometry": {
        "type": "LineString",
        "coordinates": [
          [
            14.56286609172821,
            35.866182456509335
          ],
          [
            14.562753438949585,
            35.86637808286942
          ]
        ]
      },
      "properties": {
        "name_int": "Triq San Ġwakkin",
        "name:mt": "Triq San Gwakkin",
        "name_de": "Triq San Ġwakkin",
        "name": "Triq San Ġwakkin",
        "class": "secondary",
        "name:latin": "Triq San Ġwakkin",
        "name_en": "Triq San Ġwakkin",
        "source_layer": "transportation_name",
        "source_tile": "https://tiles.openfreemap.org/planet/20261004_113936_pt/14/8854/6441.pbf"
      }
    },
    {
      "type": "Feature",
      "id": "transportation_name:15126666692-0",
      "geometry": {
        "type": "LineString",
        "coordinates": [
          [
            14.562753438949585,
            35.86637808286942
          ],
          [
            14.56189513206482,
            35.866547625324216
          ],
          [
            14.561798572540283,
            35.86657805598284
          ]
        ]
      },
      "properties": {
        "name": "Triq La Sengle",
        "name_int": "Triq La Sengle",
        "class": "secondary",
        "name:latin": "Triq La Sengle",
        "name_de": "Triq La Sengle",
        "name_en": "Triq La Sengle",
        "source_layer": "transportation_name",
        "source_tile": "https://tiles.openfreemap.org/planet/20261004_113936_pt/14/8854/6441.pbf"
      }
    },
    {
      "type": "Feature",
      "id": "transportation_name:11307702992-0",
      "geometry": {
        "type": "LineString",
        "coordinates": [
          [
            14.565237164497375,
            35.8661998455387
          ],
          [
            14.56539273262024,
            35.86573903497201
          ]
        ]
      },
      "properties": {
        "name_int": "Saint John the Baptist Street",
        "name:mt": "Triq San Ġwann il-Battista",
        "name_de": "Triq San Ġwann il-Battista",
        "name": "Triq San Ġwann il-Battista",
        "subclass": "footway",
        "name:en": "Saint John the Baptist Street",
        "class": "path",
        "layer": 1,
        "name:latin": "Triq San Ġwann il-Battista",
        "name_en": "Saint John the Baptist Street",
        "source_layer": "transportation_name",
        "source_tile": "https://tiles.openfreemap.org/planet/20261004_113936_pt/14/8854/6441.pbf"
      }
    },
    {
      "type": "Feature",
      "id": "poi:50301447291-0",
      "geometry": {
        "type": "Point",
        "coordinates": [
          14.56312358379364,
          35.86587814787825
        ]
      },
      "properties": {
        "name_int": "Marsaskala - Ħarruba",
        "name_de": "Marsaskala - Ħarruba",
        "name": "Marsaskala - Ħarruba",
        "subclass": "bus_stop",
        "rank": 5,
        "class": "bus",
        "name:latin": "Marsaskala - Ħarruba",
        "name_en": "Marsaskala - Ħarruba",
        "source_layer": "poi",
        "source_tile": "https://tiles.openfreemap.org/planet/20261004_113936_pt/14/8854/6441.pbf"
      }
    },
    {
      "type": "Feature",
      "id": "poi:50301447301-0",
      "geometry": {
        "type": "Point",
        "coordinates": [
          14.562844634056091,
          35.86553471244825
        ]
      },
      "properties": {
        "name_int": "Marsaskala - Ħarruba",
        "name_de": "Marsaskala - Ħarruba",
        "name": "Marsaskala - Ħarruba",
        "subclass": "bus_stop",
        "rank": 6,
        "class": "bus",
        "name:latin": "Marsaskala - Ħarruba",
        "name_en": "Marsaskala - Ħarruba",
        "source_layer": "poi",
        "source_tile": "https://tiles.openfreemap.org/planet/20261004_113936_pt/14/8854/6441.pbf"
      }
    },
    {
      "type": "Feature",
      "id": "poi:50302780951-0",
      "geometry": {
        "type": "Point",
        "coordinates": [
          14.563660025596619,
          35.865669478427336
        ]
      },
      "properties": {
        "name_int": "Marsaskala - Tarċis",
        "name_de": "Marsaskala - Tarċis",
        "name": "Marsaskala - Tarċis",
        "subclass": "bus_stop",
        "rank": 7,
        "class": "bus",
        "name:latin": "Marsaskala - Tarċis",
        "name_en": "Marsaskala - Tarċis",
        "source_layer": "poi",
        "source_tile": "https://tiles.openfreemap.org/planet/20261004_113936_pt/14/8854/6441.pbf"
      }
    },
    {
      "type": "Feature",
      "id": "poi:138816677221-0",
      "geometry": {
        "type": "Point",
        "coordinates": [
          14.563949704170227,
          35.8663346103867
        ]
      },
      "properties": {
        "name_int": "Marsaskala - Anna",
        "name_de": "Marsaskala - Anna",
        "name": "Marsaskala - Anna",
        "subclass": "bus_stop",
        "rank": 10,
        "class": "bus",
        "name:latin": "Marsaskala - Anna",
        "name_en": "Marsaskala - Anna",
        "source_layer": "poi",
        "source_tile": "https://tiles.openfreemap.org/planet/20261004_113936_pt/14/8854/6441.pbf"
      }
    },
    {
      "type": "Feature",
      "id": "poi:3945404762-0",
      "geometry": {
        "type": "Point",
        "coordinates": [
          14.564448595046997,
          35.86691713967406
        ]
      },
      "properties": {
        "name_int": "Skola Primarja Marsakala Sant' Anna",
        "name_de": "Skola Primarja Marsakala Sant' Anna",
        "name": "Skola Primarja Marsakala Sant' Anna",
        "subclass": "school",
        "rank": 4,
        "class": "school",
        "name:latin": "Skola Primarja Marsakala Sant' Anna",
        "name_en": "Skola Primarja Marsakala Sant' Anna",
        "source_layer": "poi",
        "source_tile": "https://tiles.openfreemap.org/planet/20261004_113936_pt/14/8854/6441.pbf"
      }
    },
    {
      "type": "Feature",
      "id": "poi:115497028031-0",
      "geometry": {
        "type": "Point",
        "coordinates": [
          14.563499093055725,
          35.865821633289556
        ]
      },
      "properties": {
        "name_int": "Tiffany's",
        "name_de": "Tiffany's",
        "name": "Tiffany's",
        "subclass": "kiosk",
        "rank": 12,
        "class": "shop",
        "name:latin": "Tiffany's",
        "name_en": "Tiffany's",
        "source_layer": "poi",
        "source_tile": "https://tiles.openfreemap.org/planet/20261004_113936_pt/14/8854/6441.pbf"
      }
    },
    {
      "type": "Feature",
      "id": "poi:43306631901-0",
      "geometry": {
        "type": "Point",
        "coordinates": [
          14.56237256526947,
          35.86671716741628
        ]
      },
      "properties": {
        "name_int": "BOV",
        "name_de": "BOV",
        "name": "BOV",
        "subclass": "atm",
        "rank": 20,
        "class": "atm",
        "name:latin": "BOV",
        "name_en": "BOV",
        "source_layer": "poi",
        "source_tile": "https://tiles.openfreemap.org/planet/20261004_113936_pt/14/8854/6441.pbf"
      }
    },
    {
      "type": "Feature",
      "id": "poi:1367054272-0",
      "geometry": {
        "type": "Point",
        "coordinates": [
          14.564217925071716,
          35.86585206422694
        ]
      },
      "properties": {
        "name_int": "Saint Anne Parish Church",
        "name:mt": "Knisja Parrokkjali Sant' Anna",
        "name_de": "Knisja Parrokkjali Sant' Anna",
        "name": "Knisja Parrokkjali Sant' Anna",
        "subclass": "christian",
        "rank": 13,
        "name:en": "Saint Anne Parish Church",
        "class": "place_of_worship",
        "name:latin": "Knisja Parrokkjali Sant' Anna",
        "name_en": "Saint Anne Parish Church",
        "source_layer": "poi",
        "source_tile": "https://tiles.openfreemap.org/planet/20261004_113936_pt/14/8854/6441.pbf"
      }
    },
    {
      "type": "Feature",
      "id": "poi:1367094312-0",
      "geometry": {
        "type": "Point",
        "coordinates": [
          14.563236236572266,
          35.8661998455387
        ]
      },
      "properties": {
        "subclass": "park",
        "class": "park",
        "rank": 17,
        "source_layer": "poi",
        "source_tile": "https://tiles.openfreemap.org/planet/20261004_113936_pt/14/8854/6441.pbf"
      }
    },
    {
      "type": "Feature",
      "id": "poi:1391253052-0",
      "geometry": {
        "type": "Point",
        "coordinates": [
          14.564706087112427,
          35.867156236276415
        ]
      },
      "properties": {
        "class": "pitch",
        "rank": 6,
        "source_layer": "poi",
        "source_tile": "https://tiles.openfreemap.org/planet/20261004_113936_pt/14/8854/6441.pbf"
      }
    },
    {
      "type": "Feature",
      "id": "poi:1394281322-0",
      "geometry": {
        "type": "Point",
        "coordinates": [
          14.562962651252747,
          35.866747598009795
        ]
      },
      "properties": {
        "subclass": "parking",
        "class": "parking",
        "rank": 18,
        "source_layer": "poi",
        "source_tile": "https://tiles.openfreemap.org/planet/20261004_113936_pt/14/8854/6441.pbf"
      }
    },
    {
      "type": "Feature",
      "id": "poi:3642858382-0",
      "geometry": {
        "type": "Point",
        "coordinates": [
          14.56560730934143,
          35.86599987147093
        ]
      },
      "properties": {
        "subclass": "swimming_pool",
        "class": "swimming_pool",
        "rank": 19,
        "source_layer": "poi",
        "source_tile": "https://tiles.openfreemap.org/planet/20261004_113936_pt/14/8854/6441.pbf"
      }
    },
    {
      "type": "Feature",
      "id": "poi:3945404802-0",
      "geometry": {
        "type": "Point",
        "coordinates": [
          14.564684629440308,
          35.86564774199458
        ]
      },
      "properties": {
        "subclass": "swimming_pool",
        "class": "swimming_pool",
        "rank": 20,
        "source_layer": "poi",
        "source_tile": "https://tiles.openfreemap.org/planet/20261004_113936_pt/14/8854/6441.pbf"
      }
    },
    {
      "type": "Feature",
      "id": "poi:11553743792-0",
      "geometry": {
        "type": "Point",
        "coordinates": [
          14.56289827823639,
          35.86573903497201
        ]
      },
      "properties": {
        "subclass": "artwork",
        "class": "art_gallery",
        "rank": 23,
        "source_layer": "poi",
        "source_tile": "https://tiles.openfreemap.org/planet/20261004_113936_pt/14/8854/6441.pbf"
      }
    },
    {
      "type": "Feature",
      "id": "poi:14282580972-0",
      "geometry": {
        "type": "Point",
        "coordinates": [
          14.563016295433044,
          35.865460808426946
        ]
      },
      "properties": {
        "subclass": "parking",
        "class": "parking",
        "rank": 24,
        "source_layer": "poi",
        "source_tile": "https://tiles.openfreemap.org/planet/20261004_113936_pt/14/8854/6441.pbf"
      }
    },
    {
      "type": "Feature",
      "id": "poi:84288281251-0",
      "geometry": {
        "type": "Point",
        "coordinates": [
          14.5638906955719,
          35.86577381322148
        ]
      },
      "properties": {
        "subclass": "toilets",
        "class": "toilets",
        "rank": 27,
        "source_layer": "poi",
        "source_tile": "https://tiles.openfreemap.org/planet/20261004_113936_pt/14/8854/6441.pbf"
      }
    },
    {
      "type": "Feature",
      "id": "poi:84288281261-0",
      "geometry": {
        "type": "Point",
        "coordinates": [
          14.564180374145508,
          35.865669478427336
        ]
      },
      "properties": {
        "subclass": "toilets",
        "class": "toilets",
        "rank": 28,
        "source_layer": "poi",
        "source_tile": "https://tiles.openfreemap.org/planet/20261004_113936_pt/14/8854/6441.pbf"
      }
    },
    {
      "type": "Feature",
      "id": "poi:107583747291-0",
      "geometry": {
        "type": "Point",
        "coordinates": [
          14.565451741218567,
          35.865752076817344
        ]
      },
      "properties": {
        "subclass": "bollard",
        "class": "bollard",
        "rank": 29,
        "source_layer": "poi",
        "source_tile": "https://tiles.openfreemap.org/planet/20261004_113936_pt/14/8854/6441.pbf"
      }
    },
    {
      "type": "Feature",
      "id": "poi:113290246091-0",
      "geometry": {
        "type": "Point",
        "coordinates": [
          14.563515186309814,
          35.86660848662979
        ]
      },
      "properties": {
        "subclass": "recycling",
        "class": "recycling",
        "rank": 30,
        "source_layer": "poi",
        "source_tile": "https://tiles.openfreemap.org/planet/20261004_113936_pt/14/8854/6441.pbf"
      }
    },
    {
      "type": "Feature",
      "id": "landuse:1391253052-0",
      "geometry": {
        "type": "Polygon",
        "coordinates": [
          [
            [
              14.564416408538818,
              35.86742576249051
            ],
            [
              14.565022587776184,
              35.86705190330228
            ],
            [
              14.564931392669678,
              35.86693887575862
            ],
            [
              14.564850926399231,
              35.86696061183724
            ],
            [
              14.564480781555176,
              35.867208402711995
            ],
            [
              14.564282298088074,
              35.867308388284144
            ],
            [
              14.564416408538818,
              35.86742576249051
            ]
          ]
        ]
      },
      "properties": {
        "class": "pitch",
        "source_layer": "landuse",
        "source_tile": "https://tiles.openfreemap.org/planet/20261004_113936_pt/14/8854/6441.pbf"
      }
    },
    {
      "type": "Feature",
      "id": "landuse:3945404762-0",
      "geometry": {
        "type": "Polygon",
        "coordinates": [
          [
            [
              14.565086960792542,
              35.86704755609206
            ],
            [
              14.564700722694397,
              35.866386777363104
            ],
            [
              14.564679265022278,
              35.86638243011639
            ],
            [
              14.564657807350159,
              35.86632591588729
            ],
            [
              14.56462025642395,
              35.866291137880125
            ],
            [
              14.563649296760559,
              35.866678042350316
            ],
            [
              14.563756585121155,
              35.86676933414088
            ],
            [
              14.563761949539185,
              35.866791070266004
            ],
            [
              14.564282298088074,
              35.867308388284144
            ],
            [
              14.564416408538818,
              35.86742576249051
            ],
            [
              14.564942121505737,
              35.867104069806516
            ],
            [
              14.565086960792542,
              35.86704755609206
            ]
          ]
        ]
      },
      "properties": {
        "class": "school",
        "source_layer": "landuse",
        "source_tile": "https://tiles.openfreemap.org/planet/20261004_113936_pt/14/8854/6441.pbf"
      }
    },
    {
      "type": "Feature",
      "id": "landuse:1378435220-62",
      "geometry": {
        "type": "Polygon",
        "coordinates": [
          [
            [
              14.566980600357056,
              35.86637373562225
            ],
            [
              14.56562876701355,
              35.8655303651548
            ],
            [
              14.565451741218567,
              35.86550428138901
            ],
            [
              14.565424919128418,
              35.865691214854095
            ],
            [
              14.56562340259552,
              35.86574338225404
            ],
            [
              14.566969871520996,
              35.866421555328316
            ],
            [
              14.566980600357056,
              35.86637373562225
            ]
          ]
        ]
      },
      "properties": {
        "class": "residential",
        "source_layer": "landuse",
        "source_tile": "https://tiles.openfreemap.org/planet/20261004_113936_pt/14/8854/6441.pbf"
      }
    },
    {
      "type": "Feature",
      "id": "landuse:1378435220-63",
      "geometry": {
        "type": "Polygon",
        "coordinates": [
          [
            [
              14.564486145973206,
              35.865460808426946
            ],
            [
              14.56536054611206,
              35.86538255703516
            ],
            [
              14.56536054611206,
              35.86534343131028
            ],
            [
              14.565553665161133,
              35.86539994624002
            ],
            [
              14.566240310668945,
              35.86580424417721
            ],
            [
              14.566304683685303,
              35.86572164584156
            ],
            [
              14.566272497177124,
              35.865682520284096
            ],
            [
              14.565687775611877,
              35.8653043055661
            ],
            [
              14.565344452857971,
              35.865217359398756
            ],
            [
              14.564443230628967,
              35.8653521259175
            ],
            [
              14.564486145973206,
              35.865460808426946
            ]
          ]
        ]
      },
      "properties": {
        "class": "residential",
        "source_layer": "landuse",
        "source_tile": "https://tiles.openfreemap.org/planet/20261004_113936_pt/14/8854/6441.pbf"
      }
    },
    {
      "type": "Feature",
      "id": "landuse:1378435220-64",
      "geometry": {
        "type": "Polygon",
        "coordinates": [
          [
            [
              14.562560319900513,
              35.86579120234049
            ],
            [
              14.562587141990662,
              35.86575642409865
            ],
            [
              14.562731981277466,
              35.86572599312453
            ],
            [
              14.56286072731018,
              35.86572599312453
            ],
            [
              14.562785625457764,
              35.86545211383168
            ],
            [
              14.562404751777649,
              35.865521670567134
            ],
            [
              14.56239402294159,
              35.865547754327196
            ],
            [
              14.562453031539917,
              35.86561296368981
            ],
            [
              14.562453031539917,
              35.865669478427336
            ],
            [
              14.562506675720215,
              35.86571295127493
            ],
            [
              14.562501311302185,
              35.86579989689855
            ],
            [
              14.562560319900513,
              35.86579120234049
            ]
          ]
        ]
      },
      "properties": {
        "class": "residential",
        "source_layer": "landuse",
        "source_tile": "https://tiles.openfreemap.org/planet/20261004_113936_pt/14/8854/6441.pbf"
      }
    },
    {
      "type": "Feature",
      "id": "landuse:1378435220-65",
      "geometry": {
        "type": "Polygon",
        "coordinates": [
          [
            [
              14.562549591064453,
              35.864999993563075
            ],
            [
              14.562656879425049,
              35.8649347836961
            ],
            [
              14.561321139335632,
              35.86352623747378
            ],
            [
              14.561229944229126,
              35.86358275369932
            ],
            [
              14.562549591064453,
              35.864999993563075
            ]
          ]
        ]
      },
      "properties": {
        "class": "residential",
        "source_layer": "landuse",
        "source_tile": "https://tiles.openfreemap.org/planet/20261004_113936_pt/14/8854/6441.pbf"
      }
    },
    {
      "type": "Feature",
      "id": "landuse:1378435220-73",
      "geometry": {
        "type": "Polygon",
        "coordinates": [
          [
            [
              14.559550881385803,
              35.8633523411424
            ],
            [
              14.559502601623535,
              35.863374078204686
            ],
            [
              14.559277296066284,
              35.86418704005331
            ],
            [
              14.559953212738037,
              35.8645304813234
            ],
            [
              14.560521841049194,
              35.86501303553004
            ],
            [
              14.560688138008118,
              35.865243443258976
            ],
            [
              14.560731053352356,
              35.86540429354062
            ],
            [
              14.560843706130981,
              35.865378209733365
            ],
            [
              14.560779333114624,
              35.86520431746544
            ],
            [
              14.561310410499573,
              35.86507824533261
            ],
            [
              14.561578631401062,
              35.864952172999224
            ],
            [
              14.561761021614075,
              35.86532604209303
            ],
            [
              14.562163352966309,
              35.865273874418364
            ],
            [
              14.562351107597351,
              35.865521670567134
            ],
            [
              14.56264615058899,
              35.86545211383168
            ],
            [
              14.562737345695496,
              35.86536951512902
            ],
            [
              14.562463760375977,
              35.864999993563075
            ],
            [
              14.562066793441772,
              35.864569607449624
            ],
            [
              14.561734199523926,
              35.864234861078856
            ],
            [
              14.561331868171692,
              35.86446961842201
            ],
            [
              14.56088125705719,
              35.864047924178635
            ],
            [
              14.560537934303284,
              35.86380881819848
            ],
            [
              14.560022950172424,
              35.86352189007012
            ],
            [
              14.559550881385803,
              35.8633523411424
            ]
          ]
        ]
      },
      "properties": {
        "class": "residential",
        "source_layer": "landuse",
        "source_tile": "https://tiles.openfreemap.org/planet/20261004_113936_pt/14/8854/6441.pbf"
      }
    },
    {
      "type": "Feature",
      "id": "landuse:1378435220-80",
      "geometry": {
        "type": "Polygon",
        "coordinates": [
          [
            [
              14.562774896621704,
              35.86704755609206
            ],
            [
              14.562683701515198,
              35.86687801470681
            ],
            [
              14.562458395957947,
              35.866908445238565
            ],
            [
              14.56238865852356,
              35.866778028591625
            ],
            [
              14.562683701515198,
              35.86632591588729
            ],
            [
              14.56287145614624,
              35.86579989689855
            ],
            [
              14.562694430351257,
              35.86576077137971
            ],
            [
              14.562528133392334,
              35.86579989689855
            ],
            [
              14.562410116195679,
              35.86580424417721
            ],
            [
              14.562227725982666,
              35.86599552420297
            ],
            [
              14.562442302703857,
              35.86616941473484
            ],
            [
              14.561492800712585,
              35.866330263137115
            ],
            [
              14.56139087677002,
              35.86640851359314
            ],
            [
              14.561331868171692,
              35.86637808286942
            ],
            [
              14.560478925704956,
              35.86704320888157
            ],
            [
              14.560205340385437,
              35.86726926351007
            ],
            [
              14.56011950969696,
              35.86744749843558
            ],
            [
              14.560065865516663,
              35.86784743876066
            ],
            [
              14.560226798057556,
              35.867977853647645
            ],
            [
              14.560028314590454,
              35.868182169872426
            ],
            [
              14.559926390647888,
              35.868695131689634
            ],
            [
              14.559969305992126,
              35.86869078456952
            ],
            [
              14.560554027557373,
              35.868143045529735
            ],
            [
              14.561010003089905,
              35.86839083270718
            ],
            [
              14.56113338470459,
              35.868273459930236
            ],
            [
              14.561160206794739,
              35.86830823706747
            ],
            [
              14.561353325843811,
              35.86810826832003
            ],
            [
              14.561326503753662,
              35.86809522686244
            ],
            [
              14.56185758113861,
              35.867551830888885
            ],
            [
              14.562216997146606,
              35.867343165844915
            ],
            [
              14.56238329410553,
              35.867230138716664
            ],
            [
              14.562774896621704,
              35.86704755609206
            ]
          ]
        ]
      },
      "properties": {
        "class": "residential",
        "source_layer": "landuse",
        "source_tile": "https://tiles.openfreemap.org/planet/20261004_113936_pt/14/8854/6441.pbf"
      }
    },
    {
      "type": "Feature",
      "id": "landuse:1378435220-82",
      "geometry": {
        "type": "Polygon",
        "coordinates": [
          [
            [
              14.565457105636597,
              35.867486623121664
            ],
            [
              14.565478563308716,
              35.86747792874867
            ],
            [
              14.565537571907043,
              35.867343165844915
            ],
            [
              14.565580487251282,
              35.86726926351007
            ],
            [
              14.565660953521729,
              35.86729534669493
            ],
            [
              14.565596580505371,
              35.86743010968
            ],
            [
              14.565972089767456,
              35.86755617807145
            ],
            [
              14.566036462783813,
              35.86741706811081
            ],
            [
              14.566310048103333,
              35.86752140060419
            ],
            [
              14.566208124160767,
              35.867751801040484
            ],
            [
              14.566395878791809,
              35.867799619915004
            ],
            [
              14.566696286201477,
              35.86743010968
            ],
            [
              14.566926956176758,
              35.86749097030783
            ],
            [
              14.567179083824158,
              35.86751705341972
            ],
            [
              14.567093253135681,
              35.86768659343778
            ],
            [
              14.567490220069885,
              35.86780396708399
            ],
            [
              14.567474126815796,
              35.86785178592703
            ],
            [
              14.567543864250183,
              35.867877868920175
            ],
            [
              14.567581415176392,
              35.86783005009285
            ],
            [
              14.567956924438477,
              35.867938729204084
            ],
            [
              14.568064212799072,
              35.86774310669655
            ],
            [
              14.568214416503906,
              35.86779527274578
            ],
            [
              14.568214416503906,
              35.867543136523025
            ],
            [
              14.566234946250916,
              35.86686062582628
            ],
            [
              14.56588625907898,
              35.86664326449767
            ],
            [
              14.565730690956116,
              35.86649111121292
            ],
            [
              14.565285444259644,
              35.86627374887081
            ],
            [
              14.564995765686035,
              35.86617376199324
            ],
            [
              14.56485629081726,
              35.86614333117937
            ],
            [
              14.564716815948486,
              35.86626505436473
            ],
            [
              14.565457105636597,
              35.867486623121664
            ]
          ]
        ]
      },
      "properties": {
        "class": "residential",
        "source_layer": "landuse",
        "source_tile": "https://tiles.openfreemap.org/planet/20261004_113936_pt/14/8854/6441.pbf"
      }
    },
    {
      "type": "Feature",
      "id": "landuse:1378435220-83",
      "geometry": {
        "type": "Polygon",
        "coordinates": [
          [
            [
              14.568214416503906,
              35.86698234790987
            ],
            [
              14.567994475364685,
              35.86691279245643
            ],
            [
              14.568005204200745,
              35.866886709145646
            ],
            [
              14.56712543964386,
              35.86657805598284
            ],
            [
              14.565800428390503,
              35.86586075877834
            ],
            [
              14.565403461456299,
              35.86578685506109
            ],
            [
              14.565285444259644,
              35.866191151024495
            ],
            [
              14.56612229347229,
              35.86664326449767
            ],
            [
              14.566503167152405,
              35.86683888972024
            ],
            [
              14.568214416503906,
              35.86744315124706
            ],
            [
              14.568214416503906,
              35.86698234790987
            ]
          ]
        ]
      },
      "properties": {
        "class": "residential",
        "source_layer": "landuse",
        "source_tile": "https://tiles.openfreemap.org/planet/20261004_113936_pt/14/8854/6441.pbf"
      }
    }
  ]
}
