{
  "type": "FeatureCollection",
  "source": "https://tiles.openfreemap.org/planet/20261004_113936_pt/14/8851/6440.pbf",
  "sources": [
    "https://tiles.openfreemap.org/planet/20261004_113936_pt/14/8851/6440.pbf"
  ],
  "fetched_at": "2026-10-09T09:15:15.877Z",
  "attribution": "Map data © OpenStreetMap contributors, ODbL: https://www.openstreetmap.org/copyright",
  "description": "OpenFreeMap vector-tile features intersecting a query box extending 160 m from the centre in each direction. Complete intersecting features are retained. Tile/component IDs are not OSM way IDs.",
  "church_id": "0230",
  "context_center": [
    14.49154685,
    35.88663861
  ],
  "context_bbox": [
    14.489772798815856,
    35.88520131212001,
    14.493320901184145,
    35.88807590787999
  ],
  "features": [
    {
      "type": "Feature",
      "id": "building:61323460-33",
      "geometry": {
        "type": "Polygon",
        "coordinates": [
          [
            [
              14.48996901512146,
              35.88746377235712
            ],
            [
              14.490430355072021,
              35.88738119660182
            ],
            [
              14.490403532981873,
              35.8872855824618
            ],
            [
              14.489926099777222,
              35.88738119660182
            ],
            [
              14.48996901512146,
              35.88746377235712
            ]
          ]
        ]
      },
      "properties": {
        "render_height": 5,
        "render_min_height": 0,
        "source_layer": "building",
        "source_tile": "https://tiles.openfreemap.org/planet/20261004_113936_pt/14/8851/6440.pbf"
      }
    },
    {
      "type": "Feature",
      "id": "building:61323460-34",
      "geometry": {
        "type": "Polygon",
        "coordinates": [
          [
            [
              14.490838050842285,
              35.887476810626396
            ],
            [
              14.491626620292664,
              35.88761588536515
            ],
            [
              14.491642713546753,
              35.887555040197
            ],
            [
              14.491578340530396,
              35.88754634802629
            ],
            [
              14.491599798202515,
              35.887481156715666
            ],
            [
              14.49170172214508,
              35.88750723324635
            ],
            [
              14.491739273071289,
              35.88740727316544
            ],
            [
              14.491669535636902,
              35.88738119660182
            ],
            [
              14.491771459579468,
              35.887059584944666
            ],
            [
              14.491401314735413,
              35.88699004711734
            ],
            [
              14.491358399391174,
              35.88709435383545
            ],
            [
              14.49121356010437,
              35.887063931056844
            ],
            [
              14.49120283126831,
              35.88715085325039
            ],
            [
              14.491159915924072,
              35.88714650714297
            ],
            [
              14.491143822669983,
              35.88716823767764
            ],
            [
              14.49094533920288,
              35.88714216103533
            ],
            [
              14.490838050842285,
              35.887476810626396
            ]
          ]
        ]
      },
      "properties": {
        "render_height": 5,
        "render_min_height": 0,
        "source_layer": "building",
        "source_tile": "https://tiles.openfreemap.org/planet/20261004_113936_pt/14/8851/6440.pbf"
      }
    },
    {
      "type": "Feature",
      "id": "building:61323460-35",
      "geometry": {
        "type": "Polygon",
        "coordinates": [
          [
            [
              14.490505456924438,
              35.887502887158504
            ],
            [
              14.490682482719421,
              35.88753765585464
            ],
            [
              14.490805864334106,
              35.887172583783865
            ],
            [
              14.490784406661987,
              35.887111738275095
            ],
            [
              14.490634202957153,
              35.887090007724936
            ],
            [
              14.490655660629272,
              35.887302966859494
            ],
            [
              14.490564465522766,
              35.8872812363618
            ],
            [
              14.490505456924438,
              35.887502887158504
            ]
          ]
        ]
      },
      "properties": {
        "render_height": 5,
        "render_min_height": 0,
        "source_layer": "building",
        "source_tile": "https://tiles.openfreemap.org/planet/20261004_113936_pt/14/8851/6440.pbf"
      }
    },
    {
      "type": "Feature",
      "id": "building:61323460-36",
      "geometry": {
        "type": "Polygon",
        "coordinates": [
          [
            [
              14.48997974395752,
              35.88699439323332
            ],
            [
              14.490387439727783,
              35.887068277168794
            ],
            [
              14.490543007850647,
              35.887090007724936
            ],
            [
              14.490602016448975,
              35.886898778626275
            ],
            [
              14.490044116973877,
              35.88679447165056
            ],
            [
              14.48997974395752,
              35.88699439323332
            ]
          ]
        ]
      },
      "properties": {
        "render_height": 5,
        "render_min_height": 0,
        "source_layer": "building",
        "source_tile": "https://tiles.openfreemap.org/planet/20261004_113936_pt/14/8851/6440.pbf"
      }
    },
    {
      "type": "Feature",
      "id": "building:61323460-37",
      "geometry": {
        "type": "Polygon",
        "coordinates": [
          [
            [
              14.48996365070343,
              35.887050892719586
            ],
            [
              14.490371346473694,
              35.88711608438442
            ],
            [
              14.490387439727783,
              35.887068277168794
            ],
            [
              14.48997974395752,
              35.88699439323332
            ],
            [
              14.48996365070343,
              35.887050892719586
            ]
          ]
        ]
      },
      "properties": {
        "render_height": 5,
        "render_min_height": 0,
        "source_layer": "building",
        "source_tile": "https://tiles.openfreemap.org/planet/20261004_113936_pt/14/8851/6440.pbf"
      }
    },
    {
      "type": "Feature",
      "id": "building:61323460-38",
      "geometry": {
        "type": "Polygon",
        "coordinates": [
          [
            [
              14.49021577835083,
              35.887237775348524
            ],
            [
              14.490398168563843,
              35.88718127599559
            ],
            [
              14.490365982055664,
              35.88711608438442
            ],
            [
              14.490183591842651,
              35.88716823767764
            ],
            [
              14.49021577835083,
              35.887237775348524
            ]
          ]
        ]
      },
      "properties": {
        "render_height": 5,
        "render_min_height": 0,
        "source_layer": "building",
        "source_tile": "https://tiles.openfreemap.org/planet/20261004_113936_pt/14/8851/6440.pbf"
      }
    },
    {
      "type": "Feature",
      "id": "building:61323460-39",
      "geometry": {
        "type": "Polygon",
        "coordinates": [
          [
            [
              14.489915370941162,
              35.88719431431137
            ],
            [
              14.48994755744934,
              35.887198660416175
            ],
            [
              14.48997974395752,
              35.887098699945724
            ],
            [
              14.490011930465698,
              35.88710739216553
            ],
            [
              14.490028023719788,
              35.887059584944666
            ],
            [
              14.48996365070343,
              35.887050892719586
            ],
            [
              14.489915370941162,
              35.88719431431137
            ]
          ]
        ]
      },
      "properties": {
        "render_height": 5,
        "render_min_height": 0,
        "source_layer": "building",
        "source_tile": "https://tiles.openfreemap.org/planet/20261004_113936_pt/14/8851/6440.pbf"
      }
    },
    {
      "type": "Feature",
      "id": "building:61323460-41",
      "geometry": {
        "type": "Polygon",
        "coordinates": [
          [
            [
              14.490194320678711,
              35.88682054840737
            ],
            [
              14.49020504951477,
              35.88678577939636
            ],
            [
              14.490151405334473,
              35.8867727410133
            ],
            [
              14.490183591842651,
              35.88665539546919
            ],
            [
              14.490441083908081,
              35.886703202934086
            ],
            [
              14.490424990653992,
              35.88675101037012
            ],
            [
              14.490559101104736,
              35.886777087141226
            ],
            [
              14.490537643432617,
              35.88685531740309
            ],
            [
              14.490419626235962,
              35.886833586782544
            ],
            [
              14.490414261817932,
              35.88685966352648
            ],
            [
              14.490644931793213,
              35.88690312474728
            ],
            [
              14.49072003364563,
              35.886664087737685
            ],
            [
              14.490108489990234,
              35.886551088172894
            ],
            [
              14.490044116973877,
              35.88679447165056
            ],
            [
              14.490194320678711,
              35.88682054840737
            ]
          ]
        ]
      },
      "properties": {
        "render_height": 5,
        "render_min_height": 0,
        "source_layer": "building",
        "source_tile": "https://tiles.openfreemap.org/planet/20261004_113936_pt/14/8851/6440.pbf"
      }
    },
    {
      "type": "Feature",
      "id": "building:61323460-42",
      "geometry": {
        "type": "Polygon",
        "coordinates": [
          [
            [
              14.490934610366821,
              35.88675970262811
            ],
            [
              14.491369128227234,
              35.88683793290711
            ],
            [
              14.491546154022217,
              35.886177319232914
            ],
            [
              14.491626620292664,
              35.886190357713986
            ],
            [
              14.491669535636902,
              35.88603824196768
            ],
            [
              14.491165280342102,
              35.88594697237964
            ],
            [
              14.49098289012909,
              35.88596001089867
            ],
            [
              14.490875601768494,
              35.88636420392341
            ],
            [
              14.4912189245224,
              35.88642505000655
            ],
            [
              14.491165280342102,
              35.88661628024917
            ],
            [
              14.49098289012909,
              35.88658585728693
            ],
            [
              14.490934610366821,
              35.88675970262811
            ]
          ],
          [
            [
              14.491047263145447,
              35.88626424239963
            ],
            [
              14.491084814071655,
              35.88611647295944
            ],
            [
              14.491331577301025,
              35.88615993458812
            ],
            [
              14.491294026374817,
              35.88630335779354
            ],
            [
              14.491047263145447,
              35.88626424239963
            ]
          ]
        ]
      },
      "properties": {
        "render_height": 5,
        "render_min_height": 0,
        "source_layer": "building",
        "source_tile": "https://tiles.openfreemap.org/planet/20261004_113936_pt/14/8851/6440.pbf"
      }
    },
    {
      "type": "Feature",
      "id": "building:61323460-43",
      "geometry": {
        "type": "Polygon",
        "coordinates": [
          [
            [
              14.490838050842285,
              35.88599043410137
            ],
            [
              14.490832686424255,
              35.88596870324348
            ],
            [
              14.490800499916077,
              35.88596001089867
            ],
            [
              14.490779042243958,
              35.8859643570712
            ],
            [
              14.490768313407898,
              35.88599043410137
            ],
            [
              14.490779042243958,
              35.88600781878337
            ],
            [
              14.490805864334106,
              35.886016511122946
            ],
            [
              14.490827322006226,
              35.88600781878337
            ],
            [
              14.490838050842285,
              35.88599043410137
            ]
          ]
        ]
      },
      "properties": {
        "render_height": 5,
        "render_min_height": 0,
        "source_layer": "building",
        "source_tile": "https://tiles.openfreemap.org/planet/20261004_113936_pt/14/8851/6440.pbf"
      }
    },
    {
      "type": "Feature",
      "id": "building:61323460-394",
      "geometry": {
        "type": "Polygon",
        "coordinates": [
          [
            [
              14.491041898727417,
              35.88564273965983
            ],
            [
              14.491117000579834,
              35.8858035485288
            ],
            [
              14.491245746612549,
              35.885760086704494
            ],
            [
              14.491272568702698,
              35.885716624856386
            ],
            [
              14.491084814071655,
              35.885629701088575
            ],
            [
              14.491041898727417,
              35.88564273965983
            ]
          ]
        ]
      },
      "properties": {
        "render_height": 5,
        "render_min_height": 0,
        "source_layer": "building",
        "source_tile": "https://tiles.openfreemap.org/planet/20261004_113936_pt/14/8851/6440.pbf"
      }
    },
    {
      "type": "Feature",
      "id": "building:61323460-395",
      "geometry": {
        "type": "Polygon",
        "coordinates": [
          [
            [
              14.491621255874634,
              35.88587743357532
            ],
            [
              14.49170708656311,
              35.885607970131716
            ],
            [
              14.491631984710693,
              35.885581892975594
            ],
            [
              14.491642713546753,
              35.885538431029715
            ],
            [
              14.491755366325378,
              35.88555581581092
            ],
            [
              14.491782188415527,
              35.88539066023516
            ],
            [
              14.491690993309021,
              35.88537327541766
            ],
            [
              14.49169635772705,
              35.885321120942294
            ],
            [
              14.491669535636902,
              35.88529504369174
            ],
            [
              14.491535425186157,
              35.88522115810187
            ],
            [
              14.491326212882996,
              35.88516465731014
            ],
            [
              14.490886330604553,
              35.885190734603654
            ],
            [
              14.490891695022583,
              35.885342851977896
            ],
            [
              14.491267204284668,
              35.88545150706631
            ],
            [
              14.49120819568634,
              35.88562535489767
            ],
            [
              14.49119746685028,
              35.885681855360716
            ],
            [
              14.491272568702698,
              35.885716624856386
            ],
            [
              14.491245746612549,
              35.885760086704494
            ],
            [
              14.491261839866638,
              35.8857731252543
            ],
            [
              14.491621255874634,
              35.88587743357532
            ]
          ]
        ]
      },
      "properties": {
        "render_height": 5,
        "render_min_height": 0,
        "source_layer": "building",
        "source_tile": "https://tiles.openfreemap.org/planet/20261004_113936_pt/14/8851/6440.pbf"
      }
    },
    {
      "type": "Feature",
      "id": "building:61323460-396",
      "geometry": {
        "type": "Polygon",
        "coordinates": [
          [
            [
              14.491111636161804,
              35.885790509984005
            ],
            [
              14.491041898727417,
              35.88564273965983
            ],
            [
              14.490929245948792,
              35.88566447060714
            ],
            [
              14.490913152694702,
              35.885716624856386
            ],
            [
              14.490886330604553,
              35.88574270196813
            ],
            [
              14.490870237350464,
              35.88578181761963
            ],
            [
              14.49097752571106,
              35.88581224089077
            ],
            [
              14.491031169891357,
              35.88581224089077
            ],
            [
              14.491111636161804,
              35.885790509984005
            ]
          ]
        ]
      },
      "properties": {
        "render_height": 5,
        "render_min_height": 0,
        "source_layer": "building",
        "source_tile": "https://tiles.openfreemap.org/planet/20261004_113936_pt/14/8851/6440.pbf"
      }
    },
    {
      "type": "Feature",
      "id": "building:61323460-397",
      "geometry": {
        "type": "Polygon",
        "coordinates": [
          [
            [
              14.491583704948425,
              35.88601216495327
            ],
            [
              14.491615891456604,
              35.886016511122946
            ],
            [
              14.491621255874634,
              35.886003472613226
            ],
            [
              14.491589069366455,
              35.88599912644284
            ],
            [
              14.491583704948425,
              35.88601216495327
            ]
          ]
        ]
      },
      "properties": {
        "render_height": 5,
        "render_min_height": 0,
        "source_layer": "building",
        "source_tile": "https://tiles.openfreemap.org/planet/20261004_113936_pt/14/8851/6440.pbf"
      }
    },
    {
      "type": "Feature",
      "id": "building:61323460-398",
      "geometry": {
        "type": "Polygon",
        "coordinates": [
          [
            [
              14.491621255874634,
              35.88671189519732
            ],
            [
              14.491669535636902,
              35.88668581840473
            ],
            [
              14.491685628890991,
              35.886638010929346
            ],
            [
              14.491658806800842,
              35.88659454956306
            ],
            [
              14.491626620292664,
              35.88660758797545
            ],
            [
              14.491594433784485,
              35.886577165009854
            ],
            [
              14.491535425186157,
              35.88655543431298
            ],
            [
              14.49148178100586,
              35.88655543431298
            ],
            [
              14.49148178100586,
              35.886572818870945
            ],
            [
              14.49145495891571,
              35.886572818870945
            ],
            [
              14.491433501243591,
              35.88659889570076
            ],
            [
              14.491422772407532,
              35.88662931865801
            ],
            [
              14.491428136825562,
              35.886664087737685
            ],
            [
              14.49145495891571,
              35.886677126138636
            ],
            [
              14.491438865661621,
              35.88668581840473
            ],
            [
              14.491503238677979,
              35.88671189519732
            ],
            [
              14.491578340530396,
              35.886707549065804
            ],
            [
              14.491605162620544,
              35.8866945106699
            ],
            [
              14.491621255874634,
              35.88671189519732
            ]
          ]
        ]
      },
      "properties": {
        "render_height": 5,
        "render_min_height": 0,
        "source_layer": "building",
        "source_tile": "https://tiles.openfreemap.org/planet/20261004_113936_pt/14/8851/6440.pbf"
      }
    },
    {
      "type": "Feature",
      "id": "building:61323460-405",
      "geometry": {
        "type": "Polygon",
        "coordinates": [
          [
            [
              14.493391513824463,
              35.88833733165234
            ],
            [
              14.493536353111267,
              35.88833733165234
            ],
            [
              14.493541717529297,
              35.888202604230344
            ],
            [
              14.493418335914612,
              35.888202604230344
            ],
            [
              14.493418335914612,
              35.88813306740674
            ],
            [
              14.493488073348999,
              35.88813306740674
            ],
            [
              14.493488073348999,
              35.88796357114337
            ],
            [
              14.493284225463867,
              35.88796357114337
            ],
            [
              14.493284225463867,
              35.888302563307306
            ],
            [
              14.493391513824463,
              35.88830690935127
            ],
            [
              14.493391513824463,
              35.88833733165234
            ]
          ]
        ]
      },
      "properties": {
        "render_height": 5,
        "render_min_height": 0,
        "source_layer": "building",
        "source_tile": "https://tiles.openfreemap.org/planet/20261004_113936_pt/14/8851/6440.pbf"
      }
    },
    {
      "type": "Feature",
      "id": "transportation:3427020220-0",
      "geometry": {
        "type": "MultiLineString",
        "coordinates": [
          [
            [
              14.493069648742676,
              35.886051280471676
            ],
            [
              14.493016004562378,
              35.886233819302134
            ]
          ],
          [
            [
              14.493332505226135,
              35.88578181761963
            ],
            [
              14.49372947216034,
              35.88582093325181
            ]
          ]
        ]
      },
      "properties": {
        "brunnel": "tunnel",
        "surface": "paved",
        "class": "service",
        "layer": -1,
        "service": "alley",
        "source_layer": "transportation",
        "source_tile": "https://tiles.openfreemap.org/planet/20261004_113936_pt/14/8851/6440.pbf"
      }
    },
    {
      "type": "Feature",
      "id": "transportation:3966635980-0",
      "geometry": {
        "type": "MultiLineString",
        "coordinates": [
          [
            [
              14.48824167251587,
              35.886959624298655
            ],
            [
              14.488139748573303,
              35.886877048017666
            ]
          ],
          [
            [
              14.491546154022217,
              35.889328223067835
            ],
            [
              14.49170708656311,
              35.88912830737725
            ]
          ]
        ]
      },
      "properties": {
        "brunnel": "tunnel",
        "class": "service",
        "layer": -1,
        "service": "alley",
        "source_layer": "transportation",
        "source_tile": "https://tiles.openfreemap.org/planet/20261004_113936_pt/14/8851/6440.pbf"
      }
    },
    {
      "type": "Feature",
      "id": "transportation:6182540760-0",
      "geometry": {
        "type": "MultiLineString",
        "coordinates": [
          [
            [
              14.496658444404602,
              35.88346961481456
            ],
            [
              14.497076869010925,
              35.88314364094468
            ]
          ],
          [
            [
              14.493117928504944,
              35.88586874122049
            ],
            [
              14.49271023273468,
              35.88575139433679
            ]
          ]
        ]
      },
      "properties": {
        "brunnel": "tunnel",
        "surface": "paved",
        "class": "service",
        "layer": -1,
        "source_layer": "transportation",
        "source_tile": "https://tiles.openfreemap.org/planet/20261004_113936_pt/14/8851/6440.pbf"
      }
    },
    {
      "type": "Feature",
      "id": "transportation:12169995202-0",
      "geometry": {
        "type": "LineString",
        "coordinates": [
          [
            14.49172854423523,
            35.885981741758926
          ],
          [
            14.491846561431885,
            35.885607970131716
          ]
        ]
      },
      "properties": {
        "subclass": "pedestrian",
        "brunnel": "tunnel",
        "bicycle": "yes",
        "surface": "paved",
        "class": "path",
        "layer": -1,
        "source_layer": "transportation",
        "source_tile": "https://tiles.openfreemap.org/planet/20261004_113936_pt/14/8851/6440.pbf"
      }
    },
    {
      "type": "Feature",
      "id": "transportation:148562580-0",
      "geometry": {
        "type": "MultiLineString",
        "coordinates": [
          [
            [
              14.481799006462097,
              35.88524723537677
            ],
            [
              14.481793642044067,
              35.88585570268644
            ]
          ],
          [
            [
              14.482694864273071,
              35.88550800765336
            ],
            [
              14.482528567314148,
              35.885308082318105
            ],
            [
              14.482501745223999,
              35.88524288916487
            ],
            [
              14.48246955871582,
              35.88522115810187
            ],
            [
              14.482271075248718,
              35.885203773247184
            ],
            [
              14.48222815990448,
              35.885182042173426
            ],
            [
              14.482153058052063,
              35.88507338671532
            ]
          ],
          [
            [
              14.482185244560242,
              35.88632508855957
            ],
            [
              14.482104778289795,
              35.88627728086641
            ],
            [
              14.482051134109497,
              35.88597739558735
            ]
          ],
          [
            [
              14.484432935714722,
              35.8851255413538
            ],
            [
              14.48424518108368,
              35.885012539593646
            ]
          ],
          [
            [
              14.484180808067322,
              35.88495169242522
            ],
            [
              14.484325647354126,
              35.88470830328406
            ]
          ],
          [
            [
              14.484652876853943,
              35.88479957429965
            ],
            [
              14.484894275665283,
              35.88490823013346
            ]
          ],
          [
            [
              14.487351179122925,
              35.88810699108214
            ],
            [
              14.487281441688538,
              35.88823302657147
            ]
          ],
          [
            [
              14.487249255180359,
              35.88806787657913
            ],
            [
              14.487608671188354,
              35.88821564237797
            ],
            [
              14.487694501876831,
              35.888080914748954
            ],
            [
              14.487356543540955,
              35.88795053295422
            ],
            [
              14.487249255180359,
              35.88806787657913
            ]
          ],
          [
            [
              14.487297534942627,
              35.88801137781847
            ],
            [
              14.48722779750824,
              35.88796357114337
            ]
          ],
          [
            [
              14.490242600440979,
              35.88130512319647
            ],
            [
              14.490387439727783,
              35.88145724803394
            ],
            [
              14.49045181274414,
              35.88143551593218
            ]
          ],
          [
            [
              14.484883546829224,
              35.88080962884314
            ],
            [
              14.48499619960785,
              35.880718353229426
            ]
          ],
          [
            [
              14.483327865600586,
              35.880879172097266
            ],
            [
              14.483392238616943,
              35.88086178628946
            ]
          ],
          [
            [
              14.48449194431305,
              35.88139205171079
            ],
            [
              14.484153985977173,
              35.88132250890699
            ],
            [
              14.483869671821594,
              35.88130512319647
            ],
            [
              14.483553171157837,
              35.88133554818735
            ],
            [
              14.48347270488739,
              35.8813312017608
            ]
          ],
          [
            [
              14.482657313346863,
              35.88375647071021
            ],
            [
              14.482104778289795,
              35.88353046312166
            ]
          ],
          [
            [
              14.482389092445374,
              35.88364346699656
            ],
            [
              14.482292532920837,
              35.88379993363408
            ]
          ],
          [
            [
              14.4822496175766,
              35.883782548467394
            ],
            [
              14.482201337814331,
              35.884147636166276
            ],
            [
              14.48223352432251,
              35.884173713794624
            ],
            [
              14.482764601707458,
              35.884178060065196
            ],
            [
              14.482753872871399,
              35.88474307320716
            ]
          ],
          [
            [
              14.482437372207642,
              35.88385643539942
            ],
            [
              14.482528567314148,
              35.88370431517012
            ]
          ],
          [
            [
              14.48173999786377,
              35.88415632871002
            ],
            [
              14.481750726699829,
              35.8845040296775
            ],
            [
              14.482110142707825,
              35.884508375929926
            ],
            [
              14.482099413871765,
              35.88480392053587
            ],
            [
              14.482099413871765,
              35.88524723537677
            ],
            [
              14.481799006462097,
              35.88524723537677
            ],
            [
              14.4817453622818,
              35.88524288916487
            ],
            [
              14.481750726699829,
              35.8845040296775
            ]
          ],
          [
            [
              14.481927752494812,
              35.8845040296775
            ],
            [
              14.481922388076782,
              35.88524723537677
            ]
          ],
          [
            [
              14.481938481330872,
              35.883656505894834
            ],
            [
              14.48270559310913,
              35.883965092527205
            ],
            [
              14.482936263084412,
              35.88391293712449
            ],
            [
              14.483107924461365,
              35.88396943880922
            ],
            [
              14.48322594165802,
              35.884056364399314
            ],
            [
              14.483376145362854,
              35.88409113460865
            ],
            [
              14.48347270488739,
              35.88397378509099
            ],
            [
              14.483386874198914,
              35.88392162969399
            ],
            [
              14.48320984840393,
              35.883895551982604
            ],
            [
              14.483107924461365,
              35.88396943880922
            ]
          ],
          [
            [
              14.480763673782349,
              35.8842693316919
            ],
            [
              14.48096752166748,
              35.88413894362158
            ],
            [
              14.481343030929565,
              35.88415198243827
            ],
            [
              14.482083320617676,
              35.88415198243827
            ],
            [
              14.482179880142212,
              35.8842693316919
            ],
            [
              14.482158422470093,
              35.88449533717191
            ]
          ],
          [
            [
              14.479658603668213,
              35.88122254101951
            ],
            [
              14.479830265045166,
              35.88113126588165
            ]
          ],
          [
            [
              14.482163786888123,
              35.878823273868875
            ],
            [
              14.482051134109497,
              35.87893628445978
            ],
            [
              14.482512474060059,
              35.87922315677413
            ],
            [
              14.482657313346863,
              35.87915795861211
            ]
          ],
          [
            [
              14.4814932346344,
              35.879297047959554
            ],
            [
              14.481643438339233,
              35.879392671744284
            ]
          ],
          [
            [
              14.482346177101135,
              35.88011419294362
            ],
            [
              14.482308626174927,
              35.879962065526655
            ],
            [
              14.482072591781616,
              35.87996641202834
            ]
          ],
          [
            [
              14.483038187026978,
              35.87918403788336
            ],
            [
              14.482941627502441,
              35.878962363804035
            ],
            [
              14.483091831207275,
              35.87877546164725
            ],
            [
              14.48346197605133,
              35.878410349185145
            ],
            [
              14.482909440994263,
              35.87805392825361
            ],
            [
              14.483392238616943,
              35.87757580009519
            ]
          ],
          [
            [
              14.484438300132751,
              35.879349206401926
            ],
            [
              14.484540224075317,
              35.87840600259807
            ],
            [
              14.484561681747437,
              35.878310377622256
            ],
            [
              14.484840631484985,
              35.877597533255894
            ],
            [
              14.48495328426361,
              35.87744105436565
            ],
            [
              14.48521614074707,
              35.87730196175927
            ],
            [
              14.485774040222168,
              35.877201988797566
            ],
            [
              14.49022650718689,
              35.87677601563371
            ],
            [
              14.491261839866638,
              35.87670212209663
            ],
            [
              14.492425918579102,
              35.876606495063996
            ],
            [
              14.494051337242126,
              35.87643697413152
            ],
            [
              14.494341015815735,
              35.87643697413152
            ],
            [
              14.494501948356628,
              35.8764282807406
            ],
            [
              14.494614601135254,
              35.8763891604696
            ],
            [
              14.494904279708862,
              35.87635004017929
            ],
            [
              14.495059847831726,
              35.87636742697737
            ]
          ],
          [
            [
              14.484116435050964,
              35.87934485986635
            ],
            [
              14.484132528305054,
              35.87922750331637
            ]
          ],
          [
            [
              14.484384655952454,
              35.878401656010766
            ],
            [
              14.484336376190186,
              35.878636371383934
            ],
            [
              14.484272003173828,
              35.87920577060285
            ],
            [
              14.48424518108368,
              35.87922750331637
            ],
            [
              14.4842129945755,
              35.87923184985836
            ],
            [
              14.483842849731445,
              35.87920577060285
            ],
            [
              14.483799934387207,
              35.879197077515784
            ],
            [
              14.483767747879028,
              35.879170998248796
            ],
            [
              14.483757019042969,
              35.879136225879506
            ],
            [
              14.483757019042969,
              35.87907537419649
            ],
            [
              14.483810663223267,
              35.87861463850824
            ],
            [
              14.483826756477356,
              35.87860159877995
            ],
            [
              14.483853578567505,
              35.87859725220339
            ],
            [
              14.484336376190186,
              35.878636371383934
            ]
          ],
          [
            [
              14.483939409255981,
              35.87796699607581
            ],
            [
              14.483917951583862,
              35.87794526301647
            ],
            [
              14.483821392059326,
              35.877888757034256
            ],
            [
              14.48371946811676,
              35.877867023953414
            ],
            [
              14.483639001846313,
              35.87787137057008
            ]
          ],
          [
            [
              14.48323130607605,
              35.87864071795836
            ],
            [
              14.483585357666016,
              35.878858046375555
            ],
            [
              14.483633637428284,
              35.878853699813064
            ]
          ],
          [
            [
              14.479637145996094,
              35.877132442315016
            ],
            [
              14.480329155921936,
              35.877606226518495
            ],
            [
              14.480441808700562,
              35.8776453461885
            ],
            [
              14.480527639389038,
              35.87761491978017
            ],
            [
              14.480790495872498,
              35.877349774870254
            ],
            [
              14.4809889793396,
              35.8773410815795
            ],
            [
              14.481654167175293,
              35.877706198970046
            ],
            [
              14.481799006462097,
              35.8776975057184
            ],
            [
              14.482421278953552,
              35.87709332239177
            ],
            [
              14.480565190315247,
              35.87584582137502
            ],
            [
              14.48045790195465,
              35.87583712791924
            ],
            [
              14.480302333831787,
              35.87599360997771
            ],
            [
              14.479637145996094,
              35.87598926325805
            ]
          ],
          [
            [
              14.479637145996094,
              35.8760544640281
            ],
            [
              14.479685425758362,
              35.8760805443211
            ]
          ],
          [
            [
              14.481203556060791,
              35.87531986558194
            ],
            [
              14.480624198913574,
              35.87448093713165
            ]
          ],
          [
            [
              14.486809372901917,
              35.88004899551498
            ],
            [
              14.486348032951355,
              35.88003595602282
            ]
          ],
          [
            [
              14.489083886146545,
              35.87993164000822
            ],
            [
              14.489282369613647,
              35.8795361072049
            ]
          ],
          [
            [
              14.489180445671082,
              35.87973170059627
            ],
            [
              14.488601088523865,
              35.87973604711058
            ],
            [
              14.488579630851746,
              35.87985774941477
            ],
            [
              14.488601088523865,
              35.879962065526655
            ],
            [
              14.488692283630371,
              35.87998814453317
            ],
            [
              14.488842487335205,
              35.880005530532756
            ]
          ],
          [
            [
              14.488885402679443,
              35.87944048359334
            ],
            [
              14.488853216171265,
              35.87936224600713
            ],
            [
              14.488901495933533,
              35.87901452246675
            ],
            [
              14.489014148712158,
              35.878918898225535
            ],
            [
              14.48997974395752,
              35.87841904235857
            ],
            [
              14.490044116973877,
              35.878453815042676
            ],
            [
              14.490167498588562,
              35.87848858771156
            ],
            [
              14.49023187160492,
              35.87849293429409
            ],
            [
              14.490333795547485,
              35.87847989454576
            ],
            [
              14.490430355072021,
              35.8784320821169
            ],
            [
              14.490505456924438,
              35.87837122989296
            ],
            [
              14.490564465522766,
              35.87830168443692
            ],
            [
              14.490591287612915,
              35.87821040593323
            ],
            [
              14.490596652030945,
              35.87808870109802
            ],
            [
              14.49048399925232,
              35.87767142595773
            ],
            [
              14.490392804145813,
              35.877141135628705
            ],
            [
              14.490371346473694,
              35.87709332239177
            ],
            [
              14.490333795547485,
              35.87704985578772
            ],
            [
              14.490269422531128,
              35.8770063891598
            ],
            [
              14.490151405334473,
              35.87696292250803
            ],
            [
              14.490060210227966,
              35.87696292250803
            ],
            [
              14.48995292186737,
              35.87698465583691
            ],
            [
              14.489829540252686,
              35.87702377581381
            ],
            [
              14.48973834514618,
              35.87709766905088
            ],
            [
              14.489679336547852,
              35.877188948836746
            ],
            [
              14.489652514457703,
              35.877288921814895
            ],
            [
              14.489636421203613,
              35.87741932116198
            ],
            [
              14.489743709564209,
              35.87779313143403
            ],
            [
              14.489877820014954,
              35.87830603102972
            ],
            [
              14.489910006523132,
              35.8783581901246
            ],
            [
              14.48997974395752,
              35.87841904235857
            ]
          ],
          [
            [
              14.490548372268677,
              35.880014223531106
            ],
            [
              14.490746855735779,
              35.88029674545827
            ],
            [
              14.490795135498047,
              35.88031847787245
            ],
            [
              14.490902423858643,
              35.880322824354565
            ]
          ],
          [
            [
              14.494668245315552,
              35.880109846450026
            ],
            [
              14.494786262512207,
              35.880070727997165
            ],
            [
              14.495027661323547,
              35.88007942098835
            ],
            [
              14.495505094528198,
              35.88047495107864
            ],
            [
              14.495682120323181,
              35.88060969164739
            ],
            [
              14.495762586593628,
              35.8807661642783
            ],
            [
              14.496089816093445,
              35.88090525080182
            ],
            [
              14.496497511863708,
              35.88097479397199
            ]
          ],
          [
            [
              14.496154189109802,
              35.8763022264649
            ],
            [
              14.496234655380249,
              35.87639350716732
            ],
            [
              14.496282935142517,
              35.87642393404478
            ],
            [
              14.496347308158875,
              35.87643697413152
            ],
            [
              14.496524333953857,
              35.87643697413152
            ],
            [
              14.496642351150513,
              35.87650652122463
            ],
            [
              14.49694812297821,
              35.87820171273691
            ]
          ],
          [
            [
              14.491245746612549,
              35.87149028053321
            ],
            [
              14.49147641658783,
              35.87142507600693
            ],
            [
              14.491755366325378,
              35.87134248352993
            ],
            [
              14.491894841194153,
              35.871259890966854
            ],
            [
              14.492028951644897,
              35.871207727198424
            ],
            [
              14.492270350456238,
              35.87112948148142
            ]
          ],
          [
            [
              14.49147641658783,
              35.87142507600693
            ],
            [
              14.491497874259949,
              35.8714033411529
            ],
            [
              14.491508603096008,
              35.87136856537407
            ],
            [
              14.49145495891571,
              35.87114252243961
            ]
          ],
          [
            [
              14.491755366325378,
              35.87134248352993
            ],
            [
              14.491787552833557,
              35.87122076814374
            ],
            [
              14.491841197013855,
              35.87116860434958
            ]
          ],
          [
            [
              14.49496865272522,
              35.873198620001986
            ],
            [
              14.49422299861908,
              35.873046479304236
            ],
            [
              14.494582414627075,
              35.871672852921336
            ],
            [
              14.494614601135254,
              35.87163807726081
            ],
            [
              14.494668245315552,
              35.87163807726081
            ],
            [
              14.495118856430054,
              35.871707628566625
            ],
            [
              14.495236873626709,
              35.87182934320492
            ]
          ],
          [
            [
              14.496020078659058,
              35.87273785013424
            ],
            [
              14.497286081314087,
              35.872407485183444
            ]
          ],
          [
            [
              14.496572613716125,
              35.87259440236427
            ],
            [
              14.496620893478394,
              35.87272046253959
            ]
          ],
          [
            [
              14.496529698371887,
              35.87157721981812
            ],
            [
              14.496282935142517,
              35.87096864282044
            ]
          ],
          [
            [
              14.4999361038208,
              35.87198148623985
            ],
            [
              14.499812722206116,
              35.871998873996674
            ],
            [
              14.499077796936035,
              35.871868465727516
            ],
            [
              14.49896514415741,
              35.87188585350913
            ],
            [
              14.498906135559082,
              35.87192062906094
            ],
            [
              14.498772025108337,
              35.872068424985784
            ],
            [
              14.498621821403503,
              35.872159710566336
            ]
          ],
          [
            [
              14.49994683265686,
              35.872059731115485
            ],
            [
              14.4999361038208,
              35.87198148623985
            ],
            [
              14.500027298927307,
              35.87116860434958
            ],
            [
              14.500043392181396,
              35.8710990525706
            ],
            [
              14.500027298927307,
              35.87103384772237
            ]
          ],
          [
            [
              14.499544501304626,
              35.876045770595184
            ],
            [
              14.499083161354065,
              35.875354639626494
            ],
            [
              14.498326778411865,
              35.87428533077542
            ],
            [
              14.499029517173767,
              35.873581143894185
            ]
          ],
          [
            [
              14.498358964920044,
              35.87611097131875
            ],
            [
              14.498407244682312,
              35.876415240652406
            ],
            [
              14.497661590576172,
              35.876497827841334
            ]
          ],
          [
            [
              14.49769914150238,
              35.876180518698035
            ],
            [
              14.498283863067627,
              35.87611531803172
            ],
            [
              14.498514533042908,
              35.87609793117832
            ]
          ],
          [
            [
              14.497591853141785,
              35.877228068712796
            ],
            [
              14.496792554855347,
              35.87733238828778
            ]
          ],
          [
            [
              14.497811794281006,
              35.877545373660155
            ],
            [
              14.498063921928406,
              35.87751494721343
            ]
          ],
          [
            [
              14.498675465583801,
              35.87865810425369
            ],
            [
              14.498353600502014,
              35.87869722340419
            ],
            [
              14.498294591903687,
              35.87827560487517
            ]
          ],
          [
            [
              14.497838616371155,
              35.87830603102972
            ],
            [
              14.498294591903687,
              35.87827560487517
            ],
            [
              14.499104619026184,
              35.878193019539665
            ]
          ],
          [
            [
              14.497876167297363,
              35.878219099128586
            ],
            [
              14.498852491378784,
              35.87811912732434
            ]
          ],
          [
            [
              14.498149752616882,
              35.87811912732434
            ],
            [
              14.498037099838257,
              35.87735412151528
            ],
            [
              14.49796199798584,
              35.87736281480461
            ],
            [
              14.497929811477661,
              35.877188948836746
            ],
            [
              14.497919082641602,
              35.87704116246404
            ]
          ],
          [
            [
              14.49693739414215,
              35.87872764939678
            ],
            [
              14.496830105781555,
              35.87848858771156
            ],
            [
              14.496663808822632,
              35.8782582184959
            ],
            [
              14.496234655380249,
              35.877845290866645
            ],
            [
              14.49596107006073,
              35.877297615111374
            ]
          ],
          [
            [
              14.497548937797546,
              35.879101453494926
            ],
            [
              14.497323632240295,
              35.87894063101777
            ],
            [
              14.49720561504364,
              35.87880154104447
            ]
          ],
          [
            [
              14.498793482780457,
              35.87912318623708
            ],
            [
              14.498997330665588,
              35.87930574103568
            ],
            [
              14.499061703681946,
              35.87932747372179
            ],
            [
              14.499120712280273,
              35.87932747372179
            ],
            [
              14.499313831329346,
              35.879270968725535
            ],
            [
              14.500075578689575,
              35.87890585854733
            ],
            [
              14.500166773796082,
              35.878823273868875
            ],
            [
              14.50020968914032,
              35.878758075377704
            ],
            [
              14.500252604484558,
              35.878666797399916
            ],
            [
              14.500279426574707,
              35.878584212472234
            ],
            [
              14.500268697738647,
              35.878501627458434
            ],
            [
              14.500236511230469,
              35.878401656010766
            ],
            [
              14.498621821403503,
              35.87599360997771
            ],
            [
              14.498546719551086,
              35.87582843446248
            ],
            [
              14.49844479560852,
              35.875632831433265
            ],
            [
              14.499083161354065,
              35.875354639626494
            ],
            [
              14.499506950378418,
              35.87523727716501
            ],
            [
              14.499785900115967,
              35.87539376040834
            ],
            [
              14.501298666000366,
              35.877632306300626
            ],
            [
              14.501148462295532,
              35.87799307573917
            ],
            [
              14.501180648803711,
              35.8782060593352
            ],
            [
              14.501314759254456,
              35.87835384353468
            ],
            [
              14.501561522483826,
              35.878453815042676
            ],
            [
              14.502296447753906,
              35.87869722340419
            ]
          ],
          [
            [
              14.499844908714294,
              35.878523360365165
            ],
            [
              14.49997365474701,
              35.87829299125063
            ]
          ],
          [
            [
              14.498112201690674,
              35.88327837697358
            ],
            [
              14.49747920036316,
              35.883404420147926
            ]
          ],
          [
            [
              14.497361183166504,
              35.883960746244966
            ],
            [
              14.49770987033844,
              35.88387382054988
            ],
            [
              14.49918508529663,
              35.88357392616955
            ],
            [
              14.49969470500946,
              35.88325664537152
            ],
            [
              14.500166773796082,
              35.882383030030766
            ],
            [
              14.50047254562378,
              35.882178750426704
            ],
            [
              14.50072467327118,
              35.88190927439835
            ],
            [
              14.500772953033447,
              35.88163545104335
            ],
            [
              14.501282572746277,
              35.88101391197837
            ],
            [
              14.501255750656128,
              35.88086178628946
            ],
            [
              14.501105546951294,
              35.88073139260925
            ],
            [
              14.500907063484192,
              35.880761817820485
            ],
            [
              14.500622749328613,
              35.880940022394554
            ],
            [
              14.500263333320618,
              35.88123558031636
            ]
          ],
          [
            [
              14.495864510536194,
              35.88122688745203
            ],
            [
              14.49647068977356,
              35.88163545104335
            ],
            [
              14.496234655380249,
              35.88170933997844
            ],
            [
              14.4959557056427,
              35.88192665997626
            ]
          ],
          [
            [
              14.496052265167236,
              35.88198316307802
            ],
            [
              14.496288299560547,
              35.881987509468786
            ],
            [
              14.496513605117798,
              35.88218309680673
            ],
            [
              14.496572613716125,
              35.88234825907155
            ],
            [
              14.496577978134155,
              35.88250038190547
            ],
            [
              14.496631622314453,
              35.88269162162503
            ],
            [
              14.496738910675049,
              35.88282201207814
            ],
            [
              14.496899843215942,
              35.882839397455655
            ],
            [
              14.497146606445312,
              35.88278724131162
            ],
            [
              14.497318267822266,
              35.88270900703117
            ],
            [
              14.497575759887695,
              35.88260469453701
            ],
            [
              14.497768878936768,
              35.882561230957236
            ],
            [
              14.497994184494019,
              35.88261338725012
            ]
          ],
          [
            [
              14.495016932487488,
              35.88122688745203
            ],
            [
              14.495161771774292,
              35.88171368638422
            ],
            [
              14.495285153388977,
              35.88186581043696
            ],
            [
              14.495317339897156,
              35.88208747639075
            ],
            [
              14.495338797569275,
              35.88232652721429
            ],
            [
              14.49571430683136,
              35.88275247052985
            ]
          ],
          [
            [
              14.49272096157074,
              35.88314798727177
            ],
            [
              14.492876529693604,
              35.883330532794176
            ],
            [
              14.493139386177063,
              35.883430498021
            ],
            [
              14.493268132209778,
              35.88354350203855
            ],
            [
              14.493530988693237,
              35.883652159595655
            ],
            [
              14.493557810783386,
              35.88362173549467
            ]
          ],
          [
            [
              14.492141604423523,
              35.88279158765829
            ],
            [
              14.492281079292297,
              35.88287416819928
            ]
          ],
          [
            [
              14.495424628257751,
              35.88242214734166
            ],
            [
              14.495757222175598,
              35.88244387917268
            ],
            [
              14.49594497680664,
              35.882448225538184
            ],
            [
              14.496030807495117,
              35.88246561099777
            ],
            [
              14.496062994003296,
              35.88249603554286
            ],
            [
              14.496105909347534,
              35.882556884597946
            ],
            [
              14.496127367019653,
              35.88261773360628
            ]
          ],
          [
            [
              14.494249820709229,
              35.88476045816297
            ],
            [
              14.494287371635437,
              35.884747419446455
            ],
            [
              14.494657516479492,
              35.884712649525284
            ],
            [
              14.494786262512207,
              35.884730034487774
            ]
          ],
          [
            [
              14.491503238677979,
              35.886390280821914
            ],
            [
              14.49148178100586,
              35.88641635771182
            ],
            [
              14.49144959449768,
              35.88653804975118
            ]
          ],
          [
            [
              14.491009712219238,
              35.88653804975118
            ],
            [
              14.491095542907715,
              35.886551088172894
            ],
            [
              14.491143822669983,
              35.8865206651856
            ],
            [
              14.491165280342102,
              35.88647720375488
            ],
            [
              14.491159915924072,
              35.88645112688502
            ],
            [
              14.491122364997864,
              35.886412011564104
            ],
            [
              14.491063356399536,
              35.8863989731195
            ],
            [
              14.491004347801208,
              35.88642070385929
            ],
            [
              14.49098289012909,
              35.886442434593135
            ],
            [
              14.49097752571106,
              35.88649458833004
            ],
            [
              14.491009712219238,
              35.88653804975118
            ]
          ],
          [
            [
              14.49147641658783,
              35.88675970262811
            ],
            [
              14.4914710521698,
              35.886803163903764
            ],
            [
              14.491428136825562,
              35.886833586782544
            ],
            [
              14.491079449653625,
              35.88688574026182
            ],
            [
              14.49094533920288,
              35.886877048017666
            ],
            [
              14.490843415260315,
              35.88685531740309
            ],
            [
              14.490816593170166,
              35.88680751003004
            ],
            [
              14.490907788276672,
              35.88661193411244
            ],
            [
              14.490993618965149,
              35.8865206651856
            ]
          ],
          [
            [
              14.4944429397583,
              35.88857201758188
            ],
            [
              14.494416117668152,
              35.8882243344752
            ],
            [
              14.494239091873169,
              35.8881026450272
            ],
            [
              14.493675827980042,
              35.88808526080507
            ]
          ],
          [
            [
              14.494174718856812,
              35.88780711273208
            ],
            [
              14.494153261184692,
              35.8877028069528
            ],
            [
              14.493547081947327,
              35.8877028069528
            ],
            [
              14.49347198009491,
              35.88775061378537
            ],
            [
              14.493176937103271,
              35.88804180023307
            ],
            [
              14.493166208267212,
              35.88839817621938
            ],
            [
              14.493670463562012,
              35.888406868296556
            ],
            [
              14.493675827980042,
              35.88808526080507
            ],
            [
              14.493536353111267,
              35.88792011050455
            ],
            [
              14.493412971496582,
              35.887594154953305
            ],
            [
              14.49372410774231,
              35.88713781492743
            ],
            [
              14.493826031684875,
              35.887090007724936
            ],
            [
              14.49448049068451,
              35.887220390936506
            ],
            [
              14.494410753250122,
              35.88746377235712
            ]
          ],
          [
            [
              14.494121074676514,
              35.88704220049355
            ],
            [
              14.4941908121109,
              35.88684227903147
            ]
          ],
          [
            [
              14.4967120885849,
              35.88794184082694
            ],
            [
              14.496594071388245,
              35.88835036977777
            ],
            [
              14.496009349822998,
              35.888341677694385
            ]
          ],
          [
            [
              14.497731328010559,
              35.889328223067835
            ],
            [
              14.497843980789185,
              35.88928041718775
            ],
            [
              14.49794054031372,
              35.889254341240985
            ],
            [
              14.498160481452942,
              35.8891152693799
            ],
            [
              14.498246312141418,
              35.8890326953468
            ],
            [
              14.498535990715027,
              35.88885450898198
            ],
            [
              14.498766660690308,
              35.88868066823966
            ]
          ],
          [
            [
              14.499045610427856,
              35.88891535315163
            ],
            [
              14.498932957649231,
              35.88901531132885
            ]
          ],
          [
            [
              14.497237801551819,
              35.885720971042275
            ],
            [
              14.497291445732117,
              35.885764432888024
            ],
            [
              14.497736692428589,
              35.88632508855957
            ]
          ],
          [
            [
              14.497366547584534,
              35.884621378409506
            ],
            [
              14.497650861740112,
              35.88462572465549
            ],
            [
              14.497822523117065,
              35.8851994270329
            ],
            [
              14.499861001968384,
              35.88481695924307
            ]
          ],
          [
            [
              14.501062631607056,
              35.885581892975594
            ],
            [
              14.501416683197021,
              35.88569054773606
            ],
            [
              14.501363039016724,
              35.88581224089077
            ],
            [
              14.501250386238098,
              35.88596001089867
            ]
          ],
          [
            [
              14.50143814086914,
              35.886051280471676
            ],
            [
              14.501641988754272,
              35.88579920234743
            ]
          ],
          [
            [
              14.502119421958923,
              35.8772845751663
            ],
            [
              14.502296447753906,
              35.87738454802377
            ]
          ],
          [
            [
              14.502017498016357,
              35.87681078903907
            ],
            [
              14.502296447753906,
              35.876958575841556
            ]
          ],
          [
            [
              14.500043392181396,
              35.8710990525706
            ],
            [
              14.50019896030426,
              35.87110339955858
            ]
          ],
          [
            [
              14.496363401412964,
              35.871159910380555
            ],
            [
              14.496921300888062,
              35.87101645975376
            ]
          ],
          [
            [
              14.493273496627808,
              35.87096864282044
            ],
            [
              14.493278861045837,
              35.871007765768056
            ],
            [
              14.49347198009491,
              35.87096864282044
            ]
          ],
          [
            [
              14.492919445037842,
              35.87096864282044
            ],
            [
              14.493010640144348,
              35.87099907178137
            ]
          ],
          [
            [
              14.491068720817566,
              35.87115556339566
            ],
            [
              14.491615891456604,
              35.87096864282044
            ]
          ],
          [
            [
              14.489185810089111,
              35.87096864282044
            ],
            [
              14.489244818687439,
              35.87109470558238
            ],
            [
              14.489797353744507,
              35.87096864282044
            ]
          ],
          [
            [
              14.486069083213806,
              35.871190339268
            ],
            [
              14.486133456230164,
              35.87096864282044
            ]
          ]
        ]
      },
      "properties": {
        "surface": "paved",
        "class": "service",
        "source_layer": "transportation",
        "source_tile": "https://tiles.openfreemap.org/planet/20261004_113936_pt/14/8851/6440.pbf"
      }
    },
    {
      "type": "Feature",
      "id": "transportation:228218750-0",
      "geometry": {
        "type": "MultiLineString",
        "coordinates": [
          [
            [
              14.483579993247986,
              35.887502887158504
            ],
            [
              14.483558535575867,
              35.88724646755307
            ],
            [
              14.483504891395569,
              35.88711608438442
            ],
            [
              14.483537077903748,
              35.886872701895214
            ]
          ],
          [
            [
              14.488354325294495,
              35.88734642783699
            ],
            [
              14.488102197647095,
              35.88786795770653
            ]
          ],
          [
            [
              14.488284587860107,
              35.88648154989903
            ],
            [
              14.48847234249115,
              35.88692920146832
            ]
          ],
          [
            [
              14.486938118934631,
              35.88320014317826
            ],
            [
              14.4867342710495,
              35.88326968433347
            ],
            [
              14.48646605014801,
              35.88332618647709
            ],
            [
              14.486160278320312,
              35.883274030653624
            ],
            [
              14.486047625541687,
              35.883291415931936
            ],
            [
              14.485999345779419,
              35.88333487911102
            ]
          ],
          [
            [
              14.490526914596558,
              35.8842736779572
            ],
            [
              14.490827322006226,
              35.8842345615608
            ]
          ],
          [
            [
              14.486401677131653,
              35.8796404237404
            ],
            [
              14.486310482025146,
              35.8799490260202
            ],
            [
              14.486407041549683,
              35.88017069733834
            ]
          ],
          [
            [
              14.498080015182495,
              35.88379993363408
            ],
            [
              14.497870802879333,
              35.88332618647709
            ]
          ],
          [
            [
              14.49770987033844,
              35.88387382054988
            ],
            [
              14.49747920036316,
              35.883404420147926
            ]
          ],
          [
            [
              14.494796991348267,
              35.882956748654166
            ],
            [
              14.495016932487488,
              35.88301325102107
            ],
            [
              14.495247602462769,
              35.88305671435279
            ]
          ],
          [
            [
              14.491626620292664,
              35.886199050033525
            ],
            [
              14.491755366325378,
              35.88622947314438
            ]
          ],
          [
            [
              14.493160843849182,
              35.88573835578343
            ],
            [
              14.493069648742676,
              35.886051280471676
            ]
          ]
        ]
      },
      "properties": {
        "surface": "paved",
        "class": "service",
        "service": "alley",
        "source_layer": "transportation",
        "source_tile": "https://tiles.openfreemap.org/planet/20261004_113936_pt/14/8851/6440.pbf"
      }
    },
    {
      "type": "Feature",
      "id": "transportation:228219140-0",
      "geometry": {
        "type": "MultiLineString",
        "coordinates": [
          [
            [
              14.490821957588196,
              35.887316005155256
            ],
            [
              14.490880966186523,
              35.887129122710945
            ],
            [
              14.490891695022583,
              35.887050892719586
            ]
          ],
          [
            [
              14.490655660629272,
              35.8870291621527
            ],
            [
              14.490773677825928,
              35.887050892719586
            ],
            [
              14.490891695022583,
              35.887050892719586
            ],
            [
              14.491090178489685,
              35.887007431579875
            ],
            [
              14.491347670555115,
              35.88698135488461
            ],
            [
              14.49171781539917,
              35.88688139413988
            ],
            [
              14.491921663284302,
              35.88684227903147
            ]
          ],
          [
            [
              14.480307698249817,
              35.87803219521811
            ],
            [
              14.480350613594055,
              35.8780017689584
            ],
            [
              14.480425715446472,
              35.87784094424856
            ],
            [
              14.480785131454468,
              35.87751494721343
            ]
          ],
          [
            [
              14.480543732643127,
              35.87773227871925
            ],
            [
              14.480618834495544,
              35.877727932094984
            ],
            [
              14.480833411216736,
              35.87753668039086
            ]
          ],
          [
            [
              14.48024332523346,
              35.872316199888346
            ],
            [
              14.48047935962677,
              35.87202930256191
            ],
            [
              14.480656385421753,
              35.87178587371271
            ],
            [
              14.480801224708557,
              35.87160330158498
            ],
            [
              14.480280876159668,
              35.87132944260463
            ]
          ],
          [
            [
              14.480645656585693,
              35.872294465278756
            ],
            [
              14.480388164520264,
              35.872650912122836
            ],
            [
              14.480345249176025,
              35.87281174736893
            ],
            [
              14.480366706848145,
              35.8729334603111
            ],
            [
              14.480393528938293,
              35.8729769291737
            ],
            [
              14.480447173118591,
              35.87298996982781
            ],
            [
              14.480506181716919,
              35.87299431671204
            ],
            [
              14.480683207511902,
              35.8729769291737
            ],
            [
              14.48071002960205,
              35.87298562294335
            ],
            [
              14.480774402618408,
              35.87303343865942
            ],
            [
              14.480822682380676,
              35.87317253876027
            ],
            [
              14.481026530265808,
              35.873741977251925
            ]
          ],
          [
            [
              14.479637145996094,
              35.872003220935284
            ],
            [
              14.48024332523346,
              35.872316199888346
            ],
            [
              14.480538368225098,
              35.872442260506276
            ]
          ],
          [
            [
              14.479637145996094,
              35.87160330158498
            ],
            [
              14.48047935962677,
              35.87202930256191
            ]
          ],
          [
            [
              14.480854868888855,
              35.871598954624446
            ],
            [
              14.48121964931488,
              35.871503321432016
            ],
            [
              14.481305480003357,
              35.87172501638355
            ]
          ],
          [
            [
              14.481262564659119,
              35.87210754739033
            ],
            [
              14.48099970817566,
              35.87243791359177
            ]
          ],
          [
            [
              14.481562972068787,
              35.87227707758683
            ],
            [
              14.481541514396667,
              35.87262917760509
            ],
            [
              14.4814932346344,
              35.872855216298305
            ],
            [
              14.481434226036072,
              35.872920419647656
            ],
            [
              14.481171369552612,
              35.87310298874037
            ],
            [
              14.480822682380676,
              35.87317253876027
            ],
            [
              14.480350613594055,
              35.87327686367567
            ]
          ],
          [
            [
              14.48272168636322,
              35.872898685203836
            ],
            [
              14.482619762420654,
              35.87284652251434
            ]
          ],
          [
            [
              14.483016729354858,
              35.87330294488304
            ],
            [
              14.482694864273071,
              35.87312907000499
            ],
            [
              14.482651948928833,
              35.87307256058746
            ],
            [
              14.482641220092773,
              35.87302039801244
            ],
            [
              14.48272168636322,
              35.872898685203836
            ],
            [
              14.482904076576233,
              35.87269003423977
            ]
          ],
          [
            [
              14.483349323272705,
              35.87288999142463
            ],
            [
              14.483306407928467,
              35.8729334603111
            ],
            [
              14.483086466789246,
              35.87282044115672
            ],
            [
              14.482796788215637,
              35.87318557938221
            ]
          ],
          [
            [
              14.493541717529297,
              35.87227273066324
            ],
            [
              14.492897987365723,
              35.87181195541089
            ],
            [
              14.493117928504944,
              35.871598954624446
            ],
            [
              14.493761658668518,
              35.87205103724422
            ]
          ],
          [
            [
              14.491868019104004,
              35.88787664984193
            ],
            [
              14.491846561431885,
              35.8876984608757
            ],
            [
              14.490832686424255,
              35.88750723324635
            ]
          ],
          [
            [
              14.491680264472961,
              35.887668038329195
            ],
            [
              14.491760730743408,
              35.88745508017641
            ],
            [
              14.491787552833557,
              35.88729862076045
            ],
            [
              14.491798281669617,
              35.887063931056844
            ],
            [
              14.491787552833557,
              35.886868355772535
            ]
          ],
          [
            [
              14.480130672454834,
              35.87096864282044
            ],
            [
              14.479803442955017,
              35.87131205470091
            ]
          ]
        ]
      },
      "properties": {
        "class": "service",
        "access": "no",
        "source_layer": "transportation",
        "source_tile": "https://tiles.openfreemap.org/planet/20261004_113936_pt/14/8851/6440.pbf"
      }
    },
    {
      "type": "Feature",
      "id": "transportation:228984590-0",
      "geometry": {
        "type": "MultiLineString",
        "coordinates": [
          [
            [
              14.479830265045166,
              35.889328223067835
            ],
            [
              14.47997510433197,
              35.88929345515791
            ],
            [
              14.479857087135315,
              35.889019657333705
            ]
          ],
          [
            [
              14.480125308036804,
              35.888332985610035
            ],
            [
              14.480152130126953,
              35.888393830180405
            ]
          ],
          [
            [
              14.480795860290527,
              35.8870291621527
            ],
            [
              14.481042623519897,
              35.88664235706467
            ]
          ],
          [
            [
              14.479942917823792,
              35.88763326969031
            ],
            [
              14.480023384094238,
              35.88763326969031
            ]
          ],
          [
            [
              14.480152130126953,
              35.886937893706744
            ],
            [
              14.480355978012085,
              35.88662497252196
            ],
            [
              14.480420351028442,
              35.88646416532103
            ],
            [
              14.480651021003723,
              35.88627728086641
            ],
            [
              14.48072075843811,
              35.88628162702153
            ]
          ],
          [
            [
              14.480597376823425,
              35.88662931865801
            ],
            [
              14.480355978012085,
              35.88662497252196
            ]
          ],
          [
            [
              14.481434226036072,
              35.885412391251634
            ],
            [
              14.481799006462097,
              35.885412391251634
            ]
          ],
          [
            [
              14.481353759765625,
              35.88461703216326
            ],
            [
              14.481343030929565,
              35.88415198243827
            ]
          ],
          [
            [
              14.490784406661987,
              35.88659454956306
            ],
            [
              14.490907788276672,
              35.88661193411244
            ]
          ],
          [
            [
              14.486342668533325,
              35.88406940322962
            ],
            [
              14.486423134803772,
              35.88396943880922
            ]
          ],
          [
            [
              14.486267566680908,
              35.88403028673231
            ],
            [
              14.486364126205444,
              35.88408244205776
            ]
          ],
          [
            [
              14.486128091812134,
              35.88380427992516
            ],
            [
              14.486256837844849,
              35.88386947426265
            ],
            [
              14.486251473426819,
              35.88387816683691
            ],
            [
              14.486444592475891,
              35.883986823934876
            ],
            [
              14.486782550811768,
              35.88415632871002
            ]
          ],
          [
            [
              14.487050771713257,
              35.883434844332356
            ],
            [
              14.4867342710495,
              35.88326968433347
            ]
          ],
          [
            [
              14.487673044204712,
              35.88390859083937
            ],
            [
              14.487941265106201,
              35.884208483952435
            ],
            [
              14.488150477409363,
              35.88431714059722
            ],
            [
              14.487903714179993,
              35.88469526455894
            ]
          ],
          [
            [
              14.48970079421997,
              35.884121558529316
            ],
            [
              14.48947548866272,
              35.88370431517012
            ],
            [
              14.489636421203613,
              35.88343919064346
            ]
          ],
          [
            [
              14.490902423858643,
              35.880322824354565
            ],
            [
              14.490993618965149,
              35.880070727997165
            ],
            [
              14.491245746612549,
              35.87971866105187
            ]
          ],
          [
            [
              14.48746383190155,
              35.880309784907496
            ],
            [
              14.487592577934265,
              35.879927293504636
            ],
            [
              14.487892985343933,
              35.87988382845562
            ]
          ],
          [
            [
              14.48445975780487,
              35.88046191165661
            ],
            [
              14.484395384788513,
              35.88036194268295
            ],
            [
              14.484084248542786,
              35.880209815741836
            ],
            [
              14.483773112297058,
              35.880153311375025
            ],
            [
              14.483606815338135,
              35.88006638150121
            ]
          ],
          [
            [
              14.48347270488739,
              35.88397378509099
            ],
            [
              14.483563899993896,
              35.88393901483012
            ]
          ],
          [
            [
              14.48371946811676,
              35.882552538238414
            ],
            [
              14.483687281608582,
              35.88250038190547
            ],
            [
              14.483692646026611,
              35.882461264633235
            ],
            [
              14.4837087392807,
              35.88243084007479
            ],
            [
              14.483767747879028,
              35.88240041550466
            ],
            [
              14.483805298805237,
              35.88240041550466
            ],
            [
              14.483858942985535,
              35.882417800974736
            ],
            [
              14.483885765075684,
              35.882439532806956
            ],
            [
              14.483901858329773,
              35.88246561099777
            ],
            [
              14.483901858329773,
              35.88249603554286
            ],
            [
              14.483891129493713,
              35.8825308064372
            ],
            [
              14.483864307403564,
              35.882552538238414
            ],
            [
              14.483832120895386,
              35.882569923675106
            ],
            [
              14.483789205551147,
              35.882574270033686
            ],
            [
              14.483751654624939,
              35.882569923675106
            ],
            [
              14.48371946811676,
              35.882552538238414
            ],
            [
              14.483606815338135,
              35.88267423621505
            ],
            [
              14.483520984649658,
              35.88307409967881
            ],
            [
              14.483499526977539,
              35.88325664537152
            ],
            [
              14.48347270488739,
              35.88397378509099
            ],
            [
              14.4834566116333,
              35.88406505695309
            ],
            [
              14.48349416255951,
              35.8842345615608
            ],
            [
              14.483579993247986,
              35.88409548088376
            ]
          ],
          [
            [
              14.482110142707825,
              35.884508375929926
            ],
            [
              14.482158422470093,
              35.88449533717191
            ]
          ],
          [
            [
              14.481423497200012,
              35.880514069331895
            ],
            [
              14.481273293495178,
              35.88017504382856
            ],
            [
              14.48173999786377,
              35.88003160952496
            ]
          ],
          [
            [
              14.48546290397644,
              35.8795839189674
            ],
            [
              14.48523223400116,
              35.87953176067961
            ],
            [
              14.485141038894653,
              35.87953176067961
            ],
            [
              14.485076665878296,
              35.87954914677934
            ],
            [
              14.48497474193573,
              35.8796099980984
            ],
            [
              14.484905004501343,
              35.87968388892297
            ],
            [
              14.484888911247253,
              35.87974474013849
            ]
          ],
          [
            [
              14.480688571929932,
              35.87239444443344
            ],
            [
              14.480913877487183,
              35.87250746419549
            ],
            [
              14.480951428413391,
              35.872498770373355
            ],
            [
              14.48099970817566,
              35.87243791359177
            ]
          ],
          [
            [
              14.481257200241089,
              35.87160330158498
            ],
            [
              14.482507109642029,
              35.871290319815884
            ],
            [
              14.48246419429779,
              35.871207727198424
            ],
            [
              14.48121964931488,
              35.871503321432016
            ]
          ],
          [
            [
              14.483767747879028,
              35.87137291234727
            ],
            [
              14.483440518379211,
              35.87108166461633
            ],
            [
              14.483065009117126,
              35.87135987142699
            ]
          ],
          [
            [
              14.483923316001892,
              35.87195105765625
            ],
            [
              14.483950138092041,
              35.87188585350913
            ],
            [
              14.484003782272339,
              35.87186411878153
            ],
            [
              14.483950138092041,
              35.87152505625862
            ],
            [
              14.4839608669281,
              35.871494627499715
            ],
            [
              14.483998417854309,
              35.87148158659949
            ],
            [
              14.484668970108032,
              35.87141203509522
            ],
            [
              14.484690427780151,
              35.871416382066016
            ],
            [
              14.4847172498703,
              35.871429422977016
            ],
            [
              14.484749436378479,
              35.871459851760946
            ],
            [
              14.484862089157104,
              35.8723335875717
            ],
            [
              14.484872817993164,
              35.87235966908959
            ],
            [
              14.484905004501343,
              35.87236836292699
            ],
            [
              14.485291242599487,
              35.872329240651226
            ]
          ],
          [
            [
              14.485189318656921,
              35.87156417893148
            ],
            [
              14.485301971435547,
              35.872424872846764
            ],
            [
              14.485307335853577,
              35.872442260506276
            ],
            [
              14.485382437705994,
              35.87245964816199
            ],
            [
              14.485875964164734,
              35.87266829973275
            ],
            [
              14.485929608345032,
              35.872676993536274
            ],
            [
              14.486192464828491,
              35.87262917760509
            ],
            [
              14.48621928691864,
              35.87264221831646
            ],
            [
              14.4862300157547,
              35.87270742184111
            ],
            [
              14.486278295516968,
              35.872963888517404
            ]
          ],
          [
            [
              14.4852215051651,
              35.872681340437694
            ],
            [
              14.485382437705994,
              35.87245964816199
            ],
            [
              14.48573112487793,
              35.872429219762
            ],
            [
              14.486074447631836,
              35.872303159123305
            ]
          ],
          [
            [
              14.48573112487793,
              35.872429219762
            ],
            [
              14.485586285591125,
              35.87135552445308
            ],
            [
              14.485564827919006,
              35.87133813655505
            ],
            [
              14.485532641410828,
              35.87133378957999
            ],
            [
              14.484776258468628,
              35.871407688124194
            ]
          ],
          [
            [
              14.487147331237793,
              35.872620483796325
            ],
            [
              14.4862300157547,
              35.87270742184111
            ]
          ],
          [
            [
              14.48721706867218,
              35.87311168249619
            ],
            [
              14.487147331237793,
              35.872620483796325
            ],
            [
              14.487045407295227,
              35.87200756787364
            ],
            [
              14.487056136131287,
              35.87195540459747
            ],
            [
              14.487093687057495,
              35.87192062906094
            ],
            [
              14.48773205280304,
              35.871872812673274
            ]
          ],
          [
            [
              14.489148259162903,
              35.872342281411946
            ],
            [
              14.488252401351929,
              35.872411832099644
            ],
            [
              14.488300681114197,
              35.87262917760509
            ],
            [
              14.488048553466797,
              35.872685687338844
            ]
          ],
          [
            [
              14.489743709564209,
              35.87779313143403
            ],
            [
              14.49048399925232,
              35.87767142595773
            ]
          ],
          [
            [
              14.490151405334473,
              35.87696292250803
            ],
            [
              14.49073612689972,
              35.876841215756215
            ],
            [
              14.491020441055298,
              35.87680209568916
            ],
            [
              14.491272568702698,
              35.87677601563371
            ],
            [
              14.491363763809204,
              35.87679340233831
            ],
            [
              14.491530060768127,
              35.876862949118475
            ],
            [
              14.491658806800842,
              35.87688033580399
            ],
            [
              14.492227435112,
              35.87679340233831
            ],
            [
              14.492345452308655,
              35.87672385549705
            ],
            [
              14.492425918579102,
              35.876606495063996
            ]
          ],
          [
            [
              14.48723316192627,
              35.87684990910185
            ],
            [
              14.487120509147644,
              35.87598926325805
            ],
            [
              14.487152695655823,
              35.875976223097595
            ],
            [
              14.487361907958984,
              35.875950142770265
            ],
            [
              14.487356543540955,
              35.87592840915758
            ]
          ],
          [
            [
              14.496148824691772,
              35.87961869114015
            ],
            [
              14.496116638183594,
              35.87956218635165
            ],
            [
              14.495912790298462,
              35.87938397867772
            ],
            [
              14.495853781700134,
              35.879357899472296
            ],
            [
              14.495800137519836,
              35.87934485986635
            ],
            [
              14.495574831962585,
              35.87915361206606
            ]
          ],
          [
            [
              14.495853781700134,
              35.879357899472296
            ],
            [
              14.495934247970581,
              35.87935355293722
            ],
            [
              14.496041536331177,
              35.87928835488252
            ],
            [
              14.496159553527832,
              35.87924923602394
            ],
            [
              14.496363401412964,
              35.87931008757337
            ],
            [
              14.496631622314453,
              35.87942309746974
            ]
          ],
          [
            [
              14.496057629585266,
              35.87823648551644
            ],
            [
              14.495660662651062,
              35.87837122989296
            ],
            [
              14.495569467544556,
              35.87871460968711
            ]
          ],
          [
            [
              14.493241310119629,
              35.8771932954906
            ],
            [
              14.493171572685242,
              35.87652825467872
            ],
            [
              14.493182301521301,
              35.87644132082663
            ]
          ],
          [
            [
              14.491272568702698,
              35.87677601563371
            ],
            [
              14.491261839866638,
              35.87670212209663
            ]
          ],
          [
            [
              14.492855072021484,
              35.875276398004814
            ],
            [
              14.493160843849182,
              35.87629353305917
            ]
          ],
          [
            [
              14.495006203651428,
              35.872620483796325
            ],
            [
              14.494845271110535,
              35.87317688563451
            ]
          ],
          [
            [
              14.494394659996033,
              35.87241617901557
            ],
            [
              14.494029879570007,
              35.87235097525125
            ],
            [
              14.49395477771759,
              35.87232054680953
            ],
            [
              14.493842124938965,
              35.87224230219147
            ],
            [
              14.493670463562012,
              35.87214232284482
            ]
          ],
          [
            [
              14.496170282363892,
              35.87349855366472
            ],
            [
              14.496234655380249,
              35.873663734037606
            ]
          ],
          [
            [
              14.50169026851654,
              35.87192497600384
            ],
            [
              14.502049684524536,
              35.87188150656408
            ]
          ],
          [
            [
              14.501802921295166,
              35.877654039445844
            ],
            [
              14.50171172618866,
              35.877606226518495
            ],
            [
              14.501797556877136,
              35.87749321403008
            ],
            [
              14.501770734786987,
              35.877401934594786
            ],
            [
              14.501341581344604,
              35.87718460218265
            ]
          ],
          [
            [
              14.496915936470032,
              35.88172237919511
            ],
            [
              14.49719488620758,
              35.88095740818518
            ]
          ],
          [
            [
              14.497876167297363,
              35.88177453604038
            ],
            [
              14.498069286346436,
              35.88132250890699
            ]
          ],
          [
            [
              14.494346380233765,
              35.881757150429095
            ],
            [
              14.494426846504211,
              35.881687607945835
            ]
          ],
          [
            [
              14.49547290802002,
              35.883886859410225
            ],
            [
              14.495596289634705,
              35.883526116815574
            ]
          ],
          [
            [
              14.494555592536926,
              35.889328223067835
            ],
            [
              14.494684338569641,
              35.88931518510341
            ]
          ],
          [
            [
              14.49768841266632,
              35.88851551918093
            ],
            [
              14.497854709625244,
              35.88865459209539
            ],
            [
              14.498294591903687,
              35.88830690935127
            ]
          ],
          [
            [
              14.498621821403503,
              35.88878931874835
            ],
            [
              14.498932957649231,
              35.88901531132885
            ]
          ],
          [
            [
              14.498632550239563,
              35.887350773933434
            ],
            [
              14.498857855796814,
              35.88718996820636
            ]
          ],
          [
            [
              14.498820304870605,
              35.88715519935755
            ],
            [
              14.499662518501282,
              35.886677126138636
            ]
          ],
          [
            [
              14.497897624969482,
              35.88699439323332
            ],
            [
              14.49818730354309,
              35.88734208174034
            ]
          ],
          [
            [
              14.501035809516907,
              35.885873087398
            ],
            [
              14.50071394443512,
              35.8855775467821
            ],
            [
              14.500681757926941,
              35.88556885439435
            ],
            [
              14.500638842582703,
              35.885573200588325
            ],
            [
              14.500558376312256,
              35.88565577822894
            ]
          ],
          [
            [
              14.501373767852783,
              35.88884147093954
            ],
            [
              14.501127004623413,
              35.88871109039711
            ],
            [
              14.501169919967651,
              35.888658938120045
            ]
          ],
          [
            [
              14.48772132396698,
              35.87105123568713
            ],
            [
              14.487190246582031,
              35.8710686236481
            ]
          ],
          [
            [
              14.48770523071289,
              35.87096864282044
            ],
            [
              14.48772132396698,
              35.87105123568713
            ],
            [
              14.487748146057129,
              35.871346830504535
            ],
            [
              14.487807154655457,
              35.8716815468341
            ],
            [
              14.487780332565308,
              35.87171197552121
            ],
            [
              14.488048553466797,
              35.872685687338844
            ],
            [
              14.488155841827393,
              35.87302474489502
            ]
          ]
        ]
      },
      "properties": {
        "class": "service",
        "source_layer": "transportation",
        "source_tile": "https://tiles.openfreemap.org/planet/20261004_113936_pt/14/8851/6440.pbf"
      }
    },
    {
      "type": "Feature",
      "id": "transportation:1395152730-0",
      "geometry": {
        "type": "MultiLineString",
        "coordinates": [
          [
            [
              14.481284022331238,
              35.888919699161974
            ],
            [
              14.481369853019714,
              35.88913265337588
            ],
            [
              14.48146104812622,
              35.889328223067835
            ]
          ],
          [
            [
              14.482367634773254,
              35.889058771366564
            ],
            [
              14.482415914535522,
              35.889328223067835
            ]
          ],
          [
            [
              14.482641220092773,
              35.88905442536385
            ],
            [
              14.482909440994263,
              35.88903704135069
            ],
            [
              14.483531713485718,
              35.888984889288295
            ],
            [
              14.484132528305054,
              35.88894577521894
            ],
            [
              14.485382437705994,
              35.88885016296807
            ],
            [
              14.485870599746704,
              35.88880235679936
            ],
            [
              14.486755728721619,
              35.88872847448182
            ]
          ],
          [
            [
              14.481659531593323,
              35.88715085325039
            ],
            [
              14.481407403945923,
              35.88712477660235
            ],
            [
              14.480543732643127,
              35.88699004711734
            ],
            [
              14.480066299438477,
              35.88692920146832
            ],
            [
              14.479883909225464,
              35.88688574026182
            ],
            [
              14.479787349700928,
              35.886846625155584
            ],
            [
              14.479637145996094,
              35.88679881777729
            ]
          ],
          [
            [
              14.481407403945923,
              35.88712477660235
            ],
            [
              14.48146104812622,
              35.886316396253875
            ]
          ],
          [
            [
              14.481187462806702,
              35.887090007724936
            ],
            [
              14.481117725372314,
              35.88759850103614
            ],
            [
              14.480913877487183,
              35.887733229485946
            ],
            [
              14.480838775634766,
              35.887733229485946
            ]
          ],
          [
            [
              14.481117725372314,
              35.88759850103614
            ],
            [
              14.481375217437744,
              35.8876245775282
            ]
          ],
          [
            [
              14.48123574256897,
              35.88778103630014
            ],
            [
              14.481262564659119,
              35.887611539283256
            ]
          ],
          [
            [
              14.479637145996094,
              35.886707549065804
            ],
            [
              14.47974979877472,
              35.8866988568021
            ],
            [
              14.479851722717285,
              35.88675101037012
            ],
            [
              14.479873180389404,
              35.88681185615606
            ],
            [
              14.479787349700928,
              35.886846625155584
            ]
          ],
          [
            [
              14.482163786888123,
              35.886355511622014
            ],
            [
              14.483124017715454,
              35.88671189519732
            ]
          ],
          [
            [
              14.483832120895386,
              35.886233819302134
            ],
            [
              14.483435153961182,
              35.88517769595798
            ],
            [
              14.483016729354858,
              35.88502557826649
            ]
          ],
          [
            [
              14.483188390731812,
              35.884721342007
            ],
            [
              14.483622908592224,
              35.8849125763637
            ],
            [
              14.484325647354126,
              35.88470830328406
            ],
            [
              14.484947919845581,
              35.88452141468581
            ],
            [
              14.48497474193573,
              35.884538799690304
            ]
          ],
          [
            [
              14.483622908592224,
              35.8849125763637
            ],
            [
              14.483628273010254,
              35.88495603865309
            ],
            [
              14.483515620231628,
              35.885138580008075
            ],
            [
              14.483542442321777,
              35.8851994270329
            ],
            [
              14.483703374862671,
              35.88524723537677
            ],
            [
              14.484164714813232,
              35.88519508081839
            ],
            [
              14.484432935714722,
              35.8851255413538
            ],
            [
              14.484883546829224,
              35.88503427071389
            ]
          ],
          [
            [
              14.484325647354126,
              35.88470830328406
            ],
            [
              14.484400749206543,
              35.88431279433428
            ],
            [
              14.48445439338684,
              35.88394770739677
            ],
            [
              14.484534859657288,
              35.88371735405835
            ]
          ],
          [
            [
              14.485318064689636,
              35.88499950091864
            ],
            [
              14.485264420509338,
              35.88511684891647
            ],
            [
              14.484840631484985,
              35.885212465675
            ]
          ],
          [
            [
              14.483419060707092,
              35.888385138101796
            ],
            [
              14.483317136764526,
              35.88782449701526
            ]
          ],
          [
            [
              14.482946991920471,
              35.889328223067835
            ],
            [
              14.482909440994263,
              35.88903704135069
            ]
          ],
          [
            [
              14.489083886146545,
              35.88929345515791
            ],
            [
              14.489073157310486,
              35.889328223067835
            ]
          ],
          [
            [
              14.48848307132721,
              35.887833189155415
            ],
            [
              14.488890767097473,
              35.887993993576316
            ],
            [
              14.488869309425354,
              35.888285179129056
            ],
            [
              14.489057064056396,
              35.888376446022235
            ]
          ],
          [
            [
              14.488676190376282,
              35.886985701001095
            ],
            [
              14.488686919212341,
              35.88745073408569
            ],
            [
              14.488397240638733,
              35.887993993576316
            ]
          ],
          [
            [
              14.489791989326477,
              35.885212465675
            ],
            [
              14.489539861679077,
              35.8849169225937
            ],
            [
              14.489293098449707,
              35.88449533717191
            ],
            [
              14.48897123336792,
              35.88425629289452
            ],
            [
              14.488601088523865,
              35.88406505695309
            ],
            [
              14.488252401351929,
              35.88387816683691
            ],
            [
              14.48796808719635,
              35.88374777812258
            ],
            [
              14.487099051475525,
              35.88327837697358
            ],
            [
              14.486525058746338,
              35.88298282667468
            ],
            [
              14.486085176467896,
              35.88273073878351
            ],
            [
              14.48597252368927,
              35.88265250444722
            ],
            [
              14.4857257604599,
              35.88250038190547
            ],
            [
              14.485538005828857,
              35.88234825907155
            ]
          ],
          [
            [
              14.490441083908081,
              35.88482999794813
            ],
            [
              14.490146040916443,
              35.88483869041697
            ],
            [
              14.490129947662354,
              35.884621378409506
            ],
            [
              14.490387439727783,
              35.884586608432954
            ]
          ],
          [
            [
              14.489019513130188,
              35.885138580008075
            ],
            [
              14.489432573318481,
              35.8853254671499
            ]
          ],
          [
            [
              14.48573112487793,
              35.88487780651501
            ],
            [
              14.485436081886292,
              35.88496473110811
            ]
          ],
          [
            [
              14.486761093139648,
              35.884186752605615
            ],
            [
              14.487109780311584,
              35.88435625695284
            ],
            [
              14.487378001213074,
              35.884673533345676
            ],
            [
              14.487517476081848,
              35.88479957429965
            ],
            [
              14.487678408622742,
              35.884882152746925
            ],
            [
              14.487994909286499,
              35.88494734619712
            ],
            [
              14.488584995269775,
              35.88457356968782
            ],
            [
              14.488686919212341,
              35.88455618469098
            ],
            [
              14.489051699638367,
              35.884564877189874
            ],
            [
              14.488890767097473,
              35.88469091831678
            ]
          ],
          [
            [
              14.4857257604599,
              35.88250038190547
            ],
            [
              14.485779404640198,
              35.882448225538184
            ],
            [
              14.485822319984436,
              35.88243084007479
            ],
            [
              14.485924243927002,
              35.88234391270058
            ]
          ],
          [
            [
              14.48624074459076,
              35.88282201207814
            ],
            [
              14.486133456230164,
              35.8828872072242
            ],
            [
              14.485661387443542,
              35.88312190930566
            ],
            [
              14.485441446304321,
              35.88311756297712
            ],
            [
              14.485350251197815,
              35.88316102625163
            ],
            [
              14.485285878181458,
              35.88323491376349
            ],
            [
              14.48524296283722,
              35.883360957007
            ],
            [
              14.48522686958313,
              35.88342180539762
            ],
            [
              14.48521077632904,
              35.88345657588552
            ],
            [
              14.485049843788147,
              35.88415632871002
            ],
            [
              14.48497474193573,
              35.884538799690304
            ],
            [
              14.484894275665283,
              35.88490823013346
            ],
            [
              14.484883546829224,
              35.88503427071389
            ],
            [
              14.484840631484985,
              35.885212465675
            ],
            [
              14.484792351722717,
              35.885581892975594
            ],
            [
              14.483842849731445,
              35.885447160865624
            ],
            [
              14.483563899993896,
              35.8855167000478
            ]
          ],
          [
            [
              14.487372636795044,
              35.884073749505916
            ],
            [
              14.487007856369019,
              35.88387816683691
            ],
            [
              14.486761093139648,
              35.884186752605615
            ],
            [
              14.486262202262878,
              35.884477952157894
            ],
            [
              14.486095905303955,
              35.88449533717191
            ],
            [
              14.486010074615479,
              35.88432148685992
            ],
            [
              14.485865235328674,
              35.884073749505916
            ],
            [
              14.485554099082947,
              35.88346961481456
            ],
            [
              14.48522686958313,
              35.88342180539762
            ]
          ],
          [
            [
              14.487109780311584,
              35.88435625695284
            ],
            [
              14.487372636795044,
              35.884073749505916
            ],
            [
              14.48796808719635,
              35.88374777812258
            ]
          ],
          [
            [
              14.488756656646729,
              35.88456053094055
            ],
            [
              14.488890767097473,
              35.88469091831678
            ],
            [
              14.489083886146545,
              35.88486476781782
            ],
            [
              14.489019513130188,
              35.885138580008075
            ],
            [
              14.488445520401001,
              35.885716624856386
            ],
            [
              14.488150477409363,
              35.885847010329215
            ],
            [
              14.488075375556946,
              35.88574270196813
            ],
            [
              14.487994909286499,
              35.88578181761963
            ]
          ],
          [
            [
              14.488601088523865,
              35.88406505695309
            ],
            [
              14.489067792892456,
              35.883517424202665
            ],
            [
              14.489244818687439,
              35.883291415931936
            ]
          ],
          [
            [
              14.48897123336792,
              35.88425629289452
            ],
            [
              14.489271640777588,
              35.88393032226253
            ]
          ],
          [
            [
              14.489561319351196,
              35.88451272218212
            ],
            [
              14.489067792892456,
              35.883517424202665
            ]
          ],
          [
            [
              14.490537643432617,
              35.88379558734276
            ],
            [
              14.49073076248169,
              35.88333922542762
            ],
            [
              14.490870237350464,
              35.88294370964071
            ],
            [
              14.491057991981506,
              35.88242649370835
            ]
          ],
          [
            [
              14.490870237350464,
              35.88294370964071
            ],
            [
              14.491894841194153,
              35.88335661069161
            ]
          ],
          [
            [
              14.48996365070343,
              35.882061398075436
            ],
            [
              14.489754438400269,
              35.88240910824017
            ]
          ],
          [
            [
              14.49095070362091,
              35.88189188881667
            ],
            [
              14.491315484046936,
              35.88192231358214
            ]
          ],
          [
            [
              14.490065574645996,
              35.88170064716613
            ],
            [
              14.490022659301758,
              35.88177453604038
            ],
            [
              14.49023723602295,
              35.881857117641815
            ],
            [
              14.490183591842651,
              35.88197012390427
            ],
            [
              14.490113854408264,
              35.88202228058638
            ],
            [
              14.48996365070343,
              35.882061398075436
            ],
            [
              14.48944866657257,
              35.8818527712439
            ],
            [
              14.487630128860474,
              35.88123558031636
            ],
            [
              14.487560391426086,
              35.88171803278979
            ],
            [
              14.487538933753967,
              35.881791921647846
            ],
            [
              14.488499164581299,
              35.882126593847616
            ],
            [
              14.48923945426941,
              35.88246561099777
            ],
            [
              14.489625692367554,
              35.88261773360628
            ]
          ],
          [
            [
              14.490564465522766,
              35.881126919443886
            ],
            [
              14.490532279014587,
              35.88057057344136
            ]
          ],
          [
            [
              14.490559101104736,
              35.88092698304905
            ],
            [
              14.491497874259949,
              35.880887864999735
            ],
            [
              14.49148178100586,
              35.88109649437287
            ],
            [
              14.49148178100586,
              35.88117038381077
            ],
            [
              14.491390585899353,
              35.88173107200504
            ],
            [
              14.491336941719055,
              35.88188754242066
            ],
            [
              14.491176009178162,
              35.88213528661319
            ]
          ],
          [
            [
              14.488627910614014,
              35.881066069290185
            ],
            [
              14.488515257835388,
              35.88127469819395
            ]
          ],
          [
            [
              14.488273859024048,
              35.88113126588165
            ],
            [
              14.488536715507507,
              35.88123123388432
            ]
          ],
          [
            [
              14.486412405967712,
              35.88220048232451
            ],
            [
              14.486589431762695,
              35.88190927439835
            ],
            [
              14.486675262451172,
              35.88182669285132
            ],
            [
              14.487018585205078,
              35.881704993572384
            ],
            [
              14.487560391426086,
              35.88171803278979
            ]
          ],
          [
            [
              14.486401677131653,
              35.881835385649794
            ],
            [
              14.486589431762695,
              35.88190927439835
            ]
          ],
          [
            [
              14.485774040222168,
              35.88184842484573
            ],
            [
              14.486144185066223,
              35.88171803278979
            ],
            [
              14.4864821434021,
              35.88155286921078
            ],
            [
              14.486675262451172,
              35.88182669285132
            ]
          ],
          [
            [
              14.486111998558044,
              35.88080093593207
            ],
            [
              14.486814737319946,
              35.88084874693108
            ],
            [
              14.486879110336304,
              35.88078355010708
            ],
            [
              14.486895203590393,
              35.88069227446334
            ],
            [
              14.486058354377747,
              35.88062707751054
            ]
          ],
          [
            [
              14.48672354221344,
              35.881018258422344
            ],
            [
              14.487158060073853,
              35.88084440047783
            ],
            [
              14.487104415893555,
              35.880727046149545
            ],
            [
              14.487131237983704,
              35.88038367507926
            ],
            [
              14.486852288246155,
              35.87964477025973
            ]
          ],
          [
            [
              14.486407041549683,
              35.88017069733834
            ],
            [
              14.487131237983704,
              35.88038367507926
            ],
            [
              14.48746383190155,
              35.880309784907496
            ],
            [
              14.488268494606018,
              35.88046625813085
            ]
          ],
          [
            [
              14.483381509780884,
              35.88100956553417
            ],
            [
              14.484620690345764,
              35.88074008552795
            ],
            [
              14.4849693775177,
              35.8812790446236
            ],
            [
              14.48497474193573,
              35.88133554818735
            ],
            [
              14.48495328426361,
              35.88139205171079
            ],
            [
              14.484910368919373,
              35.88143551593218
            ],
            [
              14.484824538230896,
              35.88145290161407
            ],
            [
              14.484749436378479,
              35.881444208773615
            ],
            [
              14.48449194431305,
              35.88139205171079
            ]
          ],
          [
            [
              14.48297917842865,
              35.881644143862815
            ],
            [
              14.482673406600952,
              35.8812790446236
            ],
            [
              14.482592940330505,
              35.88017069733834
            ]
          ],
          [
            [
              14.48524296283722,
              35.882256985230924
            ],
            [
              14.485259056091309,
              35.88230479535103
            ],
            [
              14.486133456230164,
              35.8828872072242
            ]
          ],
          [
            [
              14.484642148017883,
              35.883260991692396
            ],
            [
              14.48524296283722,
              35.883360957007
            ]
          ],
          [
            [
              14.48445439338684,
              35.88394770739677
            ],
            [
              14.484336376190186,
              35.88392162969399
            ],
            [
              14.484046697616577,
              35.883960746244966
            ]
          ],
          [
            [
              14.484030604362488,
              35.884251946628254
            ],
            [
              14.484400749206543,
              35.88431279433428
            ],
            [
              14.484497308731079,
              35.88431714059722
            ],
            [
              14.485049843788147,
              35.88415632871002
            ]
          ],
          [
            [
              14.481659531593323,
              35.882569923675106
            ],
            [
              14.48297917842865,
              35.881644143862815
            ],
            [
              14.483317136764526,
              35.88146594087296
            ],
            [
              14.48347270488739,
              35.8813312017608
            ],
            [
              14.483381509780884,
              35.88100956553417
            ],
            [
              14.48324739933014,
              35.8807226996896
            ],
            [
              14.483531713485718,
              35.88007942098835
            ],
            [
              14.483606815338135,
              35.88006638150121
            ],
            [
              14.483639001846313,
              35.88000118403322
            ]
          ],
          [
            [
              14.480672478675842,
              35.8818527712439
            ],
            [
              14.481106996536255,
              35.88150940505379
            ],
            [
              14.481514692306519,
              35.88149636580205
            ],
            [
              14.481825828552246,
              35.8812964303398
            ]
          ],
          [
            [
              14.480817317962646,
              35.881978816686996
            ],
            [
              14.48023796081543,
              35.88275681687841
            ],
            [
              14.480447173118591,
              35.88290024624696
            ]
          ],
          [
            [
              14.482437372207642,
              35.882026626975005
            ],
            [
              14.481825828552246,
              35.8812964303398
            ],
            [
              14.481257200241089,
              35.88058361284553
            ]
          ],
          [
            [
              14.48171854019165,
              35.88039236803611
            ],
            [
              14.481257200241089,
              35.88058361284553
            ],
            [
              14.48073148727417,
              35.880831361116606
            ],
            [
              14.480270147323608,
              35.88110953369045
            ],
            [
              14.479819536209106,
              35.881405090979726
            ],
            [
              14.479637145996094,
              35.88148332654815
            ]
          ],
          [
            [
              14.480854868888855,
              35.88077485719316
            ],
            [
              14.481031894683838,
              35.881400744556984
            ],
            [
              14.481106996536255,
              35.88150940505379
            ]
          ],
          [
            [
              14.479637145996094,
              35.88121819458675
            ],
            [
              14.479658603668213,
              35.88122254101951
            ],
            [
              14.479819536209106,
              35.881405090979726
            ],
            [
              14.480195045471191,
              35.88158329410648
            ],
            [
              14.480672478675842,
              35.8818527712439
            ],
            [
              14.481031894683838,
              35.88216136490415
            ]
          ],
          [
            [
              14.481284022331238,
              35.87967519588837
            ],
            [
              14.481053352355957,
              35.87974474013849
            ],
            [
              14.480806589126587,
              35.879896867972846
            ],
            [
              14.47974979877472,
              35.88037932860048
            ],
            [
              14.479637145996094,
              35.88044017928175
            ]
          ],
          [
            [
              14.479637145996094,
              35.87810174091072
            ],
            [
              14.479814171791077,
              35.87823648551644
            ],
            [
              14.481090903282166,
              35.87914057242651
            ],
            [
              14.481155276298523,
              35.879292701421164
            ],
            [
              14.481090903282166,
              35.87939701827722
            ],
            [
              14.480699300765991,
              35.87944917665372
            ],
            [
              14.479883909225464,
              35.87914491897327
            ]
          ],
          [
            [
              14.484760165214539,
              35.87972735408171
            ],
            [
              14.486310482025146,
              35.8799490260202
            ]
          ],
          [
            [
              14.48595106601715,
              35.879896867972846
            ],
            [
              14.486010074615479,
              35.88024024115343
            ],
            [
              14.486063718795776,
              35.88038802155782
            ],
            [
              14.486058354377747,
              35.8808574398369
            ]
          ],
          [
            [
              14.488885402679443,
              35.87944048359334
            ],
            [
              14.489491581916809,
              35.8795839189674
            ],
            [
              14.489636421203613,
              35.87967084937071
            ]
          ],
          [
            [
              14.489926099777222,
              35.87869722340419
            ],
            [
              14.490087032318115,
              35.87906233454406
            ],
            [
              14.489046335220337,
              35.87939701827722
            ],
            [
              14.488885402679443,
              35.87944048359334
            ],
            [
              14.487764239311218,
              35.879457869713136
            ],
            [
              14.48747456073761,
              35.87947525582908
            ],
            [
              14.486852288246155,
              35.87964477025973
            ],
            [
              14.486648440361023,
              35.879657809816294
            ],
            [
              14.486401677131653,
              35.8796404237404
            ],
            [
              14.485446810722351,
              35.879431790532024
            ],
            [
              14.485065937042236,
              35.87937093907608
            ],
            [
              14.484856724739075,
              35.879357899472296
            ],
            [
              14.484116435050964,
              35.87934485986635
            ],
            [
              14.484009146690369,
              35.87935355293722
            ],
            [
              14.483617544174194,
              35.87935355293722
            ]
          ],
          [
            [
              14.4907146692276,
              35.87827560487517
            ],
            [
              14.490553736686707,
              35.87849293429409
            ],
            [
              14.489078521728516,
              35.87896671036057
            ],
            [
              14.489046335220337,
              35.87939701827722
            ]
          ],
          [
            [
              14.495022296905518,
              35.87931008757337
            ],
            [
              14.495102763175964,
              35.87944048359334
            ],
            [
              14.49645459651947,
              35.88059230578044
            ],
            [
              14.496797919273376,
              35.8807878965637
            ],
            [
              14.496653079986572,
              35.88125296604211
            ],
            [
              14.495360255241394,
              35.88120515528709
            ],
            [
              14.495016932487488,
              35.88122688745203
            ],
            [
              14.494292736053467,
              35.881066069290185
            ]
          ],
          [
            [
              14.496341943740845,
              35.87889281886699
            ],
            [
              14.49669063091278,
              35.878758075377704
            ],
            [
              14.49693739414215,
              35.87872764939678
            ],
            [
              14.49720561504364,
              35.87880154104447
            ],
            [
              14.497425556182861,
              35.878901511987436
            ],
            [
              14.4979727268219,
              35.87912318623708
            ],
            [
              14.498337507247925,
              35.87917534479388
            ],
            [
              14.498793482780457,
              35.87912318623708
            ],
            [
              14.499737620353699,
              35.87865375768021
            ],
            [
              14.499844908714294,
              35.878523360365165
            ],
            [
              14.499415755271912,
              35.87812782052973
            ]
          ],
          [
            [
              14.496363401412964,
              35.876267452836316
            ],
            [
              14.496084451675415,
              35.874650462249704
            ]
          ],
          [
            [
              14.495172500610352,
              35.874780865939854
            ],
            [
              14.495333433151245,
              35.87475478521901
            ],
            [
              14.496084451675415,
              35.874650462249704
            ],
            [
              14.496926665306091,
              35.874567873134936
            ]
          ],
          [
            [
              14.49695885181427,
              35.8747591320064
            ],
            [
              14.49744701385498,
              35.87469827696103
            ]
          ],
          [
            [
              14.497377276420593,
              35.87427663714837
            ],
            [
              14.497897624969482,
              35.87421143491514
            ],
            [
              14.498031735420227,
              35.87494604363924
            ],
            [
              14.497500658035278,
              35.875006898494306
            ]
          ],
          [
            [
              14.501738548278809,
              35.87227707758683
            ],
            [
              14.501652717590332,
              35.87174675114933
            ],
            [
              14.501582980155945,
              35.87144681085499
            ],
            [
              14.501497149467468,
              35.871429422977016
            ],
            [
              14.50096070766449,
              35.87175544505398
            ],
            [
              14.500864148139954,
              35.87174240419664
            ]
          ],
          [
            [
              14.50193166732788,
              35.873920197618304
            ],
            [
              14.501953125,
              35.873750670937625
            ],
            [
              14.501867294311523,
              35.87325078245969
            ]
          ],
          [
            [
              14.497425556182861,
              35.878901511987436
            ],
            [
              14.497838616371155,
              35.87830603102972
            ],
            [
              14.497876167297363,
              35.878219099128586
            ],
            [
              14.497827887535095,
              35.87768881246579
            ],
            [
              14.497618675231934,
              35.87623267919243
            ],
            [
              14.49721097946167,
              35.87621963907205
            ],
            [
              14.496363401412964,
              35.876267452836316
            ],
            [
              14.496154189109802,
              35.8763022264649
            ],
            [
              14.495869874954224,
              35.87633265337739
            ],
            [
              14.49570894241333,
              35.87629353305917
            ],
            [
              14.495655298233032,
              35.876254412721636
            ],
            [
              14.495607018470764,
              35.87618486540721
            ],
            [
              14.495333433151245,
              35.87475478521901
            ]
          ],
          [
            [
              14.499179720878601,
              35.882830704767386
            ],
            [
              14.499748349189758,
              35.88314798727177
            ]
          ],
          [
            [
              14.495338797569275,
              35.88232652721429
            ],
            [
              14.494796991348267,
              35.88236999092284
            ],
            [
              14.49470043182373,
              35.88239606913655
            ],
            [
              14.494796991348267,
              35.882956748654166
            ],
            [
              14.494678974151611,
              35.88299151934626
            ]
          ],
          [
            [
              14.493123292922974,
              35.88066619568866
            ],
            [
              14.493021368980408,
              35.880109846450026
            ]
          ],
          [
            [
              14.492597579956055,
              35.88015765786621
            ],
            [
              14.492758512496948,
              35.88107476217215
            ],
            [
              14.492801427841187,
              35.88112257300587
            ],
            [
              14.493568539619446,
              35.881018258422344
            ]
          ],
          [
            [
              14.49148178100586,
              35.88109649437287
            ],
            [
              14.490564465522766,
              35.881126919443886
            ],
            [
              14.490285515785217,
              35.88121384815378
            ],
            [
              14.49021577835083,
              35.88118776955082
            ],
            [
              14.490044116973877,
              35.8809313294978
            ],
            [
              14.490119218826294,
              35.88073139260925
            ],
            [
              14.490532279014587,
              35.88057057344136
            ],
            [
              14.491374492645264,
              35.880527108745355
            ]
          ],
          [
            [
              14.491390585899353,
              35.88173107200504
            ],
            [
              14.490762948989868,
              35.881652836681326
            ],
            [
              14.49045181274414,
              35.88143551593218
            ],
            [
              14.49070394039154,
              35.881270351764044
            ]
          ],
          [
            [
              14.491862654685974,
              35.88209616916062
            ],
            [
              14.492758512496948,
              35.88107476217215
            ]
          ],
          [
            [
              14.492490291595459,
              35.88138335886367
            ],
            [
              14.491996765136719,
              35.881409437402226
            ],
            [
              14.491916298866272,
              35.8808574398369
            ]
          ],
          [
            [
              14.492281079292297,
              35.88258296275009
            ],
            [
              14.492066502571106,
              35.88248299645353
            ],
            [
              14.49170708656311,
              35.882435186441
            ],
            [
              14.491680264472961,
              35.88244387917268
            ],
            [
              14.491658806800842,
              35.88246561099777
            ],
            [
              14.491664171218872,
              35.882517767353605
            ],
            [
              14.49170708656311,
              35.8825655773163
            ],
            [
              14.492093324661255,
              35.88286982185717
            ],
            [
              14.492281079292297,
              35.88258296275009
            ],
            [
              14.492431282997131,
              35.882322180842095
            ]
          ],
          [
            [
              14.49220061302185,
              35.88270900703117
            ],
            [
              14.492592215538025,
              35.88274377783202
            ],
            [
              14.492897987365723,
              35.882830704767386
            ],
            [
              14.493257403373718,
              35.88263946538366
            ]
          ],
          [
            [
              14.492629766464233,
              35.88402159417474
            ],
            [
              14.492897987365723,
              35.884147636166276
            ],
            [
              14.493359327316284,
              35.884338871908284
            ],
            [
              14.493080377578735,
              35.88476915063947
            ]
          ],
          [
            [
              14.495247602462769,
              35.88305671435279
            ],
            [
              14.495515823364258,
              35.88309583133095
            ],
            [
              14.496245384216309,
              35.88323056744116
            ]
          ],
          [
            [
              14.496384859085083,
              35.88391293712449
            ],
            [
              14.49645459651947,
              35.88364781329622
            ],
            [
              14.496658444404602,
              35.88346961481456
            ]
          ],
          [
            [
              14.49522614479065,
              35.88387816683691
            ],
            [
              14.495317339897156,
              35.88366085219377
            ],
            [
              14.495515823364258,
              35.88309583133095
            ]
          ],
          [
            [
              14.496062994003296,
              35.8859643570712
            ],
            [
              14.495118856430054,
              35.88556885439435
            ],
            [
              14.493826031684875,
              35.88507338671532
            ],
            [
              14.493080377578735,
              35.88476915063947
            ],
            [
              14.491669535636902,
              35.88423021529334
            ],
            [
              14.490832686424255,
              35.88389989826841
            ],
            [
              14.490537643432617,
              35.88379558734276
            ],
            [
              14.48848843574524,
              35.88299151934626
            ],
            [
              14.487318992614746,
              35.882561230957236
            ],
            [
              14.485795497894287,
              35.881957084728356
            ],
            [
              14.485693573951721,
              35.881957084728356
            ],
            [
              14.485629200935364,
              35.881987509468786
            ],
            [
              14.485607743263245,
              35.88202228058638
            ],
            [
              14.485650658607483,
              35.88208313000548
            ],
            [
              14.485924243927002,
              35.88234391270058
            ],
            [
              14.486423134803772,
              35.882795934004676
            ],
            [
              14.486525058746338,
              35.88298282667468
            ]
          ],
          [
            [
              14.495252966880798,
              35.885847010329215
            ],
            [
              14.495000839233398,
              35.88582093325181
            ]
          ],
          [
            [
              14.49470579624176,
              35.88646416532103
            ],
            [
              14.494855999946594,
              35.88611647295944
            ],
            [
              14.49546754360199,
              35.88621208851103
            ]
          ],
          [
            [
              14.494126439094543,
              35.886346819319655
            ],
            [
              14.49369192123413,
              35.886959624298655
            ],
            [
              14.49320912361145,
              35.887650654011665
            ],
            [
              14.493144750595093,
              35.88777234415423
            ],
            [
              14.493042826652527,
              35.88790707230828
            ],
            [
              14.492742419242859,
              35.888354715819105
            ]
          ],
          [
            [
              14.491690993309021,
              35.88596870324348
            ],
            [
              14.491626620292664,
              35.886199050033525
            ],
            [
              14.491503238677979,
              35.886390280821914
            ],
            [
              14.491921663284302,
              35.88650762675887
            ],
            [
              14.491819739341736,
              35.88676839488515
            ]
          ],
          [
            [
              14.492935538291931,
              35.88681620228181
            ],
            [
              14.493058919906616,
              35.886242511616885
            ]
          ],
          [
            [
              14.49296236038208,
              35.88666843387159
            ],
            [
              14.49270486831665,
              35.88662497252196
            ],
            [
              14.492822885513306,
              35.886199050033525
            ]
          ],
          [
            [
              14.493681192398071,
              35.88609474213614
            ],
            [
              14.49370801448822,
              35.88594697237964
            ]
          ],
          [
            [
              14.493311047554016,
              35.886646703199744
            ],
            [
              14.493353962898254,
              35.88626858855547
            ]
          ],
          [
            [
              14.491921663284302,
              35.88684227903147
            ],
            [
              14.49246883392334,
              35.886803163903764
            ],
            [
              14.492935538291931,
              35.88681620228181
            ],
            [
              14.493514895439148,
              35.886877048017666
            ],
            [
              14.49369192123413,
              35.886959624298655
            ]
          ],
          [
            [
              14.492077231407166,
              35.888137413460015
            ],
            [
              14.491819739341736,
              35.88853724933992
            ]
          ],
          [
            [
              14.491766095161438,
              35.888619823889684
            ],
            [
              14.49144423007965,
              35.88914569137039
            ],
            [
              14.489840269088745,
              35.8892413032644
            ]
          ],
          [
            [
              14.492415189743042,
              35.88883277891007
            ],
            [
              14.492243528366089,
              35.889106577380446
            ],
            [
              14.492136240005493,
              35.889328223067835
            ]
          ],
          [
            [
              14.494335651397705,
              35.889071809373206
            ],
            [
              14.49470579624176,
              35.889328223067835
            ]
          ],
          [
            [
              14.494577050209045,
              35.88881539484824
            ],
            [
              14.494142532348633,
              35.889263033224196
            ]
          ],
          [
            [
              14.49446439743042,
              35.88873716652277
            ],
            [
              14.494518041610718,
              35.888619823889684
            ],
            [
              14.494652152061462,
              35.888576363611065
            ]
          ],
          [
            [
              14.496095180511475,
              35.88778972844507
            ],
            [
              14.49670135974884,
              35.88786795770653
            ]
          ],
          [
            [
              14.495526552200317,
              35.88830690935127
            ],
            [
              14.495810866355896,
              35.88832429352473
            ],
            [
              14.495923519134521,
              35.88838079206215
            ]
          ],
          [
            [
              14.498831033706665,
              35.88696831653377
            ],
            [
              14.499861001968384,
              35.88640331926793
            ],
            [
              14.499549865722656,
              35.88602520346154
            ]
          ],
          [
            [
              14.49921727180481,
              35.886755356499236
            ],
            [
              14.498911499977112,
              35.88636855007377
            ]
          ],
          [
            [
              14.502296447753906,
              35.877062895771445
            ],
            [
              14.502119421958923,
              35.8772845751663
            ],
            [
              14.501615166664124,
              35.877867023953414
            ],
            [
              14.501765370368958,
              35.87796699607581
            ],
            [
              14.502296447753906,
              35.878193019539665
            ]
          ],
          [
            [
              14.50218915939331,
              35.87494604363924
            ],
            [
              14.502296447753906,
              35.874819987005054
            ]
          ],
          [
            [
              14.502173066139221,
              35.874354879757405
            ],
            [
              14.502296447753906,
              35.87431141165081
            ]
          ],
          [
            [
              14.502296447753906,
              35.87443312228915
            ],
            [
              14.502173066139221,
              35.874354879757405
            ],
            [
              14.501631259918213,
              35.87404625568418
            ]
          ],
          [
            [
              14.502296447753906,
              35.87372893672156
            ],
            [
              14.501953125,
              35.873750670937625
            ],
            [
              14.500869512557983,
              35.87366808088487
            ]
          ],
          [
            [
              14.502296447753906,
              35.87375936462239
            ],
            [
              14.50193166732788,
              35.873920197618304
            ],
            [
              14.501727819442749,
              35.87398105326136
            ],
            [
              14.501631259918213,
              35.87404625568418
            ],
            [
              14.501282572746277,
              35.87444616270362
            ],
            [
              14.501132369041443,
              35.874350532947815
            ],
            [
              14.500869512557983,
              35.87366808088487
            ],
            [
              14.50072467327118,
              35.87340292276512
            ],
            [
              14.50044572353363,
              35.87295519474537
            ]
          ],
          [
            [
              14.502296447753906,
              35.87165111813529
            ],
            [
              14.501652717590332,
              35.87174675114933
            ],
            [
              14.501030445098877,
              35.8719293229465
            ],
            [
              14.500767588615417,
              35.872042343372016
            ],
            [
              14.500654935836792,
              35.87191193517441
            ]
          ],
          [
            [
              14.494829177856445,
              35.87096864282044
            ],
            [
              14.49394941329956,
              35.871868465727516
            ],
            [
              14.49271559715271,
              35.87308560122587
            ]
          ],
          [
            [
              14.494802355766296,
              35.87099037779372
            ],
            [
              14.495145678520203,
              35.87123380908693
            ],
            [
              14.495188593864441,
              35.871290319815884
            ],
            [
              14.49522614479065,
              35.871468545697084
            ],
            [
              14.495381712913513,
              35.871916282117795
            ]
          ]
        ]
      },
      "properties": {
        "surface": "paved",
        "class": "minor",
        "source_layer": "transportation",
        "source_tile": "https://tiles.openfreemap.org/planet/20261004_113936_pt/14/8851/6440.pbf"
      }
    },
    {
      "type": "Feature",
      "id": "transportation:1418187610-0",
      "geometry": {
        "type": "MultiLineString",
        "coordinates": [
          [
            [
              14.48445439338684,
              35.88025762709768
            ],
            [
              14.484593868255615,
              35.880192429787115
            ],
            [
              14.484824538230896,
              35.88048799049854
            ],
            [
              14.48499083518982,
              35.88064446336986
            ],
            [
              14.48545753955841,
              35.88043583280607
            ],
            [
              14.485157132148743,
              35.87993598651158
            ],
            [
              14.48498547077179,
              35.87991860049675
            ],
            [
              14.484599232673645,
              35.8800837674836
            ],
            [
              14.484593868255615,
              35.880192429787115
            ]
          ],
          [
            [
              14.492018222808838,
              35.880075074492865
            ],
            [
              14.49198067188263,
              35.87916230515792
            ]
          ],
          [
            [
              14.502296447753906,
              35.88582093325181
            ],
            [
              14.50219988822937,
              35.88575139433679
            ],
            [
              14.501979947090149,
              35.88565143203948
            ],
            [
              14.501878023147583,
              35.885647085849754
            ],
            [
              14.501743912696838,
              35.88566447060714
            ]
          ]
        ]
      },
      "properties": {
        "surface": "paved",
        "class": "service",
        "service": "driveway",
        "source_layer": "transportation",
        "source_tile": "https://tiles.openfreemap.org/planet/20261004_113936_pt/14/8851/6440.pbf"
      }
    },
    {
      "type": "Feature",
      "id": "transportation:1516642410-0",
      "geometry": {
        "type": "MultiLineString",
        "coordinates": [
          [
            [
              14.481267929077148,
              35.88885885499566
            ],
            [
              14.480822682380676,
              35.88898923529479
            ],
            [
              14.481026530265808,
              35.889328223067835
            ]
          ],
          [
            [
              14.490564465522766,
              35.88590785680974
            ],
            [
              14.490569829940796,
              35.88594697237964
            ],
            [
              14.490553736686707,
              35.885981741758926
            ],
            [
              14.490151405334473,
              35.886172973072064
            ]
          ],
          [
            [
              14.490113854408264,
              35.88202228058638
            ],
            [
              14.49022650718689,
              35.882052705301774
            ],
            [
              14.490323066711426,
              35.88217005766592
            ],
            [
              14.490070939064026,
              35.882322180842095
            ]
          ],
          [
            [
              14.481026530265808,
              35.87847989454576
            ],
            [
              14.480881690979004,
              35.87860159877995
            ],
            [
              14.480645656585693,
              35.87882762043304
            ]
          ],
          [
            [
              14.482158422470093,
              35.88012288593002
            ],
            [
              14.482201337814331,
              35.88025762709768
            ]
          ],
          [
            [
              14.480404257774353,
              35.87560675099286
            ],
            [
              14.480441808700562,
              35.875654565127036
            ]
          ],
          [
            [
              14.494614601135254,
              35.8763891604696
            ],
            [
              14.494619965553284,
              35.876415240652406
            ],
            [
              14.494823813438416,
              35.87638481377162
            ],
            [
              14.494888186454773,
              35.87642393404478
            ],
            [
              14.494877457618713,
              35.87654998812681
            ],
            [
              14.494845271110535,
              35.87670212209663
            ],
            [
              14.494775533676147,
              35.87691510916355
            ]
          ],
          [
            [
              14.494823813438416,
              35.87333337294747
            ],
            [
              14.495006203651428,
              35.87335945413625
            ]
          ],
          [
            [
              14.495639204978943,
              35.87317253876027
            ],
            [
              14.495612382888794,
              35.87310298874037
            ]
          ],
          [
            [
              14.495816230773926,
              35.873672427731876
            ],
            [
              14.496653079986572,
              35.87346377880549
            ],
            [
              14.49672818183899,
              35.87346377880549
            ]
          ],
          [
            [
              14.49445366859436,
              35.87396366593953
            ],
            [
              14.494518041610718,
              35.8739245444515
            ],
            [
              14.494544863700867,
              35.873889769779254
            ],
            [
              14.494571685791016,
              35.87379413935187
            ],
            [
              14.494528770446777,
              35.873720243033475
            ]
          ],
          [
            [
              14.497157335281372,
              35.87333771981285
            ],
            [
              14.49720025062561,
              35.873307291750095
            ],
            [
              14.497312903404236,
              35.87326816993796
            ],
            [
              14.498385787010193,
              35.87298996982781
            ],
            [
              14.498562812805176,
              35.873003010479806
            ],
            [
              14.498831033706665,
              35.87313776375797
            ]
          ],
          [
            [
              14.499914646148682,
              35.87255528020013
            ],
            [
              14.49994146823883,
              35.872620483796325
            ]
          ],
          [
            [
              14.50096070766449,
              35.87175544505398
            ],
            [
              14.50068712234497,
              35.87194236377307
            ],
            [
              14.500316977500916,
              35.87227707758683
            ],
            [
              14.500166773796082,
              35.87239444443344
            ],
            [
              14.500290155410767,
              35.87244660742056
            ],
            [
              14.500268697738647,
              35.872498770373355
            ],
            [
              14.500166773796082,
              35.872494423461944
            ],
            [
              14.500097036361694,
              35.87250746419549
            ],
            [
              14.499624967575073,
              35.872633524509126
            ]
          ],
          [
            [
              14.501582980155945,
              35.87144681085499
            ],
            [
              14.501599073410034,
              35.87138160629293
            ],
            [
              14.501760005950928,
              35.87135987142699
            ],
            [
              14.502296447753906,
              35.87135117747893
            ]
          ],
          [
            [
              14.491894841194153,
              35.88335661069161
            ],
            [
              14.492061138153076,
              35.88323056744116
            ],
            [
              14.492120146751404,
              35.88326968433347
            ],
            [
              14.49221134185791,
              35.883191450529566
            ],
            [
              14.492329359054565,
              35.883295762250924
            ],
            [
              14.492409825325012,
              35.88322622111862
            ],
            [
              14.492082595825195,
              35.88291328526759
            ],
            [
              14.492093324661255,
              35.88286982185717
            ]
          ],
          [
            [
              14.494630694389343,
              35.88264381173842
            ],
            [
              14.494539499282837,
              35.88275681687841
            ],
            [
              14.494603872299194,
              35.882826358422875
            ],
            [
              14.494614601135254,
              35.88291328526759
            ],
            [
              14.494544863700867,
              35.88300890468659
            ],
            [
              14.494437575340271,
              35.88303063635664
            ],
            [
              14.49422836303711,
              35.88296544132862
            ],
            [
              14.49420690536499,
              35.88299151934626
            ]
          ],
          [
            [
              14.49695885181427,
              35.88698135488461
            ],
            [
              14.49694812297821,
              35.88704220049355
            ],
            [
              14.496894478797913,
              35.88714650714297
            ],
            [
              14.496846199035645,
              35.88721604483294
            ],
            [
              14.496781826019287,
              35.887159545464485
            ],
            [
              14.496755003929138,
              35.88717692988985
            ]
          ]
        ]
      },
      "properties": {
        "bicycle": "yes",
        "subclass": "footway",
        "class": "path",
        "source_layer": "transportation",
        "source_tile": "https://tiles.openfreemap.org/planet/20261004_113936_pt/14/8851/6440.pbf"
      }
    },
    {
      "type": "Feature",
      "id": "transportation:1931739910-0",
      "geometry": {
        "type": "MultiLineString",
        "coordinates": [
          [
            [
              14.490135312080383,
              35.884686572074344
            ],
            [
              14.490398168563843,
              35.88464310963707
            ]
          ],
          [
            [
              14.481300115585327,
              35.8778322510117
            ],
            [
              14.481369853019714,
              35.877880063802635
            ]
          ],
          [
            [
              14.488295316696167,
              35.87512426129706
            ],
            [
              14.488601088523865,
              35.87513295483109
            ]
          ],
          [
            [
              14.500912427902222,
              35.88852855727703
            ],
            [
              14.501169919967651,
              35.888658938120045
            ],
            [
              14.501277208328247,
              35.8885329033086
            ]
          ]
        ]
      },
      "properties": {
        "class": "service",
        "service": "parking_aisle",
        "source_layer": "transportation",
        "source_tile": "https://tiles.openfreemap.org/planet/20261004_113936_pt/14/8851/6440.pbf"
      }
    },
    {
      "type": "Feature",
      "id": "transportation:2231630670-0",
      "geometry": {
        "type": "MultiLineString",
        "coordinates": [
          [
            [
              14.481917023658752,
              35.879336166794545
            ],
            [
              14.481686353683472,
              35.87926662218568
            ]
          ],
          [
            [
              14.482002854347229,
              35.879323127185046
            ],
            [
              14.482018947601318,
              35.879349206401926
            ],
            [
              14.482013583183289,
              35.879379632144065
            ],
            [
              14.48197066783905,
              35.87940136480991
            ],
            [
              14.481938481330872,
              35.879392671744284
            ],
            [
              14.481911659240723,
              35.87936224600713
            ],
            [
              14.481927752494812,
              35.87932747372179
            ],
            [
              14.481954574584961,
              35.879314434110825
            ],
            [
              14.482002854347229,
              35.879323127185046
            ],
            [
              14.482158422470093,
              35.879192730971866
            ],
            [
              14.48221743106842,
              35.879170998248796
            ]
          ],
          [
            [
              14.481874108314514,
              35.87959261201202
            ],
            [
              14.481954574584961,
              35.87940136480991
            ]
          ],
          [
            [
              14.482083320617676,
              35.87673254885553
            ],
            [
              14.480452537536621,
              35.87569803249666
            ],
            [
              14.480398893356323,
              35.875689339024646
            ],
            [
              14.479637145996094,
              35.87565891186506
            ]
          ],
          [
            [
              14.491031169891357,
              35.88249603554286
            ],
            [
              14.491095542907715,
              35.88251342099193
            ],
            [
              14.491079449653625,
              35.882600348180105
            ],
            [
              14.491133093833923,
              35.882526460076235
            ],
            [
              14.491122364997864,
              35.88260469453701
            ],
            [
              14.491267204284668,
              35.88264381173842
            ]
          ],
          [
            [
              14.49896514415741,
              35.88898923529479
            ],
            [
              14.499480128288269,
              35.8892586872327
            ],
            [
              14.499630331993103,
              35.889328223067835
            ]
          ],
          [
            [
              14.501051902770996,
              35.88536023680204
            ],
            [
              14.501148462295532,
              35.88543412226217
            ],
            [
              14.50121819972992,
              35.88542977606053
            ],
            [
              14.501422047615051,
              35.885273312643065
            ]
          ],
          [
            [
              14.499624967575073,
              35.888763242639854
            ],
            [
              14.49971616268158,
              35.888889277084644
            ],
            [
              14.49995219707489,
              35.88915872936272
            ],
            [
              14.50020432472229,
              35.88930649312593
            ],
            [
              14.500252604484558,
              35.889328223067835
            ]
          ],
          [
            [
              14.499346017837524,
              35.88888493107265
            ],
            [
              14.499356746673584,
              35.8889718512673
            ],
            [
              14.499372839927673,
              35.88902834934267
            ],
            [
              14.499410390853882,
              35.889067463371234
            ],
            [
              14.499480128288269,
              35.8891152693799
            ],
            [
              14.499544501304626,
              35.88914134537245
            ],
            [
              14.499480128288269,
              35.8892586872327
            ]
          ],
          [
            [
              14.502296447753906,
              35.88665974160355
            ],
            [
              14.501325488090515,
              35.88606866514033
            ],
            [
              14.501067996025085,
              35.88593828003245
            ],
            [
              14.50071394443512,
              35.885794856165845
            ],
            [
              14.500821232795715,
              35.88567316298442
            ]
          ],
          [
            [
              14.500027298927307,
              35.87103384772237
            ],
            [
              14.500032663345337,
              35.87096864282044
            ]
          ]
        ]
      },
      "properties": {
        "subclass": "footway",
        "surface": "paved",
        "class": "path",
        "source_layer": "transportation",
        "source_tile": "https://tiles.openfreemap.org/planet/20261004_113936_pt/14/8851/6440.pbf"
      }
    },
    {
      "type": "Feature",
      "id": "transportation:2887978240-0",
      "geometry": {
        "type": "MultiLineString",
        "coordinates": [
          [
            [
              14.485436081886292,
              35.88496473110811
            ],
            [
              14.485318064689636,
              35.88499950091864
            ]
          ],
          [
            [
              14.479637145996094,
              35.88419544514507
            ],
            [
              14.479932188987732,
              35.88383905024516
            ]
          ],
          [
            [
              14.480039477348328,
              35.88369127627972
            ],
            [
              14.480087757110596,
              35.88362173549467
            ]
          ],
          [
            [
              14.479696154594421,
              35.877771398326985
            ],
            [
              14.479637145996094,
              35.8778322510117
            ]
          ],
          [
            [
              14.479637145996094,
              35.87777574494886
            ],
            [
              14.479674696922302,
              35.877797478054745
            ]
          ],
          [
            [
              14.488847851753235,
              35.8752242368808
            ],
            [
              14.488890767097473,
              35.87524597068665
            ],
            [
              14.489024877548218,
              35.87528943828046
            ],
            [
              14.489169716835022,
              35.87528943828046
            ],
            [
              14.489277005195618,
              35.875311172068436
            ],
            [
              14.489845633506775,
              35.875537203109886
            ],
            [
              14.48972761631012,
              35.87572845964122
            ],
            [
              14.48972761631012,
              35.87575454004153
            ],
            [
              14.489749073982239,
              35.87578496716439
            ],
            [
              14.489791989326477,
              35.87581104754612
            ],
            [
              14.489824175834656,
              35.87585016810257
            ],
            [
              14.489829540252686,
              35.875880595188704
            ]
          ],
          [
            [
              14.495360255241394,
              35.87688468247477
            ],
            [
              14.495408535003662,
              35.87686729579022
            ]
          ],
          [
            [
              14.493026733398438,
              35.87487649517621
            ],
            [
              14.493010640144348,
              35.87482433378885
            ],
            [
              14.493155479431152,
              35.87480694665213
            ]
          ],
          [
            [
              14.493155479431152,
              35.87485476126898
            ],
            [
              14.492865800857544,
              35.87490257585698
            ],
            [
              14.492817521095276,
              35.87493300330706
            ],
            [
              14.492801427841187,
              35.874972124297116
            ],
            [
              14.492801427841187,
              35.87505905976144
            ],
            [
              14.492855072021484,
              35.875276398004814
            ]
          ],
          [
            [
              14.492865800857544,
              35.87490257585698
            ],
            [
              14.492849707603455,
              35.874867801614045
            ],
            [
              14.492865800857544,
              35.87475043843136
            ],
            [
              14.492796063423157,
              35.8747591320064
            ]
          ],
          [
            [
              14.494823813438416,
              35.87333337294747
            ],
            [
              14.494845271110535,
              35.87317688563451
            ]
          ],
          [
            [
              14.495365619659424,
              35.87186411878153
            ],
            [
              14.495263695716858,
              35.8719293229465
            ],
            [
              14.495075941085815,
              35.87262483070083
            ],
            [
              14.495006203651428,
              35.872620483796325
            ]
          ],
          [
            [
              14.49520468711853,
              35.87426794352038
            ],
            [
              14.4951993227005,
              35.87421143491514
            ],
            [
              14.49521005153656,
              35.87414623262828
            ],
            [
              14.495252966880798,
              35.87403756203089
            ],
            [
              14.495333433151245,
              35.8739245444515
            ],
            [
              14.495489001274109,
              35.873802833031846
            ],
            [
              14.49571430683136,
              35.873702855654415
            ],
            [
              14.495816230773926,
              35.873672427731876
            ]
          ],
          [
            [
              14.496556520462036,
              35.88160937257919
            ],
            [
              14.49647068977356,
              35.88163545104335
            ]
          ],
          [
            [
              14.496674537658691,
              35.881261658903554
            ],
            [
              14.496653079986572,
              35.88125296604211
            ]
          ],
          [
            [
              14.491932392120361,
              35.88096610107905
            ],
            [
              14.492168426513672,
              35.8809313294978
            ],
            [
              14.492184519767761,
              35.8810312977528
            ],
            [
              14.492281079292297,
              35.88102260486606
            ],
            [
              14.492297172546387,
              35.88110518725149
            ],
            [
              14.49246883392334,
              35.881083455053144
            ],
            [
              14.492415189743042,
              35.88078355010708
            ]
          ],
          [
            [
              14.491267204284668,
              35.88264381173842
            ],
            [
              14.49146568775177,
              35.88281331938792
            ],
            [
              14.491363763809204,
              35.882926324286075
            ]
          ],
          [
            [
              14.492817521095276,
              35.88387816683691
            ],
            [
              14.492629766464233,
              35.88402159417474
            ],
            [
              14.492270350456238,
              35.88371735405835
            ],
            [
              14.492281079292297,
              35.88368258368493
            ],
            [
              14.492270350456238,
              35.88366085219377
            ],
            [
              14.492248892784119,
              35.883652159595655
            ],
            [
              14.49221134185791,
              35.883656505894834
            ],
            [
              14.492189884185791,
              35.88367823738716
            ],
            [
              14.49219524860382,
              35.88370866146643
            ],
            [
              14.49222207069397,
              35.88372604664933
            ],
            [
              14.492270350456238,
              35.88371735405835
            ]
          ],
          [
            [
              14.493557810783386,
              35.88362173549467
            ],
            [
              14.493868947029114,
              35.88375647071021
            ],
            [
              14.493820667266846,
              35.88383470395598
            ],
            [
              14.493863582611084,
              35.88386512797514
            ],
            [
              14.494072794914246,
              35.883943361113595
            ],
            [
              14.494104981422424,
              35.883965092527205
            ],
            [
              14.494271278381348,
              35.88375647071021
            ],
            [
              14.494421482086182,
              35.883986823934876
            ],
            [
              14.494791626930237,
              35.88413459734885
            ],
            [
              14.495081305503845,
              35.884295409280185
            ],
            [
              14.495349526405334,
              35.88447360590379
            ],
            [
              14.4949471950531,
              35.88399986277659
            ],
            [
              14.494786262512207,
              35.88374777812258
            ],
            [
              14.494603872299194,
              35.88382601137694
            ],
            [
              14.49444830417633,
              35.88363477439651
            ],
            [
              14.494330286979675,
              35.88340007383489
            ],
            [
              14.49422836303711,
              35.88338268858044
            ],
            [
              14.494104981422424,
              35.883578272473045
            ],
            [
              14.494029879570007,
              35.88354784834368
            ],
            [
              14.493868947029114,
              35.88375647071021
            ]
          ],
          [
            [
              14.49396550655365,
              35.88434756443105
            ],
            [
              14.494110345840454,
              35.88439537328914
            ],
            [
              14.49419617652893,
              35.88437798825318
            ],
            [
              14.494351744651794,
              35.884417104578745
            ]
          ],
          [
            [
              14.493879675865173,
              35.88469091831678
            ],
            [
              14.493863582611084,
              35.884721342007
            ]
          ],
          [
            [
              14.49147641658783,
              35.88675970262811
            ],
            [
              14.491648077964783,
              35.886790125523575
            ],
            [
              14.4917231798172,
              35.886733625851264
            ],
            [
              14.491739273071289,
              35.88668581840473
            ],
            [
              14.491809010505676,
              35.88661628024917
            ],
            [
              14.491782188415527,
              35.88656412659245
            ],
            [
              14.491750001907349,
              35.886525011327336
            ],
            [
              14.491664171218872,
              35.88650328061617
            ],
            [
              14.491605162620544,
              35.88647720375488
            ],
            [
              14.491567611694336,
              35.88647720375488
            ],
            [
              14.491546154022217,
              35.886511972901346
            ],
            [
              14.491631984710693,
              35.886533703610155
            ],
            [
              14.491674900054932,
              35.886572818870945
            ],
            [
              14.491648077964783,
              35.8865902034251
            ],
            [
              14.491556882858276,
              35.88654674203255
            ],
            [
              14.49144959449768,
              35.88653804975118
            ]
          ],
          [
            [
              14.496835470199585,
              35.88684227903147
            ],
            [
              14.496862292289734,
              35.88696397041632
            ],
            [
              14.496814012527466,
              35.88699439323332
            ]
          ],
          [
            [
              14.496567249298096,
              35.88633378086432
            ],
            [
              14.496535062789917,
              35.88640331926793
            ],
            [
              14.496594071388245,
              35.88650762675887
            ]
          ],
          [
            [
              14.497280716896057,
              35.88680751003004
            ],
            [
              14.49722170829773,
              35.886868355772535
            ]
          ],
          [
            [
              14.501051902770996,
              35.88536023680204
            ],
            [
              14.50094997882843,
              35.88528200506326
            ]
          ]
        ]
      },
      "properties": {
        "subclass": "footway",
        "class": "path",
        "source_layer": "transportation",
        "source_tile": "https://tiles.openfreemap.org/planet/20261004_113936_pt/14/8851/6440.pbf"
      }
    },
    {
      "type": "Feature",
      "id": "transportation:3269288600-0",
      "geometry": {
        "type": "MultiLineString",
        "coordinates": [
          [
            [
              14.491846561431885,
              35.885607970131716
            ],
            [
              14.492012858390808,
              35.884790881826504
            ]
          ],
          [
            [
              14.491910934448242,
              35.88601216495327
            ],
            [
              14.49219524860382,
              35.884790881826504
            ]
          ]
        ]
      },
      "properties": {
        "subclass": "pedestrian",
        "bicycle": "yes",
        "surface": "paved",
        "class": "path",
        "source_layer": "transportation",
        "source_tile": "https://tiles.openfreemap.org/planet/20261004_113936_pt/14/8851/6440.pbf"
      }
    },
    {
      "type": "Feature",
      "id": "transportation:3442746520-0",
      "geometry": {
        "type": "MultiLineString",
        "coordinates": [
          [
            [
              14.481128454208374,
              35.88755069411178
            ],
            [
              14.480849504470825,
              35.88753330976847
            ]
          ],
          [
            [
              14.485806226730347,
              35.88821998842671
            ],
            [
              14.485913515090942,
              35.88821998842671
            ]
          ],
          [
            [
              14.489802718162537,
              35.881744111218154
            ],
            [
              14.48970079421997,
              35.881661529498885
            ],
            [
              14.489566683769226,
              35.88161806540154
            ]
          ],
          [
            [
              14.489641785621643,
              35.881518097887096
            ],
            [
              14.489620327949524,
              35.88150940505379
            ]
          ],
          [
            [
              14.490564465522766,
              35.881126919443886
            ],
            [
              14.490596652030945,
              35.88118342311617
            ],
            [
              14.49070394039154,
              35.881270351764044
            ]
          ],
          [
            [
              14.48349416255951,
              35.8842345615608
            ],
            [
              14.483188390731812,
              35.884721342007
            ],
            [
              14.483016729354858,
              35.88502557826649
            ],
            [
              14.482694864273071,
              35.88550800765336
            ],
            [
              14.481659531593323,
              35.88715085325039
            ]
          ],
          [
            [
              14.481659531593323,
              35.882569923675106
            ],
            [
              14.481192827224731,
              35.88220917508197
            ]
          ],
          [
            [
              14.480195045471191,
              35.88158329410648
            ],
            [
              14.479889273643494,
              35.88187884962788
            ]
          ],
          [
            [
              14.480586647987366,
              35.880053342011905
            ],
            [
              14.480350613594055,
              35.88017504382856
            ]
          ],
          [
            [
              14.496685266494751,
              35.87336814786393
            ],
            [
              14.49672818183899,
              35.87346377880549
            ]
          ],
          [
            [
              14.497114419937134,
              35.87325078245969
            ],
            [
              14.497157335281372,
              35.87333771981285
            ]
          ],
          [
            [
              14.491546154022217,
              35.883508731588776
            ],
            [
              14.49170172214508,
              35.883578272473045
            ],
            [
              14.491637349128723,
              35.88368692998243
            ],
            [
              14.49146032333374,
              35.883630428096154
            ],
            [
              14.491546154022217,
              35.883508731588776
            ],
            [
              14.491685628890991,
              35.88326968433347
            ]
          ],
          [
            [
              14.502296447753906,
              35.8710990525706
            ],
            [
              14.502285718917847,
              35.87110339955858
            ],
            [
              14.502296447753906,
              35.87112078750809
            ]
          ]
        ]
      },
      "properties": {
        "class": "minor",
        "source_layer": "transportation",
        "source_tile": "https://tiles.openfreemap.org/planet/20261004_113936_pt/14/8851/6440.pbf"
      }
    },
    {
      "type": "Feature",
      "id": "transportation:3645161170-0",
      "geometry": {
        "type": "MultiLineString",
        "coordinates": [
          [
            [
              14.479808807373047,
              35.885112502697424
            ],
            [
              14.479808807373047,
              35.88502557826649
            ]
          ],
          [
            [
              14.496674537658691,
              35.881261658903554
            ],
            [
              14.496556520462036,
              35.88160937257919
            ]
          ],
          [
            [
              14.49397087097168,
              35.884508375929926
            ],
            [
              14.493879675865173,
              35.88469091831678
            ]
          ],
          [
            [
              14.496594071388245,
              35.88650762675887
            ],
            [
              14.496835470199585,
              35.88684227903147
            ]
          ],
          [
            [
              14.501422047615051,
              35.885273312643065
            ],
            [
              14.501352310180664,
              35.885212465675
            ]
          ],
          [
            [
              14.499759078025818,
              35.88803310811582
            ],
            [
              14.49971616268158,
              35.88793314869872
            ]
          ],
          [
            [
              14.4996839761734,
              35.88818522003017
            ],
            [
              14.499759078025818,
              35.88807656869257
            ]
          ]
        ]
      },
      "properties": {
        "subclass": "steps",
        "class": "path",
        "source_layer": "transportation",
        "source_tile": "https://tiles.openfreemap.org/planet/20261004_113936_pt/14/8851/6440.pbf"
      }
    },
    {
      "type": "Feature",
      "id": "transportation:3645172390-0",
      "geometry": {
        "type": "MultiLineString",
        "coordinates": [
          [
            [
              14.483917951583862,
              35.87921011714603
            ],
            [
              14.48397696018219,
              35.878605945356284
            ]
          ],
          [
            [
              14.484175443649292,
              35.87861898508385
            ],
            [
              14.484094977378845,
              35.87922315677413
            ]
          ],
          [
            [
              14.48346197605133,
              35.878410349185145
            ],
            [
              14.483622908592224,
              35.87823213891984
            ]
          ],
          [
            [
              14.483301043510437,
              35.87856682616069
            ],
            [
              14.483526349067688,
              35.87870591654614
            ]
          ],
          [
            [
              14.483408331871033,
              35.87845816162712
            ],
            [
              14.483596086502075,
              35.87857117273893
            ]
          ],
          [
            [
              14.483333230018616,
              35.878327763990086
            ],
            [
              14.483542442321777,
              35.87810174091072
            ]
          ],
          [
            [
              14.483183026313782,
              35.87822779232299
            ],
            [
              14.483451247215271,
              35.877958302852804
            ]
          ],
          [
            [
              14.483038187026978,
              35.87813651373415
            ],
            [
              14.483327865600586,
              35.877853984102074
            ]
          ],
          [
            [
              14.498986601829529,
              35.87198148623985
            ],
            [
              14.499823451042175,
              35.87213362898265
            ]
          ],
          [
            [
              14.50044572353363,
              35.87295519474537
            ],
            [
              14.499533772468567,
              35.872920419647656
            ],
            [
              14.49946403503418,
              35.87276393151906
            ],
            [
              14.499646425247192,
              35.87270742184111
            ],
            [
              14.499732255935669,
              35.872924766535704
            ]
          ],
          [
            [
              14.500080943107605,
              35.87293780719841
            ],
            [
              14.49994146823883,
              35.872620483796325
            ]
          ],
          [
            [
              14.499898552894592,
              35.872929113423524
            ],
            [
              14.499785900115967,
              35.87265525902566
            ]
          ],
          [
            [
              14.499431848526001,
              35.872342281411946
            ],
            [
              14.49919581413269,
              35.872303159123305
            ],
            [
              14.498831033706665,
              35.87223360834025
            ]
          ],
          [
            [
              14.499641060829163,
              35.87224230219147
            ],
            [
              14.498879313468933,
              35.87210754739033
            ]
          ],
          [
            [
              14.499303102493286,
              35.87190324128696
            ],
            [
              14.49919581413269,
              35.872303159123305
            ]
          ],
          [
            [
              14.500300884246826,
              35.87166850596461
            ],
            [
              14.500129222869873,
              35.871659812050424
            ]
          ],
          [
            [
              14.497838616371155,
              35.87830603102972
            ],
            [
              14.497516751289368,
              35.87817997974196
            ],
            [
              14.497827887535095,
              35.87768881246579
            ]
          ],
          [
            [
              14.501668810844421,
              35.885486276663116
            ],
            [
              14.501416683197021,
              35.88569054773606
            ]
          ],
          [
            [
              14.501641988754272,
              35.88579920234743
            ],
            [
              14.501743912696838,
              35.88566447060714
            ]
          ],
          [
            [
              14.500987529754639,
              35.88763326969031
            ],
            [
              14.500848054885864,
              35.887350773933434
            ],
            [
              14.50094997882843,
              35.88726819806031
            ],
            [
              14.501030445098877,
              35.887302966859494
            ],
            [
              14.501153826713562,
              35.88756373236673
            ]
          ],
          [
            [
              14.499614238739014,
              35.888406868296556
            ],
            [
              14.499421119689941,
              35.8882982172631
            ],
            [
              14.499179720878601,
              35.888098298972025
            ],
            [
              14.499104619026184,
              35.888072222636
            ],
            [
              14.498573541641235,
              35.887650654011665
            ],
            [
              14.498573541641235,
              35.88760719320112
            ],
            [
              14.498605728149414,
              35.88758980887023
            ],
            [
              14.498654007911682,
              35.88760284711874
            ],
            [
              14.499099254608154,
              35.88796357114337
            ],
            [
              14.499152898788452,
              35.88801137781847
            ],
            [
              14.499179720878601,
              35.888098298972025
            ],
            [
              14.49920654296875,
              35.88820695027981
            ],
            [
              14.499233365058899,
              35.88823737261926
            ],
            [
              14.499576687812805,
              35.888454674704064
            ],
            [
              14.499657154083252,
              35.88847640487974
            ]
          ],
          [
            [
              14.50218915939331,
              35.88889796910793
            ],
            [
              14.501625895500183,
              35.88856767155248
            ]
          ],
          [
            [
              14.502296447753906,
              35.888793664765586
            ],
            [
              14.501733183860779,
              35.888441636595786
            ]
          ],
          [
            [
              14.502017498016357,
              35.88685097127946
            ],
            [
              14.501652717590332,
              35.88715085325039
            ],
            [
              14.501529335975647,
              35.886877048017666
            ],
            [
              14.5014488697052,
              35.88679447165056
            ],
            [
              14.501352310180664,
              35.88673797198133
            ],
            [
              14.50119137763977,
              35.8867162413286
            ],
            [
              14.501019716262817,
              35.886777087141226
            ],
            [
              14.500821232795715,
              35.88689443250502
            ],
            [
              14.500145316123962,
              35.88737685050705
            ]
          ],
          [
            [
              14.502296447753906,
              35.88719431431137
            ],
            [
              14.502081871032715,
              35.88734208174034
            ],
            [
              14.502296447753906,
              35.88755069411178
            ]
          ],
          [
            [
              14.500365257263184,
              35.871116440521064
            ],
            [
              14.500300884246826,
              35.87166850596461
            ],
            [
              14.500284790992737,
              35.87184238404792
            ],
            [
              14.500150680541992,
              35.87188585350913
            ],
            [
              14.500080943107605,
              35.87188585350913
            ]
          ],
          [
            [
              14.492012858390808,
              35.87096864282044
            ],
            [
              14.491862654685974,
              35.87102515373854
            ],
            [
              14.491803646087646,
              35.87105992966809
            ],
            [
              14.491809010505676,
              35.871116440521064
            ],
            [
              14.491841197013855,
              35.87116860434958
            ],
            [
              14.492313265800476,
              35.870994724787664
            ],
            [
              14.492420554161072,
              35.87096864282044
            ]
          ]
        ]
      },
      "properties": {
        "surface": "paved",
        "class": "service",
        "service": "parking_aisle",
        "source_layer": "transportation",
        "source_tile": "https://tiles.openfreemap.org/planet/20261004_113936_pt/14/8851/6440.pbf"
      }
    },
    {
      "type": "Feature",
      "id": "transportation:4460354860-0",
      "geometry": {
        "type": "MultiLineString",
        "coordinates": [
          [
            [
              14.480452537536621,
              35.88924999524903
            ],
            [
              14.480313062667847,
              35.889176113349166
            ],
            [
              14.480162858963013,
              35.88915872936272
            ],
            [
              14.479942917823792,
              35.88922391929225
            ]
          ],
          [
            [
              14.485259056091309,
              35.88230479535103
            ],
            [
              14.485167860984802,
              35.88232652721429
            ],
            [
              14.485146403312683,
              35.882552538238414
            ],
            [
              14.484786987304688,
              35.88249603554286
            ],
            [
              14.484674334526062,
              35.88245257190343
            ]
          ],
          [
            [
              14.484068155288696,
              35.88335226437596
            ],
            [
              14.48447585105896,
              35.88326968433347
            ]
          ],
          [
            [
              14.481659531593323,
              35.882569923675106
            ],
            [
              14.481391310691833,
              35.88270900703117
            ],
            [
              14.481262564659119,
              35.88281766573317
            ],
            [
              14.481133818626404,
              35.8828872072242
            ]
          ],
          [
            [
              14.480452537536621,
              35.88405201812209
            ],
            [
              14.480393528938293,
              35.8840129016162
            ],
            [
              14.480398893356323,
              35.883978131372515
            ],
            [
              14.480447173118591,
              35.88392597597837
            ],
            [
              14.480549097061157,
              35.88389989826841
            ],
            [
              14.481160640716553,
              35.88390424455402
            ],
            [
              14.481160640716553,
              35.88400855533658
            ],
            [
              14.481117725372314,
              35.8840476718446
            ],
            [
              14.480259418487549,
              35.88405201812209
            ],
            [
              14.480103850364685,
              35.88404332556688
            ]
          ],
          [
            [
              14.488418698310852,
              35.87152505625862
            ],
            [
              14.48847770690918,
              35.871598954624446
            ],
            [
              14.488558173179626,
              35.87159026070262
            ],
            [
              14.488644003868103,
              35.87156852589392
            ],
            [
              14.488665461540222,
              35.87152505625862
            ],
            [
              14.488665461540222,
              35.87147723963224
            ],
            [
              14.488638639450073,
              35.871420729036586
            ],
            [
              14.48845088481903,
              35.87127727888202
            ]
          ],
          [
            [
              14.497843980789185,
              35.87555024334257
            ],
            [
              14.497870802879333,
              35.87524597068665
            ],
            [
              14.49795126914978,
              35.87523727716501
            ]
          ],
          [
            [
              14.498503804206848,
              35.871677199877865
            ],
            [
              14.498412609100342,
              35.87157721981812
            ],
            [
              14.498428702354431,
              35.871533750187595
            ],
            [
              14.498605728149414,
              35.87145115782387
            ],
            [
              14.49869155883789,
              35.871455504792536
            ],
            [
              14.498814940452576,
              35.871542444115605
            ],
            [
              14.498863220214844,
              35.87163807726081
            ],
            [
              14.498761296272278,
              35.87184673099513
            ]
          ],
          [
            [
              14.496814012527466,
              35.883169718903645
            ],
            [
              14.496642351150513,
              35.88322187479581
            ],
            [
              14.49644923210144,
              35.883260991692396
            ],
            [
              14.496358036994934,
              35.883260991692396
            ],
            [
              14.496304392814636,
              35.88320448950225
            ],
            [
              14.496277570724487,
              35.88310452399014
            ],
            [
              14.496395587921143,
              35.88298717301058
            ]
          ],
          [
            [
              14.496358036994934,
              35.883260991692396
            ],
            [
              14.496347308158875,
              35.883291415931936
            ],
            [
              14.496368765830994,
              35.883330532794176
            ],
            [
              14.496674537658691,
              35.883360957007
            ],
            [
              14.49672281742096,
              35.88337834226624
            ],
            [
              14.496894478797913,
              35.88336530332218
            ],
            [
              14.496910572052002,
              35.883391381208156
            ],
            [
              14.496921300888062,
              35.88345657588552
            ]
          ],
          [
            [
              14.498160481452942,
              35.8891152693799
            ],
            [
              14.498112201690674,
              35.889106577380446
            ],
            [
              14.497870802879333,
              35.889210881310646
            ],
            [
              14.497758150100708,
              35.8892413032644
            ],
            [
              14.49768841266632,
              35.8892413032644
            ],
            [
              14.497634768486023,
              35.88920218932171
            ],
            [
              14.497613310813904,
              35.88914134537245
            ],
            [
              14.497602581977844,
              35.888871893035216
            ],
            [
              14.497683048248291,
              35.88883712492492
            ],
            [
              14.497806429862976,
              35.888806702815884
            ],
            [
              14.49794054031372,
              35.88885885499566
            ],
            [
              14.498042464256287,
              35.8889370832009
            ],
            [
              14.498165845870972,
              35.88894142921005
            ]
          ]
        ]
      },
      "properties": {
        "class": "track",
        "source_layer": "transportation",
        "source_tile": "https://tiles.openfreemap.org/planet/20261004_113936_pt/14/8851/6440.pbf"
      }
    },
    {
      "type": "Feature",
      "id": "transportation:5280272910-0",
      "geometry": {
        "type": "MultiLineString",
        "coordinates": [
          [
            [
              14.48424518108368,
              35.885012539593646
            ],
            [
              14.484180808067322,
              35.88495169242522
            ]
          ],
          [
            [
              14.485307335853577,
              35.8847387269676
            ],
            [
              14.48521077632904,
              35.88469961080088
            ],
            [
              14.485280513763428,
              35.884582262184836
            ]
          ],
          [
            [
              14.490242600440979,
              35.88130512319647
            ],
            [
              14.49023723602295,
              35.881257312472954
            ],
            [
              14.49019968509674,
              35.88121384815378
            ],
            [
              14.49021577835083,
              35.88118776955082
            ]
          ],
          [
            [
              14.484379291534424,
              35.882309141724164
            ],
            [
              14.484572410583496,
              35.88205705168872
            ]
          ],
          [
            [
              14.488080739974976,
              35.87730196175927
            ],
            [
              14.48823094367981,
              35.87748886739267
            ]
          ],
          [
            [
              14.488440155982971,
              35.87872764939678
            ],
            [
              14.488499164581299,
              35.87882762043304
            ]
          ],
          [
            [
              14.49221134185791,
              35.88371735405835
            ],
            [
              14.49170172214508,
              35.88412590480273
            ]
          ],
          [
            [
              14.49220061302185,
              35.88366085219377
            ],
            [
              14.491878747940063,
              35.883391381208156
            ],
            [
              14.491894841194153,
              35.88335661069161
            ]
          ],
          [
            [
              14.491572976112366,
              35.88411286598175
            ],
            [
              14.491589069366455,
              35.88409113460865
            ],
            [
              14.49170172214508,
              35.88412590480273
            ],
            [
              14.491750001907349,
              35.88415198243827
            ],
            [
              14.491744637489319,
              35.884178060065196
            ]
          ],
          [
            [
              14.491787552833557,
              35.8842128302211
            ],
            [
              14.492077231407166,
              35.88406940322962
            ],
            [
              14.492366909980774,
              35.88379993363408
            ]
          ],
          [
            [
              14.492404460906982,
              35.883556540953265
            ],
            [
              14.492270350456238,
              35.88366085219377
            ]
          ],
          [
            [
              14.498171210289001,
              35.886572818870945
            ],
            [
              14.498122930526733,
              35.8866510493346
            ],
            [
              14.497999548912048,
              35.88672058745961
            ],
            [
              14.497645497322083,
              35.88676839488515
            ]
          ],
          [
            [
              14.499759078025818,
              35.888054838407186
            ],
            [
              14.499807357788086,
              35.88805918446474
            ]
          ],
          [
            [
              14.499759078025818,
              35.88807656869257
            ],
            [
              14.499759078025818,
              35.88803310811582
            ]
          ]
        ]
      },
      "properties": {
        "subclass": "path",
        "class": "path",
        "source_layer": "transportation",
        "source_tile": "https://tiles.openfreemap.org/planet/20261004_113936_pt/14/8851/6440.pbf"
      }
    },
    {
      "type": "Feature",
      "id": "transportation:5298763200-0",
      "geometry": {
        "type": "MultiLineString",
        "coordinates": [
          [
            [
              14.485774040222168,
              35.88184842484573
            ],
            [
              14.485752582550049,
              35.88189188881667
            ],
            [
              14.485795497894287,
              35.881957084728356
            ]
          ],
          [
            [
              14.497082233428955,
              35.88669016453741
            ],
            [
              14.497280716896057,
              35.88680751003004
            ]
          ]
        ]
      },
      "properties": {
        "subclass": "steps",
        "surface": "paved",
        "class": "path",
        "source_layer": "transportation",
        "source_tile": "https://tiles.openfreemap.org/planet/20261004_113936_pt/14/8851/6440.pbf"
      }
    },
    {
      "type": "Feature",
      "id": "transportation:5398477730-0",
      "geometry": {
        "type": "MultiLineString",
        "coordinates": [
          [
            [
              14.490526914596558,
              35.8842736779572
            ],
            [
              14.490306973457336,
              35.88431714059722
            ]
          ],
          [
            [
              14.479637145996094,
              35.877506253940794
            ],
            [
              14.481788277626038,
              35.879010175912825
            ],
            [
              14.481900930404663,
              35.87904494833745
            ],
            [
              14.482008218765259,
              35.879057987992766
            ],
            [
              14.482185244560242,
              35.87909710694579
            ],
            [
              14.482372999191284,
              35.87924923602394
            ],
            [
              14.48248028755188,
              35.8792796618045
            ],
            [
              14.483188390731812,
              35.87930574103568
            ],
            [
              14.4832044839859,
              35.87933182025829
            ],
            [
              14.483193755149841,
              35.879357899472296
            ],
            [
              14.482684135437012,
              35.87936224600713
            ],
            [
              14.482555389404297,
              35.87940136480991
            ],
            [
              14.48248565196991,
              35.879444830123646
            ],
            [
              14.482442736625671,
              35.87954045372996
            ],
            [
              14.48246955871582,
              35.87959261201202
            ],
            [
              14.484438300132751,
              35.880109846450026
            ],
            [
              14.484513401985168,
              35.88017504382856
            ],
            [
              14.484593868255615,
              35.880344556761614
            ],
            [
              14.484915733337402,
              35.88078355010708
            ],
            [
              14.485012292861938,
              35.88092698304905
            ],
            [
              14.485162496566772,
              35.88118776955082
            ],
            [
              14.485269784927368,
              35.88130946962447
            ],
            [
              14.485360980033875,
              35.88139205171079
            ],
            [
              14.485500454902649,
              35.88145724803394
            ],
            [
              14.485639929771423,
              35.8814789801297
            ],
            [
              14.485661387443542,
              35.881796268049115
            ],
            [
              14.485698938369751,
              35.88186581043696
            ],
            [
              14.485774040222168,
              35.88184842484573
            ]
          ],
          [
            [
              14.49520468711853,
              35.87698465583691
            ],
            [
              14.495172500610352,
              35.877149828941384
            ],
            [
              14.495070576667786,
              35.87732369499513
            ],
            [
              14.495140314102173,
              35.877349774870254
            ]
          ],
          [
            [
              14.495360255241394,
              35.87688468247477
            ],
            [
              14.495333433151245,
              35.87684556242917
            ],
            [
              14.49522614479065,
              35.87719764214421
            ],
            [
              14.495038390159607,
              35.87751060057725
            ],
            [
              14.495118856430054,
              35.877562760195886
            ],
            [
              14.495140314102173,
              35.87767577258511
            ],
            [
              14.49495255947113,
              35.877758358459886
            ],
            [
              14.494904279708862,
              35.877845290866645
            ],
            [
              14.494689702987671,
              35.87862767823438
            ],
            [
              14.494673609733582,
              35.878784154780604
            ],
            [
              14.494689702987671,
              35.878914551666355
            ],
            [
              14.49472725391388,
              35.879001482804284
            ],
            [
              14.494764804840088,
              35.879166651703486
            ],
            [
              14.494786262512207,
              35.87931878064805
            ]
          ],
          [
            [
              14.499152898788452,
              35.87288564453466
            ],
            [
              14.499340653419495,
              35.8727291563374
            ],
            [
              14.499624967575073,
              35.872633524509126
            ]
          ],
          [
            [
              14.492120146751404,
              35.88326968433347
            ],
            [
              14.492817521095276,
              35.88387816683691
            ],
            [
              14.493284225463867,
              35.884178060065196
            ],
            [
              14.493670463562012,
              35.8843910270305
            ],
            [
              14.49397087097168,
              35.884508375929926
            ],
            [
              14.493997693061829,
              35.88447360590379
            ],
            [
              14.493917226791382,
              35.88443883586238
            ]
          ],
          [
            [
              14.496755003929138,
              35.88717692988985
            ],
            [
              14.49672818183899,
              35.88720300652071
            ],
            [
              14.496733546257019,
              35.88725950585814
            ],
            [
              14.496889114379883,
              35.88751592542137
            ],
            [
              14.49697494506836,
              35.887581116703345
            ],
            [
              14.497044682502747,
              35.88759850103614
            ],
            [
              14.49697494506836,
              35.8878505734329
            ],
            [
              14.497017860412598,
              35.8878592655702
            ]
          ]
        ]
      },
      "properties": {
        "subclass": "footway",
        "bicycle": "yes",
        "surface": "paved",
        "class": "path",
        "source_layer": "transportation",
        "source_tile": "https://tiles.openfreemap.org/planet/20261004_113936_pt/14/8851/6440.pbf"
      }
    },
    {
      "type": "Feature",
      "id": "transportation:156842832-0",
      "geometry": {
        "type": "LineString",
        "coordinates": [
          [
            14.49097216129303,
            35.885873087398
          ],
          [
            14.490795135498047,
            35.885833971791584
          ],
          [
            14.490693211555481,
            35.88578181761963
          ]
        ]
      },
      "properties": {
        "surface": "paved",
        "class": "minor",
        "oneway": 1,
        "source_layer": "transportation",
        "source_tile": "https://tiles.openfreemap.org/planet/20261004_113936_pt/14/8851/6440.pbf"
      }
    },
    {
      "type": "Feature",
      "id": "transportation:163122662-0",
      "geometry": {
        "type": "LineString",
        "coordinates": [
          [
            14.490655660629272,
            35.885903510634094
          ],
          [
            14.490693211555481,
            35.88578181761963
          ]
        ]
      },
      "properties": {
        "surface": "paved",
        "class": "minor",
        "oneway": 1,
        "source_layer": "transportation",
        "source_tile": "https://tiles.openfreemap.org/planet/20261004_113936_pt/14/8851/6440.pbf"
      }
    },
    {
      "type": "Feature",
      "id": "transportation:228209622-0",
      "geometry": {
        "type": "LineString",
        "coordinates": [
          [
            14.493080377578735,
            35.88476915063947
          ],
          [
            14.492259621620178,
            35.886086049805144
          ]
        ]
      },
      "properties": {
        "surface": "paved",
        "class": "minor",
        "oneway": 1,
        "source_layer": "transportation",
        "source_tile": "https://tiles.openfreemap.org/planet/20261004_113936_pt/14/8851/6440.pbf"
      }
    },
    {
      "type": "Feature",
      "id": "transportation:228218492-0",
      "geometry": {
        "type": "LineString",
        "coordinates": [
          [
            14.492307901382446,
            35.88773757556116
          ],
          [
            14.493005275726318,
            35.88796357114337
          ]
        ]
      },
      "properties": {
        "surface": "paved",
        "class": "minor",
        "oneway": 1,
        "source_layer": "transportation",
        "source_tile": "https://tiles.openfreemap.org/planet/20261004_113936_pt/14/8851/6440.pbf"
      }
    },
    {
      "type": "Feature",
      "id": "transportation:228218502-0",
      "geometry": {
        "type": "LineString",
        "coordinates": [
          [
            14.490156769752502,
            35.887833189155415
          ],
          [
            14.490816593170166,
            35.887724537334805
          ],
          [
            14.492077231407166,
            35.888137413460015
          ]
        ]
      },
      "properties": {
        "surface": "paved",
        "class": "minor",
        "oneway": 1,
        "source_layer": "transportation",
        "source_tile": "https://tiles.openfreemap.org/planet/20261004_113936_pt/14/8851/6440.pbf"
      }
    },
    {
      "type": "Feature",
      "id": "transportation:228219132-0",
      "geometry": {
        "type": "LineString",
        "coordinates": [
          [
            14.490655660629272,
            35.8870291621527
          ],
          [
            14.490870237350464,
            35.88632074240684
          ]
        ]
      },
      "properties": {
        "surface": "paved",
        "class": "minor",
        "oneway": 1,
        "source_layer": "transportation",
        "source_tile": "https://tiles.openfreemap.org/planet/20261004_113936_pt/14/8851/6440.pbf"
      }
    },
    {
      "type": "Feature",
      "id": "transportation:228219392-0",
      "geometry": {
        "type": "LineString",
        "coordinates": [
          [
            14.489791989326477,
            35.885212465675
          ],
          [
            14.48923408985138,
            35.88609039597078
          ],
          [
            14.489250183105469,
            35.886172973072064
          ]
        ]
      },
      "properties": {
        "surface": "paved",
        "class": "minor",
        "oneway": 1,
        "source_layer": "transportation",
        "source_tile": "https://tiles.openfreemap.org/planet/20261004_113936_pt/14/8851/6440.pbf"
      }
    },
    {
      "type": "Feature",
      "id": "transportation:308251372-0",
      "geometry": {
        "type": "LineString",
        "coordinates": [
          [
            14.490870237350464,
            35.88632074240684
          ],
          [
            14.490146040916443,
            35.886190357713986
          ]
        ]
      },
      "properties": {
        "surface": "paved",
        "class": "minor",
        "oneway": 1,
        "source_layer": "transportation",
        "source_tile": "https://tiles.openfreemap.org/planet/20261004_113936_pt/14/8851/6440.pbf"
      }
    },
    {
      "type": "Feature",
      "id": "transportation:1381393492-0",
      "geometry": {
        "type": "LineString",
        "coordinates": [
          [
            14.490054845809937,
            35.886525011327336
          ],
          [
            14.490773677825928,
            35.886638010929346
          ]
        ]
      },
      "properties": {
        "surface": "paved",
        "class": "minor",
        "oneway": 1,
        "source_layer": "transportation",
        "source_tile": "https://tiles.openfreemap.org/planet/20261004_113936_pt/14/8851/6440.pbf"
      }
    },
    {
      "type": "Feature",
      "id": "transportation:3664352792-0",
      "geometry": {
        "type": "LineString",
        "coordinates": [
          [
            14.490054845809937,
            35.886525011327336
          ],
          [
            14.489808082580566,
            35.88660758797545
          ],
          [
            14.489604234695435,
            35.886703202934086
          ],
          [
            14.489432573318481,
            35.88685966352648
          ],
          [
            14.489325284957886,
            35.887016123809744
          ],
          [
            14.489277005195618,
            35.887207352625026
          ],
          [
            14.489293098449707,
            35.88744638799473
          ]
        ]
      },
      "properties": {
        "surface": "paved",
        "class": "minor",
        "oneway": 1,
        "source_layer": "transportation",
        "source_tile": "https://tiles.openfreemap.org/planet/20261004_113936_pt/14/8851/6440.pbf"
      }
    },
    {
      "type": "Feature",
      "id": "transportation:3668040432-0",
      "geometry": {
        "type": "LineString",
        "coordinates": [
          [
            14.492077231407166,
            35.888137413460015
          ],
          [
            14.492307901382446,
            35.88773757556116
          ]
        ]
      },
      "properties": {
        "surface": "paved",
        "class": "minor",
        "oneway": 1,
        "source_layer": "transportation",
        "source_tile": "https://tiles.openfreemap.org/planet/20261004_113936_pt/14/8851/6440.pbf"
      }
    },
    {
      "type": "Feature",
      "id": "transportation:10233931102-0",
      "geometry": {
        "type": "LineString",
        "coordinates": [
          [
            14.490693211555481,
            35.88578181761963
          ],
          [
            14.490827322006226,
            35.88552539244125
          ],
          [
            14.490827322006226,
            35.88482130547834
          ]
        ]
      },
      "properties": {
        "surface": "paved",
        "class": "minor",
        "oneway": 1,
        "source_layer": "transportation",
        "source_tile": "https://tiles.openfreemap.org/planet/20261004_113936_pt/14/8851/6440.pbf"
      }
    },
    {
      "type": "Feature",
      "id": "transportation:10233931112-0",
      "geometry": {
        "type": "LineString",
        "coordinates": [
          [
            14.490693211555481,
            35.88578181761963
          ],
          [
            14.489791989326477,
            35.885212465675
          ]
        ]
      },
      "properties": {
        "surface": "paved",
        "class": "minor",
        "oneway": 1,
        "source_layer": "transportation",
        "source_tile": "https://tiles.openfreemap.org/planet/20261004_113936_pt/14/8851/6440.pbf"
      }
    },
    {
      "type": "Feature",
      "id": "transportation:154298580-0",
      "geometry": {
        "type": "MultiLineString",
        "coordinates": [
          [
            [
              14.488139748573303,
              35.889328223067835
            ],
            [
              14.488300681114197,
              35.889067463371234
            ],
            [
              14.48845624923706,
              35.88875889662094
            ]
          ],
          [
            [
              14.488493800163269,
              35.88867632221621
            ],
            [
              14.488552808761597,
              35.888658938120045
            ],
            [
              14.488853216171265,
              35.88863720799445
            ],
            [
              14.489271640777588,
              35.8886154778629
            ],
            [
              14.489861726760864,
              35.888602439781096
            ],
            [
              14.491245746612549,
              35.888541595370995
            ],
            [
              14.49170172214508,
              35.888545941401844
            ],
            [
              14.491819739341736,
              35.88853724933992
            ],
            [
              14.492372274398804,
              35.88856767155248
            ]
          ],
          [
            [
              14.489861726760864,
              35.888602439781096
            ],
            [
              14.490494728088379,
              35.88919784332688
            ],
            [
              14.490602016448975,
              35.889328223067835
            ]
          ],
          [
            [
              14.49020504951477,
              35.88596001089867
            ],
            [
              14.490054845809937,
              35.886525011327336
            ],
            [
              14.48997437953949,
              35.886872701895214
            ],
            [
              14.489899277687073,
              35.887129122710945
            ],
            [
              14.489856362342834,
              35.88718996820636
            ]
          ],
          [
            [
              14.479637145996094,
              35.87951437457606
            ],
            [
              14.480023384094238,
              35.879579572444726
            ],
            [
              14.480372071266174,
              35.8796099980984
            ],
            [
              14.481042623519897,
              35.87961869114015
            ],
            [
              14.481267929077148,
              35.87959261201202
            ]
          ],
          [
            [
              14.482539296150208,
              35.87931878064805
            ],
            [
              14.482646584510803,
              35.87932747372179
            ],
            [
              14.483081102371216,
              35.87933182025829
            ],
            [
              14.483617544174194,
              35.87935355293722
            ],
            [
              14.483633637428284,
              35.878853699813064
            ],
            [
              14.48372483253479,
              35.87809304770249
            ],
            [
              14.483687281608582,
              35.87794526301647
            ],
            [
              14.483526349067688,
              35.87771923884573
            ],
            [
              14.483392238616943,
              35.87757580009519
            ],
            [
              14.480779767036438,
              35.87585016810257
            ]
          ],
          [
            [
              14.4941908121109,
              35.88011853943695
            ],
            [
              14.494260549545288,
              35.880527108745355
            ],
            [
              14.494303464889526,
              35.88089221145063
            ],
            [
              14.494292736053467,
              35.881066069290185
            ],
            [
              14.494351744651794,
              35.881835385649794
            ],
            [
              14.494630694389343,
              35.88264381173842
            ],
            [
              14.494673609733582,
              35.882826358422875
            ],
            [
              14.494678974151611,
              35.88299151934626
            ],
            [
              14.49472725391388,
              35.883191450529566
            ],
            [
              14.494829177856445,
              35.8835043852815
            ],
            [
              14.495092034339905,
              35.88387382054988
            ]
          ],
          [
            [
              14.494147896766663,
              35.879914253992425
            ],
            [
              14.494163990020752,
              35.87994033301469
            ],
            [
              14.49419617652893,
              35.87995771902476
            ],
            [
              14.49423372745514,
              35.879962065526655
            ],
            [
              14.494287371635437,
              35.8799490260202
            ],
            [
              14.494324922561646,
              35.8799099074879
            ],
            [
              14.494324922561646,
              35.87985774941477
            ],
            [
              14.494314193725586,
              35.879840363382755
            ],
            [
              14.494271278381348,
              35.879809937817555
            ],
            [
              14.49421226978302,
              35.8798055913073
            ],
            [
              14.494163990020752,
              35.87982732385625
            ],
            [
              14.494137167930603,
              35.87987078893629
            ],
            [
              14.494147896766663,
              35.879914253992425
            ]
          ],
          [
            [
              14.495022296905518,
              35.87931008757337
            ],
            [
              14.495574831962585,
              35.87915361206606
            ],
            [
              14.496341943740845,
              35.87889281886699
            ],
            [
              14.496014714241028,
              35.87813651373415
            ]
          ],
          [
            [
              14.49297845363617,
              35.88855463346282
            ],
            [
              14.49423372745514,
              35.88857201758188
            ]
          ],
          [
            [
              14.498911499977112,
              35.88721604483294
            ],
            [
              14.498857855796814,
              35.88718996820636
            ],
            [
              14.49872374534607,
              35.887059584944666
            ],
            [
              14.498375058174133,
              35.886646703199744
            ],
            [
              14.497876167297363,
              35.88599043410137
            ],
            [
              14.497822523117065,
              35.88594697237964
            ]
          ],
          [
            [
              14.498037099838257,
              35.885629701088575
            ],
            [
              14.498364329338074,
              35.88562100870655
            ],
            [
              14.498611092567444,
              35.885590585361925
            ],
            [
              14.499834179878235,
              35.8853689292127
            ],
            [
              14.500123858451843,
              35.88545585326675
            ],
            [
              14.500359892845154,
              35.88556885439435
            ],
            [
              14.501035809516907,
              35.885873087398
            ],
            [
              14.501395225524902,
              35.88602520346154
            ],
            [
              14.502296447753906,
              35.88659889570076
            ]
          ],
          [
            [
              14.49968934059143,
              35.887316005155256
            ],
            [
              14.499641060829163,
              35.887294274661144
            ],
            [
              14.499582052230835,
              35.887289928561586
            ],
            [
              14.499523043632507,
              35.887302966859494
            ],
            [
              14.499501585960388,
              35.88732035125335
            ],
            [
              14.49945867061615,
              35.887368158316804
            ],
            [
              14.49945330619812,
              35.88745073408569
            ],
            [
              14.499512314796448,
              35.887502887158504
            ],
            [
              14.499555230140686,
              35.88752027150848
            ],
            [
              14.499598145484924,
              35.88752461759539
            ],
            [
              14.499673247337341,
              35.88750723324635
            ],
            [
              14.49970543384552,
              35.88748550280471
            ],
            [
              14.499742984771729,
              35.887429003628554
            ],
            [
              14.499742984771729,
              35.88739423488471
            ],
            [
              14.49972689151764,
              35.887350773933434
            ],
            [
              14.49968934059143,
              35.887316005155256
            ]
          ],
          [
            [
              14.49097216129303,
              35.87096864282044
            ],
            [
              14.49196994304657,
              35.87288999142463
            ]
          ]
        ]
      },
      "properties": {
        "surface": "paved",
        "class": "tertiary",
        "source_layer": "transportation",
        "source_tile": "https://tiles.openfreemap.org/planet/20261004_113936_pt/14/8851/6440.pbf"
      }
    },
    {
      "type": "Feature",
      "id": "transportation:228218672-0",
      "geometry": {
        "type": "LineString",
        "coordinates": [
          [
            14.489856362342834,
            35.88718996820636
          ],
          [
            14.489668607711792,
            35.8874246575364
          ],
          [
            14.48973298072815,
            35.88748984889354
          ],
          [
            14.489057064056396,
            35.888376446022235
          ]
        ]
      },
      "properties": {
        "surface": "paved",
        "class": "tertiary",
        "oneway": 1,
        "source_layer": "transportation",
        "source_tile": "https://tiles.openfreemap.org/planet/20261004_113936_pt/14/8851/6440.pbf"
      }
    },
    {
      "type": "Feature",
      "id": "transportation:308250902-0",
      "geometry": {
        "type": "LineString",
        "coordinates": [
          [
            14.489679336547852,
            35.88860678580859
          ],
          [
            14.489899277687073,
            35.888411214334795
          ],
          [
            14.490194320678711,
            35.887989647515184
          ],
          [
            14.490156769752502,
            35.887833189155415
          ],
          [
            14.489888548851013,
            35.8874246575364
          ],
          [
            14.489856362342834,
            35.88718996820636
          ]
        ]
      },
      "properties": {
        "surface": "paved",
        "class": "tertiary",
        "oneway": 1,
        "source_layer": "transportation",
        "source_tile": "https://tiles.openfreemap.org/planet/20261004_113936_pt/14/8851/6440.pbf"
      }
    },
    {
      "type": "Feature",
      "id": "transportation:7917380762-0",
      "geometry": {
        "type": "LineString",
        "coordinates": [
          [
            14.48973298072815,
            35.88748984889354
          ],
          [
            14.489802718162537,
            35.88748550280471
          ],
          [
            14.489888548851013,
            35.8874246575364
          ]
        ]
      },
      "properties": {
        "class": "tertiary",
        "oneway": 1,
        "source_layer": "transportation",
        "source_tile": "https://tiles.openfreemap.org/planet/20261004_113936_pt/14/8851/6440.pbf"
      }
    },
    {
      "type": "Feature",
      "id": "transportation:156841150-0",
      "geometry": {
        "type": "MultiLineString",
        "coordinates": [
          [
            [
              14.485645294189453,
              35.87326816993796
            ],
            [
              14.484202265739441,
              35.873398575903295
            ],
            [
              14.484030604362488,
              35.87344639137015
            ],
            [
              14.483923316001892,
              35.873502900521046
            ],
            [
              14.482351541519165,
              35.8746287282805
            ],
            [
              14.48072612285614,
              35.87560675099286
            ],
            [
              14.480554461479187,
              35.87562413795409
            ]
          ],
          [
            [
              14.485934972763062,
              35.872981276058624
            ],
            [
              14.485800862312317,
              35.87291607275937
            ],
            [
              14.4852215051651,
              35.872681340437694
            ],
            [
              14.484577775001526,
              35.872403138267
            ],
            [
              14.483038187026978,
              35.87133813655505
            ]
          ],
          [
            [
              14.486074447631836,
              35.8730942949836
            ],
            [
              14.486058354377747,
              35.87310298874037
            ],
            [
              14.486052989959717,
              35.87312907000499
            ],
            [
              14.486069083213806,
              35.87319427312897
            ]
          ],
          [
            [
              14.486696720123291,
              35.87315949813619
            ],
            [
              14.488155841827393,
              35.87302474489502
            ],
            [
              14.489786624908447,
              35.872911725870836
            ],
            [
              14.490060210227966,
              35.87290303209308
            ],
            [
              14.4902104139328,
              35.872924766535704
            ],
            [
              14.491631984710693,
              35.87324208871914
            ],
            [
              14.491916298866272,
              35.87328990428041
            ]
          ],
          [
            [
              14.492318630218506,
              35.8730942949836
            ],
            [
              14.492281079292297,
              35.87310298874037
            ],
            [
              14.49221670627594,
              35.873133416881586
            ],
            [
              14.492189884185791,
              35.87315515126102
            ],
            [
              14.492146968841553,
              35.8732333949776
            ],
            [
              14.492146968841553,
              35.87326382306874
            ],
            [
              14.492163062095642,
              35.87332033234985
            ],
            [
              14.49223279953003,
              35.873389882178955
            ],
            [
              14.492302536964417,
              35.87341161648804
            ],
            [
              14.492372274398804,
              35.873415963349146
            ],
            [
              14.492409825325012,
              35.87340726962671
            ],
            [
              14.49247419834137,
              35.87337684159067
            ],
            [
              14.492517113685608,
              35.87333337294747
            ],
            [
              14.492543935775757,
              35.87327686367567
            ],
            [
              14.492538571357727,
              35.873216007491706
            ],
            [
              14.492506384849548,
              35.873163845011135
            ],
            [
              14.49245810508728,
              35.873120376251066
            ],
            [
              14.492425918579102,
              35.873107335618414
            ],
            [
              14.492356181144714,
              35.8730942949836
            ],
            [
              14.492318630218506,
              35.8730942949836
            ]
          ],
          [
            [
              14.49269413948059,
              35.873459431947026
            ],
            [
              14.493493437767029,
              35.87365504034234
            ],
            [
              14.494083523750305,
              35.87378544567093
            ]
          ],
          [
            [
              14.498074650764465,
              35.882930670625086
            ],
            [
              14.497822523117065,
              35.88303932902298
            ],
            [
              14.497302174568176,
              35.883195796854025
            ],
            [
              14.497168064117432,
              35.88321318214952
            ],
            [
              14.497060775756836,
              35.883217528472784
            ],
            [
              14.496932029724121,
              35.88320448950225
            ],
            [
              14.496814012527466,
              35.883169718903645
            ],
            [
              14.49669599533081,
              35.883108870319376
            ],
            [
              14.496599435806274,
              35.88303932902298
            ],
            [
              14.496524333953857,
              35.882952402316576
            ],
            [
              14.49647605419159,
              35.882848090143
            ],
            [
              14.49644923210144,
              35.88273943148275
            ],
            [
              14.496406316757202,
              35.88241345460757
            ],
            [
              14.496379494667053,
              35.8823178344697
            ],
            [
              14.496336579322815,
              35.88223959972558
            ],
            [
              14.496266841888428,
              35.88215701852293
            ],
            [
              14.496052265167236,
              35.88198316307802
            ],
            [
              14.495676755905151,
              35.881752804025695
            ],
            [
              14.495558738708496,
              35.881639797453204
            ],
            [
              14.49547827243805,
              35.88153113713527
            ],
            [
              14.495408535003662,
              35.881387705287366
            ],
            [
              14.495360255241394,
              35.88120515528709
            ],
            [
              14.495279788970947,
              35.88080093593207
            ],
            [
              14.49522614479065,
              35.88064011690538
            ],
            [
              14.495113492012024,
              35.88046625813085
            ],
            [
              14.49497401714325,
              35.8803315173181
            ],
            [
              14.494668245315552,
              35.880109846450026
            ],
            [
              14.494324922561646,
              35.8799099074879
            ]
          ],
          [
            [
              14.496164917945862,
              35.88685097127946
            ],
            [
              14.495907425880432,
              35.88676839488515
            ],
            [
              14.49495255947113,
              35.88650328061617
            ],
            [
              14.49470579624176,
              35.88646416532103
            ],
            [
              14.494534134864807,
              35.88640766541613
            ],
            [
              14.494126439094543,
              35.886346819319655
            ],
            [
              14.493659734725952,
              35.88629031933104
            ],
            [
              14.493058919906616,
              35.886242511616885
            ],
            [
              14.491910934448242,
              35.88601216495327
            ],
            [
              14.49172854423523,
              35.885981741758926
            ],
            [
              14.491546154022217,
              35.88592958768429
            ],
            [
              14.491240382194519,
              35.885894818282125
            ],
            [
              14.49097216129303,
              35.885873087398
            ],
            [
              14.490564465522766,
              35.88590785680974
            ],
            [
              14.49020504951477,
              35.88596001089867
            ],
            [
              14.489829540252686,
              35.88602954963051
            ],
            [
              14.489062428474426,
              35.88622078082818
            ],
            [
              14.487930536270142,
              35.88659889570076
            ],
            [
              14.485945701599121,
              35.887294274661144
            ],
            [
              14.485618472099304,
              35.88735512002964
            ],
            [
              14.48546290397644,
              35.887372504412056
            ],
            [
              14.484379291534424,
              35.88741161925853
            ],
            [
              14.483799934387207,
              35.887481156715666
            ],
            [
              14.483639001846313,
              35.8874941949821
            ],
            [
              14.483258128166199,
              35.8875420019406
            ],
            [
              14.483022093772888,
              35.887581116703345
            ],
            [
              14.482539296150208,
              35.887707153029694
            ],
            [
              14.481890201568604,
              35.88786361163848
            ],
            [
              14.48121964931488,
              35.88805049234939
            ],
            [
              14.480897784233093,
              35.8881243752995
            ],
            [
              14.48022723197937,
              35.8882982172631
            ],
            [
              14.480125308036804,
              35.888332985610035
            ],
            [
              14.479637145996094,
              35.88846336677504
            ]
          ],
          [
            [
              14.497511386871338,
              35.88526027401099
            ],
            [
              14.497377276420593,
              35.884890845210066
            ],
            [
              14.497361183166504,
              35.883960746244966
            ],
            [
              14.497232437133789,
              35.88358696507929
            ],
            [
              14.49722707271576,
              35.8835043852815
            ],
            [
              14.497248530387878,
              35.88343919064346
            ],
            [
              14.497334361076355,
              35.883343571743964
            ],
            [
              14.497430920600891,
              35.883295762250924
            ],
            [
              14.497983455657959,
              35.8831740652293
            ]
          ],
          [
            [
              14.49744701385498,
              35.885499315257974
            ],
            [
              14.497420191764832,
              35.88554277722537
            ],
            [
              14.497414827346802,
              35.88559927774732
            ],
            [
              14.49745237827301,
              35.885681855360716
            ],
            [
              14.497532844543457,
              35.885729663413315
            ],
            [
              14.497591853141785,
              35.88574270196813
            ],
            [
              14.497650861740112,
              35.88574270196813
            ],
            [
              14.49770987033844,
              35.88572531722791
            ],
            [
              14.497779607772827,
              35.88569054773606
            ],
            [
              14.497806429862976,
              35.88566012441815
            ],
            [
              14.497827887535095,
              35.885581892975594
            ],
            [
              14.497817158699036,
              35.88554277722537
            ],
            [
              14.497795701026917,
              35.8855036614558
            ],
            [
              14.497731328010559,
              35.88545585326675
            ],
            [
              14.497683048248291,
              35.88543846846355
            ],
            [
              14.497624039649963,
              35.88543412226217
            ],
            [
              14.497570395469666,
              35.8854428146647
            ],
            [
              14.497484564781189,
              35.88547323806608
            ],
            [
              14.49744701385498,
              35.885499315257974
            ]
          ],
          [
            [
              14.482930898666382,
              35.871190339268
            ],
            [
              14.482887983322144,
              35.87112078750809
            ],
            [
              14.482812881469727,
              35.87110339955858
            ],
            [
              14.482775330543518,
              35.87110339955858
            ],
            [
              14.48273241519928,
              35.87113817545381
            ],
            [
              14.48271095752716,
              35.87118599228478
            ],
            [
              14.48273777961731,
              35.87124250304785
            ],
            [
              14.482828974723816,
              35.87127293190359
            ],
            [
              14.482882618904114,
              35.871264237945994
            ],
            [
              14.482898712158203,
              35.87125119700782
            ],
            [
              14.482930898666382,
              35.871190339268
            ]
          ],
          [
            [
              14.482539296150208,
              35.871029500730586
            ],
            [
              14.482453465461731,
              35.87096864282044
            ]
          ]
        ]
      },
      "properties": {
        "surface": "paved",
        "class": "secondary",
        "source_layer": "transportation",
        "source_tile": "https://tiles.openfreemap.org/planet/20261004_113936_pt/14/8851/6440.pbf"
      }
    },
    {
      "type": "Feature",
      "id": "transportation:467777090-0",
      "geometry": {
        "type": "MultiLineString",
        "coordinates": [
          [
            [
              14.487259984016418,
              35.87705854911043
            ],
            [
              14.48723316192627,
              35.87684990910185
            ]
          ],
          [
            [
              14.493182301521301,
              35.87644132082663
            ],
            [
              14.493160843849182,
              35.87629353305917
            ]
          ],
          [
            [
              14.491133093833923,
              35.87469393017028
            ],
            [
              14.491138458251953,
              35.87478955951157
            ]
          ],
          [
            [
              14.501041173934937,
              35.88529069748249
            ],
            [
              14.50096607208252,
              35.88536023680204
            ],
            [
              14.5009446144104,
              35.88542977606053
            ],
            [
              14.50095534324646,
              35.885499315257974
            ],
            [
              14.500998258590698,
              35.885551469615976
            ],
            [
              14.501062631607056,
              35.885581892975594
            ]
          ]
        ]
      },
      "properties": {
        "class": "service",
        "layer": 1,
        "brunnel": "bridge",
        "source_layer": "transportation",
        "source_tile": "https://tiles.openfreemap.org/planet/20261004_113936_pt/14/8851/6440.pbf"
      }
    },
    {
      "type": "Feature",
      "id": "transportation_name:12169995190-0",
      "geometry": {
        "type": "LineString",
        "coordinates": [
          [
            14.493160843849182,
            35.88573835578343
          ],
          [
            14.493016004562378,
            35.886233819302134
          ]
        ]
      },
      "properties": {
        "name": "Sqaq il-Qasab",
        "name_int": "Sqaq il-Qasab",
        "class": "service",
        "name:latin": "Sqaq il-Qasab",
        "name_de": "Sqaq il-Qasab",
        "name_en": "Sqaq il-Qasab",
        "source_layer": "transportation_name",
        "source_tile": "https://tiles.openfreemap.org/planet/20261004_113936_pt/14/8851/6440.pbf"
      }
    },
    {
      "type": "Feature",
      "id": "transportation_name:12169995200-0",
      "geometry": {
        "type": "LineString",
        "coordinates": [
          [
            14.49172854423523,
            35.885981741758926
          ],
          [
            14.491846561431885,
            35.885607970131716
          ],
          [
            14.492012858390808,
            35.884790881826504
          ]
        ]
      },
      "properties": {
        "name_int": "Triq San Pietru",
        "name_de": "Triq San Pietru",
        "name": "Triq San Pietru",
        "subclass": "pedestrian",
        "class": "path",
        "name:latin": "Triq San Pietru",
        "name_en": "Triq San Pietru",
        "source_layer": "transportation_name",
        "source_tile": "https://tiles.openfreemap.org/planet/20261004_113936_pt/14/8851/6440.pbf"
      }
    },
    {
      "type": "Feature",
      "id": "transportation_name:5398525780-0",
      "geometry": {
        "type": "MultiLineString",
        "coordinates": [
          [
            [
              14.49269950389862,
              35.88366954479093
            ],
            [
              14.493005275726318,
              35.88391728340936
            ],
            [
              14.493273496627808,
              35.884117212255646
            ],
            [
              14.49369728565216,
              35.884282370487114
            ],
            [
              14.494845271110535,
              35.884651802126456
            ],
            [
              14.495258331298828,
              35.88482565171334
            ],
            [
              14.496084451675415,
              35.885225504314946
            ],
            [
              14.49669063091278,
              35.88548193046435
            ],
            [
              14.497050046920776,
              35.88556885439435
            ],
            [
              14.497366547584534,
              35.885629701088575
            ],
            [
              14.49745237827301,
              35.885681855360716
            ]
          ],
          [
            [
              14.49744701385498,
              35.885499315257974
            ],
            [
              14.49721097946167,
              35.88552104624466
            ],
            [
              14.49694275856018,
              35.88549496905992
            ],
            [
              14.49672818183899,
              35.88543412226217
            ],
            [
              14.49596643447876,
              35.885095117818864
            ],
            [
              14.4957035779953,
              35.884899537672226
            ]
          ]
        ]
      },
      "properties": {
        "name_int": "Freight Forwarders Road",
        "name:mt": "Triq il-Burdnara",
        "name_de": "Triq il-Burdnara",
        "name": "Triq il-Burdnara",
        "name:en": "Freight Forwarders Road",
        "class": "secondary",
        "name:latin": "Triq il-Burdnara",
        "name_en": "Freight Forwarders Road",
        "source_layer": "transportation_name",
        "source_tile": "https://tiles.openfreemap.org/planet/20261004_113936_pt/14/8851/6440.pbf"
      }
    },
    {
      "type": "Feature",
      "id": "transportation_name:228219142-0",
      "geometry": {
        "type": "LineString",
        "coordinates": [
          [
            14.490655660629272,
            35.8870291621527
          ],
          [
            14.490773677825928,
            35.887050892719586
          ],
          [
            14.490891695022583,
            35.887050892719586
          ],
          [
            14.491090178489685,
            35.887007431579875
          ],
          [
            14.491347670555115,
            35.88698135488461
          ],
          [
            14.49171781539917,
            35.88688139413988
          ],
          [
            14.491921663284302,
            35.88684227903147
          ]
        ]
      },
      "properties": {
        "name": "Triq Mile End",
        "name_int": "Triq Mile End",
        "class": "service",
        "name:latin": "Triq Mile End",
        "name_de": "Triq Mile End",
        "name_en": "Triq Mile End",
        "source_layer": "transportation_name",
        "source_tile": "https://tiles.openfreemap.org/planet/20261004_113936_pt/14/8851/6440.pbf"
      }
    },
    {
      "type": "Feature",
      "id": "transportation_name:1430651742-0",
      "geometry": {
        "type": "LineString",
        "coordinates": [
          [
            14.491690993309021,
            35.88596870324348
          ],
          [
            14.491626620292664,
            35.886199050033525
          ],
          [
            14.491503238677979,
            35.886390280821914
          ],
          [
            14.491921663284302,
            35.88650762675887
          ],
          [
            14.491819739341736,
            35.88676839488515
          ]
        ]
      },
      "properties": {
        "name_int": "Saint Paul Alley",
        "name:mt": "Sqaq San Pawl",
        "name_de": "Sqaq San Pawl",
        "name": "Sqaq San Pawl",
        "name:en": "Saint Paul Alley",
        "class": "minor",
        "name:latin": "Sqaq San Pawl",
        "name_en": "Saint Paul Alley",
        "source_layer": "transportation_name",
        "source_tile": "https://tiles.openfreemap.org/planet/20261004_113936_pt/14/8851/6440.pbf"
      }
    },
    {
      "type": "Feature",
      "id": "transportation_name:3269288622-0",
      "geometry": {
        "type": "LineString",
        "coordinates": [
          [
            14.491910934448242,
            35.88601216495327
          ],
          [
            14.49219524860382,
            35.884790881826504
          ]
        ]
      },
      "properties": {
        "name_int": "Triq Sant' Anna",
        "name_de": "Triq Sant' Anna",
        "name": "Triq Sant' Anna",
        "subclass": "pedestrian",
        "class": "path",
        "name:latin": "Triq Sant' Anna",
        "name_en": "Triq Sant' Anna",
        "source_layer": "transportation_name",
        "source_tile": "https://tiles.openfreemap.org/planet/20261004_113936_pt/14/8851/6440.pbf"
      }
    },
    {
      "type": "Feature",
      "id": "transportation_name:3411756070-0",
      "geometry": {
        "type": "MultiLineString",
        "coordinates": [
          [
            [
              14.479293823242188,
              35.88374777812258
            ],
            [
              14.479368925094604,
              35.883782548467394
            ]
          ],
          [
            [
              14.49296236038208,
              35.88666843387159
            ],
            [
              14.49270486831665,
              35.88662497252196
            ],
            [
              14.492822885513306,
              35.886199050033525
            ]
          ]
        ]
      },
      "properties": {
        "name_int": "Mikiel Anton Vassalli Street",
        "name:ar": "طريق ميكيل أنطون فاسالي",
        "name:mt": "Triq Mikiel Anton Vassalli",
        "name_de": "Triq Mikiel Anton Vassalli",
        "name": "Triq Mikiel Anton Vassalli",
        "name:en": "Mikiel Anton Vassalli Street",
        "class": "minor",
        "name:es": "Calle Mikiel Anton Vassalli",
        "name:latin": "Triq Mikiel Anton Vassalli",
        "name_en": "Mikiel Anton Vassalli Street",
        "source_layer": "transportation_name",
        "source_tile": "https://tiles.openfreemap.org/planet/20261004_113936_pt/14/8851/6440.pbf"
      }
    },
    {
      "type": "Feature",
      "id": "transportation_name:3668040452-0",
      "geometry": {
        "type": "LineString",
        "coordinates": [
          [
            14.493311047554016,
            35.886646703199744
          ],
          [
            14.493353962898254,
            35.88626858855547
          ]
        ]
      },
      "properties": {
        "name": "Sqaq San Tumas",
        "name_int": "Sqaq San Tumas",
        "class": "minor",
        "name:latin": "Sqaq San Tumas",
        "name_de": "Sqaq San Tumas",
        "name_en": "Sqaq San Tumas",
        "source_layer": "transportation_name",
        "source_tile": "https://tiles.openfreemap.org/planet/20261004_113936_pt/14/8851/6440.pbf"
      }
    },
    {
      "type": "Feature",
      "id": "transportation_name:4758471170-0",
      "geometry": {
        "type": "MultiLineString",
        "coordinates": [
          [
            [
              14.493359327316284,
              35.884338871908284
            ],
            [
              14.493080377578735,
              35.88476915063947
            ],
            [
              14.492259621620178,
              35.886086049805144
            ]
          ],
          [
            [
              14.494147896766663,
              35.88309148500099
            ],
            [
              14.49420690536499,
              35.88299151934626
            ]
          ]
        ]
      },
      "properties": {
        "name": "Triq San Tumas",
        "name_int": "Triq San Tumas",
        "class": "minor",
        "name:latin": "Triq San Tumas",
        "name_de": "Triq San Tumas",
        "name_en": "Triq San Tumas",
        "source_layer": "transportation_name",
        "source_tile": "https://tiles.openfreemap.org/planet/20261004_113936_pt/14/8851/6440.pbf"
      }
    },
    {
      "type": "Feature",
      "id": "transportation_name:152211750-0",
      "geometry": {
        "type": "LineString",
        "coordinates": [
          [
            14.49644923210144,
            35.886151242264276
          ],
          [
            14.496363401412964,
            35.88609474213614
          ],
          [
            14.495118856430054,
            35.88556885439435
          ],
          [
            14.493826031684875,
            35.88507338671532
          ],
          [
            14.493080377578735,
            35.88476915063947
          ],
          [
            14.491669535636902,
            35.88423021529334
          ],
          [
            14.490832686424255,
            35.88389989826841
          ],
          [
            14.490537643432617,
            35.88379558734276
          ]
        ]
      },
      "properties": {
        "name_int": "Triq Stiefnu Zerafa",
        "name:mt": "Triq Stiefnu Zerafa",
        "name_de": "Triq Stiefnu Zerafa",
        "name": "Triq Stiefnu Zerafa",
        "class": "minor",
        "name:latin": "Triq Stiefnu Zerafa",
        "name_en": "Triq Stiefnu Zerafa",
        "source_layer": "transportation_name",
        "source_tile": "https://tiles.openfreemap.org/planet/20261004_113936_pt/14/8851/6440.pbf"
      }
    },
    {
      "type": "Feature",
      "id": "transportation_name:156842830-0",
      "geometry": {
        "type": "MultiLineString",
        "coordinates": [
          [
            [
              14.48549509048462,
              35.88229610260409
            ],
            [
              14.485393166542053,
              35.882174404046424
            ],
            [
              14.485366344451904,
              35.88207878361993
            ],
            [
              14.485382437705994,
              35.881987509468786
            ],
            [
              14.485441446304321,
              35.88189188881667
            ]
          ],
          [
            [
              14.49097216129303,
              35.885873087398
            ],
            [
              14.490795135498047,
              35.885833971791584
            ],
            [
              14.490693211555481,
              35.88578181761963
            ],
            [
              14.489791989326477,
              35.885212465675
            ],
            [
              14.489539861679077,
              35.8849169225937
            ],
            [
              14.489293098449707,
              35.88449533717191
            ],
            [
              14.48897123336792,
              35.88425629289452
            ],
            [
              14.488252401351929,
              35.88387816683691
            ],
            [
              14.48796808719635,
              35.88374777812258
            ],
            [
              14.487099051475525,
              35.88327837697358
            ],
            [
              14.486525058746338,
              35.88298282667468
            ],
            [
              14.486085176467896,
              35.88273073878351
            ],
            [
              14.48597252368927,
              35.88265250444722
            ],
            [
              14.4857257604599,
              35.88250038190547
            ],
            [
              14.485538005828857,
              35.88234825907155
            ],
            [
              14.485301971435547,
              35.88221352146034
            ],
            [
              14.485167860984802,
              35.88207878361993
            ],
            [
              14.485060572624207,
              35.88190927439835
            ]
          ]
        ]
      },
      "properties": {
        "name_int": "Triq Ħal Qormi",
        "name:mt": "Triq Ħal Qormi",
        "name_de": "Triq Ħal Qormi",
        "name": "Triq Ħal Qormi",
        "class": "minor",
        "name:latin": "Triq Ħal Qormi",
        "name_en": "Triq Ħal Qormi",
        "source_layer": "transportation_name",
        "source_tile": "https://tiles.openfreemap.org/planet/20261004_113936_pt/14/8851/6440.pbf"
      }
    },
    {
      "type": "Feature",
      "id": "transportation_name:163122660-0",
      "geometry": {
        "type": "LineString",
        "coordinates": [
          [
            14.490655660629272,
            35.885903510634094
          ],
          [
            14.490693211555481,
            35.88578181761963
          ],
          [
            14.490827322006226,
            35.88552539244125
          ],
          [
            14.490832686424255,
            35.88389989826841
          ]
        ]
      },
      "properties": {
        "name": "Triq il-Patri Magri",
        "name_int": "Triq il-Patri Magri",
        "class": "minor",
        "name:latin": "Triq il-Patri Magri",
        "name_de": "Triq il-Patri Magri",
        "name_en": "Triq il-Patri Magri",
        "source_layer": "transportation_name",
        "source_tile": "https://tiles.openfreemap.org/planet/20261004_113936_pt/14/8851/6440.pbf"
      }
    },
    {
      "type": "Feature",
      "id": "transportation_name:228218492-0",
      "geometry": {
        "type": "LineString",
        "coordinates": [
          [
            14.492307901382446,
            35.88773757556116
          ],
          [
            14.493005275726318,
            35.88796357114337
          ]
        ]
      },
      "properties": {
        "name": "Triq A. Muscat Azzopardi",
        "name_int": "Triq A. Muscat Azzopardi",
        "class": "minor",
        "name:latin": "Triq A. Muscat Azzopardi",
        "name_de": "Triq A. Muscat Azzopardi",
        "name_en": "Triq A. Muscat Azzopardi",
        "source_layer": "transportation_name",
        "source_tile": "https://tiles.openfreemap.org/planet/20261004_113936_pt/14/8851/6440.pbf"
      }
    },
    {
      "type": "Feature",
      "id": "transportation_name:228218502-0",
      "geometry": {
        "type": "LineString",
        "coordinates": [
          [
            14.490156769752502,
            35.887833189155415
          ],
          [
            14.490816593170166,
            35.887724537334805
          ],
          [
            14.492077231407166,
            35.888137413460015
          ]
        ]
      },
      "properties": {
        "name": "Triq Nuzzo",
        "name_int": "Triq Nuzzo",
        "class": "minor",
        "name:latin": "Triq Nuzzo",
        "name_de": "Triq Nuzzo",
        "name_en": "Triq Nuzzo",
        "source_layer": "transportation_name",
        "source_tile": "https://tiles.openfreemap.org/planet/20261004_113936_pt/14/8851/6440.pbf"
      }
    },
    {
      "type": "Feature",
      "id": "transportation_name:228218700-0",
      "geometry": {
        "type": "MultiLineString",
        "coordinates": [
          [
            [
              14.487839341163635,
              35.88718996820636
            ],
            [
              14.488686919212341,
              35.88745073408569
            ],
            [
              14.488890767097473,
              35.88746377235712
            ],
            [
              14.489668607711792,
              35.8874246575364
            ]
          ],
          [
            [
              14.493852853775024,
              35.88960636579773
            ],
            [
              14.49346661567688,
              35.88938037490412
            ],
            [
              14.492849707603455,
              35.88922391929225
            ],
            [
              14.492243528366089,
              35.889106577380446
            ]
          ]
        ]
      },
      "properties": {
        "name": "Triq id-Duluri",
        "name_int": "Triq id-Duluri",
        "class": "minor",
        "name:latin": "Triq id-Duluri",
        "name_de": "Triq id-Duluri",
        "name_en": "Triq id-Duluri",
        "source_layer": "transportation_name",
        "source_tile": "https://tiles.openfreemap.org/planet/20261004_113936_pt/14/8851/6440.pbf"
      }
    },
    {
      "type": "Feature",
      "id": "transportation_name:228218790-0",
      "geometry": {
        "type": "MultiLineString",
        "coordinates": [
          [
            [
              14.486364126205444,
              35.88715085325039
            ],
            [
              14.487158060073853,
              35.88803310811582
            ]
          ],
          [
            [
              14.496658444404602,
              35.88346961481456
            ],
            [
              14.49645459651947,
              35.88364781329622
            ],
            [
              14.496384859085083,
              35.88391293712449
            ],
            [
              14.49643850326538,
              35.88524288916487
            ]
          ]
        ]
      },
      "properties": {
        "name": "Triq Fra Diegu",
        "name_int": "Triq Fra Diegu",
        "class": "minor",
        "name:latin": "Triq Fra Diegu",
        "name_de": "Triq Fra Diegu",
        "name_en": "Triq Fra Diegu",
        "source_layer": "transportation_name",
        "source_tile": "https://tiles.openfreemap.org/planet/20261004_113936_pt/14/8851/6440.pbf"
      }
    },
    {
      "type": "Feature",
      "id": "transportation_name:228219132-0",
      "geometry": {
        "type": "LineString",
        "coordinates": [
          [
            14.490655660629272,
            35.8870291621527
          ],
          [
            14.490870237350464,
            35.88632074240684
          ]
        ]
      },
      "properties": {
        "name": "Triq is-Sorijiet iż-Żgħar il-Fqar",
        "name_int": "Little Sisters of the Poor Street",
        "class": "minor",
        "name:latin": "Triq is-Sorijiet iż-Żgħar il-Fqar",
        "name_de": "Triq is-Sorijiet iż-Żgħar il-Fqar",
        "name_en": "Triq is-Sorijiet iż-Żgħar il-Fqar",
        "source_layer": "transportation_name",
        "source_tile": "https://tiles.openfreemap.org/planet/20261004_113936_pt/14/8851/6440.pbf"
      }
    },
    {
      "type": "Feature",
      "id": "transportation_name:228219392-0",
      "geometry": {
        "type": "LineString",
        "coordinates": [
          [
            14.489791989326477,
            35.885212465675
          ],
          [
            14.48923408985138,
            35.88609039597078
          ],
          [
            14.489250183105469,
            35.886172973072064
          ]
        ]
      },
      "properties": {
        "name": "Triq Cordina Perez",
        "name_int": "Triq Cordina Perez",
        "class": "minor",
        "name:latin": "Triq Cordina Perez",
        "name_de": "Triq Cordina Perez",
        "name_en": "Triq Cordina Perez",
        "source_layer": "transportation_name",
        "source_tile": "https://tiles.openfreemap.org/planet/20261004_113936_pt/14/8851/6440.pbf"
      }
    },
    {
      "type": "Feature",
      "id": "transportation_name:228985920-0",
      "geometry": {
        "type": "LineString",
        "coordinates": [
          [
            14.4962078332901,
            35.885873087398
          ],
          [
            14.495918154716492,
            35.885499315257974
          ],
          [
            14.495810866355896,
            35.88539066023516
          ],
          [
            14.495274424552917,
            35.885190734603654
          ],
          [
            14.494249820709229,
            35.88476045816297
          ],
          [
            14.493863582611084,
            35.884721342007
          ],
          [
            14.493080377578735,
            35.88476915063947
          ]
        ]
      },
      "properties": {
        "name": "Triq il-Pitkali",
        "name_int": "Triq il-Pitkali",
        "class": "minor",
        "name:latin": "Triq il-Pitkali",
        "name_de": "Triq il-Pitkali",
        "name_en": "Triq il-Pitkali",
        "source_layer": "transportation_name",
        "source_tile": "https://tiles.openfreemap.org/planet/20261004_113936_pt/14/8851/6440.pbf"
      }
    },
    {
      "type": "Feature",
      "id": "transportation_name:308251372-0",
      "geometry": {
        "type": "LineString",
        "coordinates": [
          [
            14.490870237350464,
            35.88632074240684
          ],
          [
            14.490146040916443,
            35.886190357713986
          ]
        ]
      },
      "properties": {
        "name_int": "Saint Paul Square",
        "name:mt": "Pjazza San Pawl",
        "name_de": "Pjazza San Pawl",
        "name": "Pjazza San Pawl",
        "name:en": "Saint Paul Square",
        "class": "minor",
        "name:latin": "Pjazza San Pawl",
        "name_en": "Saint Paul Square",
        "source_layer": "transportation_name",
        "source_tile": "https://tiles.openfreemap.org/planet/20261004_113936_pt/14/8851/6440.pbf"
      }
    },
    {
      "type": "Feature",
      "id": "transportation_name:1084387860-0",
      "geometry": {
        "type": "MultiLineString",
        "coordinates": [
          [
            [
              14.49369192123413,
              35.886959624298655
            ],
            [
              14.49320912361145,
              35.887650654011665
            ],
            [
              14.493144750595093,
              35.88777234415423
            ],
            [
              14.493042826652527,
              35.88790707230828
            ],
            [
              14.492742419242859,
              35.888354715819105
            ],
            [
              14.492629766464233,
              35.888480750914155
            ]
          ],
          [
            [
              14.492737054824829,
              35.88849378901598
            ],
            [
              14.492742419242859,
              35.888354715819105
            ]
          ]
        ]
      },
      "properties": {
        "name": "Triq Schembri",
        "name_int": "Triq Schembri",
        "class": "minor",
        "name:latin": "Triq Schembri",
        "name_de": "Triq Schembri",
        "name_en": "Triq Schembri",
        "source_layer": "transportation_name",
        "source_tile": "https://tiles.openfreemap.org/planet/20261004_113936_pt/14/8851/6440.pbf"
      }
    },
    {
      "type": "Feature",
      "id": "transportation_name:1381393490-0",
      "geometry": {
        "type": "MultiLineString",
        "coordinates": [
          [
            [
              14.490054845809937,
              35.886525011327336
            ],
            [
              14.490773677825928,
              35.886638010929346
            ]
          ],
          [
            [
              14.491862654685974,
              35.88209616916062
            ],
            [
              14.492758512496948,
              35.88107476217215
            ],
            [
              14.49270486831665,
              35.88074008552795
            ]
          ]
        ]
      },
      "properties": {
        "name_int": "School Street",
        "name:mt": "Triq l-Iskola",
        "name_de": "Triq l-Iskola",
        "name": "Triq l-Iskola",
        "name:en": "School Street",
        "class": "minor",
        "name:latin": "Triq l-Iskola",
        "name_en": "School Street",
        "source_layer": "transportation_name",
        "source_tile": "https://tiles.openfreemap.org/planet/20261004_113936_pt/14/8851/6440.pbf"
      }
    },
    {
      "type": "Feature",
      "id": "transportation_name:1400663860-0",
      "geometry": {
        "type": "LineString",
        "coordinates": [
          [
            14.491921663284302,
            35.88684227903147
          ],
          [
            14.49246883392334,
            35.886803163903764
          ],
          [
            14.492935538291931,
            35.88681620228181
          ],
          [
            14.493514895439148,
            35.886877048017666
          ],
          [
            14.49369192123413,
            35.886959624298655
          ],
          [
            14.49598252773285,
            35.887429003628554
          ],
          [
            14.496771097183228,
            35.88754634802629
          ]
        ]
      },
      "properties": {
        "name": "Triq Mile End",
        "name_int": "Triq Mile End",
        "class": "minor",
        "name:latin": "Triq Mile End",
        "name_de": "Triq Mile End",
        "name_en": "Triq Mile End",
        "source_layer": "transportation_name",
        "source_tile": "https://tiles.openfreemap.org/planet/20261004_113936_pt/14/8851/6440.pbf"
      }
    },
    {
      "type": "Feature",
      "id": "transportation_name:1415283692-0",
      "geometry": {
        "type": "LineString",
        "coordinates": [
          [
            14.492935538291931,
            35.88681620228181
          ],
          [
            14.493058919906616,
            35.886242511616885
          ]
        ]
      },
      "properties": {
        "name": "Triq il-Kamelja",
        "name_int": "Triq il-Kamelja",
        "class": "minor",
        "name:latin": "Triq il-Kamelja",
        "name_de": "Triq il-Kamelja",
        "name_en": "Triq il-Kamelja",
        "source_layer": "transportation_name",
        "source_tile": "https://tiles.openfreemap.org/planet/20261004_113936_pt/14/8851/6440.pbf"
      }
    },
    {
      "type": "Feature",
      "id": "transportation_name:3664352792-0",
      "geometry": {
        "type": "LineString",
        "coordinates": [
          [
            14.490054845809937,
            35.886525011327336
          ],
          [
            14.489808082580566,
            35.88660758797545
          ],
          [
            14.489604234695435,
            35.886703202934086
          ],
          [
            14.489432573318481,
            35.88685966352648
          ],
          [
            14.489325284957886,
            35.887016123809744
          ],
          [
            14.489277005195618,
            35.887207352625026
          ],
          [
            14.489293098449707,
            35.88744638799473
          ]
        ]
      },
      "properties": {
        "name_int": "Maitland Street",
        "name:mt": "Triq Maitland",
        "name_de": "Triq Maitland",
        "name": "Triq Maitland",
        "name:en": "Maitland Street",
        "class": "minor",
        "name:latin": "Triq Maitland",
        "name_en": "Maitland Street",
        "source_layer": "transportation_name",
        "source_tile": "https://tiles.openfreemap.org/planet/20261004_113936_pt/14/8851/6440.pbf"
      }
    },
    {
      "type": "Feature",
      "id": "transportation_name:3668040430-0",
      "geometry": {
        "type": "MultiLineString",
        "coordinates": [
          [
            [
              14.491819739341736,
              35.88853724933992
            ],
            [
              14.492077231407166,
              35.888137413460015
            ],
            [
              14.492307901382446,
              35.88773757556116
            ]
          ],
          [
            [
              14.491766095161438,
              35.888619823889684
            ],
            [
              14.49144423007965,
              35.88914569137039
            ]
          ]
        ]
      },
      "properties": {
        "name": "Triq Alexander",
        "name_int": "Triq Alexander",
        "class": "minor",
        "name:latin": "Triq Alexander",
        "name_de": "Triq Alexander",
        "name_en": "Triq Alexander",
        "source_layer": "transportation_name",
        "source_tile": "https://tiles.openfreemap.org/planet/20261004_113936_pt/14/8851/6440.pbf"
      }
    },
    {
      "type": "Feature",
      "id": "transportation_name:228218670-0",
      "geometry": {
        "type": "MultiLineString",
        "coordinates": [
          [
            [
              14.489888548851013,
              35.8874246575364
            ],
            [
              14.489802718162537,
              35.88748550280471
            ],
            [
              14.48973298072815,
              35.88748984889354
            ],
            [
              14.489057064056396,
              35.888376446022235
            ]
          ],
          [
            [
              14.489856362342834,
              35.88718996820636
            ],
            [
              14.489668607711792,
              35.8874246575364
            ],
            [
              14.48973298072815,
              35.88748984889354
            ]
          ]
        ]
      },
      "properties": {
        "name_int": "Indrì Cilia Street",
        "name:mt": "Triq Indrì Cilia",
        "name_de": "Triq Indrì Cilia",
        "name": "Triq Indrì Cilia",
        "name:en": "Indrì Cilia Street",
        "class": "tertiary",
        "name:latin": "Triq Indrì Cilia",
        "name_en": "Indrì Cilia Street",
        "source_layer": "transportation_name",
        "source_tile": "https://tiles.openfreemap.org/planet/20261004_113936_pt/14/8851/6440.pbf"
      }
    },
    {
      "type": "Feature",
      "id": "transportation_name:308250702-0",
      "geometry": {
        "type": "LineString",
        "coordinates": [
          [
            14.49020504951477,
            35.88596001089867
          ],
          [
            14.490054845809937,
            35.886525011327336
          ],
          [
            14.48997437953949,
            35.886872701895214
          ],
          [
            14.489899277687073,
            35.887129122710945
          ],
          [
            14.489856362342834,
            35.88718996820636
          ]
        ]
      },
      "properties": {
        "name": "Triq il-Ferrovija",
        "name_int": "Triq il-Ferrovija",
        "class": "tertiary",
        "name:latin": "Triq il-Ferrovija",
        "name_de": "Triq il-Ferrovija",
        "name_en": "Triq il-Ferrovija",
        "source_layer": "transportation_name",
        "source_tile": "https://tiles.openfreemap.org/planet/20261004_113936_pt/14/8851/6440.pbf"
      }
    },
    {
      "type": "Feature",
      "id": "transportation_name:308250902-0",
      "geometry": {
        "type": "LineString",
        "coordinates": [
          [
            14.489679336547852,
            35.88860678580859
          ],
          [
            14.489899277687073,
            35.888411214334795
          ],
          [
            14.490194320678711,
            35.887989647515184
          ],
          [
            14.490156769752502,
            35.887833189155415
          ],
          [
            14.489888548851013,
            35.8874246575364
          ],
          [
            14.489856362342834,
            35.88718996820636
          ]
        ]
      },
      "properties": {
        "name_int": "Our Lady of Sorrow Street",
        "name_de": "Triq id-Duluri",
        "name": "Triq id-Duluri",
        "name:en": "Our Lady of Sorrow Street",
        "class": "tertiary",
        "name:latin": "Triq id-Duluri",
        "name_en": "Our Lady of Sorrow Street",
        "source_layer": "transportation_name",
        "source_tile": "https://tiles.openfreemap.org/planet/20261004_113936_pt/14/8851/6440.pbf"
      }
    },
    {
      "type": "Feature",
      "id": "transportation_name:473661790-0",
      "geometry": {
        "type": "MultiLineString",
        "coordinates": [
          [
            [
              14.490655660629272,
              35.885903510634094
            ],
            [
              14.490564465522766,
              35.88590785680974
            ],
            [
              14.49020504951477,
              35.88596001089867
            ],
            [
              14.489829540252686,
              35.88602954963051
            ],
            [
              14.489062428474426,
              35.88622078082818
            ],
            [
              14.487930536270142,
              35.88659889570076
            ],
            [
              14.485945701599121,
              35.887294274661144
            ],
            [
              14.485618472099304,
              35.88735512002964
            ],
            [
              14.48546290397644,
              35.887372504412056
            ],
            [
              14.484379291534424,
              35.88741161925853
            ],
            [
              14.483258128166199,
              35.8875420019406
            ],
            [
              14.483022093772888,
              35.887581116703345
            ],
            [
              14.482539296150208,
              35.887707153029694
            ],
            [
              14.481890201568604,
              35.88786361163848
            ]
          ],
          [
            [
              14.494126439094543,
              35.886346819319655
            ],
            [
              14.493659734725952,
              35.88629031933104
            ],
            [
              14.493058919906616,
              35.886242511616885
            ],
            [
              14.491910934448242,
              35.88601216495327
            ],
            [
              14.49172854423523,
              35.885981741758926
            ],
            [
              14.491546154022217,
              35.88592958768429
            ],
            [
              14.491240382194519,
              35.885894818282125
            ],
            [
              14.49097216129303,
              35.885873087398
            ]
          ]
        ]
      },
      "properties": {
        "name_int": "Triq il-Kbira San Ġużepp",
        "name:ar": "طريق القديس يوسف",
        "ref": "130",
        "name:mt": "Triq il-Kbira San Ġużepp",
        "name_de": "Triq il-Kbira San Ġużepp",
        "name": "Triq il-Kbira San Ġużepp",
        "ref_length": 3,
        "class": "secondary",
        "name:es": "Calle San José",
        "name:latin": "Triq il-Kbira San Ġużepp",
        "name_en": "Triq il-Kbira San Ġużepp",
        "network": "road",
        "source_layer": "transportation_name",
        "source_tile": "https://tiles.openfreemap.org/planet/20261004_113936_pt/14/8851/6440.pbf"
      }
    },
    {
      "type": "Feature",
      "id": "transportation_name:5146192040-0",
      "geometry": {
        "type": "MultiLineString",
        "coordinates": [
          [
            [
              14.481890201568604,
              35.88786361163848
            ],
            [
              14.48121964931488,
              35.88805049234939
            ],
            [
              14.480897784233093,
              35.8881243752995
            ],
            [
              14.48022723197937,
              35.8882982172631
            ],
            [
              14.480125308036804,
              35.888332985610035
            ],
            [
              14.479293823242188,
              35.88855897949294
            ]
          ],
          [
            [
              14.49097216129303,
              35.885873087398
            ],
            [
              14.490655660629272,
              35.885903510634094
            ]
          ],
          [
            [
              14.496164917945862,
              35.88685097127946
            ],
            [
              14.495907425880432,
              35.88676839488515
            ],
            [
              14.49495255947113,
              35.88650328061617
            ],
            [
              14.49470579624176,
              35.88646416532103
            ],
            [
              14.494534134864807,
              35.88640766541613
            ],
            [
              14.494126439094543,
              35.886346819319655
            ]
          ]
        ]
      },
      "properties": {
        "name_int": "Saint Joseph High Street",
        "name:ar": "طريق القديس يوسف",
        "network": "road",
        "ref": "130",
        "name:mt": "Triq il-Kbira San Ġużepp",
        "name_de": "Triq il-Kbira San Ġużepp",
        "name": "Triq il-Kbira San Ġużepp",
        "ref_length": 3,
        "name:en": "Saint Joseph High Street",
        "class": "secondary",
        "name:es": "Calle San José",
        "name:latin": "Triq il-Kbira San Ġużepp",
        "name_en": "Saint Joseph High Street",
        "source_layer": "transportation_name",
        "source_tile": "https://tiles.openfreemap.org/planet/20261004_113936_pt/14/8851/6440.pbf"
      }
    },
    {
      "type": "Feature",
      "id": "poi:126213836981-0",
      "geometry": {
        "type": "Point",
        "coordinates": [
          14.491497874259949,
          35.885490622861624
        ]
      },
      "properties": {
        "name_int": "Ħamrun Community Clinic",
        "name_de": "Ħamrun Community Clinic",
        "name": "Ħamrun Community Clinic",
        "subclass": "clinic",
        "rank": 1,
        "class": "hospital",
        "name:latin": "Ħamrun Community Clinic",
        "name_en": "Ħamrun Community Clinic",
        "source_layer": "poi",
        "source_tile": "https://tiles.openfreemap.org/planet/20261004_113936_pt/14/8851/6440.pbf"
      }
    },
    {
      "type": "Feature",
      "id": "poi:19731859421-0",
      "geometry": {
        "type": "Point",
        "coordinates": [
          14.491648077964783,
          35.88600781878337
        ]
      },
      "properties": {
        "name_int": "Il-Ħamrun - Diego",
        "name_de": "Il-Ħamrun - Diego",
        "name": "Il-Ħamrun - Diego",
        "subclass": "bus_stop",
        "rank": 2,
        "class": "bus",
        "name:latin": "Il-Ħamrun - Diego",
        "name_en": "Il-Ħamrun - Diego",
        "source_layer": "poi",
        "source_tile": "https://tiles.openfreemap.org/planet/20261004_113936_pt/14/8851/6440.pbf"
      }
    },
    {
      "type": "Feature",
      "id": "poi:42511126891-0",
      "geometry": {
        "type": "Point",
        "coordinates": [
          14.491181373596191,
          35.885794856165845
        ]
      },
      "properties": {
        "name_int": "Il-Ħamrun - Diego",
        "name_de": "Il-Ħamrun - Diego",
        "name": "Il-Ħamrun - Diego",
        "subclass": "bus_stop",
        "rank": 4,
        "class": "bus",
        "name:latin": "Il-Ħamrun - Diego",
        "name_en": "Il-Ħamrun - Diego",
        "source_layer": "poi",
        "source_tile": "https://tiles.openfreemap.org/planet/20261004_113936_pt/14/8851/6440.pbf"
      }
    },
    {
      "type": "Feature",
      "id": "poi:50265511751-0",
      "geometry": {
        "type": "Point",
        "coordinates": [
          14.49320912361145,
          35.887802766660684
        ]
      },
      "properties": {
        "name_int": "Il-Ħamrun - Nuzzo",
        "name_de": "Il-Ħamrun - Nuzzo",
        "name": "Il-Ħamrun - Nuzzo",
        "subclass": "bus_stop",
        "rank": 7,
        "class": "bus",
        "name:latin": "Il-Ħamrun - Nuzzo",
        "name_en": "Il-Ħamrun - Nuzzo",
        "source_layer": "poi",
        "source_tile": "https://tiles.openfreemap.org/planet/20261004_113936_pt/14/8851/6440.pbf"
      }
    },
    {
      "type": "Feature",
      "id": "poi:50265511771-0",
      "geometry": {
        "type": "Point",
        "coordinates": [
          14.493166208267212,
          35.88764196185146
        ]
      },
      "properties": {
        "name_int": "Il-Ħamrun - Nuzzo",
        "name_de": "Il-Ħamrun - Nuzzo",
        "name": "Il-Ħamrun - Nuzzo",
        "subclass": "bus_stop",
        "rank": 8,
        "class": "bus",
        "name:latin": "Il-Ħamrun - Nuzzo",
        "name_en": "Il-Ħamrun - Nuzzo",
        "source_layer": "poi",
        "source_tile": "https://tiles.openfreemap.org/planet/20261004_113936_pt/14/8851/6440.pbf"
      }
    },
    {
      "type": "Feature",
      "id": "poi:3664353072-0",
      "geometry": {
        "type": "Point",
        "coordinates": [
          14.490382075309753,
          35.88672927972095
        ]
      },
      "properties": {
        "name_int": "Skola Primarja Ħamrun SS",
        "name:mt": "Skola Primarja Hamrun SS",
        "name_de": "Skola Primarja Ħamrun SS",
        "name": "Skola Primarja Ħamrun SS",
        "subclass": "school",
        "rank": 7,
        "class": "school",
        "name:latin": "Skola Primarja Ħamrun SS",
        "name_en": "Skola Primarja Ħamrun SS",
        "source_layer": "poi",
        "source_tile": "https://tiles.openfreemap.org/planet/20261004_113936_pt/14/8851/6440.pbf"
      }
    },
    {
      "type": "Feature",
      "id": "poi:922449772-0",
      "geometry": {
        "type": "Point",
        "coordinates": [
          14.492592215538025,
          35.887316005155256
        ]
      },
      "properties": {
        "name_int": "Victor Tedesco Stadium",
        "name:ja": "ヴィクター・テデスコ・スタジアム",
        "name:uk": "Віктор Тедеско (стадіон)",
        "name:pl": "Victor Tedesco Stadium",
        "name:he": "אצטדיון ויקטור טדסקו",
        "name:ca": "Estadi Victor Tedesco",
        "name:nl": "Victor Tedesco Stadion",
        "name:de": "Victor-Tedesco-Stadion",
        "name:el": "Βίκτορ Τεντέσκο Στάτιουμ",
        "name:mt": "Grawnd Victor Tedesco",
        "name_de": "Victor Tedesco Stadium",
        "name": "Victor Tedesco Stadium",
        "subclass": "stadium",
        "rank": 10,
        "name:en": "Victor Tedesco Stadium",
        "class": "stadium",
        "name:es": "Estadio Victor Tedesco",
        "name:latin": "Victor Tedesco Stadium",
        "name_en": "Victor Tedesco Stadium",
        "source_layer": "poi",
        "source_tile": "https://tiles.openfreemap.org/planet/20261004_113936_pt/14/8851/6440.pbf"
      }
    },
    {
      "type": "Feature",
      "id": "poi:13139757241-0",
      "geometry": {
        "type": "Point",
        "coordinates": [
          14.4902104139328,
          35.88630770394721
        ]
      },
      "properties": {
        "name_int": "Ħamrun Police Station",
        "name_de": "Għassa tal-Pulizija Ħamrun",
        "name": "Għassa tal-Pulizija Ħamrun",
        "subclass": "police",
        "rank": 10,
        "name:en": "Ħamrun Police Station",
        "class": "police",
        "name:latin": "Għassa tal-Pulizija Ħamrun",
        "name_en": "Ħamrun Police Station",
        "source_layer": "poi",
        "source_tile": "https://tiles.openfreemap.org/planet/20261004_113936_pt/14/8851/6440.pbf"
      }
    },
    {
      "type": "Feature",
      "id": "poi:65187522861-0",
      "geometry": {
        "type": "Point",
        "coordinates": [
          14.48995292186737,
          35.88668581840473
        ]
      },
      "properties": {
        "name_int": "Belle Époque Antiques",
        "name_de": "Belle Époque Antiques",
        "name": "Belle Époque Antiques",
        "subclass": "antiques",
        "rank": 13,
        "class": "shop",
        "name:latin": "Belle Époque Antiques",
        "name_en": "Belle Époque Antiques",
        "source_layer": "poi",
        "source_tile": "https://tiles.openfreemap.org/planet/20261004_113936_pt/14/8851/6440.pbf"
      }
    },
    {
      "type": "Feature",
      "id": "poi:2758761612-0",
      "geometry": {
        "type": "Point",
        "coordinates": [
          14.491508603096008,
          35.88549496905992
        ]
      },
      "properties": {
        "name_int": "Daniel's Shopping Complex",
        "name_de": "Daniel's Shopping Complex",
        "name": "Daniel's Shopping Complex",
        "subclass": "mall",
        "rank": 13,
        "class": "shop",
        "name:latin": "Daniel's Shopping Complex",
        "name_en": "Daniel's Shopping Complex",
        "source_layer": "poi",
        "source_tile": "https://tiles.openfreemap.org/planet/20261004_113936_pt/14/8851/6440.pbf"
      }
    },
    {
      "type": "Feature",
      "id": "poi:121169624411-0",
      "geometry": {
        "type": "Point",
        "coordinates": [
          14.49146568775177,
          35.88556450820009
        ]
      },
      "properties": {
        "name_int": "Interspar",
        "level": -1,
        "name_de": "Interspar",
        "name": "Interspar",
        "subclass": "supermarket",
        "rank": 15,
        "class": "grocery",
        "name:latin": "Interspar",
        "name_en": "Interspar",
        "source_layer": "poi",
        "source_tile": "https://tiles.openfreemap.org/planet/20261004_113936_pt/14/8851/6440.pbf"
      }
    },
    {
      "type": "Feature",
      "id": "poi:10842349462-0",
      "geometry": {
        "type": "Point",
        "coordinates": [
          14.490800499916077,
          35.88598608793026
        ]
      },
      "properties": {
        "name_int": "Alfred's Ħamrun Kiosk",
        "name_de": "Alfred's Ħamrun Kiosk",
        "name": "Alfred's Ħamrun Kiosk",
        "subclass": "fast_food",
        "rank": 17,
        "class": "fast_food",
        "name:latin": "Alfred's Ħamrun Kiosk",
        "name_en": "Alfred's Ħamrun Kiosk",
        "source_layer": "poi",
        "source_tile": "https://tiles.openfreemap.org/planet/20261004_113936_pt/14/8851/6440.pbf"
      }
    },
    {
      "type": "Feature",
      "id": "poi:132961022011-0",
      "geometry": {
        "type": "Point",
        "coordinates": [
          14.492399096488953,
          35.88618166539351
        ]
      },
      "properties": {
        "name_int": "Aristocrat",
        "name_de": "Aristocrat",
        "name": "Aristocrat",
        "subclass": "clothes",
        "rank": 17,
        "class": "clothing_store",
        "name:latin": "Aristocrat",
        "name_en": "Aristocrat",
        "source_layer": "poi",
        "source_tile": "https://tiles.openfreemap.org/planet/20261004_113936_pt/14/8851/6440.pbf"
      }
    },
    {
      "type": "Feature",
      "id": "poi:42510942921-0",
      "geometry": {
        "type": "Point",
        "coordinates": [
          14.491165280342102,
          35.88575574052078
        ]
      },
      "properties": {
        "name_int": "Melita Bar",
        "name_de": "Melita Bar",
        "name": "Melita Bar",
        "subclass": "bar",
        "rank": 18,
        "class": "bar",
        "name:latin": "Melita Bar",
        "name_en": "Melita Bar",
        "source_layer": "poi",
        "source_tile": "https://tiles.openfreemap.org/planet/20261004_113936_pt/14/8851/6440.pbf"
      }
    },
    {
      "type": "Feature",
      "id": "poi:42510902901-0",
      "geometry": {
        "type": "Point",
        "coordinates": [
          14.4904625415802,
          35.885860048864686
        ]
      },
      "properties": {
        "name_int": "Alfred's Bakery Cafe",
        "name_de": "Alfred's Bakery Cafe",
        "name": "Alfred's Bakery Cafe",
        "subclass": "bakery",
        "rank": 19,
        "class": "bakery",
        "name:latin": "Alfred's Bakery Cafe",
        "name_en": "Alfred's Bakery Cafe",
        "source_layer": "poi",
        "source_tile": "https://tiles.openfreemap.org/planet/20261004_113936_pt/14/8851/6440.pbf"
      }
    },
    {
      "type": "Feature",
      "id": "poi:42511008921-0",
      "geometry": {
        "type": "Point",
        "coordinates": [
          14.490832686424255,
          35.885768779071256
        ]
      },
      "properties": {
        "name_int": "Kuzey Kebab",
        "name_de": "Kuzey Kebab",
        "name": "Kuzey Kebab",
        "subclass": "restaurant",
        "rank": 20,
        "class": "restaurant",
        "name:latin": "Kuzey Kebab",
        "name_en": "Kuzey Kebab",
        "source_layer": "poi",
        "source_tile": "https://tiles.openfreemap.org/planet/20261004_113936_pt/14/8851/6440.pbf"
      }
    },
    {
      "type": "Feature",
      "id": "poi:129470527351-0",
      "geometry": {
        "type": "Point",
        "coordinates": [
          14.48996901512146,
          35.88523854295275
        ]
      },
      "properties": {
        "name_int": "Abyssinia Habesha Bar and Kitchen",
        "name_de": "Abyssinia Habesha Bar and Kitchen",
        "name": "Abyssinia Habesha Bar and Kitchen",
        "subclass": "restaurant",
        "rank": 25,
        "class": "restaurant",
        "name:latin": "Abyssinia Habesha Bar and Kitchen",
        "name_en": "Abyssinia Habesha Bar and Kitchen",
        "source_layer": "poi",
        "source_tile": "https://tiles.openfreemap.org/planet/20261004_113936_pt/14/8851/6440.pbf"
      }
    },
    {
      "type": "Feature",
      "id": "poi:129470527381-0",
      "geometry": {
        "type": "Point",
        "coordinates": [
          14.490124583244324,
          35.88532981335726
        ]
      },
      "properties": {
        "name_int": "Taste of Africa",
        "name_de": "Taste of Africa",
        "name": "Taste of Africa",
        "subclass": "restaurant",
        "rank": 26,
        "class": "restaurant",
        "name:latin": "Taste of Africa",
        "name_en": "Taste of Africa",
        "source_layer": "poi",
        "source_tile": "https://tiles.openfreemap.org/planet/20261004_113936_pt/14/8851/6440.pbf"
      }
    },
    {
      "type": "Feature",
      "id": "poi:129470527391-0",
      "geometry": {
        "type": "Point",
        "coordinates": [
          14.490124583244324,
          35.88547323806608
        ]
      },
      "properties": {
        "name_int": "Vesuvio Bakery",
        "name_de": "Vesuvio Bakery",
        "name": "Vesuvio Bakery",
        "subclass": "bakery",
        "rank": 27,
        "class": "bakery",
        "name:latin": "Vesuvio Bakery",
        "name_en": "Vesuvio Bakery",
        "source_layer": "poi",
        "source_tile": "https://tiles.openfreemap.org/planet/20261004_113936_pt/14/8851/6440.pbf"
      }
    },
    {
      "type": "Feature",
      "id": "poi:129470527401-0",
      "geometry": {
        "type": "Point",
        "coordinates": [
          14.490365982055664,
          35.8855036614558
        ]
      },
      "properties": {
        "name_int": "Selam East African Bar",
        "name_de": "Selam East African Bar",
        "name": "Selam East African Bar",
        "subclass": "restaurant",
        "rank": 28,
        "class": "restaurant",
        "name:latin": "Selam East African Bar",
        "name_en": "Selam East African Bar",
        "source_layer": "poi",
        "source_tile": "https://tiles.openfreemap.org/planet/20261004_113936_pt/14/8851/6440.pbf"
      }
    },
    {
      "type": "Feature",
      "id": "poi:135341076011-0",
      "geometry": {
        "type": "Point",
        "coordinates": [
          14.490789771080017,
          35.88546889186661
        ]
      },
      "properties": {
        "name_int": "Jimmy’s Bar",
        "name_de": "Jimmy’s Bar",
        "name": "Jimmy’s Bar",
        "subclass": "cafe",
        "rank": 29,
        "class": "cafe",
        "name:latin": "Jimmy’s Bar",
        "name_en": "Jimmy’s Bar",
        "source_layer": "poi",
        "source_tile": "https://tiles.openfreemap.org/planet/20261004_113936_pt/14/8851/6440.pbf"
      }
    },
    {
      "type": "Feature",
      "id": "poi:98951182901-0",
      "geometry": {
        "type": "Point",
        "coordinates": [
          14.49196457862854,
          35.88599478027221
        ]
      },
      "properties": {
        "name_int": "Blue Haze Hostel",
        "name_de": "Blue Haze Hostel",
        "name": "Blue Haze Hostel",
        "subclass": "hostel",
        "rank": 21,
        "class": "lodging",
        "name:latin": "Blue Haze Hostel",
        "name_en": "Blue Haze Hostel",
        "source_layer": "poi",
        "source_tile": "https://tiles.openfreemap.org/planet/20261004_113936_pt/14/8851/6440.pbf"
      }
    },
    {
      "type": "Feature",
      "id": "poi:65187381841-0",
      "geometry": {
        "type": "Point",
        "coordinates": [
          14.489920735359192,
          35.88684227903147
        ]
      },
      "properties": {
        "subclass": "post_office",
        "class": "post",
        "rank": 31,
        "source_layer": "poi",
        "source_tile": "https://tiles.openfreemap.org/planet/20261004_113936_pt/14/8851/6440.pbf"
      }
    },
    {
      "type": "Feature",
      "id": "poi:4007554322-0",
      "geometry": {
        "type": "Point",
        "coordinates": [
          14.490054845809937,
          35.887129122710945
        ]
      },
      "properties": {
        "subclass": "swimming_pool",
        "class": "swimming_pool",
        "rank": 34,
        "source_layer": "poi",
        "source_tile": "https://tiles.openfreemap.org/planet/20261004_113936_pt/14/8851/6440.pbf"
      }
    },
    {
      "type": "Feature",
      "id": "poi:56462023231-0",
      "geometry": {
        "type": "Point",
        "coordinates": [
          14.490076303482056,
          35.886803163903764
        ]
      },
      "properties": {
        "subclass": "toilets",
        "class": "toilets",
        "rank": 41,
        "source_layer": "poi",
        "source_tile": "https://tiles.openfreemap.org/planet/20261004_113936_pt/14/8851/6440.pbf"
      }
    },
    {
      "type": "Feature",
      "id": "poi:90722097941-0",
      "geometry": {
        "type": "Point",
        "coordinates": [
          14.490693211555481,
          35.88691181698857
        ]
      },
      "properties": {
        "subclass": "gate",
        "class": "gate",
        "rank": 43,
        "source_layer": "poi",
        "source_tile": "https://tiles.openfreemap.org/planet/20261004_113936_pt/14/8851/6440.pbf"
      }
    },
    {
      "type": "Feature",
      "id": "poi:112766349271-0",
      "geometry": {
        "type": "Point",
        "coordinates": [
          14.490843415260315,
          35.886603241838216
        ]
      },
      "properties": {
        "subclass": "gate",
        "class": "gate",
        "rank": 44,
        "source_layer": "poi",
        "source_tile": "https://tiles.openfreemap.org/planet/20261004_113936_pt/14/8851/6440.pbf"
      }
    },
    {
      "type": "Feature",
      "id": "poi:1383444452-0",
      "geometry": {
        "type": "Point",
        "coordinates": [
          14.492071866989136,
          35.88778972844507
        ]
      },
      "properties": {
        "class": "pitch",
        "rank": 32,
        "source_layer": "poi",
        "source_tile": "https://tiles.openfreemap.org/planet/20261004_113936_pt/14/8851/6440.pbf"
      }
    },
    {
      "type": "Feature",
      "id": "poi:2455623321-0",
      "geometry": {
        "type": "Point",
        "coordinates": [
          14.491921663284302,
          35.88684227903147
        ]
      },
      "properties": {
        "subclass": "gate",
        "class": "gate",
        "rank": 33,
        "source_layer": "poi",
        "source_tile": "https://tiles.openfreemap.org/planet/20261004_113936_pt/14/8851/6440.pbf"
      }
    },
    {
      "type": "Feature",
      "id": "poi:4539585212-0",
      "geometry": {
        "type": "Point",
        "coordinates": [
          14.492533206939697,
          35.88740292707212
        ]
      },
      "properties": {
        "subclass": "soccer",
        "class": "pitch",
        "rank": 34,
        "source_layer": "poi",
        "source_tile": "https://tiles.openfreemap.org/planet/20261004_113936_pt/14/8851/6440.pbf"
      }
    },
    {
      "type": "Feature",
      "id": "poi:112766349071-0",
      "geometry": {
        "type": "Point",
        "coordinates": [
          14.49148178100586,
          35.88641635771182
        ]
      },
      "properties": {
        "subclass": "gate",
        "class": "gate",
        "rank": 39,
        "source_layer": "poi",
        "source_tile": "https://tiles.openfreemap.org/planet/20261004_113936_pt/14/8851/6440.pbf"
      }
    },
    {
      "type": "Feature",
      "id": "landuse:922449772-0",
      "geometry": {
        "type": "Polygon",
        "coordinates": [
          [
            [
              14.49345588684082,
              35.88716823767764
            ],
            [
              14.493010640144348,
              35.887016123809744
            ],
            [
              14.493037462234497,
              35.88696831653377
            ],
            [
              14.492908716201782,
              35.88696397041632
            ],
            [
              14.492511749267578,
              35.88682489453265
            ],
            [
              14.49194848537445,
              35.88686400964963
            ],
            [
              14.491776823997498,
              35.887502887158504
            ],
            [
              14.49296236038208,
              35.88792011050455
            ],
            [
              14.49345588684082,
              35.88716823767764
            ]
          ]
        ]
      },
      "properties": {
        "class": "stadium",
        "source_layer": "landuse",
        "source_tile": "https://tiles.openfreemap.org/planet/20261004_113936_pt/14/8851/6440.pbf"
      }
    },
    {
      "type": "Feature",
      "id": "landuse:1084387872-0",
      "geometry": {
        "type": "Polygon",
        "coordinates": [
          [
            [
              14.492779970169067,
              35.88842425244809
            ],
            [
              14.492844343185425,
              35.88852421124524
            ],
            [
              14.495177865028381,
              35.8885329033086
            ],
            [
              14.49520468711853,
              35.88816348977457
            ],
            [
              14.495489001274109,
              35.88825041076116
            ],
            [
              14.495489001274109,
              35.88808526080507
            ],
            [
              14.495564103126526,
              35.88809395291662
            ],
            [
              14.495569467544556,
              35.88806787657913
            ],
            [
              14.495784044265747,
              35.88807656869257
            ],
            [
              14.495832324028015,
              35.887794074517174
            ],
            [
              14.495853781700134,
              35.88771149910632
            ],
            [
              14.49445366859436,
              35.88743769581211
            ],
            [
              14.494507312774658,
              35.887198660416175
            ],
            [
              14.493788480758667,
              35.88705523883225
            ],
            [
              14.49371337890625,
              35.88707696939197
            ],
            [
              14.492779970169067,
              35.88842425244809
            ]
          ]
        ]
      },
      "properties": {
        "class": "school",
        "source_layer": "landuse",
        "source_tile": "https://tiles.openfreemap.org/planet/20261004_113936_pt/14/8851/6440.pbf"
      }
    },
    {
      "type": "Feature",
      "id": "landuse:1383444452-0",
      "geometry": {
        "type": "Polygon",
        "coordinates": [
          [
            [
              14.491894841194153,
              35.887898380176225
            ],
            [
              14.491894841194153,
              35.88792011050455
            ],
            [
              14.492098689079285,
              35.88797226326825
            ],
            [
              14.492259621620178,
              35.88767238440798
            ],
            [
              14.492050409317017,
              35.88759850103614
            ],
            [
              14.491894841194153,
              35.887898380176225
            ]
          ]
        ]
      },
      "properties": {
        "class": "pitch",
        "source_layer": "landuse",
        "source_tile": "https://tiles.openfreemap.org/planet/20261004_113936_pt/14/8851/6440.pbf"
      }
    },
    {
      "type": "Feature",
      "id": "landuse:3664353072-0",
      "geometry": {
        "type": "Polygon",
        "coordinates": [
          [
            [
              14.490644931793213,
              35.88690312474728
            ],
            [
              14.49072003364563,
              35.886664087737685
            ],
            [
              14.490108489990234,
              35.886551088172894
            ],
            [
              14.490044116973877,
              35.88679447165056
            ],
            [
              14.490644931793213,
              35.88690312474728
            ]
          ]
        ]
      },
      "properties": {
        "class": "school",
        "source_layer": "landuse",
        "source_tile": "https://tiles.openfreemap.org/planet/20261004_113936_pt/14/8851/6440.pbf"
      }
    },
    {
      "type": "Feature",
      "id": "landuse:4539585212-0",
      "geometry": {
        "type": "Polygon",
        "coordinates": [
          [
            [
              14.491857290267944,
              35.887476810626396
            ],
            [
              14.492930173873901,
              35.8878505734329
            ],
            [
              14.49321448802948,
              35.88732904344887
            ],
            [
              14.492146968841553,
              35.88695093206263
            ],
            [
              14.491857290267944,
              35.887476810626396
            ]
          ]
        ]
      },
      "properties": {
        "class": "pitch",
        "source_layer": "landuse",
        "source_tile": "https://tiles.openfreemap.org/planet/20261004_113936_pt/14/8851/6440.pbf"
      }
    },
    {
      "type": "Feature",
      "id": "landuse:14439695812-0",
      "geometry": {
        "type": "Polygon",
        "coordinates": [
          [
            [
              14.490838050842285,
              35.88578616380194
            ],
            [
              14.491031169891357,
              35.885833971791584
            ],
            [
              14.491245746612549,
              35.885790509984005
            ],
            [
              14.491631984710693,
              35.88591220298511
            ],
            [
              14.491798281669617,
              35.88538631403114
            ],
            [
              14.49171781539917,
              35.88535589059636
            ],
            [
              14.49173390865326,
              35.88523854295275
            ],
            [
              14.491320848464966,
              35.88513423379024
            ],
            [
              14.490886330604553,
              35.88515161866019
            ],
            [
              14.490880966186523,
              35.8853645830075
            ],
            [
              14.491106271743774,
              35.88542542985867
            ],
            [
              14.491020441055298,
              35.88562100870655
            ],
            [
              14.490913152694702,
              35.885668816795885
            ],
            [
              14.490838050842285,
              35.88578616380194
            ]
          ]
        ]
      },
      "properties": {
        "class": "commercial",
        "source_layer": "landuse",
        "source_tile": "https://tiles.openfreemap.org/planet/20261004_113936_pt/14/8851/6440.pbf"
      }
    },
    {
      "type": "Feature",
      "id": "landuse:71722780-54",
      "geometry": {
        "type": "Polygon",
        "coordinates": [
          [
            [
              14.489164352416992,
              35.88832429352473
            ],
            [
              14.489588141441345,
              35.88851986521321
            ],
            [
              14.48972225189209,
              35.888480750914155
            ],
            [
              14.489904642105103,
              35.888328639567504
            ],
            [
              14.490124583244324,
              35.88802006993812
            ],
            [
              14.490129947662354,
              35.887911418373946
            ],
            [
              14.490006566047668,
              35.887668038329195
            ],
            [
              14.489888548851013,
              35.887511579333975
            ],
            [
              14.489770531654358,
              35.88751592542137
            ],
            [
              14.489164352416992,
              35.88832429352473
            ]
          ]
        ]
      },
      "properties": {
        "class": "residential",
        "source_layer": "landuse",
        "source_tile": "https://tiles.openfreemap.org/planet/20261004_113936_pt/14/8851/6440.pbf"
      }
    },
    {
      "type": "Feature",
      "id": "landuse:71722780-58",
      "geometry": {
        "type": "Polygon",
        "coordinates": [
          [
            [
              14.489920735359192,
              35.88850682711566
            ],
            [
              14.491819739341736,
              35.88847640487974
            ],
            [
              14.492012858390808,
              35.88815045161837
            ],
            [
              14.490827322006226,
              35.8877766902273
            ],
            [
              14.49021577835083,
              35.88786361163848
            ],
            [
              14.49023723602295,
              35.88798530145381
            ],
            [
              14.490146040916443,
              35.88816348977457
            ],
            [
              14.489910006523132,
              35.88846771281017
            ],
            [
              14.489920735359192,
              35.88850682711566
            ]
          ]
        ]
      },
      "properties": {
        "class": "residential",
        "source_layer": "landuse",
        "source_tile": "https://tiles.openfreemap.org/planet/20261004_113936_pt/14/8851/6440.pbf"
      }
    },
    {
      "type": "Feature",
      "id": "landuse:71722780-62",
      "geometry": {
        "type": "Polygon",
        "coordinates": [
          [
            [
              14.490430355072021,
              35.88738119660182
            ],
            [
              14.48996901512146,
              35.88746377235712
            ],
            [
              14.490135312080383,
              35.88774626771088
            ],
            [
              14.490188956260681,
              35.88777234415423
            ],
            [
              14.490843415260315,
              35.88767238440798
            ],
            [
              14.492055773735046,
              35.88806787657913
            ],
            [
              14.492098689079285,
              35.88797226326825
            ],
            [
              14.491835832595825,
              35.88790272624236
            ],
            [
              14.491787552833557,
              35.887794074517174
            ],
            [
              14.49123501777649,
              35.88768976872073
            ],
            [
              14.491251111030579,
              35.88761588536515
            ],
            [
              14.490811228752136,
              35.887528963682044
            ],
            [
              14.490789771080017,
              35.88760284711874
            ],
            [
              14.490516185760498,
              35.88755938628198
            ],
            [
              14.490510821342468,
              35.887528963682044
            ],
            [
              14.49047327041626,
              35.8875420019406
            ],
            [
              14.490430355072021,
              35.88738119660182
            ]
          ]
        ]
      },
      "properties": {
        "class": "residential",
        "source_layer": "landuse",
        "source_tile": "https://tiles.openfreemap.org/planet/20261004_113936_pt/14/8851/6440.pbf"
      }
    },
    {
      "type": "Feature",
      "id": "landuse:71722780-63",
      "geometry": {
        "type": "Polygon",
        "coordinates": [
          [
            [
              14.489325284957886,
              35.887385542696364
            ],
            [
              14.489491581916809,
              35.88739423488471
            ],
            [
              14.489545226097107,
              35.88738119660182
            ],
            [
              14.489631056785583,
              35.8873377356434
            ],
            [
              14.489893913269043,
              35.88703785438018
            ],
            [
              14.490011930465698,
              35.88659889570076
            ],
            [
              14.48996901512146,
              35.88658151114852
            ],
            [
              14.489609599113464,
              35.886755356499236
            ],
            [
              14.48947012424469,
              35.886877048017666
            ],
            [
              14.489362835884094,
              35.887033508266555
            ],
            [
              14.489309191703796,
              35.887237775348524
            ],
            [
              14.489325284957886,
              35.887385542696364
            ]
          ]
        ]
      },
      "properties": {
        "class": "residential",
        "source_layer": "landuse",
        "source_tile": "https://tiles.openfreemap.org/planet/20261004_113936_pt/14/8851/6440.pbf"
      }
    },
    {
      "type": "Feature",
      "id": "landuse:71722780-65",
      "geometry": {
        "type": "Polygon",
        "coordinates": [
          [
            [
              14.489325284957886,
              35.886064318973524
            ],
            [
              14.489990472793579,
              35.885920895335175
            ],
            [
              14.490618109703064,
              35.885829625611905
            ],
            [
              14.490628838539124,
              35.88578181761963
            ],
            [
              14.489802718162537,
              35.885273312643065
            ],
            [
              14.489325284957886,
              35.886064318973524
            ]
          ]
        ]
      },
      "properties": {
        "class": "residential",
        "source_layer": "landuse",
        "source_tile": "https://tiles.openfreemap.org/planet/20261004_113936_pt/14/8851/6440.pbf"
      }
    },
    {
      "type": "Feature",
      "id": "landuse:71722780-66",
      "geometry": {
        "type": "Polygon",
        "coordinates": [
          [
            [
              14.490124583244324,
              35.88649458833004
            ],
            [
              14.490757584571838,
              35.88659454956306
            ],
            [
              14.490821957588196,
              35.88632943471208
            ],
            [
              14.490194320678711,
              35.88622947314438
            ],
            [
              14.490124583244324,
              35.88649458833004
            ]
          ]
        ]
      },
      "properties": {
        "class": "residential",
        "source_layer": "landuse",
        "source_tile": "https://tiles.openfreemap.org/planet/20261004_113936_pt/14/8851/6440.pbf"
      }
    },
    {
      "type": "Feature",
      "id": "landuse:71722780-67",
      "geometry": {
        "type": "Polygon",
        "coordinates": [
          [
            [
              14.490838050842285,
              35.88578616380194
            ],
            [
              14.490913152694702,
              35.885668816795885
            ],
            [
              14.491020441055298,
              35.88562100870655
            ],
            [
              14.491106271743774,
              35.88542542985867
            ],
            [
              14.490880966186523,
              35.8853645830075
            ],
            [
              14.490886330604553,
              35.8855167000478
            ],
            [
              14.490768313407898,
              35.885764432888024
            ],
            [
              14.490838050842285,
              35.88578616380194
            ]
          ]
        ]
      },
      "properties": {
        "class": "residential",
        "source_layer": "landuse",
        "source_tile": "https://tiles.openfreemap.org/planet/20261004_113936_pt/14/8851/6440.pbf"
      }
    },
    {
      "type": "Feature",
      "id": "landuse:71722780-68",
      "geometry": {
        "type": "Polygon",
        "coordinates": [
          [
            [
              14.490162134170532,
              35.886051280471676
            ],
            [
              14.489196538925171,
              35.88626858855547
            ],
            [
              14.488880038261414,
              35.88632943471208
            ],
            [
              14.488000273704529,
              35.88662931865801
            ],
            [
              14.488252401351929,
              35.886790125523575
            ],
            [
              14.488247036933899,
              35.886833586782544
            ],
            [
              14.487903714179993,
              35.88717692988985
            ],
            [
              14.488638639450073,
              35.88740292707212
            ],
            [
              14.488622546195984,
              35.88699004711734
            ],
            [
              14.48871374130249,
              35.88695093206263
            ],
            [
              14.48871374130249,
              35.887429003628554
            ],
            [
              14.48923945426941,
              35.8874246575364
            ],
            [
              14.48922336101532,
              35.88719431431137
            ],
            [
              14.489346742630005,
              35.88688139413988
            ],
            [
              14.489593505859375,
              35.886664087737685
            ],
            [
              14.489765167236328,
              35.886572818870945
            ],
            [
              14.490028023719788,
              35.88650328061617
            ],
            [
              14.490162134170532,
              35.886051280471676
            ]
          ]
        ]
      },
      "properties": {
        "class": "residential",
        "source_layer": "landuse",
        "source_tile": "https://tiles.openfreemap.org/planet/20261004_113936_pt/14/8851/6440.pbf"
      }
    },
    {
      "type": "Feature",
      "id": "landuse:71722780-70",
      "geometry": {
        "type": "Polygon",
        "coordinates": [
          [
            [
              14.490886330604553,
              35.88515161866019
            ],
            [
              14.491320848464966,
              35.88513423379024
            ],
            [
              14.49173390865326,
              35.88523854295275
            ],
            [
              14.49171781539917,
              35.88535589059636
            ],
            [
              14.491798281669617,
              35.88538631403114
            ],
            [
              14.491631984710693,
              35.88591220298511
            ],
            [
              14.491905570030212,
              35.885920895335175
            ],
            [
              14.492163062095642,
              35.88482130547834
            ],
            [
              14.490880966186523,
              35.88484303665105
            ],
            [
              14.490886330604553,
              35.88515161866019
            ]
          ]
        ]
      },
      "properties": {
        "class": "residential",
        "source_layer": "landuse",
        "source_tile": "https://tiles.openfreemap.org/planet/20261004_113936_pt/14/8851/6440.pbf"
      }
    },
    {
      "type": "Feature",
      "id": "landuse:71722780-73",
      "geometry": {
        "type": "Polygon",
        "coordinates": [
          [
            [
              14.48946475982666,
              35.884669187102304
            ],
            [
              14.489765167236328,
              35.885147272443064
            ],
            [
              14.489910006523132,
              35.885225504314946
            ],
            [
              14.490682482719421,
              35.88572531722791
            ],
            [
              14.490800499916077,
              35.88552104624466
            ],
            [
              14.490773677825928,
              35.88485607535182
            ],
            [
              14.490119218826294,
              35.88485607535182
            ],
            [
              14.490092396736145,
              35.884608339670095
            ],
            [
              14.490333795547485,
              35.884564877189874
            ],
            [
              14.490258693695068,
              35.88432148685992
            ],
            [
              14.489496946334839,
              35.884564877189874
            ],
            [
              14.48946475982666,
              35.884669187102304
            ]
          ]
        ]
      },
      "properties": {
        "class": "residential",
        "source_layer": "landuse",
        "source_tile": "https://tiles.openfreemap.org/planet/20261004_113936_pt/14/8851/6440.pbf"
      }
    },
    {
      "type": "Feature",
      "id": "landuse:71722780-180",
      "geometry": {
        "type": "Polygon",
        "coordinates": [
          [
            [
              14.49196994304657,
              35.88592958768429
            ],
            [
              14.492264986038208,
              35.88599043410137
            ],
            [
              14.4929838180542,
              35.88480392053587
            ],
            [
              14.492919445037842,
              35.88479957429965
            ],
            [
              14.49222207069397,
              35.88481695924307
            ],
            [
              14.49196994304657,
              35.88592958768429
            ]
          ]
        ]
      },
      "properties": {
        "class": "residential",
        "source_layer": "landuse",
        "source_tile": "https://tiles.openfreemap.org/planet/20261004_113936_pt/14/8851/6440.pbf"
      }
    },
    {
      "type": "Feature",
      "id": "landuse:71722780-181",
      "geometry": {
        "type": "Polygon",
        "coordinates": [
          [
            [
              14.491535425186157,
              35.88638158852338
            ],
            [
              14.49198067188263,
              35.88648589604294
            ],
            [
              14.491825103759766,
              35.88681185615606
            ],
            [
              14.492581486701965,
              35.88673797198133
            ],
            [
              14.493686556816101,
              35.88681620228181
            ],
            [
              14.49396550655365,
              35.88637289622386
            ],
            [
              14.493069648742676,
              35.88630335779354
            ],
            [
              14.49169635772705,
              35.886042588135936
            ],
            [
              14.491648077964783,
              35.886186011553875
            ],
            [
              14.491766095161438,
              35.88621208851103
            ],
            [
              14.491744637489319,
              35.88626858855547
            ],
            [
              14.491615891456604,
              35.88624685777391
            ],
            [
              14.491535425186157,
              35.88638158852338
            ]
          ]
        ]
      },
      "properties": {
        "class": "residential",
        "source_layer": "landuse",
        "source_tile": "https://tiles.openfreemap.org/planet/20261004_113936_pt/14/8851/6440.pbf"
      }
    },
    {
      "type": "Feature",
      "id": "landuse:71722780-182",
      "geometry": {
        "type": "Polygon",
        "coordinates": [
          [
            [
              14.49369192123413,
              35.885764432888024
            ],
            [
              14.493788480758667,
              35.885108156478125
            ],
            [
              14.493101835250854,
              35.88483869041697
            ],
            [
              14.492356181144714,
              35.88600781878337
            ],
            [
              14.492999911308289,
              35.88615558842632
            ],
            [
              14.493638277053833,
              35.88620774235211
            ],
            [
              14.49369192123413,
              35.885764432888024
            ]
          ]
        ]
      },
      "properties": {
        "class": "residential",
        "source_layer": "landuse",
        "source_tile": "https://tiles.openfreemap.org/planet/20261004_113936_pt/14/8851/6440.pbf"
      }
    },
    {
      "type": "Feature",
      "id": "landuse:71722780-184",
      "geometry": {
        "type": "Polygon",
        "coordinates": [
          [
            [
              14.491932392120361,
              35.8884503286682
            ],
            [
              14.49195384979248,
              35.88850682711566
            ],
            [
              14.492388367652893,
              35.8885329033086
            ],
            [
              14.492624402046204,
              35.888437290559196
            ],
            [
              14.492919445037842,
              35.88796357114337
            ],
            [
              14.492340087890625,
              35.88778103630014
            ],
            [
              14.491932392120361,
              35.8884503286682
            ]
          ]
        ]
      },
      "properties": {
        "class": "residential",
        "source_layer": "landuse",
        "source_tile": "https://tiles.openfreemap.org/planet/20261004_113936_pt/14/8851/6440.pbf"
      }
    }
  ]
}
